Date,Low,Open,Volume,High,Close,Adjusted_Close
13-04-1999,14.0,14.0,1200,14.0,14.0,5.775428771972656
14-04-1999,14.0,14.0,800,14.0,14.0,5.775428771972656
15-04-1999,14.0,14.0,600,14.0,14.0,5.775428771972656
16-04-1999,14.0,14.0,0,14.0,14.0,5.775428771972656
19-04-1999,14.0,14.0,0,14.0,14.0,5.775428771972656
20-04-1999,13.5625,13.75,3000,13.75,13.5625,5.594947814941406
21-04-1999,13.875,13.875,1400,13.875,13.875,5.723864555358887
22-04-1999,13.5,13.875,1800,13.875,13.5,5.569161891937256
23-04-1999,13.5,13.5,2600,13.75,13.6875,5.64651346206665
26-04-1999,13.5,13.5,1000,13.5,13.5,5.569161891937256
27-04-1999,13.75,13.75,5800,14.0,13.75,5.672295570373535
28-04-1999,14.4375,14.5,1800,14.5,14.4375,5.955909729003906
29-04-1999,14.25,14.4375,3600,14.4375,14.25,5.8785600662231445
30-04-1999,14.125,14.125,4000,14.125,14.125,5.826993942260742
03-05-1999,14.125,14.125,0,14.125,14.125,5.826993942260742
04-05-1999,14.0,14.0,1000,14.0,14.0,5.775428771972656
05-05-1999,14.0,14.0,0,14.0,14.0,5.775428771972656
06-05-1999,14.1875,14.1875,400,14.1875,14.1875,5.852781295776367
07-05-1999,14.1875,14.1875,0,14.1875,14.1875,5.852781295776367
10-05-1999,14.0,14.1875,4400,14.25,14.0,5.775428771972656
11-05-1999,14.0,14.0,0,14.0,14.0,5.775428771972656
12-05-1999,14.25,14.25,2000,14.25,14.25,5.8785600662231445
13-05-1999,14.25,14.25,0,14.25,14.25,5.8785600662231445
14-05-1999,14.25,14.375,4200,14.375,14.25,5.8785600662231445
17-05-1999,14.25,14.25,1200,14.25,14.25,5.8785600662231445
18-05-1999,14.25,14.375,1600,14.375,14.25,5.8785600662231445
19-05-1999,14.25,14.25,600,14.25,14.25,5.8785600662231445
20-05-1999,14.25,14.25,4000,14.25,14.25,5.8785600662231445
21-05-1999,14.25,14.25,0,14.25,14.25,5.8785600662231445
24-05-1999,14.25,14.25,0,14.25,14.25,5.8785600662231445
25-05-1999,14.25,14.25,0,14.25,14.25,5.8785600662231445
26-05-1999,14.0,14.0,1200,14.125,14.125,5.826993942260742
27-05-1999,14.25,14.4375,4600,14.4375,14.25,5.8785600662231445
28-05-1999,14.25,14.25,2400,14.25,14.25,5.8785600662231445
01-06-1999,14.25,14.25,2800,14.375,14.375,5.930129051208496
02-06-1999,14.4375,14.4375,7400,15.5,14.875,6.136392593383789
03-06-1999,15.0,15.5,5000,15.5,15.0,6.187957763671875
04-06-1999,14.9375,14.9375,800,14.9375,14.9375,6.16217565536499
07-06-1999,14.9375,14.9375,0,14.9375,14.9375,6.16217565536499
08-06-1999,15.0,15.0,600,15.0,15.0,6.187957763671875
09-06-1999,15.0,15.0,0,15.0,15.0,6.244157791137695
10-06-1999,15.25,15.25,8800,15.25,15.25,6.348225116729736
11-06-1999,15.25,15.25,0,15.25,15.25,6.348225116729736
14-06-1999,15.25,15.25,1400,15.375,15.375,6.400259494781494
15-06-1999,15.375,15.375,0,15.375,15.375,6.400259494781494
16-06-1999,15.375,15.375,0,15.375,15.375,6.400259494781494
17-06-1999,15.75,15.75,20000,17.25,17.0,7.076711177825928
18-06-1999,16.25,17.5,8400,17.5,17.0,7.076711177825928
21-06-1999,17.0,17.5,15400,17.75,17.0,7.076711177825928
22-06-1999,17.5,17.5,10400,17.75,17.75,7.38892126083374
23-06-1999,17.0,17.6875,14400,18.0,17.625,7.336884498596191
24-06-1999,17.75,18.0,4800,18.5,18.5,7.701126575469971
25-06-1999,17.75,18.5,3400,18.5,17.75,7.38892126083374
28-06-1999,18.0,18.5,1200,18.5,18.0,7.492988586425781
29-06-1999,17.875,18.5,4800,18.5,18.5,7.701126575469971
30-06-1999,17.875,18.5,3400,18.5,18.5,7.701126575469971
01-07-1999,18.125,18.125,1600,18.5,18.25,7.597055435180664
02-07-1999,18.5,18.5,400,18.5,18.5,7.701126575469971
06-07-1999,18.75,18.75,200,18.75,18.75,7.805193901062012
07-07-1999,18.5,18.5,1600,18.75,18.75,7.805193901062012
08-07-1999,18.5,18.5,600,18.75,18.75,7.805193901062012
09-07-1999,18.75,18.75,11000,19.75,19.75,8.221468925476074
12-07-1999,19.5,19.75,16800,20.5,20.0,8.325541496276855
13-07-1999,20.25,20.25,2000,20.5,20.5,8.53368091583252
14-07-1999,19.5,20.5,9800,20.75,20.75,8.637750625610352
15-07-1999,19.9375,20.75,4000,20.75,20.75,8.637750625610352
16-07-1999,20.0,20.5,28000,23.0,23.0,9.574371337890623
19-07-1999,18.75,23.0,17600,23.0,18.75,7.805193901062012
20-07-1999,18.75,18.75,6800,21.0,19.5,8.11740493774414
21-07-1999,19.0,19.375,10900,20.0,19.0,7.909263610839844
22-07-1999,18.875,19.0,1000,19.25,18.875,7.857228755950928
23-07-1999,18.875,18.875,3400,19.75,19.75,8.221468925476074
26-07-1999,18.75,18.875,3500,18.875,18.75,7.805193901062012
27-07-1999,17.0,17.0,5300,18.375,18.0,7.492988586425781
28-07-1999,17.0,17.875,4800,17.875,17.0,7.076711177825928
29-07-1999,17.75,17.75,300,17.75,17.75,7.38892126083374
30-07-1999,18.0,18.0,200,18.0,18.0,7.492988586425781
02-08-1999,17.0,17.0,900,17.0,17.0,7.076711177825928
03-08-1999,16.875,17.0,6300,17.25,17.25,7.180781841278076
04-08-1999,16.875,17.25,500,17.25,16.875,7.02467679977417
05-08-1999,17.0,17.375,1400,17.375,17.0,7.076711177825928
06-08-1999,17.0,17.0,800,17.0,17.0,7.076711177825928
09-08-1999,17.0,17.0,0,17.0,17.0,7.076711177825928
10-08-1999,16.5,17.0,400,17.0,16.5,6.8685736656188965
11-08-1999,16.5,16.5,0,16.5,16.5,6.8685736656188965
12-08-1999,17.0,17.0,1000,17.0,17.0,7.076711177825928
13-08-1999,16.0,17.0,7600,17.0,16.375,6.816538333892822
16-08-1999,16.125,16.125,300,17.0,17.0,7.076711177825928
17-08-1999,17.0,17.0,0,17.0,17.0,7.076711177825928
18-08-1999,17.0,17.0,200,17.0,17.0,7.076711177825928
19-08-1999,16.0,16.0,200,16.0,16.0,6.660429000854492
20-08-1999,17.0,17.0,200,17.0,17.0,7.076711177825928
23-08-1999,16.0,16.0,600,16.5,16.5,6.8685736656188965
24-08-1999,16.0,16.0,1200,16.0,16.0,6.660429000854492
25-08-1999,15.0,15.0,600,15.25,15.25,6.348225116729736
26-08-1999,16.0,16.0,400,16.0,16.0,6.660429000854492
27-08-1999,15.75,16.0,2900,16.5,16.5,6.8685736656188965
30-08-1999,16.5,16.5,1300,17.25,17.25,7.180781841278076
31-08-1999,17.0,17.0,6000,18.0,17.5,7.284848213195801
01-09-1999,17.5,17.5,1500,17.5,17.5,7.284848213195801
02-09-1999,17.5,17.5,0,17.5,17.5,7.284848213195801
03-09-1999,16.5,16.5,900,16.5,16.5,6.8685736656188965
07-09-1999,16.5,16.5,0,16.5,16.5,6.8685736656188965
08-09-1999,16.3125,16.3125,0,16.3125,16.3125,6.846537113189697
09-09-1999,16.3125,16.3125,0,16.3125,16.3125,6.846537113189697
10-09-1999,16.0,16.0,700,16.0,16.0,6.7153730392456055
13-09-1999,16.0,16.0,0,16.0,16.0,6.7153730392456055
14-09-1999,16.5,16.5,3200,16.75,16.75,7.030158996582031
15-09-1999,16.5,16.5,200,16.5,16.5,6.925234317779541
16-09-1999,16.0,16.0,1100,16.375,16.375,6.872771739959717
17-09-1999,16.0,16.375,900,16.375,16.0,6.7153730392456055
20-09-1999,15.0,15.0,1000,15.5,15.5,6.505520343780518
21-09-1999,16.0,16.0,3800,16.5,16.25,6.820306777954102
22-09-1999,16.25,16.25,0,16.25,16.25,6.820306777954102
23-09-1999,15.25,16.25,1000,16.25,15.25,6.400594234466553
24-09-1999,16.375,16.375,200,16.375,16.375,6.872771739959717
27-09-1999,16.375,16.375,100,16.375,16.375,6.872771739959717
28-09-1999,16.375,16.5,4800,16.5,16.375,6.872771739959717
29-09-1999,16.5,16.5,40500,24.0,19.25,8.079439163208008
30-09-1999,18.5,21.0,87400,25.0,22.75,9.54842758178711
01-10-1999,20.0,22.0,3600,22.0,20.0,8.394220352172852
04-10-1999,20.0,20.0,5100,20.75,20.75,8.709004402160645
05-10-1999,19.5,20.75,13400,21.0,20.25,8.499147415161133
06-10-1999,19.5,19.5,16100,23.0,22.875,9.600890159606934
07-10-1999,19.75,22.0,1600,22.0,21.5,9.023785591125488
08-10-1999,21.5,21.5,200,21.5,21.5,9.023785591125488
11-10-1999,21.5,21.5,900,21.5,21.5,9.023785591125488
12-10-1999,21.5,21.5,3600,22.0,22.0,9.233643531799316
13-10-1999,20.25,20.25,400,20.25,20.25,8.499147415161133
14-10-1999,21.0,21.0,1400,21.0,21.0,8.813928604125977
15-10-1999,20.0,20.0,7100,20.625,20.25,8.499147415161133
18-10-1999,19.875,20.25,1800,20.5,19.875,8.341757774353027
19-10-1999,19.875,19.875,0,19.875,19.875,8.341757774353027
20-10-1999,20.0,20.0,200,20.0,20.0,8.394220352172852
21-10-1999,20.4375,20.4375,400,21.0,21.0,8.813928604125977
22-10-1999,21.0,21.125,1700,21.125,21.0,8.813928604125977
25-10-1999,19.875,20.25,17900,20.25,19.875,8.341757774353027
26-10-1999,19.875,20.125,300,20.125,19.875,8.341757774353027
27-10-1999,19.875,19.875,0,19.875,19.875,8.341757774353027
28-10-1999,19.875,19.875,0,19.875,19.875,8.341757774353027
29-10-1999,19.875,19.875,1300,20.625,20.625,8.656542778015137
01-11-1999,19.375,19.375,100,19.375,19.375,8.131904602050781
02-11-1999,20.25,20.25,300,20.25,20.25,8.499147415161133
03-11-1999,20.25,20.25,0,20.25,20.25,8.499147415161133
04-11-1999,20.25,20.25,0,20.25,20.25,8.499147415161133
05-11-1999,20.625,21.0,200,21.0,20.625,8.656542778015137
08-11-1999,20.625,20.625,0,20.625,20.625,8.656542778015137
09-11-1999,20.625,20.625,0,20.625,20.625,8.656542778015137
10-11-1999,20.5,20.5,2000,20.5,20.5,8.60407829284668
11-11-1999,20.5,20.5,0,20.5,20.5,8.60407829284668
12-11-1999,19.0,21.125,1100,21.125,19.0,7.974509239196777
15-11-1999,19.0,19.0,0,19.0,19.0,7.974509239196777
16-11-1999,19.0,19.0,0,19.0,19.0,7.974509239196777
17-11-1999,19.5,19.5,600,20.0,20.0,8.394220352172852
18-11-1999,20.0,20.0,0,20.0,20.0,8.394220352172852
19-11-1999,19.0,19.0,1100,20.0,20.0,8.394220352172852
22-11-1999,20.0,20.0,300,20.0,20.0,8.394220352172852
23-11-1999,21.0,21.0,400,21.0,21.0,8.813928604125977
24-11-1999,20.0,21.0,600,21.0,20.0,8.394220352172852
26-11-1999,20.0,20.0,0,20.0,20.0,8.394220352172852
29-11-1999,20.0,20.0,0,20.0,20.0,8.394220352172852
30-11-1999,20.25,20.25,8000,22.0,22.0,9.233643531799316
01-12-1999,20.0,20.0,200,20.0,20.0,8.446052551269531
02-12-1999,20.5,20.5,1400,20.5,20.5,8.657200813293457
03-12-1999,21.0,21.75,900,21.75,21.0,8.868353843688965
06-12-1999,20.875,20.875,3000,21.0,21.0,8.868353843688965
07-12-1999,21.0,21.0,2400,21.0,21.0,8.868353843688965
08-12-1999,20.875,20.875,2600,21.0,21.0,8.868353843688965
09-12-1999,21.0,21.0,0,21.0,21.0,8.868353843688965
10-12-1999,20.0,20.0,800,20.0,20.0,8.446052551269531
13-12-1999,20.0,20.0,0,20.0,20.0,8.446052551269531
14-12-1999,20.0,20.0,2700,20.0,20.0,8.446052551269531
15-12-1999,19.5,19.5,2800,19.5,19.5,8.234898567199707
16-12-1999,19.0,19.5,6900,20.0,20.0,8.446052551269531
17-12-1999,20.0,20.0,0,20.0,20.0,8.446052551269531
20-12-1999,20.0,20.0,200,20.0,20.0,8.446052551269531
21-12-1999,20.0,20.0,0,20.0,20.0,8.446052551269531
22-12-1999,16.5,18.5,1600,18.5,16.5,6.967992305755615
23-12-1999,18.5,18.5,2000,18.5,18.5,7.81259822845459
27-12-1999,18.5,18.5,0,18.5,18.5,7.81259822845459
28-12-1999,17.0,17.0,2100,18.0,18.0,7.601444244384766
29-12-1999,18.0,18.0,0,18.0,18.0,7.601444244384766
30-12-1999,18.0,18.0,300,18.5,18.5,7.81259822845459
31-12-1999,18.5,18.5,0,18.5,18.5,7.81259822845459
03-01-2000,18.5,18.5,0,18.5,18.5,7.81259822845459
04-01-2000,16.75,16.75,2100,17.5,16.75,7.073565483093262
05-01-2000,16.375,16.625,2800,16.625,16.375,6.915203094482422
06-01-2000,14.5,16.0,5600,16.125,15.5,6.5456862449646
07-01-2000,16.0,16.0,1800,16.625,16.625,7.020779609680176
10-01-2000,15.5,16.0,6700,16.0,15.5,6.5456862449646
11-01-2000,15.5,15.5,4200,15.5,15.5,6.5456862449646
12-01-2000,15.875,15.875,1100,15.875,15.875,6.704051017761231
13-01-2000,16.375,16.375,1800,17.375,17.375,7.337504386901855
14-01-2000,17.625,17.625,2000,17.75,17.625,7.443082332611084
18-01-2000,17.625,17.625,400,17.625,17.625,7.443082332611084
19-01-2000,16.75,17.9375,2300,17.9375,16.75,7.073565483093262
20-01-2000,16.625,16.625,1300,17.75,17.75,7.495867729187012
21-01-2000,17.25,17.25,7900,17.75,17.75,7.495867729187012
24-01-2000,17.625,18.0,1000,18.0,17.625,7.443082332611084
25-01-2000,15.75,17.625,3500,17.625,15.75,6.651264667510986
26-01-2000,15.75,17.9375,4300,18.0,17.75,7.495867729187012
27-01-2000,17.0,17.0,1800,17.0,17.0,7.179141521453857
28-01-2000,17.9375,18.0,2200,18.0,18.0,7.601444244384766
31-01-2000,18.0,18.0,100,18.0,18.0,7.601444244384766
01-02-2000,17.625,17.625,2300,17.625,17.625,7.443082332611084
02-02-2000,17.75,17.75,5000,17.75,17.75,7.495867729187012
03-02-2000,17.75,17.75,0,17.75,17.75,7.495867729187012
04-02-2000,17.75,17.75,0,17.75,17.75,7.495867729187012
07-02-2000,17.125,17.125,400,17.375,17.375,7.337504386901855
08-02-2000,18.0,18.0,600,18.0,18.0,7.601444244384766
09-02-2000,17.25,17.375,4600,17.375,17.25,7.284718036651611
10-02-2000,16.875,17.125,1900,17.125,16.875,7.126354217529297
11-02-2000,15.625,16.5,1700,16.5,15.625,6.598477363586426
14-02-2000,16.25,16.5,4400,16.5,16.25,6.862417697906494
15-02-2000,15.5625,16.125,8200,16.125,16.0,6.756837368011475
16-02-2000,16.0,16.0,0,16.0,16.0,6.756837368011475
17-02-2000,15.5625,15.625,3100,15.625,15.5625,6.57208251953125
18-02-2000,15.0,15.5,1000,15.5,15.0,6.334538459777832
22-02-2000,14.875,14.875,700,14.875,14.875,6.281748294830322
23-02-2000,14.875,14.875,0,14.875,14.875,6.281748294830322
24-02-2000,14.875,14.875,0,14.875,14.875,6.281748294830322
25-02-2000,14.875,14.875,0,14.875,14.875,6.281748294830322
28-02-2000,17.0,17.125,1100,17.25,17.0,7.179141521453857
29-02-2000,17.0,17.0,0,17.0,17.0,7.179141521453857
01-03-2000,17.0,17.0,0,17.0,17.0,7.179141521453857
02-03-2000,17.0,17.0,0,17.0,17.0,7.179141521453857
03-03-2000,17.0,17.0,0,17.0,17.0,7.179141521453857
06-03-2000,16.5,16.5,500,16.5,16.5,6.967992305755615
07-03-2000,15.0,15.0,100,15.0,15.0,6.334538459777832
08-03-2000,15.0,15.0,1200,15.0,15.0,6.3920674324035645
09-03-2000,11.0,15.0,5000,15.0,15.0,6.3920674324035645
10-03-2000,15.0,15.0,0,15.0,15.0,6.3920674324035645
13-03-2000,15.0,15.0,0,15.0,15.0,6.3920674324035645
14-03-2000,15.0,15.0,2000,15.125,15.125,6.445333957672119
15-03-2000,15.125,15.125,4800,16.0,15.625,6.658403873443604
16-03-2000,15.0,16.0,3800,16.0,15.0,6.3920674324035645
17-03-2000,15.0,15.0,0,15.0,15.0,6.3920674324035645
20-03-2000,15.0,15.0,0,15.0,15.0,6.3920674324035645
21-03-2000,15.5,15.5,200,15.5,15.5,6.605133533477783
22-03-2000,14.625,15.375,2100,15.625,14.625,6.232263088226318
23-03-2000,14.625,14.625,0,14.625,14.625,6.232263088226318
24-03-2000,14.5,15.0,6600,15.125,15.125,6.445333957672119
27-03-2000,14.5,14.5,1300,16.875,14.75,6.285532474517822
28-03-2000,15.25,15.25,100,15.25,15.25,6.498598575592041
29-03-2000,15.25,15.25,800,15.25,15.25,6.498598575592041
30-03-2000,15.0,15.25,1500,15.5,15.0,6.3920674324035645
31-03-2000,14.25,15.0,800,15.0,14.25,6.0724639892578125
03-04-2000,14.25,14.25,300,15.25,15.25,6.498598575592041
04-04-2000,13.0,14.25,7700,15.25,15.25,6.498598575592041
05-04-2000,13.875,14.5,1900,14.875,14.875,6.338796615600586
06-04-2000,13.75,14.0,1500,14.0,14.0,5.9659271240234375
07-04-2000,14.0,14.0,0,14.0,14.0,5.9659271240234375
10-04-2000,14.125,14.125,2400,14.75,14.75,6.285532474517822
11-04-2000,14.75,14.75,2100,14.75,14.75,6.285532474517822
12-04-2000,14.375,14.375,1400,14.375,14.375,6.125727653503418
13-04-2000,14.0,14.75,4900,14.75,14.0,5.9659271240234375
14-04-2000,14.5,14.5,100,14.5,14.5,6.178994655609131
17-04-2000,14.125,14.25,1700,14.25,14.125,6.019195079803467
18-04-2000,14.25,14.25,3400,14.5,14.25,6.0724639892578125
19-04-2000,14.5,14.5,2000,14.75,14.75,6.285532474517822
20-04-2000,15.0,15.0,3700,15.375,15.375,6.55186653137207
24-04-2000,15.25,15.25,200,15.25,15.25,6.498598575592041
25-04-2000,15.25,15.25,0,15.25,15.25,6.498598575592041
26-04-2000,15.125,15.125,800,15.125,15.125,6.445333957672119
27-04-2000,15.125,15.125,0,15.125,15.125,6.445333957672119
28-04-2000,15.0625,15.0625,2300,15.0625,15.0625,6.418698310852051
01-05-2000,15.0,15.0,400,15.0,15.0,6.3920674324035645
02-05-2000,14.75,14.75,800,14.875,14.875,6.338796615600586
03-05-2000,14.75,15.25,1900,15.25,14.75,6.285532474517822
04-05-2000,14.75,14.75,0,14.75,14.75,6.285532474517822
05-05-2000,14.5,14.5,1000,14.5,14.5,6.178994655609131
08-05-2000,14.5,14.5,0,14.5,14.5,6.178994655609131
09-05-2000,14.5,14.5,0,14.5,14.5,6.178994655609131
10-05-2000,14.5,14.5,200,14.5,14.5,6.178994655609131
11-05-2000,14.5,14.5,0,14.5,14.5,6.178994655609131
12-05-2000,14.5,14.5,400,14.5,14.5,6.178994655609131
15-05-2000,14.5,14.5,9800,14.5,14.5,6.178994655609131
16-05-2000,14.5,14.5,0,14.5,14.5,6.178994655609131
17-05-2000,14.5,14.5,0,14.5,14.5,6.178994655609131
18-05-2000,14.0,14.0,300,14.0,14.0,5.9659271240234375
19-05-2000,14.0,14.0,0,14.0,14.0,5.9659271240234375
22-05-2000,14.0,14.0,0,14.0,14.0,5.9659271240234375
23-05-2000,14.0,14.0,0,14.0,14.0,5.9659271240234375
24-05-2000,14.0,14.0,0,14.0,14.0,5.9659271240234375
25-05-2000,14.0,14.0,0,14.0,14.0,5.9659271240234375
26-05-2000,14.0,14.0,0,14.0,14.0,5.9659271240234375
30-05-2000,14.0,14.0,400,14.0,14.0,5.9659271240234375
31-05-2000,13.75,14.25,4000,14.25,13.75,5.859395503997803
01-06-2000,14.5,14.5,400,14.5,14.5,6.178994655609131
02-06-2000,14.5,14.5,0,14.5,14.5,6.178994655609131
05-06-2000,13.75,14.5,3100,14.5,14.0,5.9659271240234375
06-06-2000,13.25,13.75,2000,13.75,13.5,5.752857208251953
07-06-2000,13.75,13.75,1500,13.75,13.75,5.925232410430908
08-06-2000,13.0,13.0625,6900,13.625,13.375,5.763634204864502
09-06-2000,13.25,13.625,12800,13.625,13.375,5.763634204864502
12-06-2000,13.375,13.375,0,13.375,13.375,5.763634204864502
13-06-2000,13.25,13.3125,2900,13.3125,13.3125,5.736699104309082
14-06-2000,13.1875,13.25,1900,13.25,13.1875,5.682833194732666
15-06-2000,13.1875,13.1875,0,13.1875,13.1875,5.682833194732666
16-06-2000,13.625,13.625,200,13.625,13.625,5.87136173248291
19-06-2000,13.0,13.25,21900,13.25,13.125,5.655900955200195
20-06-2000,12.875,13.0,3400,13.0,12.875,5.548168659210205
21-06-2000,12.125,12.125,8600,12.625,12.5,5.386570930480957
22-06-2000,12.5,12.5,12600,12.625,12.625,5.4404401779174805
23-06-2000,12.5,12.625,1400,12.625,12.5,5.386570930480957
26-06-2000,12.75,12.875,600,12.875,12.75,5.4943037033081055
27-06-2000,12.75,12.75,0,12.75,12.75,5.4943037033081055
28-06-2000,12.875,12.875,10700,14.0,13.75,5.925232410430908
29-06-2000,13.875,14.5,900,14.5,13.875,5.97909688949585
30-06-2000,13.75,13.75,1300,13.75,13.75,5.925232410430908
03-07-2000,13.75,13.75,0,13.75,13.75,5.925232410430908
05-07-2000,13.5,14.25,200,14.25,13.5,5.817496299743652
06-07-2000,14.375,14.375,2000,14.375,14.375,6.194556713104248
07-07-2000,13.0,13.75,600,13.75,13.75,5.925232410430908
10-07-2000,13.0,13.0,500,13.0,13.0,5.6020331382751465
11-07-2000,13.375,13.375,400,13.375,13.375,5.763634204864502
12-07-2000,13.25,13.5,4200,14.0,13.25,5.709768772125244
13-07-2000,13.375,13.375,3500,14.0,14.0,6.032960414886475
14-07-2000,14.0,14.0,200,14.0,14.0,6.032960414886475
17-07-2000,13.75,14.0,600,14.0,13.75,5.925232410430908
18-07-2000,13.75,13.75,300,13.75,13.75,5.925232410430908
19-07-2000,12.625,13.375,1100,13.375,13.375,5.763634204864502
20-07-2000,13.25,13.25,1000,13.25,13.25,5.709768772125244
21-07-2000,13.25,13.25,0,13.25,13.25,5.709768772125244
24-07-2000,13.25,13.25,700,13.25,13.25,5.709768772125244
25-07-2000,13.25,13.25,200,13.25,13.25,5.709768772125244
26-07-2000,13.5,13.5,700,13.5,13.5,5.817496299743652
27-07-2000,13.0,13.125,1800,13.125,13.0,5.6020331382751465
28-07-2000,13.375,13.375,600,13.375,13.375,5.763634204864502
31-07-2000,13.125,13.125,1000,13.125,13.125,5.655900955200195
01-08-2000,12.75,13.0,700,13.0,12.75,5.4943037033081055
02-08-2000,12.5,12.5,1100,12.625,12.625,5.4404401779174805
03-08-2000,12.5,13.125,5200,13.125,12.5,5.386570930480957
04-08-2000,12.5,12.5,0,12.5,12.5,5.386570930480957
07-08-2000,12.5,12.5,3200,12.5625,12.5625,5.413506507873535
08-08-2000,12.625,12.875,3500,13.25,13.25,5.709768772125244
09-08-2000,12.75,13.375,1800,13.375,12.75,5.4943037033081055
10-08-2000,12.75,12.75,0,12.75,12.75,5.4943037033081055
11-08-2000,12.75,12.75,0,12.75,12.75,5.4943037033081055
14-08-2000,12.875,12.875,100,12.875,12.875,5.548168659210205
15-08-2000,12.75,12.75,2500,13.5,13.25,5.709768772125244
16-08-2000,14.125,14.125,2500,15.0,14.25,6.140693664550781
17-08-2000,14.25,14.25,10900,15.0,14.625,6.302289009094238
18-08-2000,14.625,14.625,1800,15.0,14.75,6.356155872344971
21-08-2000,15.0,15.0,9900,15.5625,15.375,6.625483512878418
22-08-2000,15.375,15.375,0,15.375,15.375,6.625483512878418
23-08-2000,15.125,15.125,1000,15.125,15.125,6.517753601074219
24-08-2000,15.25,15.25,800,15.25,15.25,6.571617126464844
25-08-2000,15.25,15.25,12700,15.5625,15.5,6.679347991943359
28-08-2000,15.5,15.5,0,15.5,15.5,6.679347991943359
29-08-2000,15.125,15.125,500,15.125,15.125,6.517753601074219
30-08-2000,15.125,15.125,500,15.125,15.125,6.517753601074219
31-08-2000,15.5,15.5,1700,15.75,15.75,6.787082672119141
01-09-2000,16.0,16.0,100,16.0,16.0,6.894812107086182
05-09-2000,16.0,16.0,0,16.0,16.0,6.894812107086182
06-09-2000,15.625,15.625,200,15.625,15.625,6.796935558319092
07-09-2000,16.0,16.0,900,16.0,16.0,6.960061550140381
08-09-2000,16.0,16.0,0,16.0,16.0,6.960061550140381
11-09-2000,15.25,15.5,1800,15.875,15.25,6.633813381195068
12-09-2000,15.25,15.25,2100,15.5,15.375,6.6881842613220215
13-09-2000,15.125,15.375,1500,15.375,15.25,6.633813381195068
14-09-2000,15.25,15.625,900,15.625,15.25,6.633813381195068
15-09-2000,15.375,15.375,11700,15.5,15.375,6.6881842613220215
18-09-2000,15.375,15.375,0,15.375,15.375,6.6881842613220215
19-09-2000,15.25,15.25,500,15.25,15.25,6.633813381195068
20-09-2000,14.25,14.25,600,14.25,14.25,6.19880485534668
21-09-2000,14.0,14.25,1800,14.25,14.25,6.19880485534668
22-09-2000,14.0,15.0,5300,15.0,14.0,6.090054035186768
25-09-2000,13.3125,14.0,3800,15.0,13.5,5.872551918029785
26-09-2000,13.0,13.0,600,13.0,13.0,5.655049800872803
27-09-2000,12.0625,13.0,18700,13.0,12.375,5.383172988891602
28-09-2000,12.375,12.375,16400,13.5,12.375,5.383172988891602
29-09-2000,9.0,12.625,82500,12.625,11.0,4.785043716430664
02-10-2000,12.0,12.375,26700,13.25,12.9375,5.627862930297852
03-10-2000,11.5,13.5,21000,13.625,12.25,5.328800201416016
04-10-2000,11.875,12.125,11000,13.0,12.0625,5.24723482131958
05-10-2000,12.25,12.25,20900,12.75,12.5,5.4375481605529785
06-10-2000,12.625,13.0,9800,13.0,12.625,5.4919257164001465
09-10-2000,12.625,12.75,2700,13.0,12.625,5.4919257164001465
10-10-2000,12.625,12.625,700,12.75,12.625,5.4919257164001465
11-10-2000,12.125,12.625,5000,12.625,12.5,5.4375481605529785
12-10-2000,12.0,12.5,7600,13.125,13.125,5.709427356719971
13-10-2000,13.0,13.0,2400,13.125,13.125,5.709427356719971
16-10-2000,13.0,13.0,1800,13.125,13.125,5.709427356719971
17-10-2000,13.125,13.125,0,13.125,13.125,5.709427356719971
18-10-2000,13.0,13.0,3000,13.0,13.0,5.655049800872803
19-10-2000,13.0,13.125,15100,14.0,13.0,5.655049800872803
20-10-2000,13.0,13.0,0,13.0,13.0,5.655049800872803
23-10-2000,13.0,13.0,900,13.125,13.125,5.709427356719971
24-10-2000,13.125,13.125,0,13.125,13.125,5.709427356719971
25-10-2000,12.875,12.875,5900,13.125,13.0625,5.68224048614502
26-10-2000,13.0,13.0,900,13.0,13.0,5.655049800872803
27-10-2000,12.875,12.875,600,12.875,12.875,5.6006760597229
30-10-2000,12.875,12.875,5200,13.4375,13.4375,5.845367908477783
31-10-2000,13.25,13.375,2100,13.375,13.375,5.818179130554199
01-11-2000,13.0,13.375,800,13.375,13.0,5.655049800872803
02-11-2000,13.0,13.0,0,13.0,13.0,5.655049800872803
03-11-2000,13.0,13.125,900,13.125,13.0,5.655049800872803
06-11-2000,13.375,13.375,1000,13.375,13.375,5.818179130554199
07-11-2000,13.0,13.0,300,13.0,13.0,5.655049800872803
08-11-2000,12.875,13.0,2600,13.0,12.875,5.6006760597229
09-11-2000,12.625,12.625,1000,12.75,12.75,5.546300411224365
10-11-2000,12.875,13.0,3400,13.0,12.875,5.6006760597229
13-11-2000,13.0,13.0,400,13.0,13.0,5.655049800872803
14-11-2000,12.875,12.875,900,13.0,13.0,5.655049800872803
15-11-2000,12.75,12.75,2000,13.0,13.0,5.655049800872803
16-11-2000,13.0,13.0,3100,13.0,13.0,5.655049800872803
17-11-2000,13.0,13.0,800,13.125,13.0,5.655049800872803
20-11-2000,13.0,13.0,10600,13.5,13.375,5.818179130554199
21-11-2000,13.3125,13.3125,4000,13.4375,13.4375,5.845367908477783
22-11-2000,13.3125,13.3125,1400,13.3125,13.3125,5.790987968444824
24-11-2000,13.3125,13.3125,100,13.3125,13.3125,5.790987968444824
27-11-2000,13.3125,13.3125,0,13.3125,13.3125,5.790987968444824
28-11-2000,13.25,13.25,8500,13.4375,13.4375,5.845367908477783
29-11-2000,13.25,13.25,800,13.25,13.25,5.763803482055664
30-11-2000,13.25,13.25,600,13.25,13.25,5.763803482055664
01-12-2000,13.25,13.25,0,13.25,13.25,5.763803482055664
04-12-2000,13.25,13.25,1700,13.25,13.25,5.763803482055664
05-12-2000,13.25,13.25,0,13.25,13.25,5.763803482055664
06-12-2000,13.125,13.125,500,13.125,13.125,5.774803638458252
07-12-2000,13.125,13.125,0,13.125,13.125,5.774803638458252
08-12-2000,13.125,13.125,3200,13.5,13.5,5.93979549407959
11-12-2000,13.25,13.5,2600,14.0,13.5,5.93979549407959
12-12-2000,13.25,13.25,14600,13.375,13.3125,5.857298851013184
13-12-2000,13.375,13.375,3600,13.5,13.5,5.93979549407959
14-12-2000,13.5,13.5,3100,13.5,13.5,5.93979549407959
15-12-2000,13.5,13.5,3000,13.5,13.5,5.93979549407959
18-12-2000,13.5,13.75,4000,13.75,13.5,5.93979549407959
19-12-2000,13.375,13.375,400,13.375,13.375,5.884796619415283
20-12-2000,13.5625,13.625,2000,13.625,13.5625,5.9672932624816895
21-12-2000,13.5625,13.5625,0,13.5625,13.5625,5.9672932624816895
22-12-2000,13.625,13.625,3300,14.4375,14.4375,6.352280616760254
26-12-2000,14.0,14.4375,3900,14.5,14.0,6.159791469573975
27-12-2000,14.0,14.0,1900,14.0,14.0,6.159791469573975
28-12-2000,14.0,14.0,800,14.0,14.0,6.159791469573975
29-12-2000,14.25,14.5,5300,14.5,14.5,6.379779815673828
02-01-2001,14.625,14.625,600,14.625,14.625,6.434780597686768
03-01-2001,14.625,14.625,2000,14.625,14.625,6.434780597686768
04-01-2001,14.625,14.625,200,14.625,14.625,6.434780597686768
05-01-2001,14.625,14.625,600,14.625,14.625,6.434780597686768
08-01-2001,14.625,14.625,300,14.625,14.625,6.434780597686768
09-01-2001,14.625,14.625,0,14.625,14.625,6.434780597686768
10-01-2001,15.0,15.0,3000,15.25,15.0,6.59977388381958
11-01-2001,14.75,15.0,11900,15.0,14.75,6.489777088165283
12-01-2001,14.25,15.375,600,15.375,14.25,6.269785404205322
16-01-2001,14.25,14.25,0,14.25,14.25,6.269785404205322
17-01-2001,14.25,14.25,0,14.25,14.25,6.269785404205322
18-01-2001,14.25,14.25,0,14.25,14.25,6.269785404205322
19-01-2001,14.375,14.375,600,14.375,14.375,6.3247833251953125
22-01-2001,14.5,14.5,2200,14.75,14.625,6.434780597686768
23-01-2001,14.375,14.375,11200,15.125,15.0,6.59977388381958
24-01-2001,15.0,15.0,0,15.0,15.0,6.59977388381958
25-01-2001,15.0,15.0,1000,15.75,15.75,6.929766178131104
26-01-2001,16.0,16.0,200,16.0,16.0,7.039758205413818
29-01-2001,16.0,16.0,2200,16.25,16.25,7.149756908416748
30-01-2001,16.25,16.375,6100,16.625,16.25,7.149756908416748
31-01-2001,16.375,16.875,700,16.875,16.375,7.204752445220947
01-02-2001,16.375,16.375,0,16.375,16.375,7.204752445220947
02-02-2001,16.375,16.375,0,16.375,16.375,7.204752445220947
05-02-2001,16.375,16.375,4200,16.75,16.625,7.314748764038086
06-02-2001,16.375,16.625,300,16.625,16.375,7.204752445220947
07-02-2001,16.375,16.375,100,16.375,16.375,7.204752445220947
08-02-2001,16.375,16.375,300,16.375,16.375,7.204752445220947
09-02-2001,16.625,16.625,22400,16.875,16.625,7.314748764038086
12-02-2001,16.375,16.375,4400,17.0,17.0,7.479742050170898
13-02-2001,16.5,16.5,1000,16.75,16.75,7.369749546051025
14-02-2001,16.5,16.5,100,16.5,16.5,7.259751796722412
15-02-2001,16.5,16.5,0,16.5,16.5,7.259751796722412
16-02-2001,16.5,16.5,0,16.5,16.5,7.259751796722412
20-02-2001,16.5,16.5,700,16.5,16.5,7.259751796722412
21-02-2001,16.375,16.5,7400,16.5625,16.375,7.204752445220947
22-02-2001,16.375,16.375,16000,16.5,16.5,7.259751796722412
23-02-2001,16.5,16.5,0,16.5,16.5,7.259751796722412
26-02-2001,16.5,16.5,100,16.5,16.5,7.259751796722412
27-02-2001,16.375,16.375,2000,16.375,16.375,7.204752445220947
28-02-2001,16.375,16.5,4300,16.625,16.375,7.204752445220947
01-03-2001,16.375,16.375,0,16.375,16.375,7.204752445220947
02-03-2001,16.375,16.375,2700,16.75,16.75,7.369749546051025
05-03-2001,17.125,17.125,1800,17.125,17.125,7.534743309020996
06-03-2001,16.875,16.875,3400,17.0,17.0,7.479742050170898
07-03-2001,16.875,16.9375,10400,17.125,17.0,7.546328067779541
08-03-2001,16.875,16.875,100,16.875,16.875,7.490840435028076
09-03-2001,17.0,17.0,1000,17.25,17.125,7.60181999206543
12-03-2001,17.0,17.0,2600,17.125,17.0,7.546328067779541
13-03-2001,17.0,17.0,500,17.0,17.0,7.546328067779541
14-03-2001,16.75,17.015625,6500,17.015625,16.75,7.435354709625244
15-03-2001,16.75,16.75,0,16.75,16.75,7.435354709625244
16-03-2001,16.75,16.75,0,16.75,16.75,7.435354709625244
19-03-2001,16.75,16.765625,400,16.765625,16.75,7.435354709625244
20-03-2001,16.25,16.5,3900,16.5,16.5,7.324378490447998
21-03-2001,16.5,16.5,2900,16.5,16.5,7.324378490447998
22-03-2001,16.5,16.5,2200,16.75,16.75,7.435354709625244
23-03-2001,16.75,16.75,100,16.75,16.75,7.435354709625244
26-03-2001,16.75,16.75,700,17.0,17.0,7.546328067779541
27-03-2001,16.75,16.75,32100,19.375,19.0625,8.46187686920166
28-03-2001,16.875,18.25,2100,18.25,16.875,7.490840435028076
29-03-2001,16.75,16.75,16000,18.6875,18.375,8.156694412231445
30-03-2001,18.5625,18.5625,101600,25.0,20.0,8.878034591674805
02-04-2001,19.0,20.0,17300,20.125,20.0,8.878034591674805
03-04-2001,19.75,20.625,10700,20.9375,20.0,8.878034591674805
04-04-2001,19.5,19.75,2800,20.0,19.875,8.822546005249023
05-04-2001,18.75,19.5,9800,20.0,19.625,8.711570739746094
06-04-2001,19.625,19.625,100,19.625,19.625,8.711570739746094
09-04-2001,18.5,18.5,2900,19.36000061035156,19.0,8.434133529663086
10-04-2001,18.75,18.75,6900,19.600000381469727,19.600000381469727,8.700472831726074
11-04-2001,18.75,19.1200008392334,3300,19.299999237060547,18.75,8.323156356811523
12-04-2001,18.75,18.75,0,18.75,18.75,8.323156356811523
16-04-2001,19.600000381469727,19.600000381469727,200,19.600000381469727,19.600000381469727,8.700472831726074
17-04-2001,19.649999618530277,19.649999618530277,600,19.649999618530277,19.649999618530277,8.72266674041748
18-04-2001,19.0,19.649999618530277,400,19.649999618530277,19.0,8.434133529663086
19-04-2001,19.0,19.0,0,19.0,19.0,8.434133529663086
20-04-2001,19.979999542236328,19.979999542236328,200,19.979999542236328,19.979999542236328,8.869156837463379
23-04-2001,19.979999542236328,19.979999542236328,0,19.979999542236328,19.979999542236328,8.869156837463379
24-04-2001,19.5,19.5,200,19.5,19.5,8.656082153320312
25-04-2001,19.5,19.649999618530277,700,19.649999618530277,19.5,8.656082153320312
26-04-2001,19.5,19.5,0,19.5,19.5,8.656082153320312
27-04-2001,19.649999618530277,19.649999618530277,900,19.649999618530277,19.649999618530277,8.72266674041748
30-04-2001,19.149999618530277,19.899999618530277,500,19.899999618530277,19.149999618530277,8.500715255737305
01-05-2001,19.899999618530277,19.899999618530277,100,19.899999618530277,19.899999618530277,8.833645820617676
02-05-2001,19.899999618530277,19.899999618530277,0,19.899999618530277,19.899999618530277,8.833645820617676
03-05-2001,19.899999618530277,19.899999618530277,0,19.899999618530277,19.899999618530277,8.833645820617676
04-05-2001,19.549999237060547,19.549999237060547,500,19.899999618530277,19.899999618530277,8.833645820617676
07-05-2001,19.25,19.5,300,19.5,19.25,8.545108795166016
08-05-2001,19.25,19.25,0,19.25,19.25,8.545108795166016
09-05-2001,19.25,19.25,0,19.25,19.25,8.545108795166016
10-05-2001,19.25,19.25,0,19.25,19.25,8.545108795166016
11-05-2001,19.5,19.5,2200,19.5,19.5,8.656082153320312
14-05-2001,19.200000762939453,19.200000762939453,300,19.200000762939453,19.200000762939453,8.52291202545166
15-05-2001,19.440000534057617,19.440000534057617,300,19.440000534057617,19.440000534057617,8.629447937011719
16-05-2001,19.440000534057617,19.440000534057617,0,19.440000534057617,19.440000534057617,8.629447937011719
17-05-2001,19.440000534057617,19.440000534057617,0,19.440000534057617,19.440000534057617,8.629447937011719
18-05-2001,19.239999771118164,19.239999771118164,200,19.239999771118164,19.239999771118164,8.540669441223145
21-05-2001,19.25,19.5,600,19.5,19.25,8.545108795166016
22-05-2001,19.25,19.25,0,19.25,19.25,8.545108795166016
23-05-2001,19.149999618530277,19.149999618530277,100,19.149999618530277,19.149999618530277,8.500715255737305
24-05-2001,18.299999237060547,19.149999618530277,3500,19.600000381469727,19.600000381469727,8.700472831726074
25-05-2001,19.600000381469727,19.600000381469727,0,19.600000381469727,19.600000381469727,8.700472831726074
29-05-2001,19.600000381469727,19.600000381469727,0,19.600000381469727,19.600000381469727,8.700472831726074
30-05-2001,18.75,18.75,1000,18.75,18.75,8.323156356811523
31-05-2001,18.75,18.75,200,18.75,18.75,8.323156356811523
01-06-2001,18.75,18.75,0,18.75,18.75,8.323156356811523
04-06-2001,18.75,18.75,100,18.75,18.75,8.323156356811523
05-06-2001,18.75,19.0,400,19.0,18.75,8.323156356811523
06-06-2001,18.5,18.75,6400,18.75,18.5,8.287321090698242
07-06-2001,18.5,18.5,0,18.5,18.5,8.287321090698242
08-06-2001,18.5,18.5,5800,18.75,18.75,8.399310111999512
11-06-2001,18.75,18.75,2000,18.75,18.75,8.399310111999512
12-06-2001,19.0,19.0,2700,19.0,19.0,8.51130485534668
13-06-2001,19.0,19.350000381469727,2500,19.350000381469727,19.0,8.51130485534668
14-06-2001,18.25,19.5,214800,19.5,19.0,8.51130485534668
15-06-2001,18.75,18.75,500,18.75,18.75,8.399310111999512
18-06-2001,18.75,18.75,0,18.75,18.75,8.399310111999512
19-06-2001,18.75,18.75,1100,18.75,18.75,8.399310111999512
20-06-2001,18.75,18.75,0,18.75,18.75,8.399310111999512
21-06-2001,18.5,18.5,1800,18.899999618530277,18.899999618530277,8.466506958007812
22-06-2001,18.950000762939453,18.950000762939453,1000,19.0,19.0,8.51130485534668
25-06-2001,19.0,19.0,1800,19.25,19.0,8.51130485534668
26-06-2001,19.0,19.0,1300,19.0,19.0,8.51130485534668
27-06-2001,19.020000457763672,19.020000457763672,900,19.25,19.25,8.623291969299316
28-06-2001,19.0,19.450000762939453,9200,19.450000762939453,19.0,8.51130485534668
29-06-2001,18.600000381469727,19.0,400,19.0,18.600000381469727,8.33211612701416
02-07-2001,18.600000381469727,18.600000381469727,0,18.600000381469727,18.600000381469727,8.33211612701416
03-07-2001,18.600000381469727,18.600000381469727,0,18.600000381469727,18.600000381469727,8.33211612701416
05-07-2001,18.979999542236328,18.979999542236328,100,18.979999542236328,18.979999542236328,8.502342224121094
06-07-2001,18.979999542236328,18.979999542236328,0,18.979999542236328,18.979999542236328,8.502342224121094
09-07-2001,18.979999542236328,18.979999542236328,0,18.979999542236328,18.979999542236328,8.502342224121094
10-07-2001,18.979999542236328,18.979999542236328,0,18.979999542236328,18.979999542236328,8.502342224121094
11-07-2001,18.5,18.5,500,18.5,18.5,8.287321090698242
12-07-2001,18.68000030517578,18.68000030517578,300,18.68000030517578,18.68000030517578,8.367949485778809
13-07-2001,18.299999237060547,18.31999969482422,200,18.31999969482422,18.299999237060547,8.197720527648926
16-07-2001,18.299999237060547,18.299999237060547,0,18.299999237060547,18.299999237060547,8.197720527648926
17-07-2001,18.299999237060547,18.299999237060547,800,18.68000030517578,18.68000030517578,8.367949485778809
18-07-2001,18.270000457763672,18.270000457763672,100,18.270000457763672,18.270000457763672,8.184289932250977
19-07-2001,18.75,18.75,3600,19.149999618530277,19.149999618530277,8.578495025634766
20-07-2001,19.0,19.0,1700,19.0,19.0,8.51130485534668
23-07-2001,19.0,19.0,0,19.0,19.0,8.51130485534668
24-07-2001,19.0,19.0,0,19.0,19.0,8.51130485534668
25-07-2001,19.0,19.0,0,19.0,19.0,8.51130485534668
26-07-2001,19.0,19.0,400,19.020000457763672,19.020000457763672,8.520259857177734
27-07-2001,19.0,19.100000381469727,700,19.100000381469727,19.0,8.51130485534668
30-07-2001,18.8799991607666,19.100000381469727,1000,19.100000381469727,18.8799991607666,8.45754623413086
31-07-2001,18.8799991607666,18.8799991607666,0,18.8799991607666,18.8799991607666,8.45754623413086
01-08-2001,18.8799991607666,18.8799991607666,0,18.8799991607666,18.8799991607666,8.45754623413086
02-08-2001,18.8799991607666,18.8799991607666,1100,19.200000762939453,19.200000762939453,8.600893020629883
03-08-2001,19.0,19.0,2200,19.0,19.0,8.51130485534668
06-08-2001,19.0,19.0,0,19.0,19.0,8.51130485534668
07-08-2001,18.8700008392334,18.8799991607666,2400,18.8799991607666,18.8799991607666,8.45754623413086
08-08-2001,18.8799991607666,18.8799991607666,3800,19.0,19.0,8.51130485534668
09-08-2001,19.0,19.0,0,19.0,19.0,8.51130485534668
10-08-2001,19.0,19.0,0,19.0,19.0,8.51130485534668
13-08-2001,19.0,19.0,500,19.0,19.0,8.51130485534668
14-08-2001,19.25,19.25,600,19.25,19.25,8.623291969299316
15-08-2001,19.25,19.25,0,19.25,19.25,8.623291969299316
16-08-2001,19.0,19.0,200,19.0,19.0,8.51130485534668
17-08-2001,18.51000022888184,18.51000022888184,200,18.51000022888184,18.51000022888184,8.291799545288086
20-08-2001,19.0,19.0,500,19.0,19.0,8.51130485534668
21-08-2001,18.549999237060547,18.549999237060547,200,19.25,19.25,8.623291969299316
22-08-2001,19.0,19.0,1000,19.25,19.25,8.623291969299316
23-08-2001,18.75,18.75,200,18.75,18.75,8.399310111999512
24-08-2001,18.75,18.75,0,18.75,18.75,8.399310111999512
27-08-2001,19.0,19.0,200,19.0,19.0,8.51130485534668
28-08-2001,19.0,19.0,0,19.0,19.0,8.51130485534668
29-08-2001,19.0,19.0,0,19.0,19.0,8.51130485534668
30-08-2001,18.799999237060547,18.799999237060547,900,19.0,19.0,8.51130485534668
31-08-2001,18.850000381469727,18.850000381469727,500,18.850000381469727,18.850000381469727,8.44410514831543
04-09-2001,18.850000381469727,18.850000381469727,1000,18.850000381469727,18.850000381469727,8.44410514831543
05-09-2001,18.899999618530277,19.350000381469727,4100,19.350000381469727,18.899999618530277,8.543560028076172
06-09-2001,18.850000381469727,19.0,1500,19.0,18.86000061035156,8.525477409362793
07-09-2001,18.86000061035156,18.86000061035156,400,18.86000061035156,18.86000061035156,8.525477409362793
10-09-2001,18.86000061035156,18.86000061035156,0,18.86000061035156,18.86000061035156,8.525477409362793
17-09-2001,18.850000381469727,19.0,1200,19.0,18.850000381469727,8.520953178405762
18-09-2001,18.850000381469727,18.850000381469727,0,18.850000381469727,18.850000381469727,8.520953178405762
19-09-2001,18.950000762939453,18.950000762939453,1100,19.020000457763672,19.020000457763672,8.597801208496094
20-09-2001,17.75,18.75,3200,19.020000457763672,17.75,8.02370834350586
21-09-2001,18.0,18.71999931335449,8200,19.0,18.100000381469727,8.181922912597656
24-09-2001,18.5,19.0,10200,19.399999618530277,19.100000381469727,8.63396167755127
25-09-2001,19.100000381469727,19.100000381469727,0,19.100000381469727,19.100000381469727,8.63396167755127
26-09-2001,18.51000022888184,18.51000022888184,900,19.0,19.0,8.588759422302246
27-09-2001,19.0,19.0,3300,19.0,19.0,8.588759422302246
28-09-2001,18.149999618530277,18.149999618530277,1400,18.149999618530277,18.149999618530277,8.204522132873535
01-10-2001,17.5,18.0,29000,18.0,17.850000381469727,8.068913459777832
02-10-2001,18.0,18.0,200,18.0,18.0,8.136716842651367
03-10-2001,17.899999618530273,18.25,1200,18.25,17.899999618530273,8.091513633728027
04-10-2001,18.0,18.049999237060547,25100,18.25,18.149999618530277,8.204522132873535
05-10-2001,18.149999618530277,18.149999618530277,0,18.149999618530277,18.149999618530277,8.204522132873535
08-10-2001,18.149999618530277,18.149999618530277,0,18.149999618530277,18.149999618530277,8.204522132873535
09-10-2001,17.75,18.010000228881836,13700,18.5,18.36000061035156,8.299456596374512
10-10-2001,18.0,18.0,4600,18.100000381469727,18.100000381469727,8.181922912597656
11-10-2001,18.0,18.0,15000,18.600000381469727,18.149999618530277,8.204522132873535
12-10-2001,18.0,18.0,100,18.0,18.0,8.136716842651367
15-10-2001,17.799999237060547,18.5,2800,19.0,17.799999237060547,8.046310424804688
16-10-2001,17.799999237060547,17.799999237060547,2900,18.149999618530277,17.899999618530273,8.091513633728027
17-10-2001,17.799999237060547,17.799999237060547,9200,19.100000381469727,18.350000381469727,8.294934272766113
18-10-2001,17.799999237060547,18.0,4700,18.049999237060547,17.799999237060547,8.046310424804688
19-10-2001,17.799999237060547,17.799999237060547,7900,18.86000061035156,18.149999618530277,8.204522132873535
22-10-2001,17.860000610351562,18.5,1100,18.5,17.860000610351562,8.073434829711914
23-10-2001,18.0,18.049999237060547,36000,18.5,18.0,8.136716842651367
24-10-2001,18.299999237060547,18.399999618530277,35200,18.399999618530277,18.299999237060547,8.27232551574707
25-10-2001,18.010000228881836,18.010000228881836,500,18.5,18.5,8.362740516662598
26-10-2001,17.850000381469727,18.0,1900,18.0,17.850000381469727,8.068913459777832
29-10-2001,17.850000381469727,17.850000381469727,100,17.850000381469727,17.850000381469727,8.068913459777832
30-10-2001,17.75,17.799999237060547,3700,18.51000022888184,18.51000022888184,8.36725902557373
31-10-2001,18.51000022888184,18.51000022888184,0,18.51000022888184,18.51000022888184,8.36725902557373
01-11-2001,18.0,18.0,500,18.0,18.0,8.136716842651367
02-11-2001,18.0,18.0,5000,18.049999237060547,18.049999237060547,8.159318923950195
05-11-2001,17.950000762939453,17.950000762939453,1100,18.0,18.0,8.136716842651367
06-11-2001,17.649999618530273,17.950000762939453,2100,18.200000762939453,17.899999618530273,8.091513633728027
07-11-2001,17.899999618530273,17.899999618530273,1000,17.899999618530273,17.899999618530273,8.091513633728027
08-11-2001,17.899999618530273,18.049999237060547,800,18.049999237060547,17.899999618530273,8.091513633728027
09-11-2001,18.100000381469727,18.100000381469727,200,18.100000381469727,18.100000381469727,8.181922912597656
12-11-2001,18.100000381469727,18.100000381469727,0,18.100000381469727,18.100000381469727,8.181922912597656
13-11-2001,17.950000762939453,17.950000762939453,100,17.950000762939453,17.950000762939453,8.114115715026855
14-11-2001,17.969999313354492,17.969999313354492,2600,18.350000381469727,17.969999313354492,8.123159408569336
15-11-2001,18.0,18.0,5200,18.0,18.0,8.136716842651367
16-11-2001,18.25,18.25,1500,18.5,18.5,8.362740516662598
19-11-2001,18.5,18.5,0,18.5,18.5,8.362740516662598
20-11-2001,18.5,18.5,0,18.5,18.5,8.362740516662598
21-11-2001,18.5,18.5,200,18.5,18.5,8.362740516662598
23-11-2001,18.5,18.5,0,18.5,18.5,8.362740516662598
26-11-2001,18.600000381469727,18.600000381469727,600,18.600000381469727,18.600000381469727,8.407942771911621
27-11-2001,18.600000381469727,18.600000381469727,0,18.600000381469727,18.600000381469727,8.407942771911621
28-11-2001,18.600000381469727,18.600000381469727,0,18.600000381469727,18.600000381469727,8.407942771911621
29-11-2001,18.149999618530277,18.149999618530277,2200,18.200000762939453,18.149999618530277,8.204522132873535
30-11-2001,18.0,18.149999618530277,4100,18.850000381469727,18.149999618530277,8.204522132873535
03-12-2001,18.149999618530277,18.149999618530277,0,18.149999618530277,18.149999618530277,8.204522132873535
04-12-2001,17.90999984741211,18.0,4100,18.0,18.0,8.136716842651367
05-12-2001,18.200000762939453,18.200000762939453,100,18.200000762939453,18.200000762939453,8.305569648742676
06-12-2001,18.0,18.0,1900,18.0,18.0,8.214295387268066
07-12-2001,17.979999542236328,18.0,600,18.0,17.979999542236328,8.205174446105957
10-12-2001,17.5,18.100000381469727,15500,18.100000381469727,17.899999618530273,8.168659210205078
11-12-2001,17.899999618530273,17.899999618530273,0,17.899999618530273,17.899999618530273,8.168659210205078
12-12-2001,18.0,18.0,700,18.0,18.0,8.214295387268066
13-12-2001,18.0,18.0,0,18.0,18.0,8.214295387268066
14-12-2001,18.350000381469727,18.350000381469727,200,18.350000381469727,18.350000381469727,8.374021530151367
17-12-2001,18.0,18.0,4400,18.0,18.0,8.214295387268066
18-12-2001,18.0,18.0,0,18.0,18.0,8.214295387268066
19-12-2001,18.010000228881836,18.010000228881836,2200,18.950000762939453,18.010000228881836,8.21886157989502
20-12-2001,18.0,18.0,500,18.0,18.0,8.214295387268066
21-12-2001,18.0,18.0,1700,18.049999237060547,18.049999237060547,8.237114906311035
24-12-2001,17.950000762939453,17.950000762939453,6900,18.5,18.0,8.214295387268066
26-12-2001,18.0,18.5,17200,18.5,18.0,8.214295387268066
27-12-2001,18.5,18.5,100,18.5,18.5,8.442473411560059
28-12-2001,18.0,18.399999618530277,4000,18.700000762939453,18.700000762939453,8.533744812011719
31-12-2001,18.700000762939453,18.700000762939453,0,18.700000762939453,18.700000762939453,8.533744812011719
02-01-2002,18.399999618530277,18.399999618530277,300,18.399999618530277,18.399999618530277,8.39684009552002
03-01-2002,18.049999237060547,18.049999237060547,2200,18.350000381469727,18.049999237060547,8.237114906311035
04-01-2002,18.100000381469727,18.100000381469727,3100,18.100000381469727,18.100000381469727,8.259932518005371
07-01-2002,18.059999465942383,18.059999465942383,2400,18.100000381469727,18.07999992370605,8.250805854797363
08-01-2002,18.07999992370605,18.07999992370605,3300,18.100000381469727,18.100000381469727,8.259932518005371
09-01-2002,18.13999938964844,18.13999938964844,500,18.149999618530277,18.149999618530277,8.282750129699707
10-01-2002,18.149999618530277,18.149999618530277,200,18.149999618530277,18.149999618530277,8.282750129699707
11-01-2002,18.149999618530277,18.149999618530277,400,18.149999618530277,18.149999618530277,8.282750129699707
14-01-2002,18.149999618530277,18.200000762939453,3000,18.200000762939453,18.149999618530277,8.282750129699707
15-01-2002,18.200000762939453,18.200000762939453,3700,18.34000015258789,18.299999237060547,8.351197242736816
16-01-2002,18.200000762939453,18.200000762939453,900,18.75,18.75,8.556558609008789
17-01-2002,18.950000762939453,18.950000762939453,800,18.950000762939453,18.950000762939453,8.647829055786133
18-01-2002,18.21999931335449,18.21999931335449,200,18.21999931335449,18.21999931335449,8.31469440460205
22-01-2002,18.700000762939453,18.700000762939453,2400,19.0,18.899999618530277,8.625018119812012
23-01-2002,18.899999618530277,18.899999618530277,0,18.899999618530277,18.899999618530277,8.625018119812012
24-01-2002,18.899999618530277,18.899999618530277,0,18.899999618530277,18.899999618530277,8.625018119812012
25-01-2002,18.5,19.0,700,19.0,18.5,8.442473411560059
28-01-2002,18.5,18.520000457763672,2400,18.520000457763672,18.5,8.442473411560059
29-01-2002,18.5,18.5,0,18.5,18.5,8.442473411560059
30-01-2002,18.950000762939453,18.950000762939453,100,18.950000762939453,18.950000762939453,8.647829055786133
31-01-2002,18.5,18.600000381469727,1700,18.899999618530277,18.899999618530277,8.625018119812012
01-02-2002,18.5,18.5,200,18.5,18.5,8.442473411560059
04-02-2002,18.5,18.5,0,18.5,18.5,8.442473411560059
05-02-2002,18.950000762939453,18.96999931335449,500,18.979999542236328,18.950000762939453,8.647829055786133
06-02-2002,18.75,18.75,6400,18.950000762939453,18.75,8.556558609008789
07-02-2002,18.75,18.850000381469727,2000,18.850000381469727,18.75,8.556558609008789
08-02-2002,18.75,18.75,1200,18.75,18.75,8.556558609008789
11-02-2002,19.0,19.0,9800,19.350000381469727,19.100000381469727,8.716280937194824
12-02-2002,19.100000381469727,19.100000381469727,0,19.100000381469727,19.100000381469727,8.716280937194824
13-02-2002,19.049999237060547,19.049999237060547,500,19.290000915527344,19.290000915527344,8.80299186706543
14-02-2002,19.290000915527344,19.350000381469727,4500,19.5,19.5,8.898822784423828
15-02-2002,19.5,19.5,0,19.5,19.5,8.898822784423828
19-02-2002,19.399999618530277,19.479999542236328,3200,20.1200008392334,20.1200008392334,9.181756973266602
20-02-2002,19.82999992370605,19.82999992370605,500,19.82999992370605,19.82999992370605,9.049420356750488
21-02-2002,19.96999931335449,19.96999931335449,4600,19.96999931335449,19.96999931335449,9.113306045532228
22-02-2002,20.0,20.1200008392334,2200,20.1200008392334,20.1200008392334,9.181756973266602
25-02-2002,19.5,20.0,12500,20.01000022888184,19.5,8.898822784423828
26-02-2002,19.700000762939453,20.0,600,20.0,20.0,9.126999855041504
27-02-2002,20.100000381469727,20.100000381469727,3200,20.100000381469727,20.100000381469727,9.172635078430176
28-02-2002,20.0,20.100000381469727,4000,20.31999969482422,20.31999969482422,9.273029327392578
01-03-2002,20.1299991607666,20.1299991607666,2700,20.31999969482422,20.31999969482422,9.273029327392578
04-03-2002,20.100000381469727,20.100000381469727,100,20.100000381469727,20.100000381469727,9.172635078430176
05-03-2002,20.200000762939453,20.31999969482422,2300,20.6200008392334,20.200000762939453,9.21826457977295
06-03-2002,20.100000381469727,20.11000061035156,5000,20.450000762939453,20.1200008392334,9.259685516357422
07-03-2002,20.100000381469727,20.100000381469727,4700,20.25,20.200000762939453,9.296504020690918
08-03-2002,19.899999618530277,20.200000762939453,8800,20.200000762939453,19.899999618530277,9.158440589904783
11-03-2002,20.0,20.200000762939453,900,20.200000762939453,20.200000762939453,9.296504020690918
12-03-2002,20.200000762939453,20.200000762939453,0,20.200000762939453,20.200000762939453,9.296504020690918
13-03-2002,20.0,20.100000381469727,6700,20.25,20.0,9.204463005065918
14-03-2002,19.82999992370605,20.1200008392334,1400,20.1200008392334,20.0,9.204463005065918
15-03-2002,20.100000381469727,20.100000381469727,10300,20.100000381469727,20.100000381469727,9.250486373901367
18-03-2002,20.0,20.0,700,20.0,20.0,9.204463005065918
19-03-2002,19.770000457763672,19.86000061035156,4000,19.950000762939453,19.950000762939453,9.18144989013672
20-03-2002,19.75,20.100000381469727,6400,20.100000381469727,19.75,9.089402198791504
21-03-2002,19.549999237060547,19.649999618530277,4100,19.649999618530277,19.549999237060547,8.997360229492188
22-03-2002,19.350000381469727,19.51000022888184,9500,19.950000762939453,19.350000381469727,8.905313491821289
25-03-2002,19.149999618530277,19.399999618530277,7700,19.399999618530277,19.149999618530277,8.81326961517334
26-03-2002,19.239999771118164,19.479999542236328,700,19.479999542236328,19.239999771118164,8.854691505432129
27-03-2002,19.100000381469727,19.21999931335449,3900,19.25,19.149999618530277,8.81326961517334
28-03-2002,19.299999237060547,19.299999237060547,8300,19.600000381469727,19.549999237060547,8.997360229492188
01-04-2002,20.0,20.0,600,20.0,20.0,9.204463005065918
02-04-2002,19.200000762939453,19.200000762939453,1400,19.5,19.5,8.974350929260254
03-04-2002,19.5,19.5,1000,19.5,19.5,8.974350929260254
04-04-2002,19.700000762939453,19.729999542236328,1300,19.75,19.700000762939453,9.06639289855957
05-04-2002,20.25,20.25,100,20.25,20.25,9.319517135620115
08-04-2002,20.25,20.25,0,20.25,20.25,9.319517135620115
09-04-2002,20.25,20.25,0,20.25,20.25,9.319517135620115
10-04-2002,19.75,20.25,8500,20.25,19.780000686645508,9.103212356567385
11-04-2002,19.780000686645508,19.780000686645508,0,19.780000686645508,19.780000686645508,9.103212356567385
12-04-2002,20.0,20.0,2000,20.0,20.0,9.204463005065918
15-04-2002,19.75,19.899999618530277,200,19.899999618530277,19.75,9.089402198791504
16-04-2002,20.229999542236328,20.229999542236328,700,20.229999542236328,20.229999542236328,9.310315132141112
17-04-2002,20.1299991607666,20.1299991607666,1300,20.13999938964844,20.1299991607666,9.264291763305664
18-04-2002,20.1299991607666,20.1299991607666,0,20.1299991607666,20.1299991607666,9.264291763305664
19-04-2002,19.75,19.780000686645508,1200,19.780000686645508,19.75,9.089402198791504
22-04-2002,19.75,19.75,0,19.75,19.75,9.089402198791504
23-04-2002,19.25,19.729999542236328,600,19.729999542236328,19.25,8.859292030334473
24-04-2002,19.25,19.25,0,19.25,19.25,8.859292030334473
25-04-2002,19.450000762939453,19.51000022888184,900,19.51000022888184,19.450000762939453,8.951337814331055
26-04-2002,19.450000762939453,19.450000762939453,12800,19.75,19.700000762939453,9.06639289855957
29-04-2002,19.450000762939453,19.450000762939453,500,19.450000762939453,19.450000762939453,8.951337814331055
30-04-2002,20.0,20.0,100,20.0,20.0,9.204463005065918
01-05-2002,20.0,20.0,0,20.0,20.0,9.204463005065918
02-05-2002,20.0,20.0,0,20.0,20.0,9.204463005065918
03-05-2002,20.0,20.0,0,20.0,20.0,9.204463005065918
06-05-2002,19.450000762939453,20.07999992370605,2900,20.440000534057617,19.450000762939453,8.951337814331055
07-05-2002,19.450000762939453,19.450000762939453,0,19.450000762939453,19.450000762939453,8.951337814331055
08-05-2002,19.450000762939453,19.450000762939453,0,19.450000762939453,19.450000762939453,8.951337814331055
09-05-2002,20.0,20.0,300,20.0,20.0,9.204463005065918
10-05-2002,20.0,20.0,0,20.0,20.0,9.204463005065918
13-05-2002,20.0,20.0,0,20.0,20.0,9.204463005065918
14-05-2002,20.0,20.0,0,20.0,20.0,9.204463005065918
15-05-2002,19.950000762939453,19.950000762939453,100,19.950000762939453,19.950000762939453,9.18144989013672
16-05-2002,19.75,19.75,100,19.75,19.75,9.089402198791504
17-05-2002,19.75,19.75,0,19.75,19.75,9.089402198791504
20-05-2002,19.71999931335449,19.75,3900,20.0,20.0,9.204463005065918
21-05-2002,19.950000762939453,20.020000457763672,1200,20.020000457763672,20.0,9.204463005065918
22-05-2002,19.979999542236328,19.979999542236328,6400,20.07999992370605,20.07999992370605,9.24127960205078
23-05-2002,20.200000762939453,20.200000762939453,1100,20.200000762939453,20.200000762939453,9.296504020690918
24-05-2002,20.299999237060547,20.399999618530277,1600,20.5,20.299999237060547,9.34252643585205
28-05-2002,20.299999237060547,20.299999237060547,500,20.299999237060547,20.299999237060547,9.34252643585205
29-05-2002,20.149999618530277,20.399999618530277,7800,20.5,20.149999618530277,9.2734956741333
30-05-2002,20.600000381469727,20.600000381469727,2000,21.5,21.5,9.89479637145996
31-05-2002,21.5,21.5,5200,23.0,23.0,10.585129737854004
03-06-2002,22.25,23.0,10900,23.459999084472656,23.450000762939453,10.79223346710205
04-06-2002,22.200000762939453,22.25,1100,23.5,23.489999771118164,10.810639381408691
05-06-2002,23.549999237060547,23.549999237060547,9500,25.0,24.0,11.130645751953123
06-06-2002,24.0,24.0,300,24.0,24.0,11.130645751953123
07-06-2002,24.0,24.0,0,24.0,24.0,11.130645751953123
10-06-2002,23.489999771118164,23.489999771118164,4000,24.5,24.25,11.246591567993164
11-06-2002,24.25,24.5,8400,25.989999771118164,25.0,11.5944242477417
12-06-2002,24.989999771118164,25.0,1300,25.88999938964844,25.0,11.5944242477417
13-06-2002,23.0,24.989999771118164,2800,25.25,24.989999771118164,11.5897855758667
14-06-2002,23.5,23.5,7100,24.5,23.5,10.898760795593262
17-06-2002,23.5,24.25,6200,24.5,24.5,11.362533569335938
18-06-2002,23.5,23.51000022888184,9300,24.489999771118164,24.489999771118164,11.35789680480957
19-06-2002,24.0,24.479999542236328,8800,25.0,25.0,11.5944242477417
20-06-2002,23.75,25.25,5400,25.5,25.01000022888184,11.5990571975708
21-06-2002,24.01000022888184,25.0,9200,25.0,24.899999618530277,11.548049926757812
24-06-2002,24.25,24.989999771118164,24400,25.0,24.6200008392334,11.41818904876709
25-06-2002,24.6200008392334,25.0,8600,25.950000762939453,25.950000762939453,12.03501033782959
26-06-2002,24.15999984741211,24.86000061035156,16700,25.0,24.8700008392334,11.534135818481444
27-06-2002,24.96999931335449,24.96999931335449,31100,26.899999618530277,26.049999237060547,12.081391334533691
28-06-2002,25.75,26.0,332100,27.75,27.38999938964844,12.702845573425291
01-07-2002,26.51000022888184,27.06999969482422,48300,29.0,28.700000762939453,13.31040096282959
02-07-2002,27.899999618530277,28.07999992370605,28400,29.1299991607666,29.0,13.449530601501465
03-07-2002,28.399999618530277,28.51000022888184,16200,28.700000762939453,28.700000762939453,13.31040096282959
05-07-2002,28.25,28.520000457763672,16500,28.75,28.280000686645508,13.115609169006348
08-07-2002,27.76000022888184,28.149999618530277,13900,28.549999237060547,28.170000076293945,13.064593315124512
09-07-2002,28.15999984741211,28.170000076293945,8400,28.600000381469727,28.549999237060547,13.240833282470703
10-07-2002,28.11000061035156,28.25,26000,28.479999542236328,28.299999237060547,13.124884605407717
11-07-2002,27.84000015258789,27.84000015258789,8400,28.299999237060547,27.959999084472656,12.967204093933104
12-07-2002,27.8700008392334,28.049999237060547,2600,28.3700008392334,28.100000381469727,13.032135009765623
15-07-2002,27.76000022888184,27.979999542236328,10800,28.649999618530277,28.649999618530277,13.287206649780272
16-07-2002,28.31999969482422,28.59000015258789,13500,29.290000915527344,28.32999992370605,13.138799667358398
17-07-2002,28.049999237060547,28.049999237060547,17400,28.950000762939453,28.950000762939453,13.426337242126465
18-07-2002,28.399999618530277,28.75,19900,29.09000015258789,28.399999618530277,13.171262741088867
19-07-2002,26.850000381469727,28.299999237060547,16200,28.600000381469727,27.0,12.52197551727295
22-07-2002,26.299999237060547,26.86000061035156,10500,27.0,26.549999237060547,12.313271522521973
23-07-2002,25.90999984741211,26.26000022888184,14200,26.350000381469727,25.950000762939453,12.03501033782959
24-07-2002,25.399999618530277,26.200000762939453,23700,26.700000762939453,26.149999618530277,12.127765655517578
25-07-2002,26.190000534057617,26.649999618530277,6800,26.649999618530277,26.21999931335449,12.160229682922363
26-07-2002,26.07999992370605,26.399999618530277,6900,26.399999618530277,26.100000381469727,12.10457992553711
29-07-2002,26.200000762939453,26.5,16100,26.549999237060547,26.549999237060547,12.313271522521973
30-07-2002,25.799999237060547,26.739999771118164,13700,26.75,26.07999992370605,12.095306396484377
31-07-2002,26.0,26.200000762939453,4800,26.5,26.0,12.058198928833008
01-08-2002,26.0,26.3700008392334,10900,26.5,26.25,12.17414379119873
02-08-2002,25.709999084472656,26.239999771118164,21300,26.25,26.049999237060547,12.081391334533691
05-08-2002,25.75,26.25,4400,26.25,25.850000381469727,11.988630294799805
06-08-2002,26.049999237060547,26.25,11500,26.5,26.5,12.290088653564451
07-08-2002,26.26000022888184,26.5,900,26.5,26.399999618530277,12.243708610534668
08-08-2002,26.100000381469727,26.5,6000,26.549999237060547,26.549999237060547,12.313271522521973
09-08-2002,26.049999237060547,26.549999237060547,1900,26.549999237060547,26.049999237060547,12.081391334533691
12-08-2002,26.0,26.0,1600,26.440000534057617,26.0,12.058198928833008
13-08-2002,26.0,26.100000381469727,1400,26.1200008392334,26.0,12.058198928833008
14-08-2002,26.0,26.0,2400,26.34000015258789,26.34000015258789,12.215880393981934
15-08-2002,26.0,26.0,2400,26.18000030517578,26.149999618530277,12.127765655517578
16-08-2002,26.01000022888184,26.25,2800,26.5,26.01000022888184,12.062841415405272
19-08-2002,25.399999618530277,26.0,8500,26.5,26.5,12.290088653564451
20-08-2002,25.809999465942383,26.46999931335449,300,26.46999931335449,25.86000061035156,11.993273735046388
21-08-2002,26.149999618530277,26.489999771118164,3000,26.75,26.739999771118164,12.401394844055176
22-08-2002,26.739999771118164,26.75,1600,26.75,26.75,12.406034469604492
23-08-2002,25.76000022888184,25.76000022888184,2300,26.13999938964844,26.1299991607666,12.118489265441896
26-08-2002,26.350000381469727,26.350000381469727,2200,26.75,26.75,12.406034469604492
27-08-2002,25.850000381469727,26.75,2100,26.75,25.850000381469727,11.988630294799805
28-08-2002,25.899999618530277,25.899999618530277,4800,26.5,26.0,12.058198928833008
29-08-2002,25.93000030517578,26.5,400,26.5,25.93000030517578,12.025736808776855
30-08-2002,26.299999237060547,26.489999771118164,1800,26.700000762939453,26.36000061035156,12.2251615524292
03-09-2002,25.850000381469727,26.0,2800,26.34000015258789,26.0,12.058198928833008
04-09-2002,26.299999237060547,26.690000534057617,1100,26.75,26.739999771118164,12.487847328186035
05-09-2002,26.0,26.0,6600,26.489999771118164,26.239999771118164,12.25433349609375
06-09-2002,26.25,26.739999771118164,2600,26.75,26.75,12.492521286010742
09-09-2002,26.739999771118164,26.739999771118164,300,26.739999771118164,26.739999771118164,12.487847328186035
10-09-2002,26.049999237060547,26.739999771118164,1400,26.75,26.75,12.492521286010742
11-09-2002,26.100000381469727,26.100000381469727,300,26.100000381469727,26.100000381469727,12.188963890075684
12-09-2002,26.0,26.049999237060547,1900,26.5,26.420000076293945,12.338408470153809
13-09-2002,26.0,26.0,2200,26.600000381469727,26.600000381469727,12.422463417053224
16-09-2002,26.049999237060547,26.600000381469727,2300,26.600000381469727,26.049999237060547,12.165614128112791
17-09-2002,26.01000022888184,26.049999237060547,500,26.09000015258789,26.01000022888184,12.146933555603027
18-09-2002,26.049999237060547,26.049999237060547,700,26.25,26.25,12.259011268615724
19-09-2002,25.850000381469727,26.1200008392334,4000,26.1200008392334,26.0,12.14225959777832
20-09-2002,25.799999237060547,26.0,31300,26.149999618530277,25.809999465942383,12.0535306930542
23-09-2002,25.799999237060547,25.799999237060547,4400,26.0,25.989999771118164,12.137591361999512
24-09-2002,25.899999618530277,26.25,7000,26.75,26.280000686645508,12.273022651672363
25-09-2002,26.0,26.040000915527344,4900,26.61000061035156,26.61000061035156,12.427136421203612
26-09-2002,26.61000061035156,26.75,3300,27.290000915527344,27.290000915527344,12.744706153869627
27-09-2002,26.709999084472656,26.709999084472656,1500,27.270000457763672,26.739999771118164,12.487847328186035
30-09-2002,26.75,26.75,1700,27.5,27.459999084472656,12.824094772338867
01-10-2002,26.6299991607666,26.780000686645508,4300,27.239999771118164,27.239999771118164,12.721351623535156
02-10-2002,26.6299991607666,26.6299991607666,2000,27.0,26.6299991607666,12.43647575378418
03-10-2002,26.100000381469727,26.25,2800,26.690000534057617,26.51000022888184,12.3804349899292
04-10-2002,26.0,26.15999984741211,800,26.280000686645508,26.01000022888184,12.146933555603027
07-10-2002,25.899999618530277,26.0,4500,26.0,25.899999618530277,12.095561981201172
08-10-2002,25.899999618530277,25.899999618530277,2100,27.0,27.0,12.609267234802246
09-10-2002,25.899999618530277,25.950000762939453,8800,26.940000534057617,25.899999618530277,12.095561981201172
10-10-2002,26.0,26.15999984741211,3100,26.229999542236328,26.149999618530277,12.212312698364258
11-10-2002,25.899999618530277,25.899999618530277,1000,26.450000762939453,26.450000762939453,12.352415084838867
14-10-2002,25.799999237060547,26.450000762939453,1100,26.5,25.799999237060547,12.048857688903809
15-10-2002,26.65999984741211,26.65999984741211,400,26.700000762939453,26.700000762939453,12.469165802001951
16-10-2002,26.049999237060547,26.049999237060547,1400,26.68000030517578,26.1200008392334,12.19830322265625
17-10-2002,26.25,26.6200008392334,800,26.989999771118164,26.25,12.259011268615724
18-10-2002,26.100000381469727,26.270000457763672,4500,26.790000915527344,26.100000381469727,12.188963890075684
21-10-2002,26.100000381469727,26.5,1400,26.5,26.5,12.375768661499023
22-10-2002,26.0,26.459999084472656,300,26.459999084472656,26.0,12.14225959777832
23-10-2002,26.0,26.0,1400,26.700000762939453,26.700000762939453,12.469165802001951
24-10-2002,26.25,26.75,800,26.75,26.25,12.259011268615724
25-10-2002,25.5,25.920000076293945,4800,26.549999237060547,26.549999237060547,12.399113655090332
28-10-2002,26.170000076293945,26.549999237060547,500,26.549999237060547,26.36000061035156,12.310385704040527
29-10-2002,26.59000015258789,26.59000015258789,1700,26.75,26.75,12.492521286010742
30-10-2002,26.309999465942383,26.71999931335449,4100,26.75,26.309999465942383,12.287036895751951
31-10-2002,26.100000381469727,26.1299991607666,1400,26.15999984741211,26.100000381469727,12.188963890075684
01-11-2002,26.270000457763672,26.600000381469727,7200,26.75,26.700000762939453,12.469165802001951
04-11-2002,26.5,26.5,4200,26.75,26.75,12.492521286010742
05-11-2002,26.59000015258789,26.739999771118164,1700,26.790000915527344,26.790000915527344,12.511201858520508
06-11-2002,26.700000762939453,26.790000915527344,2900,26.979999542236328,26.75,12.492521286010742
07-11-2002,26.100000381469727,26.5,4400,26.75,26.540000915527344,12.394450187683104
08-11-2002,26.309999465942383,26.309999465942383,400,26.5,26.5,12.375768661499023
11-11-2002,26.11000061035156,26.11000061035156,3000,26.700000762939453,26.3700008392334,12.315052032470703
12-11-2002,26.459999084472656,26.56999969482422,2100,26.6299991607666,26.6299991607666,12.43647575378418
13-11-2002,26.549999237060547,26.700000762939453,5100,26.700000762939453,26.549999237060547,12.399113655090332
14-11-2002,26.399999618530277,26.440000534057617,8600,27.0,27.0,12.609267234802246
15-11-2002,26.40999984741211,26.43000030517578,2600,26.809999465942383,26.600000381469727,12.422463417053224
18-11-2002,26.26000022888184,26.600000381469727,1700,26.8799991607666,26.540000915527344,12.394450187683104
19-11-2002,26.229999542236328,26.84000015258789,1400,26.850000381469727,26.239999771118164,12.25433349609375
20-11-2002,26.71999931335449,26.71999931335449,1800,27.0,27.0,12.609267234802246
21-11-2002,26.75,26.770000457763672,8900,27.209999084472656,26.799999237060547,12.515873908996582
22-11-2002,26.309999465942383,26.600000381469727,1800,26.729999542236328,26.40999984741211,12.333735466003418
25-11-2002,26.26000022888184,26.309999465942383,1500,26.71999931335449,26.489999771118164,12.37109661102295
26-11-2002,26.100000381469727,26.26000022888184,1700,26.299999237060547,26.299999237060547,12.282363891601562
27-11-2002,26.07999992370605,26.299999237060547,2700,26.600000381469727,26.290000915527344,12.277694702148438
29-11-2002,26.030000686645508,26.290000915527344,800,26.38999938964844,26.030000686645508,12.156277656555176
02-12-2002,26.049999237060547,26.049999237060547,3400,26.76000022888184,26.57999992370605,12.413124084472656
03-12-2002,26.0,26.440000534057617,1100,26.440000534057617,26.020000457763672,12.151603698730469
04-12-2002,25.989999771118164,25.989999771118164,900,26.15999984741211,26.020000457763672,12.236249923706056
05-12-2002,26.229999542236328,26.239999771118164,2100,26.5,26.299999237060547,12.36792278289795
06-12-2002,26.049999237060547,26.049999237060547,2400,26.100000381469727,26.100000381469727,12.273871421813965
09-12-2002,25.799999237060547,26.020000457763672,1600,26.25,25.799999237060547,12.132789611816406
10-12-2002,26.0,26.020000457763672,1200,26.229999542236328,26.01000022888184,12.231547355651855
11-12-2002,26.290000915527344,26.649999618530277,500,26.649999618530277,26.290000915527344,12.363221168518066
12-12-2002,26.059999465942383,26.059999465942383,1500,26.71999931335449,26.5,12.461980819702148
13-12-2002,26.049999237060547,26.049999237060547,400,26.06999969482422,26.06999969482422,12.259766578674316
16-12-2002,26.190000534057617,26.21999931335449,1300,26.600000381469727,26.600000381469727,12.50900173187256
17-12-2002,26.100000381469727,26.700000762939453,300,26.700000762939453,26.100000381469727,12.273871421813965
18-12-2002,26.09000015258789,26.09000015258789,500,26.09000015258789,26.09000015258789,12.269168853759766
19-12-2002,26.059999465942383,26.670000076293945,2200,26.670000076293945,26.549999237060547,12.485480308532717
20-12-2002,26.5,26.71999931335449,20300,26.82999992370605,26.770000457763672,12.588949203491213
23-12-2002,26.46999931335449,26.729999542236328,2200,26.8799991607666,26.8700008392334,12.635980606079102
24-12-2002,26.75,26.75,500,26.75,26.75,12.579540252685549
26-12-2002,26.75,26.75,600,26.75,26.75,12.579540252685549
27-12-2002,26.309999465942383,26.5,1300,26.51000022888184,26.309999465942383,12.372626304626465
30-12-2002,26.040000915527344,26.299999237060547,600,26.31999969482422,26.040000915527344,12.245657920837402
31-12-2002,25.88999938964844,26.040000915527344,6600,26.239999771118164,26.0,12.226846694946287
02-01-2003,25.86000061035156,26.01000022888184,7100,26.01000022888184,26.0,12.226846694946287
03-01-2003,25.850000381469727,26.459999084472656,5700,26.459999084472656,25.899999618530277,12.179821014404297
06-01-2003,25.899999618530277,26.13999938964844,7700,26.13999938964844,26.100000381469727,12.273871421813965
07-01-2003,25.950000762939453,25.950000762939453,2800,26.07999992370605,26.0,12.226846694946287
08-01-2003,25.799999237060547,25.799999237060547,9800,26.020000457763672,26.0,12.226846694946287
09-01-2003,26.0,26.040000915527344,7200,26.399999618530277,26.100000381469727,12.273871421813965
10-01-2003,26.0,26.149999618530277,15500,26.5,26.459999084472656,12.443160057067873
13-01-2003,26.06999969482422,26.350000381469727,2000,26.399999618530277,26.399999618530277,12.414949417114258
14-01-2003,26.15999984741211,26.450000762939453,19900,27.059999465942383,27.059999465942383,12.725321769714355
15-01-2003,26.36000061035156,26.799999237060547,2100,26.799999237060547,26.56999969482422,12.494894981384276
16-01-2003,26.399999618530277,26.670000076293945,2300,26.8700008392334,26.799999237060547,12.603056907653809
17-01-2003,26.049999237060547,26.809999465942383,5700,26.809999465942383,26.100000381469727,12.273871421813965
21-01-2003,26.229999542236328,26.270000457763672,8000,26.6200008392334,26.3799991607666,12.405545234680176
22-01-2003,26.06999969482422,26.399999618530277,3700,26.399999618530277,26.06999969482422,12.259766578674316
23-01-2003,26.100000381469727,26.100000381469727,900,26.25,26.239999771118164,12.33969783782959
24-01-2003,25.950000762939453,26.059999465942383,5200,26.190000534057617,25.950000762939453,12.203330993652344
27-01-2003,25.799999237060547,26.0,8200,26.09000015258789,26.07999992370605,12.264467239379885
28-01-2003,25.700000762939453,26.09000015258789,2000,26.09000015258789,25.71999931335449,12.095171928405762
29-01-2003,25.309999465942383,25.5,500,25.5,25.309999465942383,11.902365684509276
30-01-2003,24.5,25.31999969482422,1900,25.31999969482422,24.5,11.521451950073242
31-01-2003,24.299999237060547,25.489999771118164,9200,25.489999771118164,24.520000457763672,11.530858993530272
03-02-2003,24.36000061035156,24.36000061035156,100,24.36000061035156,24.36000061035156,11.45561408996582
04-02-2003,24.100000381469727,24.350000381469727,1100,24.440000534057617,24.440000534057617,11.493233680725098
05-02-2003,24.5,24.549999237060547,3100,24.989999771118164,24.5,11.521451950073242
06-02-2003,24.450000762939453,24.5,8400,24.61000061035156,24.459999084472656,11.502644538879396
07-02-2003,24.299999237060547,24.940000534057617,12700,24.940000534057617,24.299999237060547,11.427393913269045
10-02-2003,24.309999465942383,24.34000015258789,1800,24.51000022888184,24.43000030517578,11.488533973693848
11-02-2003,24.200000762939453,24.299999237060547,4000,24.600000381469727,24.600000381469727,11.568479537963867
12-02-2003,24.25,24.25,12600,24.51000022888184,24.399999618530277,11.474419593811035
13-02-2003,24.459999084472656,24.489999771118164,5700,25.530000686645508,25.420000076293945,11.954092025756836
14-02-2003,25.040000915527344,25.040000915527344,2600,25.59000015258789,25.21999931335449,11.8600435256958
18-02-2003,25.040000915527344,25.1200008392334,2300,25.5,25.21999931335449,11.8600435256958
19-02-2003,24.88999938964844,24.88999938964844,1900,25.229999542236328,25.21999931335449,11.8600435256958
20-02-2003,25.350000381469727,25.63999938964844,500,25.63999938964844,25.350000381469727,11.92117691040039
21-02-2003,25.229999542236328,25.38999938964844,600,25.38999938964844,25.36000061035156,11.925875663757324
24-02-2003,24.5,24.899999618530277,1800,25.290000915527344,24.5,11.521451950073242
25-02-2003,24.399999618530277,24.399999618530277,1500,24.63999938964844,24.6200008392334,11.577882766723633
26-02-2003,24.26000022888184,24.26000022888184,600,24.600000381469727,24.600000381469727,11.568479537963867
27-02-2003,24.51000022888184,24.71999931335449,1200,25.0,25.0,11.75658130645752
28-02-2003,24.5,24.549999237060547,2500,24.88999938964844,24.5,11.521451950073242
03-03-2003,24.5,24.989999771118164,1000,24.989999771118164,24.5,11.521451950073242
04-03-2003,24.540000915527344,24.63999938964844,900,24.76000022888184,24.76000022888184,11.643714904785156
05-03-2003,24.51000022888184,24.51000022888184,800,24.59000015258789,24.59000015258789,11.648456573486328
06-03-2003,24.459999084472656,24.459999084472656,1200,24.5,24.5,11.60582160949707
07-03-2003,24.450000762939453,24.450000762939453,1000,24.790000915527344,24.65999984741211,11.681614875793455
10-03-2003,24.5,24.51000022888184,1200,24.51000022888184,24.5,11.60582160949707
11-03-2003,24.549999237060547,24.850000381469727,800,24.850000381469727,24.549999237060547,11.629508018493652
12-03-2003,24.5,24.5,400,24.76000022888184,24.76000022888184,11.728983879089355
13-03-2003,24.82999992370605,24.82999992370605,400,25.149999618530277,25.149999618530277,11.913735389709473
14-03-2003,24.780000686645508,25.149999618530277,2400,25.63999938964844,24.780000686645508,11.738457679748535
17-03-2003,24.809999465942383,24.809999465942383,6100,25.399999618530277,25.0,11.84267807006836
18-03-2003,24.5,25.18000030517578,1800,25.18000030517578,24.780000686645508,11.738457679748535
19-03-2003,24.61000061035156,24.93000030517578,2400,25.0,25.0,11.84267807006836
20-03-2003,24.530000686645508,24.530000686645508,2000,25.0,24.940000534057617,11.814252853393556
21-03-2003,24.670000076293945,24.84000015258789,22700,25.399999618530277,25.1200008392334,11.899520874023438
24-03-2003,25.200000762939453,25.200000762939453,1200,25.450000762939453,25.350000381469727,12.00847339630127
25-03-2003,25.25,25.479999542236328,4700,25.5,25.489999771118164,12.07479190826416
26-03-2003,25.0,25.200000762939453,2100,25.32999992370605,25.149999618530277,11.913735389709473
27-03-2003,24.3799991607666,25.170000076293945,5200,25.170000076293945,25.040000915527344,11.861623764038086
28-03-2003,25.0,25.030000686645508,1300,25.07999992370605,25.0,11.84267807006836
31-03-2003,24.6299991607666,24.950000762939453,3400,25.040000915527344,24.6299991607666,11.667407035827637
01-04-2003,24.5,24.649999618530277,6200,24.850000381469727,24.600000381469727,11.653194427490234
02-04-2003,24.5,24.84000015258789,4100,24.920000076293945,24.670000076293945,11.686352729797363
03-04-2003,24.440000534057617,24.979999542236328,3100,24.979999542236328,24.65999984741211,11.681614875793455
04-04-2003,24.56999969482422,24.75,1500,24.75,24.56999969482422,11.63898468017578
07-04-2003,24.5,24.950000762939453,3300,24.950000762939453,24.5,11.60582160949707
08-04-2003,24.68000030517578,24.75,300,24.75,24.68000030517578,11.691088676452637
09-04-2003,24.5,24.75,1700,24.75,24.71999931335449,11.710038185119627
10-04-2003,24.399999618530277,24.75,700,24.75,24.51000022888184,11.610557556152344
11-04-2003,24.5,24.5,200,24.5,24.5,11.60582160949707
14-04-2003,24.75,24.75,100,24.75,24.75,11.724250793457031
15-04-2003,24.5,24.51000022888184,2500,24.799999237060547,24.780000686645508,11.738457679748535
16-04-2003,24.520000457763672,25.0,6800,25.0,24.520000457763672,11.615299224853516
17-04-2003,24.399999618530277,24.75,4700,24.75,24.739999771118164,11.719512939453123
21-04-2003,24.5,24.520000457763672,1000,24.709999084472656,24.549999237060547,11.629508018493652
22-04-2003,24.739999771118164,24.75,18100,24.8799991607666,24.8700008392334,11.781095504760742
23-04-2003,24.75,24.75,6400,25.5,25.5,12.079527854919434
24-04-2003,25.0,25.489999771118164,2000,25.5,25.0,11.84267807006836
25-04-2003,25.0,25.0,200,25.0,25.0,11.84267807006836
28-04-2003,24.51000022888184,24.8700008392334,5200,25.420000076293945,25.040000915527344,11.861623764038086
29-04-2003,24.5,24.950000762939453,1700,24.950000762939453,24.51000022888184,11.610557556152344
30-04-2003,24.299999237060547,24.51000022888184,3400,25.440000534057617,24.5,11.60582160949707
01-05-2003,24.450000762939453,24.57999992370605,1000,24.81999969482422,24.56999969482422,11.63898468017578
02-05-2003,24.440000534057617,25.36000061035156,8100,25.3700008392334,24.57999992370605,11.643719673156738
05-05-2003,24.440000534057617,24.459999084472656,1000,24.51000022888184,24.5,11.60582160949707
06-05-2003,24.57999992370605,24.57999992370605,700,24.57999992370605,24.57999992370605,11.643719673156738
07-05-2003,24.46999931335449,24.46999931335449,3200,24.46999931335449,24.46999931335449,11.591607093811035
08-05-2003,24.25,24.459999084472656,44600,24.65999984741211,24.61000061035156,11.657930374145508
09-05-2003,24.399999618530277,24.65999984741211,6700,24.75,24.700000762939453,11.700565338134766
12-05-2003,24.56999969482422,24.700000762939453,900,24.75,24.739999771118164,11.719512939453123
13-05-2003,24.65999984741211,24.75,1100,24.75,24.709999084472656,11.705297470092772
14-05-2003,24.440000534057617,24.75,1000,24.75,24.520000457763672,11.615299224853516
15-05-2003,24.5,24.75,3800,24.75,24.5,11.60582160949707
16-05-2003,23.309999465942383,24.059999465942383,22100,24.75,23.5,11.132121086120604
19-05-2003,23.3700008392334,24.690000534057617,4700,24.700000762939453,23.3700008392334,11.070531845092772
20-05-2003,22.07999992370605,23.399999618530277,21300,23.399999618530277,22.8700008392334,10.833680152893066
21-05-2003,22.350000381469727,22.950000762939453,37800,23.5,23.0,10.895256996154783
22-05-2003,23.0,23.0,1200,23.5,23.020000457763672,10.904736518859863
23-05-2003,23.0,23.0,1400,24.239999771118164,23.690000534057617,11.222116470336914
27-05-2003,23.850000381469727,23.850000381469727,600,24.600000381469727,24.600000381469727,11.653194427490234
28-05-2003,23.5,24.0,2200,24.350000381469727,24.350000381469727,11.534760475158691
29-05-2003,24.36000061035156,24.36000061035156,5500,24.920000076293945,24.790000915527344,11.743196487426758
30-05-2003,24.399999618530277,24.920000076293945,2300,25.0,24.399999618530277,11.558449745178224
02-06-2003,24.68000030517578,24.68000030517578,3700,25.21999931335449,25.040000915527344,11.861623764038086
03-06-2003,24.530000686645508,25.25,17100,26.0,25.350000381469727,12.00847339630127
04-06-2003,24.51000022888184,24.899999618530277,12400,25.350000381469727,24.82999992370605,11.850966453552246
05-06-2003,24.350000381469727,24.71999931335449,2000,24.84000015258789,24.540000915527344,11.71255588531494
06-06-2003,23.209999084472656,23.899999618530277,6600,24.90999984741211,23.700000762939453,11.311637878417969
09-06-2003,23.21999931335449,23.530000686645508,7100,24.0,24.0,11.454822540283203
10-06-2003,23.76000022888184,23.770000457763672,11300,24.5,24.5,11.693466186523438
11-06-2003,23.51000022888184,23.799999237060547,2300,24.88999938964844,24.88999938964844,11.87960720062256
12-06-2003,24.030000686645508,24.82999992370605,700,24.86000061035156,24.100000381469727,11.50255012512207
13-06-2003,24.239999771118164,24.76000022888184,2400,24.790000915527344,24.5,11.693466186523438
16-06-2003,24.0,24.020000457763672,10500,24.420000076293945,24.420000076293945,11.655279159545898
17-06-2003,23.96999931335449,24.5,3300,24.5,24.0,11.454822540283203
18-06-2003,24.209999084472656,24.690000534057617,8100,24.700000762939453,24.51000022888184,11.698237419128418
19-06-2003,24.40999984741211,24.959999084472656,5700,24.959999084472656,24.61000061035156,11.745965957641602
20-06-2003,24.46999931335449,24.51000022888184,11400,25.200000762939453,24.46999931335449,11.679142951965332
23-06-2003,24.1200008392334,24.51000022888184,25400,24.739999771118164,24.5,11.693466186523438
24-06-2003,24.43000030517578,24.459999084472656,14500,24.75,24.63999938964844,11.760284423828123
25-06-2003,24.290000915527344,24.31999969482422,2900,24.690000534057617,24.690000534057617,11.784149169921877
26-06-2003,24.440000534057617,24.5,2800,24.8700008392334,24.649999618530277,11.765052795410156
27-06-2003,25.0,25.0,4800,25.729999542236328,25.71999931335449,12.275749206542969
30-06-2003,24.959999084472656,25.31999969482422,27700,26.90999984741211,25.959999084472656,12.39029312133789
01-07-2003,26.0,26.799999237060547,15000,27.75,26.96999931335449,12.872359275817873
02-07-2003,26.899999618530277,26.96999931335449,10100,27.600000381469727,27.600000381469727,13.17304515838623
03-07-2003,26.989999771118164,26.989999771118164,2400,27.649999618530277,27.450000762939453,13.101454734802246
07-07-2003,27.299999237060547,27.75,8800,28.11000061035156,28.11000061035156,13.416459083557127
08-07-2003,27.350000381469727,28.190000534057617,15900,28.200000762939453,27.600000381469727,13.17304515838623
09-07-2003,27.01000022888184,27.450000762939453,6400,27.799999237060547,27.770000457763672,13.254179954528809
10-07-2003,27.209999084472656,27.63999938964844,4900,27.81999969482422,27.31999969482422,13.039403915405272
11-07-2003,27.209999084472656,27.21999931335449,1200,27.5,27.5,13.125317573547363
14-07-2003,27.399999618530277,27.489999771118164,8200,27.690000534057617,27.690000534057617,13.215997695922852
15-07-2003,27.299999237060547,27.450000762939453,1700,27.700000762939453,27.700000762939453,13.220773696899414
16-07-2003,26.90999984741211,27.36000061035156,3200,27.899999618530277,26.90999984741211,12.843714714050291
17-07-2003,26.520000457763672,26.76000022888184,9400,27.07999992370605,26.549999237060547,12.671892166137695
18-07-2003,25.75,26.15999984741211,2000,26.15999984741211,25.81999969482422,12.323477745056152
21-07-2003,24.979999542236328,25.75,9600,25.75,25.5,12.17075252532959
22-07-2003,25.559999465942383,25.600000381469727,19900,25.75,25.600000381469727,12.218480110168455
23-07-2003,25.450000762939453,25.51000022888184,5800,25.600000381469727,25.549999237060547,12.194609642028809
24-07-2003,25.299999237060547,25.700000762939453,4300,25.88999938964844,25.3700008392334,12.1087064743042
25-07-2003,25.700000762939453,25.88999938964844,13700,26.299999237060547,26.239999771118164,12.523933410644531
28-07-2003,25.799999237060547,26.25,1700,26.46999931335449,26.350000381469727,12.576441764831545
29-07-2003,25.6299991607666,26.34000015258789,8700,26.34000015258789,25.8700008392334,12.347344398498535
30-07-2003,25.75,25.989999771118164,14500,26.200000762939453,25.799999237060547,12.31393337249756
31-07-2003,25.63999938964844,25.799999237060547,2200,26.71999931335449,26.71999931335449,12.753037452697754
01-08-2003,25.690000534057617,26.26000022888184,3800,26.26000022888184,26.030000686645508,12.423710823059082
04-08-2003,25.68000030517578,25.81999969482422,11500,26.82999992370605,26.809999465942383,12.795988082885742
05-08-2003,26.049999237060547,26.559999465942383,3000,26.6299991607666,26.18000030517578,12.495299339294434
06-08-2003,25.5,25.989999771118164,2900,26.100000381469727,25.5,12.17075252532959
07-08-2003,24.799999237060547,25.399999618530277,2600,25.459999084472656,25.07999992370605,11.970292091369627
08-08-2003,24.770000457763672,25.0,1800,25.0,24.770000457763672,11.822330474853516
11-08-2003,25.239999771118164,25.270000457763672,800,25.57999992370605,25.57999992370605,12.208931922912598
12-08-2003,24.770000457763672,25.82999992370605,2600,25.82999992370605,25.26000022888184,12.056199073791504
13-08-2003,25.34000015258789,25.34000015258789,1200,25.670000076293945,25.3799991607666,12.113476753234863
14-08-2003,25.209999084472656,25.209999084472656,800,25.790000915527344,25.649999618530277,12.242339134216309
15-08-2003,25.959999084472656,25.959999084472656,800,26.729999542236328,26.729999542236328,12.757813453674316
18-08-2003,25.790000915527344,25.790000915527344,3000,26.75,26.5,12.648037910461426
19-08-2003,26.530000686645508,26.739999771118164,3400,26.75,26.75,12.76735496520996
20-08-2003,26.850000381469727,26.850000381469727,3200,27.96999931335449,27.86000061035156,13.297138214111328
21-08-2003,27.399999618530277,27.57999992370605,6200,28.049999237060547,28.0,13.363965034484863
22-08-2003,26.530000686645508,27.989999771118164,3900,27.989999771118164,26.549999237060547,12.671892166137695
25-08-2003,25.36000061035156,26.59000015258789,19900,26.59000015258789,25.3700008392334,12.1087064743042
26-08-2003,25.059999465942383,25.36000061035156,8800,26.11000061035156,25.670000076293945,12.251886367797852
27-08-2003,25.61000061035156,25.68000030517578,9000,26.0,25.96999931335449,12.3950777053833
28-08-2003,25.57999992370605,25.61000061035156,2800,26.25,25.71999931335449,12.275749206542969
29-08-2003,25.479999542236328,25.5,1100,25.770000457763672,25.479999542236328,12.161206245422363
02-09-2003,25.32999992370605,25.68000030517578,5400,26.040000915527344,25.989999771118164,12.40461540222168
03-09-2003,25.6299991607666,25.6299991607666,7000,26.21999931335449,26.21999931335449,12.60655117034912
04-09-2003,25.65999984741211,25.700000762939453,1000,26.06999969482422,25.96999931335449,12.486352920532228
05-09-2003,25.540000915527344,25.739999771118164,1200,25.96999931335449,25.549999237060547,12.284417152404783
08-09-2003,25.549999237060547,25.739999771118164,2700,25.770000457763672,25.770000457763672,12.3901948928833
09-09-2003,25.5,25.71999931335449,200,25.71999931335449,25.5,12.260376930236816
10-09-2003,25.46999931335449,25.68000030517578,2700,25.68000030517578,25.5,12.260376930236816
11-09-2003,25.559999465942383,25.899999618530277,1500,25.899999618530277,25.84000015258789,12.423851013183594
12-09-2003,25.5,25.68000030517578,900,25.86000061035156,25.86000061035156,12.433467864990234
15-09-2003,25.530000686645508,25.84000015258789,1200,25.84000015258789,25.530000686645508,12.27480411529541
16-09-2003,25.600000381469727,25.850000381469727,4200,26.190000534057617,25.93000030517578,12.46712589263916
17-09-2003,25.61000061035156,25.61000061035156,1600,26.059999465942383,25.84000015258789,12.423851013183594
18-09-2003,25.600000381469727,25.61000061035156,4700,26.0,25.780000686645508,12.395001411437988
19-09-2003,25.31999969482422,25.8700008392334,19100,26.5,26.209999084472656,12.601743698120115
22-09-2003,25.82999992370605,26.209999084472656,1900,26.489999771118164,25.82999992370605,12.41904354095459
23-09-2003,25.84000015258789,25.84000015258789,1500,26.440000534057617,26.0,12.500774383544922
24-09-2003,25.700000762939453,26.06999969482422,4400,26.21999931335449,25.700000762939453,12.356539726257324
25-09-2003,24.899999618530277,25.5,14200,26.0,25.01000022888184,12.02478313446045
26-09-2003,24.850000381469727,25.229999542236328,6800,25.700000762939453,25.700000762939453,12.356539726257324
29-09-2003,25.01000022888184,25.200000762939453,7100,25.82999992370605,25.600000381469727,12.30845832824707
30-09-2003,24.950000762939453,25.149999618530277,6000,25.40999984741211,24.96999931335449,12.00555419921875
01-10-2003,25.399999618530277,25.399999618530277,2200,26.06999969482422,26.059999465942383,12.529623031616213
02-10-2003,25.96999931335449,25.96999931335449,1700,26.149999618530277,26.149999618530277,12.572901725769045
03-10-2003,25.790000915527344,26.5,9800,26.799999237060547,26.799999237060547,12.885414123535156
06-10-2003,26.88999938964844,26.88999938964844,1700,26.899999618530277,26.899999618530277,12.933496475219728
07-10-2003,26.280000686645508,26.780000686645508,7900,26.8700008392334,26.799999237060547,12.885414123535156
08-10-2003,26.190000534057617,26.309999465942383,1700,26.3799991607666,26.190000534057617,12.592127799987791
09-10-2003,25.75,26.170000076293945,2600,26.790000915527344,25.799999237060547,12.404616355895996
10-10-2003,25.600000381469727,25.81999969482422,2700,26.040000915527344,26.020000457763672,12.51039981842041
13-10-2003,25.90999984741211,25.90999984741211,3800,26.280000686645508,26.280000686645508,12.63539981842041
14-10-2003,26.290000915527344,26.3799991607666,3600,27.43000030517578,27.049999237060547,13.005617141723633
15-10-2003,26.1200008392334,27.559999465942383,2400,27.559999465942383,26.309999465942383,12.64982795715332
16-10-2003,26.040000915527344,26.040000915527344,1500,26.700000762939453,26.6299991607666,12.803680419921877
17-10-2003,25.809999465942383,26.3700008392334,2600,26.43000030517578,25.809999465942383,12.409428596496582
20-10-2003,25.809999465942383,25.809999465942383,1200,26.18000030517578,25.959999084472656,12.481545448303224
21-10-2003,25.81999969482422,26.209999084472656,1800,26.36000061035156,26.239999771118164,12.616167068481444
22-10-2003,25.520000457763672,25.709999084472656,12300,26.049999237060547,25.96999931335449,12.486352920532228
23-10-2003,25.57999992370605,25.96999931335449,3700,26.21999931335449,25.96999931335449,12.486352920532228
24-10-2003,25.440000534057617,25.850000381469727,1700,25.850000381469727,25.84000015258789,12.423851013183594
27-10-2003,25.920000076293945,25.920000076293945,400,26.020000457763672,26.020000457763672,12.51039981842041
28-10-2003,25.530000686645508,25.600000381469727,4900,26.229999542236328,26.0,12.500774383544922
29-10-2003,24.5,25.850000381469727,16400,26.200000762939453,25.049999237060547,12.044023513793944
30-10-2003,24.920000076293945,25.11000061035156,2900,25.350000381469727,24.989999771118164,12.015172958374023
31-10-2003,24.899999618530277,25.290000915527344,1300,25.290000915527344,25.0,12.019980430603027
03-11-2003,24.799999237060547,25.31999969482422,1900,25.489999771118164,25.25,12.14017391204834
04-11-2003,25.11000061035156,25.25,2700,25.479999542236328,25.11000061035156,12.072869300842283
05-11-2003,25.11000061035156,25.11000061035156,500,25.71999931335449,25.190000534057617,12.111331939697266
06-11-2003,25.0,25.170000076293945,11100,25.75,25.63999938964844,12.327689170837402
07-11-2003,25.559999465942383,25.63999938964844,1100,25.84000015258789,25.559999465942383,12.289229393005373
10-11-2003,25.1200008392334,25.959999084472656,5000,25.959999084472656,25.1200008392334,12.077672958374023
11-11-2003,25.020000457763672,25.420000076293945,5000,25.690000534057617,25.549999237060547,12.284417152404783
12-11-2003,25.71999931335449,26.0,6800,26.43000030517578,26.43000030517578,12.707520484924316
13-11-2003,25.950000762939453,26.31999969482422,3600,26.88999938964844,26.489999771118164,12.736366271972656
14-11-2003,26.01000022888184,26.989999771118164,4600,26.989999771118164,26.01000022888184,12.505589485168455
17-11-2003,25.170000076293945,26.01000022888184,13800,26.5,25.3700008392334,12.197876930236816
18-11-2003,25.1200008392334,25.25,1800,25.600000381469727,25.149999618530277,12.092096328735352
19-11-2003,25.100000381469727,25.1200008392334,2200,25.81999969482422,25.81999969482422,12.414233207702637
20-11-2003,25.40999984741211,25.5,3400,25.93000030517578,25.40999984741211,12.217098236083984
21-11-2003,25.43000030517578,26.280000686645508,2100,26.280000686645508,25.440000534057617,12.231529235839844
24-11-2003,26.239999771118164,26.239999771118164,3500,27.290000915527344,27.229999542236328,13.092161178588867
25-11-2003,26.270000457763672,26.270000457763672,6200,27.559999465942383,26.729999542236328,12.851761817932127
26-11-2003,26.3799991607666,27.489999771118164,3400,27.799999237060547,26.739999771118164,12.856573104858398
28-11-2003,26.459999084472656,26.5,200,26.5,26.459999084472656,12.721945762634276
01-12-2003,26.5,26.6200008392334,1300,26.75,26.520000457763672,12.7507905960083
02-12-2003,26.3700008392334,26.3700008392334,2100,27.75,26.68000030517578,12.827719688415527
03-12-2003,25.5,26.549999237060547,3600,26.549999237060547,25.5,12.348315238952637
04-12-2003,25.21999931335449,25.26000022888184,5900,25.979999542236328,25.979999542236328,12.580755233764648
05-12-2003,25.5,26.11000061035156,2800,26.11000061035156,25.5,12.348315238952637
08-12-2003,25.270000457763672,25.270000457763672,3200,26.020000457763672,25.90999984741211,12.54685878753662
09-12-2003,25.450000762939453,25.520000457763672,3500,25.90999984741211,25.63999938964844,12.416107177734377
10-12-2003,25.700000762939453,25.920000076293945,7500,25.920000076293945,25.850000381469727,12.517804145812988
11-12-2003,25.540000915527344,25.739999771118164,2400,26.5,26.489999771118164,12.827716827392578
12-12-2003,26.38999938964844,26.459999084472656,4900,26.959999084472656,26.600000381469727,12.880990028381348
15-12-2003,25.75,26.96999931335449,2400,27.0,25.75,12.469379425048828
16-12-2003,25.5,26.209999084472656,3300,26.209999084472656,26.200000762939453,12.687291145324709
17-12-2003,25.790000915527344,26.25,2400,26.25,26.13999938964844,12.658235549926758
18-12-2003,25.65999984741211,26.25,1500,26.690000534057617,26.690000534057617,12.92457103729248
19-12-2003,25.649999618530277,26.940000534057617,3500,26.940000534057617,26.030000686645508,12.604966163635254
22-12-2003,25.65999984741211,25.670000076293945,1600,26.63999938964844,26.01000022888184,12.595288276672363
23-12-2003,25.979999542236328,26.290000915527344,900,26.56999969482422,26.56999969482422,12.866462707519531
24-12-2003,26.56999969482422,26.56999969482422,0,26.56999969482422,26.56999969482422,12.866462707519531
26-12-2003,26.5,26.61000061035156,9900,26.61000061035156,26.5,12.832566261291504
29-12-2003,26.549999237060547,27.38999938964844,4900,27.38999938964844,26.8799991607666,13.016578674316406
30-12-2003,26.43000030517578,26.6299991607666,4600,26.84000015258789,26.84000015258789,12.99720573425293
31-12-2003,25.84000015258789,26.40999984741211,12600,26.75,26.07999992370605,12.629183769226074
02-01-2004,26.1200008392334,26.75,9200,26.75,26.309999465942383,12.740558624267578
05-01-2004,26.299999237060547,26.82999992370605,3000,26.899999618530277,26.75,12.95362663269043
06-01-2004,26.299999237060547,26.700000762939453,10600,26.700000762939453,26.489999771118164,12.827716827392578
07-01-2004,25.799999237060547,26.979999542236328,3900,26.979999542236328,26.290000915527344,12.730875968933104
08-01-2004,25.979999542236328,26.170000076293945,3500,26.459999084472656,25.979999542236328,12.580755233764648
09-01-2004,25.81999969482422,25.979999542236328,2300,26.13999938964844,25.959999084472656,12.571067810058594
12-01-2004,25.88999938964844,26.38999938964844,1500,26.38999938964844,25.90999984741211,12.54685878753662
13-01-2004,25.799999237060547,26.100000381469727,2200,26.100000381469727,25.809999465942383,12.49843692779541
14-01-2004,25.899999618530277,26.290000915527344,2200,26.290000915527344,25.979999542236328,12.580755233764648
15-01-2004,26.01000022888184,26.030000686645508,1500,26.299999237060547,26.299999237060547,12.735715866088867
16-01-2004,26.030000686645508,26.13999938964844,3000,26.149999618530277,26.149999618530277,12.663079261779783
20-01-2004,25.520000457763672,25.520000457763672,4900,26.059999465942383,26.059999465942383,12.61949348449707
21-01-2004,25.950000762939453,26.059999465942383,3800,26.270000457763672,26.0,12.590436935424805
22-01-2004,25.809999465942383,26.25,1600,26.25,25.809999465942383,12.49843692779541
23-01-2004,25.649999618530277,25.68000030517578,1700,25.950000762939453,25.65999984741211,12.42579460144043
26-01-2004,25.59000015258789,25.989999771118164,2400,26.0,25.989999771118164,12.585594177246094
27-01-2004,25.51000022888184,25.51000022888184,1100,25.850000381469727,25.770000457763672,12.4790620803833
28-01-2004,25.290000915527344,25.649999618530277,3800,25.850000381469727,25.489999771118164,12.343477249145508
29-01-2004,25.299999237060547,25.809999465942383,2900,25.809999465942383,25.799999237060547,12.493586540222168
30-01-2004,25.6200008392334,26.0,23200,26.290000915527344,26.25,12.71149730682373
02-02-2004,25.36000061035156,25.36000061035156,900,26.13999938964844,25.82999992370605,12.50811767578125
03-02-2004,25.440000534057617,25.670000076293945,600,25.82999992370605,25.82999992370605,12.50811767578125
04-02-2004,25.0,25.75,8000,25.75,25.290000915527344,12.246624946594238
05-02-2004,25.01000022888184,25.790000915527344,13400,26.290000915527344,26.280000686645508,12.726028442382812
06-02-2004,25.989999771118164,25.989999771118164,2200,26.520000457763672,26.520000457763672,12.842244148254396
09-02-2004,26.18000030517578,26.18000030517578,300,26.46999931335449,26.31999969482422,12.745396614074709
10-02-2004,26.09000015258789,26.09000015258789,1300,26.75,26.75,12.95362663269043
11-02-2004,26.40999984741211,26.40999984741211,200,26.56999969482422,26.56999969482422,12.866462707519531
12-02-2004,26.5,26.530000686645508,1300,26.700000762939453,26.5,12.832566261291504
13-02-2004,26.01000022888184,26.489999771118164,2800,26.63999938964844,26.020000457763672,12.600130081176758
17-02-2004,25.76000022888184,26.020000457763672,2800,26.25,26.209999084472656,12.692129135131836
18-02-2004,26.030000686645508,26.030000686645508,1400,26.149999618530277,26.049999237060547,12.61465072631836
19-02-2004,25.309999465942383,26.01000022888184,6000,26.049999237060547,25.309999465942383,12.256308555603027
20-02-2004,24.8799991607666,25.38999938964844,2600,25.38999938964844,25.280000686645508,12.241778373718262
23-02-2004,24.88999938964844,25.0,3000,25.1299991607666,24.88999938964844,12.052921295166016
24-02-2004,24.59000015258789,24.59000015258789,10700,25.020000457763672,24.850000381469727,12.03355312347412
25-02-2004,24.76000022888184,24.780000686645508,700,24.86000061035156,24.76000022888184,11.989973068237305
26-02-2004,24.899999618530277,25.040000915527344,500,25.479999542236328,24.899999618530277,12.05777072906494
27-02-2004,24.790000915527344,24.790000915527344,3800,25.31999969482422,25.25,12.227251052856444
01-03-2004,25.25,25.25,2500,25.40999984741211,25.40999984741211,12.304729461669922
02-03-2004,25.209999084472656,25.26000022888184,1100,25.26000022888184,25.209999084472656,12.20788288116455
03-03-2004,24.81999969482422,24.81999969482422,1900,25.25,24.979999542236328,12.09650993347168
04-03-2004,24.780000686645508,24.780000686645508,4200,25.209999084472656,24.90999984741211,12.06260871887207
05-03-2004,24.75,24.75,6100,25.07999992370605,24.989999771118164,12.101351737976074
08-03-2004,24.71999931335449,24.71999931335449,900,24.71999931335449,24.71999931335449,12.062313079833984
09-03-2004,24.40999984741211,24.81999969482422,3500,24.959999084472656,24.40999984741211,11.91104221343994
10-03-2004,24.309999465942383,24.549999237060547,3300,24.6299991607666,24.31999969482422,11.867132186889648
11-03-2004,23.709999084472656,24.63999938964844,10000,24.63999938964844,24.0,11.710984230041504
12-03-2004,24.030000686645508,24.36000061035156,4000,24.68000030517578,24.649999618530277,12.028155326843262
15-03-2004,24.01000022888184,24.3700008392334,3800,24.3700008392334,24.01000022888184,11.715863227844238
16-03-2004,23.5,23.96999931335449,4700,23.96999931335449,23.65999984741211,11.54507541656494
17-03-2004,23.6299991607666,23.81999969482422,3100,23.81999969482422,23.6299991607666,11.530439376831056
18-03-2004,23.709999084472656,23.709999084472656,1400,24.01000022888184,23.920000076293945,11.671944618225098
19-03-2004,23.770000457763672,23.790000915527344,7300,24.209999084472656,23.82999992370605,11.62802791595459
22-03-2004,23.25,23.780000686645508,3600,23.780000686645508,23.25,11.345015525817873
23-03-2004,23.200000762939453,23.76000022888184,2500,23.76000022888184,23.51000022888184,11.471884727478027
24-03-2004,23.149999618530277,23.25,2700,23.84000015258789,23.51000022888184,11.471884727478027
25-03-2004,23.170000076293945,23.290000915527344,2700,23.96999931335449,23.96999931335449,11.6963472366333
26-03-2004,24.0,24.06999969482422,9300,24.209999084472656,24.049999237060547,11.735382080078123
29-03-2004,24.299999237060547,24.40999984741211,6300,24.61000061035156,24.530000686645508,11.969600677490234
30-03-2004,24.209999084472656,24.530000686645508,9200,24.530000686645508,24.209999084472656,11.81345558166504
31-03-2004,24.31999969482422,24.40999984741211,5900,24.530000686645508,24.40999984741211,11.91104221343994
01-04-2004,24.25,24.270000457763672,3200,24.690000534057617,24.690000534057617,12.047677040100098
02-04-2004,24.739999771118164,24.739999771118164,2900,25.0,24.86000061035156,12.13062858581543
05-04-2004,24.57999992370605,24.57999992370605,16300,25.770000457763672,25.26000022888184,12.325813293457031
06-04-2004,24.84000015258789,25.1299991607666,3800,25.18000030517578,24.93000030517578,12.164788246154783
07-04-2004,24.57999992370605,24.920000076293945,8200,24.93000030517578,24.780000686645508,12.091588973999023
08-04-2004,24.93000030517578,24.93000030517578,9600,25.149999618530277,25.059999465942383,12.228214263916016
12-04-2004,24.88999938964844,24.88999938964844,1800,25.049999237060547,24.959999084472656,12.17942714691162
13-04-2004,24.51000022888184,25.06999969482422,9200,25.06999969482422,24.51000022888184,11.959840774536133
14-04-2004,23.549999237060547,24.56999969482422,5900,24.56999969482422,24.21999931335449,11.818333625793455
15-04-2004,24.06999969482422,24.06999969482422,2800,24.479999542236328,24.25,11.832971572875977
16-04-2004,23.899999618530277,24.3799991607666,1900,24.440000534057617,24.290000915527344,11.85248851776123
19-04-2004,24.049999237060547,24.38999938964844,500,24.38999938964844,24.049999237060547,11.735382080078123
20-04-2004,23.56999969482422,24.13999938964844,4700,24.280000686645508,23.6200008392334,11.525559425354004
21-04-2004,23.270000457763672,23.799999237060547,6700,24.170000076293945,24.0,11.710984230041504
22-04-2004,24.040000915527344,24.190000534057617,4100,24.770000457763672,24.51000022888184,11.959840774536133
23-04-2004,24.51000022888184,24.770000457763672,1000,24.770000457763672,24.559999465942383,11.98423957824707
26-04-2004,24.549999237060547,24.649999618530277,2500,25.0,24.979999542236328,12.189179420471191
27-04-2004,24.75,25.020000457763672,27700,25.149999618530277,24.809999465942383,12.10623264312744
28-04-2004,24.280000686645508,24.690000534057617,2700,24.899999618530277,24.489999771118164,11.950084686279297
29-04-2004,24.01000022888184,24.31999969482422,3600,24.559999465942383,24.149999618530277,11.784175872802734
30-04-2004,23.739999771118164,24.209999084472656,4000,24.209999084472656,23.76000022888184,11.593878746032717
03-05-2004,23.75,23.75,1900,24.100000381469727,23.88999938964844,11.657310485839844
04-05-2004,23.84000015258789,23.84000015258789,2600,24.299999237060547,24.040000915527344,11.73050308227539
05-05-2004,23.76000022888184,24.149999618530277,3200,24.290000915527344,23.82999992370605,11.62802791595459
06-05-2004,22.40999984741211,23.8700008392334,10700,23.8799991607666,22.96999931335449,11.208388328552246
07-05-2004,22.0,22.81999969482422,5600,23.229999542236328,22.200000762939453,10.832660675048828
10-05-2004,21.84000015258789,22.100000381469727,9100,22.65999984741211,22.1299991607666,10.79849910736084
11-05-2004,22.0,22.21999931335449,2900,22.34000015258789,22.34000015258789,10.900975227355955
12-05-2004,21.850000381469727,22.729999542236328,7000,22.86000061035156,22.790000915527344,11.120555877685549
13-05-2004,22.420000076293945,22.540000915527344,10500,23.479999542236328,23.26000022888184,11.349897384643556
14-05-2004,23.059999465942383,23.299999237060547,35500,23.350000381469727,23.100000381469727,11.27182674407959
17-05-2004,22.309999465942383,23.1200008392334,17500,23.170000076293945,23.059999465942383,11.252297401428224
18-05-2004,23.01000022888184,23.01000022888184,1200,23.3700008392334,23.21999931335449,11.3303804397583
19-05-2004,22.899999618530277,23.31999969482422,5100,23.6200008392334,23.01000022888184,11.2279052734375
20-05-2004,22.450000762939453,22.559999465942383,14200,23.01000022888184,22.5,10.979048728942873
21-05-2004,22.229999542236328,22.65999984741211,4900,22.670000076293945,22.25,10.857057571411133
24-05-2004,22.239999771118164,22.36000061035156,13300,22.75,22.299999237060547,10.88145923614502
25-05-2004,22.290000915527344,22.299999237060547,8200,22.63999938964844,22.489999771118164,10.974169731140137
26-05-2004,22.479999542236328,22.540000915527344,6000,22.790000915527344,22.790000915527344,11.120555877685549
27-05-2004,22.309999465942383,22.600000381469727,17400,22.790000915527344,22.520000457763672,10.98880672454834
28-05-2004,22.299999237060547,22.489999771118164,6800,22.5,22.450000762939453,10.954651832580566
01-06-2004,22.11000061035156,22.549999237060547,9600,22.57999992370605,22.190000534057617,10.82777500152588
02-06-2004,22.1200008392334,22.200000762939453,4500,22.200000762939453,22.18000030517578,10.822906494140623
03-06-2004,21.899999618530277,22.18000030517578,4400,22.309999465942383,21.899999618530277,10.686273574829102
04-06-2004,21.940000534057617,21.950000762939453,3600,22.209999084472656,21.940000534057617,10.705790519714355
07-06-2004,22.030000686645508,22.030000686645508,3000,22.6299991607666,22.6299991607666,11.04248046875
08-06-2004,22.63999938964844,22.63999938964844,700,22.899999618530277,22.899999618530277,11.17422866821289
09-06-2004,21.84000015258789,22.5,1900,22.5,21.88999938964844,10.775503158569336
10-06-2004,21.51000022888184,22.09000015258789,8800,22.09000015258789,21.799999237060547,10.731197357177734
14-06-2004,21.13999938964844,21.68000030517578,9300,22.0,21.13999938964844,10.406310081481934
15-06-2004,21.11000061035156,21.11000061035156,4500,21.63999938964844,21.3799991607666,10.52445125579834
16-06-2004,21.57999992370605,21.81999969482422,6400,21.8799991607666,21.709999084472656,10.686896324157717
17-06-2004,21.440000534057617,21.8700008392334,2200,22.15999984741211,21.549999237060547,10.608135223388672
18-06-2004,21.11000061035156,21.530000686645508,17500,21.82999992370605,21.11000061035156,10.391542434692385
21-06-2004,21.040000915527344,21.1299991607666,3600,21.46999931335449,21.15999984741211,10.41615390777588
22-06-2004,21.0,21.420000076293945,9200,21.420000076293945,21.01000022888184,10.34231662750244
23-06-2004,21.01000022888184,21.450000762939453,28900,21.450000762939453,21.1299991607666,10.401385307312012
24-06-2004,21.11000061035156,21.440000534057617,11200,21.440000534057617,21.11000061035156,10.391542434692385
25-06-2004,20.700000762939453,21.299999237060547,190000,23.170000076293945,21.190000534057617,10.430919647216797
28-06-2004,21.239999771118164,21.75,26300,22.549999237060547,21.75,10.706585884094238
29-06-2004,21.549999237060547,21.549999237060547,14300,22.01000022888184,21.6200008392334,10.642598152160645
30-06-2004,21.61000061035156,21.75,4700,21.86000061035156,21.780000686645508,10.721356391906738
01-07-2004,21.309999465942383,21.670000076293945,19500,21.670000076293945,21.59000015258789,10.627827644348145
02-07-2004,21.450000762939453,21.649999618530277,10100,21.770000457763672,21.770000457763672,10.7164306640625
06-07-2004,21.32999992370605,21.780000686645508,17100,21.940000534057617,21.549999237060547,10.608135223388672
07-07-2004,21.65999984741211,21.65999984741211,20500,22.0,21.88999938964844,10.775503158569336
08-07-2004,21.93000030517578,22.0,12700,22.26000022888184,22.170000076293945,10.913335800170898
09-07-2004,22.11000061035156,22.21999931335449,9300,22.559999465942383,22.559999465942383,11.105311393737791
12-07-2004,22.399999618530277,22.6200008392334,23000,22.940000534057617,22.940000534057617,11.29237174987793
13-07-2004,22.920000076293945,22.920000076293945,2800,23.0,23.0,11.321906089782717
14-07-2004,22.86000061035156,22.940000534057617,500,22.950000762939453,22.8700008392334,11.257912635803224
15-07-2004,22.739999771118164,22.75,2800,22.90999984741211,22.90999984741211,11.277602195739746
16-07-2004,22.549999237060547,22.93000030517578,2400,22.93000030517578,22.56999969482422,11.110238075256348
19-07-2004,22.34000015258789,22.559999465942383,8600,22.90999984741211,22.90999984741211,11.277602195739746
20-07-2004,22.850000381469727,22.850000381469727,1300,22.88999938964844,22.88999938964844,11.26776123046875
21-07-2004,22.88999938964844,22.88999938964844,2200,23.01000022888184,22.989999771118164,11.31698226928711
22-07-2004,22.940000534057617,23.149999618530277,1400,23.149999618530277,23.059999465942383,11.351438522338867
23-07-2004,22.8799991607666,22.8799991607666,3700,23.34000015258789,23.25,11.444972038269045
26-07-2004,23.01000022888184,23.21999931335449,1900,23.21999931335449,23.01000022888184,11.326830863952637
27-07-2004,23.0,23.11000061035156,4200,23.11000061035156,23.040000915527344,11.34160041809082
28-07-2004,23.01000022888184,23.290000915527344,4400,23.290000915527344,23.1299991607666,11.38590145111084
29-07-2004,23.11000061035156,23.11000061035156,5900,23.38999938964844,23.200000762939453,11.420361518859863
30-07-2004,23.200000762939453,23.200000762939453,6900,23.5,23.5,11.568037033081056
02-08-2004,23.18000030517578,23.299999237060547,13000,23.75,23.68000030517578,11.65664291381836
03-08-2004,23.020000457763672,23.520000457763672,22600,23.63999938964844,23.020000457763672,11.331751823425291
04-08-2004,23.0,23.0,9400,23.36000061035156,23.0,11.321906089782717
05-08-2004,22.649999618530277,22.899999618530277,12900,23.5,23.170000076293945,11.405593872070312
06-08-2004,23.01000022888184,23.030000686645508,9600,23.350000381469727,23.209999084472656,11.425281524658203
09-08-2004,22.940000534057617,23.01000022888184,1900,23.489999771118164,23.489999771118164,11.563111305236816
10-08-2004,23.190000534057617,23.51000022888184,4100,23.51000022888184,23.299999237060547,11.469584465026855
11-08-2004,22.940000534057617,23.299999237060547,13100,23.540000915527344,23.540000915527344,11.587726593017578
12-08-2004,23.40999984741211,23.43000030517578,4400,23.6299991607666,23.6299991607666,11.63202667236328
13-08-2004,23.57999992370605,23.649999618530277,700,23.68000030517578,23.61000061035156,11.622190475463867
16-08-2004,23.600000381469727,23.600000381469727,700,23.670000076293945,23.670000076293945,11.651721954345703
17-08-2004,23.6200008392334,23.799999237060547,7500,23.959999084472656,23.700000762939453,11.666484832763672
18-08-2004,23.100000381469727,23.51000022888184,3900,23.51000022888184,23.18000030517578,11.410516738891602
19-08-2004,23.0,23.15999984741211,15700,23.6200008392334,23.6200008392334,11.62710952758789
20-08-2004,23.5,23.75,25000,24.040000915527344,23.950000762939453,11.78954792022705
23-08-2004,23.88999938964844,23.88999938964844,100,23.88999938964844,23.88999938964844,11.760017395019531
24-08-2004,23.63999938964844,23.86000061035156,1100,23.86000061035156,23.63999938964844,11.63694953918457
25-08-2004,23.71999931335449,23.71999931335449,1300,23.8700008392334,23.739999771118164,11.686182022094728
26-08-2004,23.6200008392334,23.90999984741211,2900,23.90999984741211,23.6200008392334,11.62710952758789
27-08-2004,23.5,23.5,400,23.5,23.5,11.568037033081056
30-08-2004,23.26000022888184,23.5,6200,23.530000686645508,23.489999771118164,11.563111305236816
31-08-2004,23.489999771118164,23.489999771118164,5800,23.799999237060547,23.5,11.568037033081056
01-09-2004,23.34000015258789,23.5,10600,23.729999542236328,23.729999542236328,11.68125343322754
02-09-2004,23.21999931335449,23.5,12100,23.739999771118164,23.51000022888184,11.57296085357666
03-09-2004,23.420000076293945,23.690000534057617,6900,23.88999938964844,23.709999084472656,11.671412467956545
07-09-2004,23.709999084472656,23.709999084472656,0,23.709999084472656,23.709999084472656,11.671412467956545
08-09-2004,23.0,23.0,1600,23.36000061035156,23.36000061035156,11.596945762634276
09-09-2004,23.299999237060547,23.299999237060547,2400,23.5,23.5,11.666444778442385
10-09-2004,23.540000915527344,23.65999984741211,3200,23.65999984741211,23.540000915527344,11.686299324035645
13-09-2004,23.649999618530277,23.649999618530277,3300,24.239999771118164,23.790000915527344,11.810420036315918
14-09-2004,23.790000915527344,23.790000915527344,0,23.790000915527344,23.790000915527344,11.810420036315918
15-09-2004,23.520000457763672,23.56999969482422,11700,24.040000915527344,23.96999931335449,11.899772644042969
16-09-2004,23.690000534057617,24.0,5400,24.0,23.850000381469727,11.840201377868652
17-09-2004,23.46999931335449,23.690000534057617,5700,24.030000686645508,23.709999084472656,11.77069854736328
20-09-2004,23.5,23.61000061035156,1900,23.850000381469727,23.5,11.666444778442385
21-09-2004,23.51000022888184,23.670000076293945,1400,23.670000076293945,23.600000381469727,11.716090202331545
22-09-2004,23.25,23.5,10200,23.5,23.34000015258789,11.587010383605955
23-09-2004,23.200000762939453,23.200000762939453,14000,23.489999771118164,23.299999237060547,11.567153930664062
24-09-2004,23.309999465942383,23.459999084472656,17300,23.559999465942383,23.36000061035156,11.596945762634276
27-09-2004,23.299999237060547,23.309999465942383,2400,23.68000030517578,23.559999465942383,11.6962308883667
28-09-2004,23.540000915527344,23.549999237060547,5200,23.790000915527344,23.71999931335449,11.775662422180176
29-09-2004,23.40999984741211,23.459999084472656,7800,23.799999237060547,23.75,11.790555953979492
30-09-2004,23.8700008392334,23.8700008392334,2300,24.309999465942383,24.309999465942383,12.068567276000977
01-10-2004,24.3799991607666,24.399999618530277,5000,25.049999237060547,25.049999237060547,12.435941696166992
04-10-2004,24.86000061035156,25.049999237060547,4700,25.229999542236328,24.950000762939453,12.3862886428833
05-10-2004,24.76000022888184,24.93000030517578,6300,25.09000015258789,24.8700008392334,12.346574783325195
06-10-2004,24.75,25.059999465942383,1200,25.170000076293945,24.940000534057617,12.381322860717772
07-10-2004,24.940000534057617,24.940000534057617,0,24.940000534057617,24.940000534057617,12.381322860717772
08-10-2004,25.0,25.0,100,25.0,25.0,12.411115646362305
11-10-2004,25.0,25.0,0,25.0,25.0,12.411115646362305
12-10-2004,24.5,24.93000030517578,2800,24.940000534057617,24.5,12.162894248962402
13-10-2004,24.299999237060547,24.5,2200,24.790000915527344,24.299999237060547,12.063602447509766
14-10-2004,24.36000061035156,24.450000762939453,300,24.450000762939453,24.36000061035156,12.093388557434082
15-10-2004,24.15999984741211,24.15999984741211,500,24.15999984741211,24.15999984741211,11.994100570678713
18-10-2004,24.15999984741211,24.15999984741211,0,24.15999984741211,24.15999984741211,11.994100570678713
19-10-2004,24.149999618530277,24.170000076293945,1000,24.43000030517578,24.149999618530277,11.989133834838867
20-10-2004,23.959999084472656,24.280000686645508,2800,24.280000686645508,24.059999465942383,11.94444751739502
21-10-2004,24.0,24.0,6500,24.90999984741211,24.90999984741211,12.366429328918455
22-10-2004,24.920000076293945,24.920000076293945,2300,25.450000762939453,24.979999542236328,12.4011812210083
25-10-2004,24.989999771118164,25.09000015258789,400,25.09000015258789,24.989999771118164,12.40614414215088
26-10-2004,25.0,25.32999992370605,4200,25.43000030517578,25.32999992370605,12.574941635131836
27-10-2004,25.049999237060547,25.270000457763672,8400,25.530000686645508,25.239999771118164,12.530253410339355
28-10-2004,25.1200008392334,25.18000030517578,4000,25.31999969482422,25.1200008392334,12.470685005187988
29-10-2004,23.68000030517578,24.88999938964844,5100,24.96999931335449,24.75,12.287007331848145
01-11-2004,24.049999237060547,24.989999771118164,7700,24.989999771118164,24.739999771118164,12.282029151916504
02-11-2004,24.399999618530277,24.850000381469727,900,24.850000381469727,24.399999618530277,12.113242149353027
03-11-2004,24.3700008392334,24.739999771118164,13800,25.01000022888184,25.01000022888184,12.4160737991333
04-11-2004,24.520000457763672,24.649999618530277,400,24.649999618530277,24.61000061035156,12.217495918273926
05-11-2004,24.540000915527344,24.540000915527344,500,25.020000457763672,25.020000457763672,12.42104434967041
08-11-2004,24.76000022888184,24.76000022888184,500,24.959999084472656,24.959999084472656,12.391253471374512
09-11-2004,24.959999084472656,24.959999084472656,0,24.959999084472656,24.959999084472656,12.391253471374512
10-11-2004,24.649999618530277,24.649999618530277,2000,24.649999618530277,24.649999618530277,12.237349510192873
11-11-2004,24.649999618530277,24.649999618530277,0,24.649999618530277,24.649999618530277,12.237349510192873
12-11-2004,24.649999618530277,24.649999618530277,0,24.649999618530277,24.649999618530277,12.237349510192873
15-11-2004,24.549999237060547,24.56999969482422,400,24.56999969482422,24.549999237060547,12.187714576721191
16-11-2004,24.549999237060547,24.549999237060547,3100,24.649999618530277,24.649999618530277,12.237349510192873
17-11-2004,24.549999237060547,24.549999237060547,6000,24.8700008392334,24.600000381469727,12.212536811828612
18-11-2004,24.600000381469727,24.600000381469727,3900,24.600000381469727,24.600000381469727,12.212536811828612
19-11-2004,24.549999237060547,24.600000381469727,28900,24.790000915527344,24.56999969482422,12.197639465332031
22-11-2004,24.549999237060547,25.149999618530277,6000,25.149999618530277,24.649999618530277,12.237349510192873
23-11-2004,24.549999237060547,24.549999237060547,800,24.700000762939453,24.700000762939453,12.26218032836914
24-11-2004,24.700000762939453,24.700000762939453,0,24.700000762939453,24.700000762939453,12.26218032836914
26-11-2004,24.700000762939453,24.700000762939453,0,24.700000762939453,24.700000762939453,12.26218032836914
29-11-2004,24.770000457763672,24.88999938964844,1200,25.0,24.770000457763672,12.296930313110352
30-11-2004,24.600000381469727,24.770000457763672,700,24.940000534057617,24.600000381469727,12.212536811828612
01-12-2004,24.399999618530277,24.399999618530277,0,24.399999618530277,24.399999618530277,12.212536811828612
02-12-2004,24.25,24.25,9000,24.6299991607666,24.6299991607666,12.327653884887695
03-12-2004,24.6299991607666,24.6299991607666,0,24.6299991607666,24.6299991607666,12.327653884887695
06-12-2004,24.450000762939453,24.899999618530277,2100,24.899999618530277,24.450000762939453,12.237558364868164
07-12-2004,24.450000762939453,24.450000762939453,0,24.450000762939453,24.450000762939453,12.237558364868164
08-12-2004,24.450000762939453,24.68000030517578,1100,24.68000030517578,24.450000762939453,12.237558364868164
09-12-2004,24.450000762939453,24.450000762939453,0,24.450000762939453,24.450000762939453,12.237558364868164
10-12-2004,23.96999931335449,24.049999237060547,2300,24.5,24.290000915527344,12.157478332519531
13-12-2004,24.290000915527344,24.290000915527344,0,24.290000915527344,24.290000915527344,12.157478332519531
14-12-2004,24.149999618530277,24.59000015258789,4700,24.899999618530277,24.899999618530277,12.462791442871094
15-12-2004,24.09000015258789,24.8700008392334,2100,24.93000030517578,24.09000015258789,12.057371139526367
16-12-2004,24.09000015258789,24.290000915527344,1300,24.46999931335449,24.440000534057617,12.232549667358398
17-12-2004,24.520000457763672,25.09000015258789,700,25.09000015258789,24.989999771118164,12.50783920288086
20-12-2004,24.51000022888184,24.75,200,24.75,24.51000022888184,12.26759147644043
21-12-2004,24.5,24.5,2100,24.5,24.5,12.262584686279297
22-12-2004,24.5,24.5,0,24.5,24.5,12.262584686279297
23-12-2004,24.5,24.5,3800,24.739999771118164,24.6200008392334,12.32264518737793
27-12-2004,24.600000381469727,24.700000762939453,7900,24.700000762939453,24.6200008392334,12.32264518737793
28-12-2004,24.600000381469727,24.61000061035156,200,24.61000061035156,24.600000381469727,12.31263828277588
29-12-2004,24.600000381469727,24.600000381469727,1400,24.649999618530277,24.61000061035156,12.317644119262695
30-12-2004,24.399999618530277,24.399999618530277,2700,24.600000381469727,24.40999984741211,12.217540740966797
31-12-2004,22.799999237060547,24.399999618530277,32000,24.93000030517578,24.209999084472656,12.117432594299316
03-01-2005,24.0,24.0,11900,25.100000381469727,24.299999237060547,12.16247844696045
04-01-2005,24.209999084472656,24.88999938964844,9300,24.88999938964844,24.209999084472656,12.117432594299316
05-01-2005,24.350000381469727,24.350000381469727,4300,24.88999938964844,24.5,12.262584686279297
06-01-2005,24.0,24.38999938964844,600,24.38999938964844,24.190000534057617,12.10742473602295
07-01-2005,24.01000022888184,24.13999938964844,1700,24.13999938964844,24.01000022888184,12.017330169677734
10-01-2005,23.950000762939453,24.01000022888184,16800,24.100000381469727,24.01000022888184,12.017330169677734
11-01-2005,23.82999992370605,23.82999992370605,4800,24.100000381469727,24.01000022888184,12.017330169677734
12-01-2005,24.01000022888184,24.01000022888184,0,24.01000022888184,24.01000022888184,12.017330169677734
13-01-2005,24.01000022888184,24.01000022888184,300,24.239999771118164,24.239999771118164,12.132451057434082
14-01-2005,24.030000686645508,24.030000686645508,1300,24.25,24.040000915527344,12.032352447509766
18-01-2005,24.0,24.040000915527344,4400,24.229999542236328,24.229999542236328,12.12744426727295
19-01-2005,24.1299991607666,24.59000015258789,1700,24.59000015258789,24.38999938964844,12.20753002166748
20-01-2005,23.649999618530277,23.799999237060547,13100,24.0,23.850000381469727,11.937254905700684
21-01-2005,23.850000381469727,23.850000381469727,5000,24.020000457763672,24.020000457763672,12.022336959838867
24-01-2005,24.0,24.0,1200,24.149999618530277,24.149999618530277,12.087403297424316
25-01-2005,24.0,24.200000762939453,2100,24.38999938964844,24.38999938964844,12.20753002166748
26-01-2005,24.350000381469727,24.38999938964844,2300,24.790000915527344,24.5,12.262584686279297
27-01-2005,24.0,24.790000915527344,16100,24.790000915527344,24.200000762939453,12.112435340881348
28-01-2005,24.0,24.34000015258789,8500,24.440000534057617,24.34000015258789,12.182498931884766
31-01-2005,24.399999618530277,24.739999771118164,2700,24.739999771118164,24.489999771118164,12.25757884979248
01-02-2005,24.489999771118164,24.489999771118164,0,24.489999771118164,24.489999771118164,12.25757884979248
02-02-2005,24.200000762939453,24.799999237060547,8800,24.799999237060547,24.739999771118164,12.382708549499512
03-02-2005,24.739999771118164,24.739999771118164,0,24.739999771118164,24.739999771118164,12.382708549499512
04-02-2005,24.200000762939453,24.200000762939453,1100,24.270000457763672,24.209999084472656,12.117432594299316
07-02-2005,24.200000762939453,24.200000762939453,1500,24.25,24.239999771118164,12.132451057434082
08-02-2005,24.209999084472656,24.649999618530277,700,24.71999931335449,24.71999931335449,12.37269401550293
09-02-2005,24.209999084472656,24.520000457763672,1000,24.520000457763672,24.51000022888184,12.26759147644043
10-02-2005,23.600000381469727,24.540000915527344,5800,24.729999542236328,24.51000022888184,12.26759147644043
11-02-2005,24.299999237060547,24.399999618530277,23000,25.09000015258789,24.84000015258789,12.432761192321776
14-02-2005,24.56999969482422,24.709999084472656,800,24.709999084472656,24.56999969482422,12.29761791229248
15-02-2005,24.0,24.5,16100,24.739999771118164,24.649999618530277,12.337660789489746
16-02-2005,24.700000762939453,24.989999771118164,17000,24.989999771118164,24.809999465942383,12.41774559020996
17-02-2005,24.3700008392334,24.540000915527344,1500,24.670000076293945,24.57999992370605,12.30262565612793
18-02-2005,24.0,24.5,1300,24.5,24.01000022888184,12.017330169677734
22-02-2005,24.11000061035156,24.11000061035156,100,24.11000061035156,24.11000061035156,12.06738567352295
23-02-2005,24.100000381469727,24.100000381469727,200,24.100000381469727,24.100000381469727,12.062381744384766
24-02-2005,24.350000381469727,24.3700008392334,600,24.3700008392334,24.350000381469727,12.187507629394531
25-02-2005,24.149999618530277,24.149999618530277,600,24.149999618530277,24.149999618530277,12.087403297424316
28-02-2005,24.25,24.25,600,24.25,24.25,12.137454986572266
01-03-2005,24.770000457763672,24.770000457763672,100,24.770000457763672,24.770000457763672,12.397722244262695
02-03-2005,24.51000022888184,24.51000022888184,300,24.51000022888184,24.51000022888184,12.26759147644043
03-03-2005,24.350000381469727,24.51000022888184,300,24.51000022888184,24.350000381469727,12.187507629394531
04-03-2005,24.309999465942383,24.309999465942383,5300,24.600000381469727,24.31999969482422,12.172497749328612
07-03-2005,24.559999465942383,24.90999984741211,900,24.93000030517578,24.559999465942383,12.29261302947998
08-03-2005,24.5,24.979999542236328,6200,24.989999771118164,24.5,12.262584686279297
09-03-2005,24.01000022888184,24.200000762939453,10200,25.0,24.100000381469727,12.161662101745604
10-03-2005,24.420000076293945,24.459999084472656,800,24.65999984741211,24.5,12.363508224487305
11-03-2005,24.18000030517578,24.51000022888184,600,24.51000022888184,24.34000015258789,12.282769203186035
14-03-2005,24.149999618530277,24.399999618530277,1400,24.420000076293945,24.31999969482422,12.272679328918455
15-03-2005,24.100000381469727,24.270000457763672,2300,24.270000457763672,24.100000381469727,12.161662101745604
16-03-2005,24.100000381469727,24.11000061035156,3500,24.309999465942383,24.309999465942383,12.267633438110352
17-03-2005,24.25,24.25,2100,24.3700008392334,24.350000381469727,12.28781509399414
18-03-2005,24.25,24.479999542236328,11900,24.920000076293945,24.25,12.237349510192873
21-03-2005,24.049999237060547,24.200000762939453,4200,24.200000762939453,24.049999237060547,12.136435508728027
22-03-2005,24.030000686645508,24.81999969482422,1700,24.81999969482422,24.26000022888184,12.242401123046877
23-03-2005,24.38999938964844,24.399999618530277,200,24.399999618530277,24.38999938964844,12.30800437927246
24-03-2005,24.25,24.25,900,24.540000915527344,24.350000381469727,12.28781509399414
28-03-2005,24.649999618530277,24.989999771118164,7200,25.0,24.700000762939453,12.464439392089844
29-03-2005,24.299999237060547,24.350000381469727,1500,24.729999542236328,24.299999237060547,12.262584686279297
30-03-2005,24.729999542236328,24.729999542236328,500,24.729999542236328,24.729999542236328,12.479580879211426
31-03-2005,24.030000686645508,24.100000381469727,1200,24.170000076293945,24.030000686645508,12.126337051391602
01-04-2005,24.01000022888184,24.01000022888184,400,24.01000022888184,24.01000022888184,12.116240501403809
04-04-2005,24.11000061035156,24.81999969482422,1400,24.81999969482422,24.75,12.489667892456056
05-04-2005,24.450000762939453,24.950000762939453,6900,24.950000762939453,24.899999618530277,12.5653657913208
06-04-2005,24.15999984741211,24.209999084472656,1000,24.690000534057617,24.6200008392334,12.424067497253418
07-04-2005,24.489999771118164,24.690000534057617,900,24.690000534057617,24.5,12.363508224487305
08-04-2005,23.809999465942383,24.309999465942383,1700,24.34000015258789,24.0,12.111194610595703
11-04-2005,24.0,24.0,5900,24.399999618530277,24.020000457763672,12.121286392211914
12-04-2005,23.399999618530277,24.290000915527344,5600,24.290000915527344,24.190000534057617,12.207073211669922
13-04-2005,24.049999237060547,24.059999465942383,1900,24.059999465942383,24.049999237060547,12.136435508728027
14-04-2005,24.0,24.0,1100,24.09000015258789,24.0,12.111194610595703
15-04-2005,23.51000022888184,24.0,10300,24.25,23.93000030517578,12.07587432861328
18-04-2005,23.549999237060547,23.940000534057617,600,23.940000534057617,23.549999237060547,11.884109497070312
19-04-2005,23.350000381469727,23.350000381469727,10000,23.899999618530277,23.3700008392334,11.793275833129885
20-04-2005,23.3700008392334,23.40999984741211,500,23.40999984741211,23.3700008392334,11.793275833129885
21-04-2005,23.3700008392334,23.71999931335449,3100,23.84000015258789,23.84000015258789,12.030449867248535
22-04-2005,23.479999542236328,24.239999771118164,5100,24.239999771118164,23.479999542236328,11.848788261413574
25-04-2005,23.51000022888184,24.25,12400,24.5,23.82999992370605,12.025408744812012
26-04-2005,23.170000076293945,23.88999938964844,8800,24.11000061035156,24.0,12.111194610595703
27-04-2005,23.850000381469727,24.09000015258789,700,24.100000381469727,23.8700008392334,12.045592308044434
28-04-2005,23.299999237060547,24.13999938964844,1300,24.13999938964844,23.299999237060547,11.757949829101562
29-04-2005,23.299999237060547,23.299999237060547,300,23.65999984741211,23.65999984741211,11.939623832702637
02-05-2005,23.799999237060547,23.799999237060547,1100,24.26000022888184,23.799999237060547,12.010269165039062
03-05-2005,23.84000015258789,24.290000915527344,1200,24.290000915527344,24.0,12.111194610595703
04-05-2005,23.520000457763672,24.0,1000,24.0,23.989999771118164,12.106148719787598
05-05-2005,23.979999542236328,24.0,1000,24.0,23.979999542236328,12.101099967956545
06-05-2005,23.399999618530277,23.399999618530277,200,23.75,23.75,11.985033988952637
09-05-2005,23.350000381469727,23.75,1300,23.75,23.65999984741211,11.939623832702637
10-05-2005,23.520000457763672,23.75,12300,23.979999542236328,23.520000457763672,11.868972778320312
11-05-2005,23.0,23.100000381469727,2700,23.5,23.280000686645508,11.747859001159668
12-05-2005,23.0,23.399999618530277,27400,23.399999618530277,23.0,11.606561660766602
13-05-2005,22.32999992370605,22.32999992370605,16200,23.209999084472656,22.989999771118164,11.601515769958496
16-05-2005,22.32999992370605,22.5,4600,23.479999542236328,23.459999084472656,11.83869743347168
17-05-2005,23.6299991607666,23.63999938964844,3000,23.780000686645508,23.700000762939453,11.95980453491211
18-05-2005,23.700000762939453,23.700000762939453,14700,24.200000762939453,24.09000015258789,12.156614303588867
19-05-2005,23.34000015258789,23.34000015258789,2400,24.200000762939453,23.790000915527344,12.005229949951172
20-05-2005,23.239999771118164,23.280000686645508,3800,24.799999237060547,23.8700008392334,12.045592308044434
23-05-2005,23.25,23.68000030517578,4400,23.8700008392334,23.56999969482422,11.89419937133789
24-05-2005,23.18000030517578,23.18000030517578,500,23.489999771118164,23.40999984741211,11.813458442687988
25-05-2005,23.0,23.0,3200,23.5,23.5,11.858884811401367
26-05-2005,23.68000030517578,23.68000030517578,8300,25.0,24.850000381469727,12.540136337280272
27-05-2005,24.850000381469727,24.950000762939453,8700,24.950000762939453,24.950000762939453,12.590600967407228
31-05-2005,24.59000015258789,24.59000015258789,400,24.690000534057617,24.690000534057617,12.459393501281738
01-06-2005,24.690000534057617,24.690000534057617,0,24.690000534057617,24.690000534057617,12.459393501281738
02-06-2005,24.049999237060547,24.049999237060547,300,24.440000534057617,24.440000534057617,12.33323097229004
03-06-2005,24.440000534057617,24.440000534057617,0,24.440000534057617,24.440000534057617,12.33323097229004
06-06-2005,24.11000061035156,24.34000015258789,1500,24.90999984741211,24.6200008392334,12.424067497253418
07-06-2005,24.51000022888184,24.51000022888184,3500,25.0,25.0,12.615824699401855
08-06-2005,25.040000915527344,25.040000915527344,2000,25.040000915527344,25.040000915527344,12.743056297302246
09-06-2005,24.649999618530277,24.75,4800,25.040000915527344,24.950000762939453,12.697254180908203
10-06-2005,24.76000022888184,24.76000022888184,1000,25.0,24.899999618530277,12.671810150146484
13-06-2005,24.5,24.5,2300,24.61000061035156,24.61000061035156,12.524227142333984
14-06-2005,24.450000762939453,24.68000030517578,4700,24.93000030517578,24.600000381469727,12.519134521484377
15-06-2005,24.25,24.5,900,24.75,24.75,12.595473289489746
16-06-2005,24.75,24.75,15100,24.93000030517578,24.780000686645508,12.61074161529541
17-06-2005,24.780000686645508,24.780000686645508,0,24.780000686645508,24.780000686645508,12.61074161529541
20-06-2005,24.280000686645508,24.51000022888184,5600,25.0,24.700000762939453,12.570030212402344
21-06-2005,24.059999465942383,24.549999237060547,4900,24.88999938964844,24.07999992370605,12.254505157470703
22-06-2005,24.0,24.18000030517578,4700,24.850000381469727,24.020000457763672,12.223966598510742
23-06-2005,23.75,23.76000022888184,200,23.76000022888184,23.75,12.086562156677246
24-06-2005,22.280000686645508,24.0,15800,24.0,22.280000686645508,11.338472366333008
27-06-2005,22.5,22.5,9000,23.5,23.020000457763672,11.71506118774414
28-06-2005,23.46999931335449,23.46999931335449,4700,24.31999969482422,23.899999618530277,12.162903785705566
29-06-2005,24.020000457763672,24.399999618530277,8000,24.5,24.239999771118164,12.335931777954102
30-06-2005,23.57999992370605,24.09000015258789,200,24.09000015258789,23.57999992370605,12.00004768371582
01-07-2005,23.51000022888184,23.51000022888184,200,23.51000022888184,23.51000022888184,11.96442985534668
05-07-2005,23.51000022888184,23.51000022888184,0,23.51000022888184,23.51000022888184,11.96442985534668
06-07-2005,23.51000022888184,23.51000022888184,0,23.51000022888184,23.51000022888184,11.96442985534668
07-07-2005,22.75,23.15999984741211,5900,23.899999618530277,23.489999771118164,11.954246520996094
08-07-2005,23.61000061035156,24.229999542236328,300,24.229999542236328,23.61000061035156,12.015315055847168
11-07-2005,23.18000030517578,23.479999542236328,2400,23.86000061035156,23.5,11.959342956542969
12-07-2005,23.149999618530277,23.5,11200,23.51000022888184,23.5,11.959342956542969
13-07-2005,23.5,23.5,0,23.5,23.5,11.959342956542969
14-07-2005,23.5,23.5,3900,23.5,23.5,11.959342956542969
15-07-2005,23.149999618530277,23.149999618530277,3200,23.76000022888184,23.3799991607666,11.89826774597168
18-07-2005,23.059999465942383,23.25,1700,23.25,23.25,11.832108497619627
19-07-2005,23.25,23.5,3200,23.739999771118164,23.709999084472656,12.066207885742188
20-07-2005,23.170000076293945,23.40999984741211,700,23.420000076293945,23.3700008392334,11.893178939819336
21-07-2005,23.200000762939453,23.200000762939453,700,23.200000762939453,23.200000762939453,11.806665420532228
22-07-2005,23.1299991607666,23.299999237060547,3400,23.649999618530277,23.1299991607666,11.771041870117188
25-07-2005,23.1299991607666,23.1299991607666,0,23.1299991607666,23.1299991607666,11.771041870117188
26-07-2005,23.34000015258789,23.5,200,23.5,23.34000015258789,11.87790584564209
27-07-2005,23.350000381469727,23.350000381469727,100,23.350000381469727,23.350000381469727,11.883000373840332
28-07-2005,23.350000381469727,23.350000381469727,10000,24.280000686645508,23.549999237060547,11.984784126281738
29-07-2005,23.520000457763672,23.6200008392334,1800,23.950000762939453,23.520000457763672,11.969515800476074
01-08-2005,23.350000381469727,23.350000381469727,2300,23.549999237060547,23.549999237060547,11.984784126281738
02-08-2005,23.350000381469727,24.0,4700,24.0,23.549999237060547,11.984784126281738
03-08-2005,23.059999465942383,23.25,4400,23.5,23.5,11.959342956542969
04-08-2005,23.100000381469727,23.100000381469727,100,23.100000381469727,23.100000381469727,11.75577449798584
05-08-2005,23.100000381469727,23.100000381469727,13900,23.25,23.25,11.832108497619627
08-08-2005,23.540000915527344,23.540000915527344,200,23.549999237060547,23.549999237060547,11.984784126281738
09-08-2005,23.21999931335449,23.21999931335449,100,23.21999931335449,23.21999931335449,11.816843032836914
10-08-2005,23.299999237060547,23.59000015258789,3700,23.93000030517578,23.299999237060547,11.857551574707031
11-08-2005,23.299999237060547,23.299999237060547,300,23.299999237060547,23.299999237060547,11.857551574707031
12-08-2005,23.100000381469727,23.100000381469727,4000,23.399999618530277,23.200000762939453,11.806665420532228
15-08-2005,23.0,23.0,800,23.11000061035156,23.11000061035156,11.760862350463867
16-08-2005,23.11000061035156,23.11000061035156,1000,23.489999771118164,23.489999771118164,11.954246520996094
17-08-2005,23.149999618530277,23.209999084472656,4100,23.979999542236328,23.56999969482422,11.99495792388916
18-08-2005,23.489999771118164,23.489999771118164,500,23.649999618530277,23.649999618530277,12.03567600250244
19-08-2005,23.149999618530277,23.32999992370605,200,23.32999992370605,23.149999618530277,11.781217575073242
22-08-2005,23.149999618530277,23.149999618530277,0,23.149999618530277,23.149999618530277,11.781217575073242
23-08-2005,23.11000061035156,23.149999618530277,4400,23.15999984741211,23.1200008392334,11.76595401763916
24-08-2005,23.1200008392334,23.1200008392334,0,23.1200008392334,23.1200008392334,11.76595401763916
25-08-2005,23.11000061035156,23.1200008392334,23600,23.940000534057617,23.600000381469727,12.010229110717772
26-08-2005,23.1299991607666,23.3700008392334,1200,23.559999465942383,23.309999465942383,11.862645149230955
29-08-2005,23.11000061035156,23.11000061035156,1300,23.63999938964844,23.270000457763672,11.842287063598633
30-08-2005,23.11000061035156,23.11000061035156,600,23.11000061035156,23.11000061035156,11.760862350463867
31-08-2005,23.11000061035156,23.11000061035156,100,23.11000061035156,23.11000061035156,11.760862350463867
01-09-2005,23.11000061035156,23.11000061035156,1000,23.200000762939453,23.11000061035156,11.760862350463867
02-09-2005,23.11000061035156,23.38999938964844,2100,23.6200008392334,23.190000534057617,11.8015718460083
06-09-2005,23.11000061035156,23.11000061035156,1600,23.399999618530277,23.31999969482422,11.867733001708984
07-09-2005,22.75,23.020000457763672,1800,23.020000457763672,22.770000457763672,11.693134307861328
08-09-2005,22.75,23.11000061035156,700,23.11000061035156,22.75,11.682861328125
09-09-2005,22.799999237060547,22.799999237060547,1300,23.11000061035156,22.81999969482422,11.718807220458984
12-09-2005,22.75,22.76000022888184,1900,22.76000022888184,22.75,11.682861328125
13-09-2005,22.75,22.75,1000,23.25,22.75,11.682861328125
14-09-2005,22.549999237060547,22.549999237060547,200,22.549999237060547,22.549999237060547,11.580158233642578
15-09-2005,22.600000381469727,22.84000015258789,6600,23.170000076293945,22.780000686645508,11.698269844055176
16-09-2005,22.25,22.979999542236328,500,22.979999542236328,22.25,11.426097869873049
19-09-2005,22.5,22.700000762939453,1100,22.700000762939453,22.5,11.554478645324709
20-09-2005,22.25,22.25,6300,23.0,22.479999542236328,11.544208526611328
21-09-2005,21.770000457763672,22.43000030517578,23300,23.0,22.700000762939453,11.657187461853027
22-09-2005,22.38999938964844,22.51000022888184,2300,22.940000534057617,22.940000534057617,11.780431747436523
23-09-2005,22.950000762939453,22.950000762939453,600,23.0,23.0,11.811246871948242
26-09-2005,23.0,23.0,9600,23.450000762939453,23.280000686645508,11.955036163330078
27-09-2005,23.100000381469727,23.100000381469727,400,23.229999542236328,23.229999542236328,11.929362297058104
28-09-2005,23.0,23.0,200,23.0,23.0,11.811246871948242
29-09-2005,22.799999237060547,22.950000762939453,300,22.959999084472656,22.799999237060547,11.708542823791504
30-09-2005,23.43000030517578,23.43000030517578,200,23.43000030517578,23.43000030517578,12.032062530517578
03-10-2005,23.0,23.020000457763672,1700,23.299999237060547,23.0,11.811246871948242
04-10-2005,22.75,22.989999771118164,1500,22.989999771118164,22.93000030517578,11.775296211242676
05-10-2005,22.520000457763672,22.520000457763672,200,22.520000457763672,22.520000457763672,11.564748764038086
06-10-2005,22.6299991607666,22.6299991607666,1500,22.93000030517578,22.93000030517578,11.775296211242676
07-10-2005,22.520000457763672,22.56999969482422,400,22.56999969482422,22.520000457763672,11.564748764038086
10-10-2005,22.350000381469727,22.450000762939453,800,22.450000762939453,22.350000381469727,11.477453231811523
11-10-2005,22.0,22.350000381469727,2400,22.350000381469727,22.299999237060547,11.451770782470703
12-10-2005,22.299999237060547,22.299999237060547,0,22.299999237060547,22.299999237060547,11.451770782470703
13-10-2005,21.299999237060547,22.1299991607666,7200,22.1299991607666,21.350000381469727,10.963918685913086
14-10-2005,21.200000762939453,21.36000061035156,6600,21.56999969482422,21.56999969482422,11.07689094543457
17-10-2005,21.559999465942383,21.56999969482422,1200,22.0,21.559999465942383,11.07175636291504
18-10-2005,21.489999771118164,21.540000915527344,500,21.540000915527344,21.489999771118164,11.035810470581056
19-10-2005,21.57999992370605,21.93000030517578,700,22.0,21.57999992370605,11.08202838897705
20-10-2005,21.540000915527344,21.96999931335449,3700,21.989999771118164,21.770000457763672,11.179597854614258
21-10-2005,21.540000915527344,21.600000381469727,1300,21.600000381469727,21.549999237060547,11.066622734069824
24-10-2005,21.270000457763672,21.280000686645508,400,21.290000915527344,21.290000915527344,10.933099746704102
25-10-2005,21.200000762939453,21.309999465942383,3200,21.649999618530277,21.649999618530277,11.117975234985352
26-10-2005,21.989999771118164,22.200000762939453,1200,22.200000762939453,22.0,11.297715187072754
27-10-2005,21.950000762939453,22.0,2800,22.209999084472656,21.950000762939453,11.27203369140625
28-10-2005,22.0,22.0,1100,22.0,22.0,11.297715187072754
31-10-2005,22.0,22.0,100,22.0,22.0,11.297715187072754
01-11-2005,22.049999237060547,22.049999237060547,100,22.049999237060547,22.049999237060547,11.323392868041992
02-11-2005,22.030000686645508,22.399999618530277,1100,22.399999618530277,22.31999969482422,11.462039947509766
03-11-2005,22.25,22.399999618530277,600,22.399999618530277,22.25,11.426097869873049
04-11-2005,22.32999992370605,22.399999618530277,800,22.399999618530277,22.32999992370605,11.46717643737793
07-11-2005,22.32999992370605,22.32999992370605,0,22.32999992370605,22.32999992370605,11.46717643737793
08-11-2005,22.3799991607666,22.399999618530277,200,22.399999618530277,22.3799991607666,11.492854118347168
09-11-2005,22.0,22.0,800,22.5,22.479999542236328,11.544208526611328
10-11-2005,22.479999542236328,22.479999542236328,0,22.479999542236328,22.479999542236328,11.544208526611328
11-11-2005,22.0,22.0,200,22.459999084472656,22.459999084472656,11.533940315246582
14-11-2005,22.229999542236328,22.229999542236328,100,22.229999542236328,22.229999542236328,11.41582489013672
15-11-2005,22.030000686645508,22.030000686645508,900,22.040000915527344,22.040000915527344,11.318255424499512
16-11-2005,22.25,22.25,400,22.25,22.25,11.426097869873049
17-11-2005,22.25,22.25,0,22.25,22.25,11.426097869873049
18-11-2005,22.040000915527344,22.489999771118164,800,22.6200008392334,22.6200008392334,11.61610507965088
21-11-2005,22.1299991607666,22.6299991607666,4300,22.75,22.530000686645508,11.569886207580566
22-11-2005,22.5,22.729999542236328,600,22.729999542236328,22.5,11.554478645324709
23-11-2005,22.290000915527344,22.290000915527344,600,22.450000762939453,22.450000762939453,11.528802871704102
25-11-2005,22.450000762939453,22.450000762939453,0,22.450000762939453,22.450000762939453,11.528802871704102
28-11-2005,22.25,22.5,1900,22.76000022888184,22.5,11.554478645324709
29-11-2005,22.25,22.5,2100,22.5,22.25,11.426097869873049
30-11-2005,21.5,22.25,2600,22.530000686645508,22.530000686645508,11.680123329162598
01-12-2005,21.57999992370605,22.520000457763672,10800,22.959999084472656,22.6299991607666,11.73196792602539
02-12-2005,22.75,22.989999771118164,3500,23.0,22.75,11.794180870056152
05-12-2005,22.040000915527344,22.65999984741211,3100,22.65999984741211,22.5,11.664573669433594
06-12-2005,22.280000686645508,22.280000686645508,3300,22.84000015258789,22.3799991607666,11.602360725402832
07-12-2005,22.25,22.5,5700,22.51000022888184,22.399999618530277,11.6127290725708
08-12-2005,22.239999771118164,22.38999938964844,700,22.38999938964844,22.239999771118164,11.529776573181152
09-12-2005,22.18000030517578,22.25,2700,22.399999618530277,22.399999618530277,11.6127290725708
12-12-2005,22.11000061035156,22.11000061035156,300,22.38999938964844,22.38999938964844,11.607542037963867
13-12-2005,21.799999237060547,22.399999618530277,5700,22.399999618530277,22.299999237060547,11.56088638305664
14-12-2005,21.739999771118164,22.11000061035156,4300,22.399999618530277,22.399999618530277,11.6127290725708
15-12-2005,21.76000022888184,22.38999938964844,29700,22.84000015258789,22.84000015258789,11.840835571289062
16-12-2005,22.84000015258789,22.84000015258789,4800,23.399999618530277,23.299999237060547,12.079310417175291
19-12-2005,23.299999237060547,23.479999542236328,1100,23.479999542236328,23.299999237060547,12.079310417175291
20-12-2005,23.299999237060547,23.299999237060547,800,23.489999771118164,23.489999771118164,12.177812576293944
21-12-2005,23.18000030517578,23.18000030517578,200,23.18000030517578,23.18000030517578,12.017101287841797
22-12-2005,23.170000076293945,23.290000915527344,2300,23.6299991607666,23.36000061035156,12.110419273376465
23-12-2005,23.5,23.5,200,23.5,23.5,12.18299961090088
27-12-2005,23.5,23.75,500,23.75,23.5,12.18299961090088
28-12-2005,23.799999237060547,23.850000381469727,5200,23.950000762939453,23.799999237060547,12.33852767944336
29-12-2005,23.25,23.25,300,23.25,23.25,12.053393363952637
30-12-2005,23.25,23.25,0,23.25,23.25,12.053393363952637
03-01-2006,23.25,23.26000022888184,1000,23.26000022888184,23.25,12.053393363952637
04-01-2006,22.25,23.01000022888184,9000,23.21999931335449,22.299999237060547,11.56088638305664
05-01-2006,22.32999992370605,22.32999992370605,1700,22.850000381469727,22.850000381469727,11.846019744873049
06-01-2006,22.549999237060547,22.989999771118164,2100,22.989999771118164,22.809999465942383,11.825282096862791
09-01-2006,22.770000457763672,23.149999618530277,1000,23.149999618530277,22.770000457763672,11.804551124572754
10-01-2006,22.11000061035156,22.82999992370605,3100,23.13999938964844,23.13999938964844,11.996365547180176
11-01-2006,22.75,22.75,4400,23.09000015258789,23.020000457763672,11.93415641784668
12-01-2006,22.270000457763672,23.040000915527344,4200,23.5,23.290000915527344,12.074127197265623
13-01-2006,23.0,23.5,4900,23.5,23.440000534057617,12.151891708374023
17-01-2006,23.350000381469727,23.5,5800,23.5,23.350000381469727,12.105236053466797
18-01-2006,23.0,23.01000022888184,4600,23.5,23.100000381469727,11.975629806518556
19-01-2006,23.040000915527344,23.040000915527344,300,23.040000915527344,23.040000915527344,11.944522857666016
20-01-2006,23.5,23.5,500,23.5,23.5,12.18299961090088
23-01-2006,23.09000015258789,23.09000015258789,300,23.09000015258789,23.09000015258789,11.97044277191162
24-01-2006,22.670000076293945,23.09000015258789,5100,23.32999992370605,22.799999237060547,11.82010269165039
25-01-2006,22.799999237060547,22.799999237060547,800,23.440000534057617,23.299999237060547,12.079310417175291
26-01-2006,22.950000762939453,23.540000915527344,1000,23.540000915527344,22.950000762939453,11.897862434387209
27-01-2006,22.76000022888184,23.0,5700,23.299999237060547,23.229999542236328,12.043017387390137
30-01-2006,22.8700008392334,23.3799991607666,1200,23.3799991607666,22.8700008392334,11.856388092041016
31-01-2006,23.0,23.15999984741211,400,23.15999984741211,23.0,11.923781394958496
01-02-2006,23.0,23.0,0,23.0,23.0,11.923781394958496
02-02-2006,22.93000030517578,22.93000030517578,200,22.93000030517578,22.93000030517578,11.887499809265137
03-02-2006,22.959999084472656,23.440000534057617,1400,23.440000534057617,23.229999542236328,12.043017387390137
06-02-2006,22.799999237060547,22.959999084472656,1100,22.959999084472656,22.799999237060547,11.82010269165039
07-02-2006,22.76000022888184,22.799999237060547,800,23.239999771118164,23.239999771118164,12.048202514648438
08-02-2006,22.700000762939453,23.0,14700,23.01000022888184,22.84000015258789,11.840835571289062
09-02-2006,22.84000015258789,22.84000015258789,1800,23.209999084472656,23.0,11.923781394958496
10-02-2006,23.100000381469727,23.190000534057617,600,23.190000534057617,23.100000381469727,11.975629806518556
13-02-2006,23.0,23.100000381469727,1300,23.170000076293945,23.170000076293945,12.011917114257812
14-02-2006,23.0,23.01000022888184,1100,23.049999237060547,23.049999237060547,11.949708938598633
15-02-2006,23.25,23.25,3200,23.600000381469727,23.51000022888184,12.188185691833496
16-02-2006,23.36000061035156,23.36000061035156,2800,23.75,23.690000534057617,12.281492233276367
17-02-2006,23.0,23.59000015258789,3500,23.600000381469727,23.600000381469727,12.234841346740724
21-02-2006,23.36000061035156,23.84000015258789,1400,23.96999931335449,23.68000030517578,12.276315689086914
22-02-2006,23.13999938964844,23.979999542236328,4600,23.979999542236328,23.549999237060547,12.208914756774902
23-02-2006,23.8700008392334,23.8700008392334,5200,24.100000381469727,23.940000534057617,12.411107063293455
24-02-2006,23.600000381469727,23.600000381469727,100,23.600000381469727,23.600000381469727,12.234841346740724
27-02-2006,23.600000381469727,24.0,1100,24.100000381469727,23.600000381469727,12.234841346740724
28-02-2006,23.100000381469727,23.100000381469727,3100,24.06999969482422,24.06999969482422,12.478497505187988
01-03-2006,23.799999237060547,23.799999237060547,5100,24.01000022888184,24.0,12.442209243774414
02-03-2006,23.75,23.75,3400,23.989999771118164,23.920000076293945,12.400733947753906
03-03-2006,23.420000076293945,23.559999465942383,11200,23.989999771118164,23.420000076293945,12.141517639160156
06-03-2006,23.780000686645508,23.790000915527344,600,23.790000915527344,23.780000686645508,12.32815933227539
07-03-2006,23.38999938964844,23.38999938964844,400,23.38999938964844,23.38999938964844,12.125971794128418
08-03-2006,23.31999969482422,23.31999969482422,700,23.31999969482422,23.31999969482422,12.199206352233888
09-03-2006,23.31999969482422,23.31999969482422,0,23.31999969482422,23.31999969482422,12.199206352233888
10-03-2006,23.32999992370605,23.34000015258789,200,23.34000015258789,23.32999992370605,12.204434394836426
13-03-2006,22.76000022888184,23.200000762939453,11300,23.96999931335449,23.5,12.293373107910156
14-03-2006,23.420000076293945,23.450000762939453,9000,23.559999465942383,23.420000076293945,12.251514434814451
15-03-2006,23.559999465942383,23.559999465942383,2200,23.57999992370605,23.57999992370605,12.335220336914062
16-03-2006,23.38999938964844,23.420000076293945,1200,23.739999771118164,23.43000030517578,12.256752967834473
17-03-2006,23.239999771118164,23.399999618530277,4800,23.5,23.5,12.293373107910156
20-03-2006,23.100000381469727,23.100000381469727,2000,23.100000381469727,23.100000381469727,12.084120750427246
21-03-2006,23.200000762939453,23.489999771118164,400,23.489999771118164,23.489999771118164,12.288137435913086
22-03-2006,23.489999771118164,23.489999771118164,0,23.489999771118164,23.489999771118164,12.288137435913086
23-03-2006,23.489999771118164,23.489999771118164,0,23.489999771118164,23.489999771118164,12.288137435913086
24-03-2006,23.0,23.399999618530277,4900,23.399999618530277,23.0,12.031805992126465
27-03-2006,23.5,23.5,200,23.5,23.5,12.293373107910156
28-03-2006,23.149999618530277,23.25,21600,23.399999618530277,23.3700008392334,12.225361824035645
29-03-2006,23.13999938964844,23.25,1800,23.25,23.13999938964844,12.105045318603516
30-03-2006,23.299999237060547,23.299999237060547,4500,23.489999771118164,23.489999771118164,12.288137435913086
31-03-2006,23.489999771118164,23.489999771118164,1200,23.489999771118164,23.489999771118164,12.288137435913086
03-04-2006,23.190000534057617,23.3700008392334,2000,23.799999237060547,23.57999992370605,12.335220336914062
04-04-2006,23.440000534057617,23.600000381469727,1300,23.600000381469727,23.440000534057617,12.261978149414062
05-04-2006,23.049999237060547,23.049999237060547,800,23.399999618530277,23.280000686645508,12.178284645080566
06-04-2006,23.21999931335449,23.399999618530277,1600,23.399999618530277,23.3799991607666,12.230592727661133
07-04-2006,23.3799991607666,23.3799991607666,0,23.3799991607666,23.3799991607666,12.230592727661133
10-04-2006,21.93000030517578,23.549999237060547,25800,23.729999542236328,23.049999237060547,12.057964324951172
11-04-2006,22.90999984741211,22.90999984741211,200,23.290000915527344,23.290000915527344,12.183512687683104
12-04-2006,22.899999618530277,23.0,600,23.0,22.899999618530277,11.979496955871582
13-04-2006,22.65999984741211,22.899999618530277,1400,23.239999771118164,22.90999984741211,11.98472785949707
17-04-2006,23.32999992370605,23.32999992370605,400,23.34000015258789,23.34000015258789,12.209668159484863
18-04-2006,22.989999771118164,23.0,7400,23.149999618530277,23.149999618530277,12.110278129577637
19-04-2006,23.09000015258789,23.09000015258789,1100,23.25,23.25,12.162588119506836
20-04-2006,22.549999237060547,22.75,2300,23.100000381469727,22.549999237060547,11.796405792236328
21-04-2006,22.989999771118164,22.989999771118164,200,22.989999771118164,22.989999771118164,12.026582717895508
24-04-2006,22.76000022888184,22.76000022888184,500,22.979999542236328,22.93000030517578,11.995190620422363
25-04-2006,22.540000915527344,22.790000915527344,600,22.809999465942383,22.709999084472656,11.880099296569824
26-04-2006,22.790000915527344,22.979999542236328,500,22.989999771118164,22.790000915527344,11.921953201293944
27-04-2006,22.540000915527344,22.709999084472656,6200,22.8799991607666,22.8799991607666,11.969032287597656
28-04-2006,22.559999465942383,22.739999771118164,8000,22.850000381469727,22.81999969482422,11.937644004821776
01-05-2006,22.799999237060547,22.799999237060547,1600,23.030000686645508,22.850000381469727,11.953340530395508
02-05-2006,22.530000686645508,22.96999931335449,13900,22.96999931335449,22.75,11.901029586791992
03-05-2006,22.86000061035156,22.86000061035156,7500,23.0,22.979999542236328,12.021344184875488
04-05-2006,22.989999771118164,23.25,3400,23.25,23.0,12.031805992126465
05-05-2006,22.81999969482422,23.09000015258789,1200,23.09000015258789,23.07999992370605,12.073660850524902
08-05-2006,22.75,23.40999984741211,1200,23.40999984741211,22.75,11.901029586791992
09-05-2006,23.06999969482422,23.190000534057617,700,23.190000534057617,23.06999969482422,12.068429946899414
10-05-2006,22.75,23.190000534057617,5000,23.190000534057617,23.07999992370605,12.073660850524902
11-05-2006,22.71999931335449,23.34000015258789,3700,23.350000381469727,22.8799991607666,11.969032287597656
12-05-2006,22.399999618530277,22.780000686645508,2000,22.780000686645508,22.5,11.77024745941162
15-05-2006,22.5,22.5,4300,22.739999771118164,22.68000030517578,11.864409446716309
16-05-2006,22.5,22.5,2100,22.5,22.5,11.77024745941162
17-05-2006,22.5,22.5,2000,22.600000381469727,22.600000381469727,11.82256031036377
18-05-2006,22.600000381469727,22.600000381469727,12000,23.0,22.6200008392334,11.833020210266112
19-05-2006,22.5,22.5,5000,22.51000022888184,22.5,11.77024745941162
22-05-2006,22.5,22.5,200,22.5,22.5,11.77024745941162
23-05-2006,22.799999237060547,22.959999084472656,2900,23.239999771118164,23.06999969482422,12.068429946899414
24-05-2006,23.149999618530277,23.32999992370605,700,23.32999992370605,23.149999618530277,12.110278129577637
25-05-2006,22.51000022888184,23.31999969482422,1900,23.31999969482422,22.84000015258789,11.948108673095703
26-05-2006,22.850000381469727,22.850000381469727,1600,22.850000381469727,22.850000381469727,11.953340530395508
30-05-2006,22.530000686645508,22.530000686645508,1200,22.940000534057617,22.899999618530277,11.979496955871582
31-05-2006,22.51000022888184,22.90999984741211,8100,22.90999984741211,22.75,11.901029586791992
01-06-2006,22.549999237060547,22.549999237060547,3700,23.040000915527344,23.040000915527344,12.052734375
02-06-2006,23.32999992370605,23.32999992370605,3000,23.5,23.5,12.293373107910156
05-06-2006,22.84000015258789,22.84000015258789,700,23.34000015258789,23.299999237060547,12.188742637634276
06-06-2006,23.5,23.5,1100,23.68000030517578,23.520000457763672,12.303833961486816
07-06-2006,23.520000457763672,23.520000457763672,0,23.520000457763672,23.520000457763672,12.42000961303711
08-06-2006,23.200000762939453,23.200000762939453,700,23.200000762939453,23.200000762939453,12.251025199890137
09-06-2006,22.940000534057617,23.049999237060547,36800,24.40999984741211,23.93000030517578,12.63650608062744
12-06-2006,23.940000534057617,24.040000915527344,4700,24.059999465942383,23.940000534057617,12.64179515838623
13-06-2006,23.6200008392334,23.979999542236328,3000,23.979999542236328,23.93000030517578,12.63650608062744
14-06-2006,23.600000381469727,23.850000381469727,1600,23.850000381469727,23.600000381469727,12.462250709533691
15-06-2006,23.600000381469727,23.600000381469727,2400,23.979999542236328,23.729999542236328,12.53090000152588
16-06-2006,23.6200008392334,23.690000534057617,1500,24.020000457763672,24.020000457763672,12.68403434753418
19-06-2006,23.86000061035156,24.020000457763672,900,24.020000457763672,23.86000061035156,12.599546432495115
20-06-2006,23.309999465942383,23.799999237060547,3500,23.799999237060547,23.309999465942383,12.309111595153809
21-06-2006,23.13999938964844,23.309999465942383,2700,23.799999237060547,23.530000686645508,12.425285339355469
22-06-2006,23.170000076293945,23.170000076293945,1000,23.799999237060547,23.399999618530277,12.356640815734863
23-06-2006,23.43000030517578,24.350000381469727,1500,24.350000381469727,23.440000534057617,12.377760887145996
26-06-2006,23.600000381469727,23.75,7400,23.76000022888184,23.75,12.541460990905762
27-06-2006,23.549999237060547,23.600000381469727,12900,23.75,23.65999984741211,12.493935585021973
28-06-2006,23.25,23.51000022888184,3400,23.51000022888184,23.25,12.277427673339844
29-06-2006,23.200000762939453,23.25,1600,23.25,23.200000762939453,12.251025199890137
30-06-2006,23.1200008392334,23.1200008392334,300,23.1299991607666,23.1299991607666,12.214058876037598
03-07-2006,22.809999465942383,22.809999465942383,7400,23.5,23.1200008392334,12.208784103393556
05-07-2006,23.1200008392334,23.1200008392334,0,23.1200008392334,23.1200008392334,12.208784103393556
06-07-2006,23.01000022888184,23.01000022888184,2600,23.030000686645508,23.020000457763672,12.155975341796877
07-07-2006,22.5,23.030000686645508,9400,23.030000686645508,22.6299991607666,11.950031280517578
10-07-2006,23.200000762939453,23.690000534057617,24100,24.350000381469727,24.0,12.67347240447998
11-07-2006,23.51000022888184,23.709999084472656,1800,23.799999237060547,23.799999237060547,12.567862510681152
12-07-2006,23.32999992370605,23.729999542236328,2600,23.75,23.75,12.541460990905762
13-07-2006,23.530000686645508,23.68000030517578,900,23.770000457763672,23.770000457763672,12.55202293395996
14-07-2006,23.770000457763672,23.770000457763672,0,23.770000457763672,23.770000457763672,12.55202293395996
17-07-2006,23.399999618530277,23.899999618530277,500,23.899999618530277,23.399999618530277,12.356640815734863
18-07-2006,22.790000915527344,22.799999237060547,400,22.899999618530277,22.899999618530277,12.092609405517578
19-07-2006,22.799999237060547,22.899999618530277,1800,23.100000381469727,22.940000534057617,12.113730430603027
20-07-2006,22.75,23.530000686645508,400,23.530000686645508,22.75,12.013401985168455
21-07-2006,22.559999465942383,22.559999465942383,200,22.71999931335449,22.71999931335449,11.99755573272705
24-07-2006,22.450000762939453,22.61000061035156,2900,22.63999938964844,22.450000762939453,11.854981422424316
25-07-2006,22.59000015258789,22.649999618530277,1100,22.649999618530277,22.59000015258789,11.928906440734863
26-07-2006,22.36000061035156,22.3700008392334,2100,22.71999931335449,22.479999542236328,11.87082290649414
27-07-2006,22.40999984741211,22.479999542236328,1100,22.790000915527344,22.56999969482422,11.918346405029297
28-07-2006,22.450000762939453,22.450000762939453,2800,22.899999618530277,22.899999618530277,12.092609405517578
31-07-2006,22.899999618530277,22.899999618530277,0,22.899999618530277,22.899999618530277,12.092609405517578
01-08-2006,22.93000030517578,22.989999771118164,7400,23.149999618530277,23.0,12.145407676696776
02-08-2006,23.0,23.0,200,23.0,23.0,12.145407676696776
03-08-2006,23.0,23.0,0,23.0,23.0,12.145407676696776
04-08-2006,23.01000022888184,23.01000022888184,100,23.01000022888184,23.01000022888184,12.150690078735352
07-08-2006,23.01000022888184,23.01000022888184,1900,23.01000022888184,23.01000022888184,12.150690078735352
08-08-2006,22.75,22.799999237060547,2500,22.81999969482422,22.81999969482422,12.050359725952148
09-08-2006,22.81999969482422,22.81999969482422,3200,22.899999618530277,22.850000381469727,12.066205978393556
10-08-2006,22.850000381469727,22.850000381469727,900,23.06999969482422,23.06999969482422,12.182380676269531
11-08-2006,22.979999542236328,22.979999542236328,10200,23.09000015258789,23.0,12.145407676696776
14-08-2006,22.950000762939453,22.950000762939453,1200,22.950000762939453,22.950000762939453,12.119009017944336
15-08-2006,23.06999969482422,23.06999969482422,200,23.100000381469727,23.100000381469727,12.198220252990724
16-08-2006,22.899999618530277,22.950000762939453,8000,23.149999618530277,23.149999618530277,12.224626541137695
17-08-2006,22.559999465942383,23.049999237060547,5000,23.1299991607666,23.1299991607666,12.214058876037598
18-08-2006,23.13999938964844,23.13999938964844,300,23.13999938964844,23.13999938964844,12.219341278076172
21-08-2006,23.170000076293945,23.170000076293945,1200,23.170000076293945,23.170000076293945,12.235182762145996
22-08-2006,23.13999938964844,23.15999984741211,2400,23.63999938964844,23.63999938964844,12.483367919921877
23-08-2006,23.399999618530277,23.5,900,23.600000381469727,23.600000381469727,12.462250709533691
24-08-2006,23.5,23.5,100,23.5,23.5,12.409445762634276
25-08-2006,23.350000381469727,23.350000381469727,100,23.350000381469727,23.350000381469727,12.330236434936523
28-08-2006,23.350000381469727,23.350000381469727,0,23.350000381469727,23.350000381469727,12.330236434936523
29-08-2006,23.309999465942383,23.600000381469727,1400,23.600000381469727,23.309999465942383,12.309111595153809
30-08-2006,23.25,23.59000015258789,700,23.600000381469727,23.25,12.277427673339844
31-08-2006,23.170000076293945,23.170000076293945,900,23.6200008392334,23.6200008392334,12.472810745239258
01-09-2006,23.309999465942383,23.770000457763672,2800,23.770000457763672,23.65999984741211,12.493935585021973
05-09-2006,23.399999618530277,23.399999618530277,100,23.399999618530277,23.399999618530277,12.356640815734863
06-09-2006,23.020000457763672,23.020000457763672,1000,23.34000015258789,23.280000686645508,12.40994930267334
07-09-2006,23.26000022888184,23.26000022888184,200,23.26000022888184,23.26000022888184,12.399284362792969
08-09-2006,23.18000030517578,23.290000915527344,1200,23.290000915527344,23.18000030517578,12.35663890838623
11-09-2006,23.0,23.0,1300,23.270000457763672,23.270000457763672,12.40461254119873
12-09-2006,23.149999618530277,23.149999618530277,200,23.309999465942383,23.309999465942383,12.425938606262209
13-09-2006,23.01000022888184,23.149999618530277,500,23.149999618530277,23.01000022888184,12.266011238098145
14-09-2006,22.920000076293945,23.0,2800,23.0,22.920000076293945,12.218043327331545
15-09-2006,22.920000076293945,23.489999771118164,700,23.489999771118164,22.920000076293945,12.218043327331545
18-09-2006,22.920000076293945,22.920000076293945,3300,23.0,23.0,12.260680198669434
19-09-2006,23.0,23.299999237060547,1300,23.299999237060547,23.06999969482422,12.298001289367676
20-09-2006,23.06999969482422,23.06999969482422,0,23.06999969482422,23.06999969482422,12.298001289367676
21-09-2006,22.520000457763672,23.25,2500,23.25,22.979999542236328,12.25002098083496
22-09-2006,23.200000762939453,23.200000762939453,300,23.479999542236328,23.479999542236328,12.516559600830078
25-09-2006,23.25,23.5,1900,23.5,23.25,12.393951416015623
26-09-2006,23.0,23.0,2500,23.25,23.25,12.393951416015623
27-09-2006,23.270000457763672,23.489999771118164,2700,23.5,23.270000457763672,12.40461254119873
28-09-2006,23.25,23.25,300,23.25,23.25,12.393951416015623
29-09-2006,23.25,23.25,4200,23.68000030517578,23.68000030517578,12.623176574707031
02-10-2006,23.200000762939453,23.200000762939453,400,23.200000762939453,23.200000762939453,12.367300033569336
03-10-2006,23.25,23.540000915527344,3400,23.540000915527344,23.25,12.393951416015623
04-10-2006,22.76000022888184,22.76000022888184,3200,23.0,22.809999465942383,12.159399032592772
05-10-2006,22.76000022888184,23.229999542236328,900,23.239999771118164,23.239999771118164,12.388620376586914
06-10-2006,23.059999465942383,23.239999771118164,2900,23.25,23.25,12.393951416015623
09-10-2006,23.489999771118164,23.489999771118164,500,23.489999771118164,23.489999771118164,12.521890640258787
10-10-2006,23.25,23.690000534057617,10800,23.690000534057617,23.31999969482422,12.431270599365234
11-10-2006,23.25,23.5,2500,23.700000762939453,23.5,12.527223587036133
12-10-2006,23.350000381469727,23.350000381469727,1200,23.8700008392334,23.8700008392334,12.724458694458008
13-10-2006,23.520000457763672,23.520000457763672,500,23.790000915527344,23.6200008392334,12.591187477111816
16-10-2006,23.5,23.6200008392334,1400,23.71999931335449,23.5,12.527223587036133
17-10-2006,23.25,23.989999771118164,2400,23.989999771118164,23.25,12.393951416015623
18-10-2006,23.25,23.25,1000,23.25,23.25,12.393951416015623
19-10-2006,23.5,23.57999992370605,1800,24.0,23.76000022888184,12.665820121765137
20-10-2006,23.270000457763672,23.51000022888184,10300,23.57999992370605,23.479999542236328,12.516559600830078
23-10-2006,23.25,23.25,2600,23.5,23.489999771118164,12.521890640258787
24-10-2006,23.309999465942383,23.489999771118164,4100,23.5,23.5,12.527223587036133
25-10-2006,23.309999465942383,23.309999465942383,1000,23.51000022888184,23.489999771118164,12.521890640258787
26-10-2006,23.450000762939453,23.489999771118164,4200,23.5,23.5,12.527223587036133
27-10-2006,23.600000381469727,23.600000381469727,600,23.600000381469727,23.600000381469727,12.580531120300291
30-10-2006,22.200000762939453,23.25,5100,23.5,23.5,12.527223587036133
31-10-2006,23.25,23.36000061035156,2400,23.8700008392334,23.8700008392334,12.724458694458008
01-11-2006,23.5,23.5,6700,23.690000534057617,23.5,12.527223587036133
02-11-2006,23.670000076293945,23.739999771118164,3300,24.0,23.670000076293945,12.617844581604004
03-11-2006,23.459999084472656,23.520000457763672,900,23.729999542236328,23.520000457763672,12.537886619567873
06-11-2006,23.5,23.520000457763672,1100,23.530000686645508,23.5,12.527223587036133
07-11-2006,23.5,23.739999771118164,2300,23.739999771118164,23.5,12.527223587036133
08-11-2006,23.5,23.5,5600,23.739999771118164,23.57999992370605,12.569868087768556
09-11-2006,23.5,23.63999938964844,4000,23.63999938964844,23.559999465942383,12.559206008911133
10-11-2006,23.6299991607666,23.649999618530277,8400,23.75,23.75,12.66049098968506
13-11-2006,23.75,23.75,200,23.75,23.75,12.66049098968506
14-11-2006,23.5,23.5,900,23.75,23.75,12.66049098968506
15-11-2006,23.5,23.6299991607666,1000,23.700000762939453,23.56999969482422,12.564541816711426
16-11-2006,23.31999969482422,23.31999969482422,1700,23.56999969482422,23.5,12.527223587036133
17-11-2006,23.5,23.5,6400,23.549999237060547,23.5,12.527223587036133
20-11-2006,23.5,23.5,0,23.5,23.5,12.527223587036133
21-11-2006,23.5,23.5,1500,23.540000915527344,23.540000915527344,12.548543930053713
22-11-2006,23.5,23.51000022888184,2300,23.51000022888184,23.5,12.527223587036133
24-11-2006,23.549999237060547,23.549999237060547,700,23.549999237060547,23.549999237060547,12.553875923156738
27-11-2006,23.5,23.51000022888184,1100,23.51000022888184,23.5,12.527223587036133
28-11-2006,23.5,23.5,100,23.5,23.5,12.527223587036133
29-11-2006,23.5,23.5,0,23.5,23.5,12.527223587036133
30-11-2006,23.299999237060547,23.299999237060547,400,23.299999237060547,23.299999237060547,12.42060375213623
01-12-2006,23.5,23.5,700,23.75,23.739999771118164,12.65516185760498
04-12-2006,23.290000915527344,23.36000061035156,2000,23.6299991607666,23.309999465942383,12.542166709899902
05-12-2006,23.1200008392334,23.290000915527344,8400,23.31999969482422,23.25,12.509881973266602
06-12-2006,23.51000022888184,23.51000022888184,1600,23.709999084472656,23.709999084472656,12.757391929626465
07-12-2006,23.459999084472656,23.700000762939453,1800,23.700000762939453,23.600000381469727,12.69820785522461
08-12-2006,23.290000915527344,23.350000381469727,800,23.450000762939453,23.290000915527344,12.531405448913574
11-12-2006,23.25,23.280000686645508,3300,23.299999237060547,23.25,12.509881973266602
12-12-2006,23.06999969482422,23.420000076293945,1600,23.420000076293945,23.229999542236328,12.499122619628906
13-12-2006,23.21999931335449,23.280000686645508,2000,23.350000381469727,23.21999931335449,12.49374294281006
14-12-2006,23.11000061035156,23.38999938964844,1000,23.38999938964844,23.26000022888184,12.515262603759766
15-12-2006,23.270000457763672,23.670000076293945,7200,23.739999771118164,23.299999237060547,12.536785125732422
18-12-2006,23.31999969482422,23.57999992370605,5700,23.76000022888184,23.76000022888184,12.784295082092283
19-12-2006,23.600000381469727,23.75,2000,23.75,23.600000381469727,12.69820785522461
20-12-2006,23.299999237060547,23.3799991607666,900,23.3799991607666,23.299999237060547,12.536785125732422
21-12-2006,23.40999984741211,23.40999984741211,500,23.40999984741211,23.40999984741211,12.59597110748291
22-12-2006,23.399999618530277,23.5,1300,23.5,23.399999618530277,12.59058952331543
26-12-2006,23.549999237060547,23.739999771118164,1000,23.739999771118164,23.549999237060547,12.671297073364258
27-12-2006,23.38999938964844,23.88999938964844,2600,23.88999938964844,23.38999938964844,12.585212707519531
28-12-2006,23.0,23.38999938964844,8000,23.38999938964844,23.350000381469727,12.563687324523926
29-12-2006,23.049999237060547,23.350000381469727,4300,23.350000381469727,23.31999969482422,12.54754638671875
03-01-2007,23.200000762939453,23.200000762939453,4900,23.68000030517578,23.5,12.644394874572754
04-01-2007,23.649999618530277,23.68000030517578,1700,23.68000030517578,23.68000030517578,12.74124526977539
05-01-2007,23.5,23.799999237060547,2800,23.850000381469727,23.649999618530277,12.725110054016112
08-01-2007,23.36000061035156,23.979999542236328,5400,23.979999542236328,23.479999542236328,12.633631706237791
09-01-2007,23.32999992370605,23.5,4500,23.549999237060547,23.399999618530277,12.59058952331543
10-01-2007,23.280000686645508,23.299999237060547,3300,23.450000762939453,23.350000381469727,12.563687324523926
11-01-2007,23.43000030517578,23.489999771118164,3200,23.729999542236328,23.46999931335449,12.62825870513916
12-01-2007,23.549999237060547,23.559999465942383,1100,23.57999992370605,23.549999237060547,12.671297073364258
16-01-2007,23.43000030517578,23.450000762939453,1200,23.5,23.479999542236328,12.633631706237791
17-01-2007,23.229999542236328,23.600000381469727,6100,23.600000381469727,23.31999969482422,12.54754638671875
18-01-2007,23.01000022888184,23.309999465942383,3700,23.309999465942383,23.030000686645508,12.391509056091309
19-01-2007,23.21999931335449,23.450000762939453,800,23.450000762939453,23.25,12.509881973266602
22-01-2007,23.0,23.25,4500,23.25,23.0,12.3753662109375
23-01-2007,22.399999618530277,23.01000022888184,6700,23.01000022888184,22.5,12.106342315673828
24-01-2007,22.170000076293945,22.5,5500,22.75,22.399999618530277,12.052535057067873
25-01-2007,22.399999618530277,22.399999618530277,1000,22.399999618530277,22.399999618530277,12.052535057067873
26-01-2007,21.75,22.209999084472656,6400,22.290000915527344,22.049999237060547,11.864211082458496
29-01-2007,22.01000022888184,22.13999938964844,1400,22.200000762939453,22.200000762939453,11.94491958618164
30-01-2007,22.200000762939453,22.200000762939453,9200,22.530000686645508,22.5,12.106342315673828
31-01-2007,22.489999771118164,22.5,4500,22.600000381469727,22.600000381469727,12.160140991210938
01-02-2007,22.549999237060547,22.6299991607666,1500,22.63999938964844,22.57999992370605,12.149381637573242
02-02-2007,22.549999237060547,22.600000381469727,300,22.600000381469727,22.549999237060547,12.13323974609375
05-02-2007,22.549999237060547,22.600000381469727,800,22.600000381469727,22.600000381469727,12.160140991210938
06-02-2007,22.59000015258789,22.600000381469727,500,22.600000381469727,22.59000015258789,12.154760360717772
07-02-2007,22.549999237060547,22.549999237060547,1900,22.6299991607666,22.600000381469727,12.160140991210938
08-02-2007,22.549999237060547,22.600000381469727,2900,22.600000381469727,22.59000015258789,12.154760360717772
09-02-2007,22.440000534057617,22.559999465942383,1300,22.559999465942383,22.440000534057617,12.07405948638916
12-02-2007,22.440000534057617,22.440000534057617,3100,22.51000022888184,22.51000022888184,12.111720085144045
13-02-2007,22.5,22.5,1000,22.5,22.5,12.106342315673828
14-02-2007,22.5,22.5,4800,22.649999618530277,22.5,12.106342315673828
15-02-2007,22.649999618530277,22.649999618530277,300,22.649999618530277,22.649999618530277,12.187044143676758
16-02-2007,22.649999618530277,22.649999618530277,500,22.649999618530277,22.649999618530277,12.187044143676758
20-02-2007,22.059999465942383,22.059999465942383,3900,22.63999938964844,22.530000686645508,12.122480392456056
21-02-2007,22.049999237060547,22.649999618530277,11700,22.649999618530277,22.46999931335449,12.090194702148438
22-02-2007,22.399999618530277,22.399999618530277,2800,22.40999984741211,22.40999984741211,12.05791473388672
23-02-2007,22.049999237060547,22.049999237060547,13800,22.420000076293945,22.420000076293945,12.06329345703125
26-02-2007,22.399999618530277,22.489999771118164,1200,22.489999771118164,22.399999618530277,12.052535057067873
27-02-2007,22.309999465942383,22.350000381469727,300,22.350000381469727,22.309999465942383,12.004110336303713
28-02-2007,22.299999237060547,22.32999992370605,2400,22.459999084472656,22.459999084472656,12.084815979003906
01-03-2007,22.459999084472656,22.459999084472656,0,22.459999084472656,22.459999084472656,12.084815979003906
02-03-2007,22.299999237060547,22.299999237060547,1000,22.299999237060547,22.299999237060547,11.998723983764648
05-03-2007,22.1299991607666,22.299999237060547,6900,22.299999237060547,22.200000762939453,12.063939094543455
06-03-2007,22.020000457763672,22.200000762939453,5400,22.25,22.020000457763672,11.966121673583984
07-03-2007,22.100000381469727,22.25,6200,22.34000015258789,22.25,12.091108322143556
08-03-2007,22.1200008392334,22.299999237060547,8000,22.40999984741211,22.40999984741211,12.178054809570312
09-03-2007,22.399999618530277,22.399999618530277,1000,22.399999618530277,22.399999618530277,12.172625541687012
12-03-2007,22.38999938964844,22.399999618530277,1100,22.399999618530277,22.38999938964844,12.16718864440918
13-03-2007,22.350000381469727,22.350000381469727,2300,22.399999618530277,22.36000061035156,12.150883674621582
14-03-2007,22.100000381469727,22.350000381469727,2400,22.450000762939453,22.36000061035156,12.150883674621582
15-03-2007,22.440000534057617,22.5,1500,22.5,22.440000534057617,12.194355964660645
16-03-2007,22.440000534057617,22.440000534057617,0,22.440000534057617,22.440000534057617,12.194355964660645
19-03-2007,22.350000381469727,22.440000534057617,6600,22.450000762939453,22.450000762939453,12.199792861938477
20-03-2007,22.399999618530277,22.399999618530277,500,22.399999618530277,22.399999618530277,12.172625541687012
21-03-2007,22.350000381469727,22.350000381469727,7600,22.6200008392334,22.350000381469727,12.145453453063965
22-03-2007,22.38999938964844,22.489999771118164,7300,22.600000381469727,22.51000022888184,12.232403755187988
23-03-2007,22.38999938964844,22.5,15500,22.690000534057617,22.440000534057617,12.194355964660645
26-03-2007,22.450000762939453,22.6200008392334,1400,22.6200008392334,22.61000061035156,12.286738395690918
27-03-2007,22.63999938964844,22.63999938964844,2700,22.71999931335449,22.700000762939453,12.335650444030762
28-03-2007,22.799999237060547,23.0,1000,23.0,22.799999237060547,12.389989852905272
29-03-2007,22.690000534057617,22.959999084472656,1000,22.959999084472656,22.700000762939453,12.335650444030762
30-03-2007,22.8799991607666,22.989999771118164,1100,23.0,22.8799991607666,12.433462142944336
02-04-2007,22.61000061035156,22.90999984741211,3600,22.940000534057617,22.6200008392334,12.292170524597168
03-04-2007,22.63999938964844,22.65999984741211,500,22.65999984741211,22.63999938964844,12.303041458129885
04-04-2007,22.540000915527344,22.59000015258789,400,22.59000015258789,22.540000915527344,12.248700141906738
05-04-2007,22.88999938964844,22.88999938964844,1000,23.0,22.989999771118164,12.493237495422363
09-04-2007,22.520000457763672,22.75,4600,22.799999237060547,22.520000457763672,12.237833023071287
10-04-2007,22.350000381469727,22.6200008392334,4100,22.670000076293945,22.350000381469727,12.145453453063965
11-04-2007,22.1299991607666,22.36000061035156,2300,22.36000061035156,22.18000030517578,12.05306911468506
12-04-2007,22.25,22.25,400,22.26000022888184,22.26000022888184,12.096543312072754
13-04-2007,22.270000457763672,22.290000915527344,200,22.290000915527344,22.270000457763672,12.101970672607422
16-04-2007,22.309999465942383,22.36000061035156,800,22.36000061035156,22.31999969482422,12.129149436950684
17-04-2007,22.270000457763672,22.43000030517578,5800,22.649999618530277,22.450000762939453,12.199792861938477
18-04-2007,22.38999938964844,22.450000762939453,600,22.450000762939453,22.38999938964844,12.16718864440918
19-04-2007,22.290000915527344,22.290000915527344,800,22.40999984741211,22.399999618530277,12.172625541687012
20-04-2007,22.149999618530277,22.420000076293945,8000,22.5,22.350000381469727,12.145453453063965
23-04-2007,22.399999618530277,22.979999542236328,10300,22.989999771118164,22.5,12.22696304321289
24-04-2007,22.229999542236328,22.6200008392334,2600,22.6200008392334,22.5,12.22696304321289
25-04-2007,22.299999237060547,22.299999237060547,9100,22.5,22.399999618530277,12.172625541687012
26-04-2007,22.309999465942383,22.479999542236328,300,22.479999542236328,22.309999465942383,12.1237154006958
27-04-2007,22.25,22.31999969482422,4000,22.36000061035156,22.25,12.091108322143556
30-04-2007,22.0,22.32999992370605,7700,22.549999237060547,22.549999237060547,12.25413417816162
01-05-2007,22.149999618530277,22.309999465942383,3500,22.309999465942383,22.239999771118164,12.085665702819824
02-05-2007,22.100000381469727,22.25,10100,22.25,22.149999618530277,12.03676414489746
03-05-2007,22.100000381469727,22.100000381469727,4400,22.200000762939453,22.15999984741211,12.042202949523926
04-05-2007,22.149999618530277,22.149999618530277,1700,22.200000762939453,22.200000762939453,12.063939094543455
07-05-2007,22.15999984741211,22.209999084472656,2000,22.34000015258789,22.25,12.091108322143556
08-05-2007,22.25,22.25,1000,22.25,22.25,12.091108322143556
09-05-2007,22.200000762939453,22.25,1800,22.32999992370605,22.299999237060547,12.118274688720703
10-05-2007,22.25,22.25,2800,22.399999618530277,22.25,12.091108322143556
11-05-2007,22.25,22.25,3800,22.350000381469727,22.350000381469727,12.145453453063965
14-05-2007,22.25,22.40999984741211,9000,22.40999984741211,22.25,12.091108322143556
15-05-2007,22.3799991607666,22.3799991607666,6200,22.399999618530277,22.399999618530277,12.172625541687012
16-05-2007,22.3799991607666,22.450000762939453,2900,22.450000762939453,22.440000534057617,12.194355964660645
17-05-2007,22.440000534057617,22.5,2800,22.5,22.440000534057617,12.194355964660645
18-05-2007,22.26000022888184,22.36000061035156,1300,22.43000030517578,22.43000030517578,12.188922882080078
21-05-2007,22.25,22.25,2100,22.46999931335449,22.46999931335449,12.210653305053713
22-05-2007,22.46999931335449,22.46999931335449,3000,22.559999465942383,22.549999237060547,12.25413417816162
23-05-2007,22.549999237060547,22.559999465942383,700,22.559999465942383,22.549999237060547,12.25413417816162
24-05-2007,22.5,22.5,2600,22.600000381469727,22.600000381469727,12.281305313110352
25-05-2007,22.600000381469727,22.600000381469727,0,22.600000381469727,22.600000381469727,12.281305313110352
29-05-2007,22.450000762939453,22.459999084472656,1900,22.649999618530277,22.649999618530277,12.308480262756348
30-05-2007,22.71999931335449,22.739999771118164,1300,22.75,22.75,12.36281967163086
31-05-2007,22.75,22.75,2300,23.0,22.899999618530277,12.444332122802734
01-06-2007,22.809999465942383,22.989999771118164,2100,22.989999771118164,22.920000076293945,12.45520305633545
04-06-2007,22.809999465942383,22.82999992370605,200,22.82999992370605,22.809999465942383,12.395419120788574
05-06-2007,22.90999984741211,23.07999992370605,1100,23.07999992370605,23.07999992370605,12.54214572906494
06-06-2007,22.75,22.75,2700,22.799999237060547,22.799999237060547,12.51470184326172
07-06-2007,22.40999984741211,22.559999465942383,1800,22.559999465942383,22.40999984741211,12.300636291503906
08-06-2007,22.3799991607666,22.5,2100,22.61000061035156,22.61000061035156,12.410414695739746
11-06-2007,22.40999984741211,22.520000457763672,1400,22.68000030517578,22.420000076293945,12.306123733520508
12-06-2007,22.21999931335449,22.3700008392334,2800,22.3700008392334,22.270000457763672,12.223790168762209
13-06-2007,22.399999618530277,22.399999618530277,900,22.399999618530277,22.399999618530277,12.295148849487305
14-06-2007,22.25,22.25,900,22.399999618530277,22.290000915527344,12.234771728515623
15-06-2007,22.290000915527344,22.290000915527344,0,22.290000915527344,22.290000915527344,12.234771728515623
18-06-2007,22.25,22.25,3100,22.270000457763672,22.270000457763672,12.223790168762209
19-06-2007,22.270000457763672,22.270000457763672,400,22.3799991607666,22.3799991607666,12.284173011779783
20-06-2007,22.25,22.270000457763672,5600,22.270000457763672,22.25,12.212813377380373
21-06-2007,22.25,22.34000015258789,2100,22.34000015258789,22.299999237060547,12.24025535583496
22-06-2007,22.25,22.38999938964844,5600,22.399999618530277,22.25,12.212813377380373
25-06-2007,22.25,22.25,8400,22.299999237060547,22.299999237060547,12.24025535583496
26-06-2007,22.32999992370605,22.38999938964844,2400,22.459999084472656,22.459999084472656,12.328083992004396
27-06-2007,22.25,22.489999771118164,11500,22.51000022888184,22.450000762939453,12.322587966918944
28-06-2007,22.36000061035156,22.36000061035156,500,22.5,22.5,12.350035667419434
29-06-2007,22.5,22.5,500,22.5,22.5,12.350035667419434
02-07-2007,22.399999618530277,22.5,4500,22.739999771118164,22.5,12.350035667419434
03-07-2007,22.40999984741211,22.40999984741211,800,22.690000534057617,22.5,12.350035667419434
05-07-2007,22.479999542236328,22.479999542236328,600,22.520000457763672,22.520000457763672,12.36101531982422
06-07-2007,22.51000022888184,22.51000022888184,400,22.51000022888184,22.51000022888184,12.355527877807615
09-07-2007,22.40999984741211,22.40999984741211,1100,22.959999084472656,22.959999084472656,12.602524757385254
10-07-2007,22.270000457763672,22.43000030517578,7100,22.770000457763672,22.270000457763672,12.223790168762209
11-07-2007,22.21999931335449,22.21999931335449,300,22.21999931335449,22.21999931335449,12.196344375610352
12-07-2007,22.26000022888184,22.26000022888184,2400,22.690000534057617,22.649999618530277,12.432372093200684
13-07-2007,22.489999771118164,22.739999771118164,1900,22.739999771118164,22.5,12.350035667419434
16-07-2007,22.3799991607666,22.3799991607666,2300,22.489999771118164,22.3799991607666,12.284173011779783
17-07-2007,22.3799991607666,22.3799991607666,5400,22.479999542236328,22.450000762939453,12.322587966918944
18-07-2007,22.450000762939453,22.450000762939453,0,22.450000762939453,22.450000762939453,12.322587966918944
19-07-2007,22.25,22.26000022888184,300,22.26000022888184,22.25,12.212813377380373
20-07-2007,22.229999542236328,22.26000022888184,600,22.26000022888184,22.229999542236328,12.201833724975586
23-07-2007,22.229999542236328,22.229999542236328,1800,22.5,22.350000381469727,12.267705917358398
24-07-2007,22.040000915527344,22.26000022888184,2000,22.34000015258789,22.040000915527344,12.097545623779297
25-07-2007,22.0,22.01000022888184,300,22.01000022888184,22.0,12.075589179992676
26-07-2007,21.8799991607666,22.01000022888184,3200,22.11000061035156,21.8799991607666,12.009725570678713
27-07-2007,21.790000915527344,21.96999931335449,1000,21.979999542236328,21.979999542236328,12.06460666656494
30-07-2007,21.8700008392334,21.8799991607666,700,22.170000076293945,22.170000076293945,12.168901443481444
31-07-2007,21.100000381469727,21.950000762939453,4700,21.950000762939453,21.459999084472656,11.77919101715088
01-08-2007,20.46999931335449,21.3700008392334,5200,21.3700008392334,20.540000915527344,11.274213790893556
02-08-2007,20.32999992370605,20.450000762939453,5800,20.780000686645508,20.61000061035156,11.312631607055664
03-08-2007,20.6200008392334,20.68000030517578,15000,20.96999931335449,20.81999969482422,11.427899360656738
06-08-2007,20.6299991607666,20.979999542236328,1900,21.059999465942383,21.040000915527344,11.548656463623049
07-08-2007,21.0,21.200000762939453,1200,21.229999542236328,21.209999084472656,11.64196491241455
08-08-2007,21.020000457763672,21.049999237060547,3400,21.5,21.1299991607666,11.59805393218994
09-08-2007,20.770000457763672,21.030000686645508,1500,21.31999969482422,20.770000457763672,11.400453567504885
10-08-2007,21.0,21.0,2200,21.149999618530277,21.149999618530277,11.609034538269045
13-08-2007,20.40999984741211,21.07999992370605,3100,21.07999992370605,20.700000762939453,11.36202907562256
14-08-2007,20.5,20.690000534057617,600,20.690000534057617,20.5,11.25225830078125
15-08-2007,20.5,20.5,1300,20.75,20.75,11.389476776123049
16-08-2007,20.739999771118164,20.739999771118164,3500,20.809999465942383,20.809999465942383,11.422407150268556
17-08-2007,20.75,21.149999618530277,1100,21.149999618530277,20.75,11.389476776123049
20-08-2007,20.309999465942383,20.75,6500,21.5,21.030000686645508,11.543168067932127
21-08-2007,21.09000015258789,21.1299991607666,1400,21.489999771118164,21.149999618530277,11.609034538269045
22-08-2007,21.1200008392334,21.209999084472656,500,21.209999084472656,21.1299991607666,11.59805393218994
23-08-2007,21.01000022888184,21.09000015258789,300,21.09000015258789,21.01000022888184,11.532190322875977
24-08-2007,21.09000015258789,21.09000015258789,3300,21.38999938964844,21.38999938964844,11.74077033996582
27-08-2007,21.299999237060547,21.38999938964844,900,21.38999938964844,21.309999465942383,11.696856498718262
28-08-2007,21.290000915527344,21.299999237060547,900,21.299999237060547,21.290000915527344,11.68587589263916
29-08-2007,21.26000022888184,21.26000022888184,1000,21.5,21.489999771118164,11.795658111572266
30-08-2007,21.56999969482422,21.920000076293945,1700,21.920000076293945,21.920000076293945,12.031678199768066
31-08-2007,21.86000061035156,22.0,1900,22.0,21.86000061035156,11.998749732971191
04-09-2007,21.51000022888184,21.8700008392334,1300,21.8700008392334,21.71999931335449,11.921902656555176
05-09-2007,21.299999237060547,21.57999992370605,2500,21.57999992370605,21.420000076293945,11.883069038391112
06-09-2007,21.049999237060547,21.57999992370605,2400,21.57999992370605,21.56999969482422,11.966280937194824
07-09-2007,21.1299991607666,21.440000534057617,500,21.440000534057617,21.1299991607666,11.722185134887695
10-09-2007,21.059999465942383,21.149999618530277,1200,21.190000534057617,21.059999465942383,11.683353424072266
11-09-2007,21.020000457763672,21.020000457763672,200,21.020000457763672,21.020000457763672,11.661158561706545
12-09-2007,21.18000030517578,21.18000030517578,200,21.190000534057617,21.190000534057617,11.755473136901855
13-09-2007,20.75,21.190000534057617,1900,21.190000534057617,20.75,11.511375427246094
14-09-2007,20.530000686645508,20.530000686645508,500,20.530000686645508,20.530000686645508,11.389328956604004
17-09-2007,20.25,20.530000686645508,1900,20.690000534057617,20.520000457763672,11.383782386779783
18-09-2007,20.8799991607666,20.989999771118164,900,20.989999771118164,20.8799991607666,11.583497047424316
19-09-2007,20.71999931335449,20.71999931335449,1500,21.100000381469727,21.100000381469727,11.70554542541504
20-09-2007,20.940000534057617,21.020000457763672,1600,21.100000381469727,21.020000457763672,11.661158561706545
21-09-2007,20.950000762939453,21.09000015258789,3000,21.100000381469727,21.0,11.650067329406738
24-09-2007,21.100000381469727,21.100000381469727,800,21.100000381469727,21.100000381469727,11.70554542541504
25-09-2007,21.100000381469727,21.100000381469727,0,21.100000381469727,21.100000381469727,11.70554542541504
26-09-2007,21.479999542236328,21.489999771118164,1200,21.989999771118164,21.989999771118164,12.19929027557373
27-09-2007,21.850000381469727,21.989999771118164,2700,22.18000030517578,22.18000030517578,12.3046875
28-09-2007,22.01000022888184,22.09000015258789,500,22.5,22.21999931335449,12.326881408691406
01-10-2007,22.030000686645508,22.030000686645508,200,22.030000686645508,22.030000686645508,12.221477508544922
02-10-2007,21.899999618530277,21.899999618530277,9800,22.51000022888184,22.399999618530277,12.42673397064209
03-10-2007,22.5,22.5,3600,22.75,22.75,12.620903968811035
04-10-2007,22.489999771118164,22.799999237060547,4600,22.799999237060547,22.51000022888184,12.487768173217772
05-10-2007,22.100000381469727,22.71999931335449,4800,22.71999931335449,22.229999542236328,12.332420349121094
08-10-2007,22.11000061035156,22.11000061035156,1100,22.709999084472656,22.540000915527344,12.504404067993164
09-10-2007,22.200000762939453,22.36000061035156,1300,22.51000022888184,22.5,12.48221492767334
10-10-2007,22.1299991607666,22.5,1400,22.5,22.309999465942383,12.37681007385254
11-10-2007,22.0,22.32999992370605,2700,22.82999992370605,22.0,12.204828262329102
12-10-2007,22.0,22.5,1100,22.5,22.25,12.343523025512695
15-10-2007,22.040000915527344,22.399999618530277,900,22.399999618530277,22.34000015258789,12.393450736999512
16-10-2007,22.270000457763672,22.5,1400,22.5,22.270000457763672,12.354616165161133
17-10-2007,22.479999542236328,22.479999542236328,1300,22.489999771118164,22.489999771118164,12.47666358947754
18-10-2007,22.489999771118164,22.489999771118164,200,22.76000022888184,22.76000022888184,12.626450538635254
19-10-2007,22.25,22.5,3200,22.940000534057617,22.65999984741211,12.570977210998535
22-10-2007,22.65999984741211,22.65999984741211,500,22.65999984741211,22.65999984741211,12.570977210998535
23-10-2007,22.65999984741211,22.65999984741211,1100,22.65999984741211,22.65999984741211,12.570977210998535
24-10-2007,22.559999465942383,22.96999931335449,1100,22.96999931335449,22.559999465942383,12.515495300292969
25-10-2007,22.559999465942383,22.559999465942383,0,22.559999465942383,22.559999465942383,12.515495300292969
26-10-2007,22.049999237060547,22.149999618530277,400,22.149999618530277,22.049999237060547,12.23256492614746
29-10-2007,21.0,22.0,1700,22.0,21.0,11.650067329406738
30-10-2007,20.5,20.899999618530277,1200,20.940000534057617,20.59000015258789,11.422609329223633
31-10-2007,20.25,20.399999618530277,1200,20.5,20.5,11.372685432434082
01-11-2007,20.350000381469727,20.5,900,20.6299991607666,20.6299991607666,11.444801330566406
02-11-2007,20.40999984741211,20.700000762939453,1500,20.700000762939453,20.40999984741211,11.322751998901367
05-11-2007,20.5,20.6200008392334,600,20.63999938964844,20.63999938964844,11.450349807739258
06-11-2007,20.049999237060547,20.049999237060547,300,20.5,20.5,11.372685432434082
07-11-2007,20.290000915527344,20.5,3100,20.6299991607666,20.299999237060547,11.261731147766112
08-11-2007,20.0,20.25,7300,20.25,20.200000762939453,11.206254005432127
09-11-2007,20.1200008392334,20.1200008392334,400,20.1200008392334,20.1200008392334,11.161869049072266
12-11-2007,20.1200008392334,20.1200008392334,0,20.1200008392334,20.1200008392334,11.161869049072266
13-11-2007,20.280000686645508,20.5,1200,20.5,20.3700008392334,11.300559043884276
14-11-2007,20.0,20.0,500,20.149999618530277,20.13999938964844,11.172968864440918
15-11-2007,20.200000762939453,20.200000762939453,500,20.200000762939453,20.200000762939453,11.206254005432127
16-11-2007,20.200000762939453,20.200000762939453,600,20.200000762939453,20.200000762939453,11.206254005432127
19-11-2007,20.649999618530277,20.649999618530277,300,20.75,20.75,11.511375427246094
20-11-2007,20.38999938964844,20.46999931335449,600,20.46999931335449,20.38999938964844,11.311660766601562
21-11-2007,20.200000762939453,20.200000762939453,500,20.200000762939453,20.200000762939453,11.206254005432127
23-11-2007,20.200000762939453,20.200000762939453,0,20.200000762939453,20.200000762939453,11.206254005432127
26-11-2007,20.200000762939453,20.200000762939453,300,20.200000762939453,20.200000762939453,11.206254005432127
27-11-2007,19.530000686645508,20.200000762939453,2400,20.239999771118164,19.56999969482422,10.856745719909668
28-11-2007,19.51000022888184,19.770000457763672,2300,20.0,19.649999618530277,10.90113353729248
29-11-2007,20.0,20.0,600,20.149999618530277,20.13999938964844,11.172968864440918
30-11-2007,20.290000915527344,20.299999237060547,600,20.299999237060547,20.299999237060547,11.261731147766112
03-12-2007,20.170000076293945,20.170000076293945,1800,21.049999237060547,21.049999237060547,11.677806854248049
04-12-2007,20.5,20.5,800,20.559999465942383,20.559999465942383,11.405970573425291
05-12-2007,20.600000381469727,20.700000762939453,1200,20.700000762939453,20.600000381469727,11.557448387145996
06-12-2007,20.600000381469727,20.700000762939453,2900,21.01000022888184,20.989999771118164,11.776252746582031
07-12-2007,20.459999084472656,21.0,1300,21.0,20.690000534057617,11.607945442199709
10-12-2007,20.209999084472656,20.700000762939453,700,20.700000762939453,20.209999084472656,11.338643074035645
11-12-2007,20.149999618530277,20.149999618530277,600,20.31999969482422,20.149999618530277,11.304984092712402
12-12-2007,19.270000457763672,20.149999618530277,3500,20.149999618530277,19.75,11.08056354522705
13-12-2007,19.51000022888184,19.75,500,19.75,19.51000022888184,10.945918083190918
14-12-2007,19.559999465942383,19.559999465942383,100,19.559999465942383,19.559999465942383,10.973968505859377
17-12-2007,19.299999237060547,19.299999237060547,5900,20.0,19.75,11.08056354522705
18-12-2007,19.549999237060547,20.0,1200,20.0,19.700000762939453,11.05251693725586
19-12-2007,19.399999618530277,19.399999618530277,2700,19.950000762939453,19.549999237060547,10.96835708618164
20-12-2007,19.399999618530277,19.399999618530277,4900,19.459999084472656,19.399999618530277,10.884202003479004
21-12-2007,19.5,20.11000061035156,1000,20.690000534057617,20.6200008392334,11.568670272827148
24-12-2007,20.68000030517578,20.68000030517578,300,20.68000030517578,20.68000030517578,11.60233211517334
26-12-2007,19.790000915527344,20.690000534057617,24300,21.0,19.790000915527344,11.10300350189209
27-12-2007,19.450000762939453,19.450000762939453,2700,19.5,19.450000762939453,10.91225242614746
28-12-2007,19.200000762939453,19.450000762939453,7700,20.700000762939453,20.700000762939453,11.613554000854492
31-12-2007,19.96999931335449,20.709999084472656,1000,20.709999084472656,19.96999931335449,11.203990936279297
02-01-2008,19.399999618530277,19.700000762939453,1800,20.0,19.959999084472656,11.198384284973145
03-01-2008,19.3700008392334,19.700000762939453,1000,19.709999084472656,19.3700008392334,10.86737060546875
04-01-2008,19.3700008392334,19.3700008392334,0,19.3700008392334,19.3700008392334,10.86737060546875
07-01-2008,19.13999938964844,19.170000076293945,800,20.57999992370605,20.57999992370605,11.54622745513916
08-01-2008,19.31999969482422,19.93000030517578,1400,20.0,20.0,11.2208251953125
09-01-2008,20.0,20.0,0,20.0,20.0,11.2208251953125
10-01-2008,19.149999618530277,19.170000076293945,1600,19.350000381469727,19.350000381469727,10.856152534484863
11-01-2008,19.1299991607666,19.170000076293945,5000,19.200000762939453,19.13999938964844,10.73833179473877
14-01-2008,21.65999984741211,21.65999984741211,100,21.65999984741211,21.65999984741211,12.152158737182615
15-01-2008,19.549999237060547,19.549999237060547,900,20.82999992370605,20.76000022888184,11.647220611572266
16-01-2008,20.0,20.5,1200,20.5,20.239999771118164,11.355473518371582
17-01-2008,19.21999931335449,19.6299991607666,5300,20.0,19.5,10.9403076171875
18-01-2008,18.649999618530277,19.149999618530277,1000,19.149999618530277,18.649999618530277,10.463421821594238
22-01-2008,19.0,19.21999931335449,1600,19.21999931335449,19.170000076293945,10.755163192749023
23-01-2008,18.200000762939453,18.3700008392334,4500,19.200000762939453,19.0,10.65978717803955
24-01-2008,18.75,18.75,2500,19.049999237060547,18.75,10.519523620605469
25-01-2008,18.959999084472656,18.959999084472656,2800,19.149999618530277,19.01000022888184,10.665392875671388
28-01-2008,18.700000762939453,19.0,2700,19.979999542236328,19.0,10.65978717803955
29-01-2008,19.350000381469727,19.5,1000,19.88999938964844,19.530000686645508,10.957138061523438
30-01-2008,19.6299991607666,19.6299991607666,6200,20.46999931335449,20.030000686645508,11.237658500671388
31-01-2008,19.5,20.0,2200,20.0,20.0,11.2208251953125
01-02-2008,19.5,19.93000030517578,900,20.0,20.0,11.2208251953125
04-02-2008,19.850000381469727,19.850000381469727,3000,20.36000061035156,20.0,11.2208251953125
05-02-2008,19.5,19.65999984741211,10200,20.979999542236328,20.979999542236328,11.770644187927246
06-02-2008,20.5,21.0,8500,21.0,20.5,11.501347541809082
07-02-2008,20.11000061035156,21.8799991607666,1000,21.8799991607666,20.11000061035156,11.28254222869873
08-02-2008,20.989999771118164,21.440000534057617,1000,21.440000534057617,21.13999938964844,11.86041259765625
11-02-2008,21.0,21.059999465942383,1600,21.059999465942383,21.0,11.78187084197998
12-02-2008,20.1200008392334,20.979999542236328,900,20.989999771118164,20.989999771118164,11.776252746582031
13-02-2008,20.989999771118164,20.989999771118164,2300,21.96999931335449,21.51000022888184,12.068001747131348
14-02-2008,21.25,21.420000076293945,3600,22.530000686645508,21.989999771118164,12.337297439575195
15-02-2008,21.799999237060547,21.899999618530277,2500,21.899999618530277,21.799999237060547,12.23069667816162
19-02-2008,21.799999237060547,21.799999237060547,0,21.799999237060547,21.799999237060547,12.23069667816162
20-02-2008,22.01000022888184,22.479999542236328,4200,22.5,22.06999969482422,12.382177352905272
21-02-2008,22.06999969482422,22.25,1300,22.25,22.06999969482422,12.382177352905272
22-02-2008,22.06999969482422,22.06999969482422,2600,22.15999984741211,22.06999969482422,12.382177352905272
25-02-2008,22.06999969482422,22.06999969482422,0,22.06999969482422,22.06999969482422,12.382177352905272
26-02-2008,22.06999969482422,22.06999969482422,0,22.06999969482422,22.06999969482422,12.382177352905272
27-02-2008,22.06999969482422,22.06999969482422,100,22.06999969482422,22.06999969482422,12.382177352905272
28-02-2008,22.06999969482422,22.06999969482422,1900,22.11000061035156,22.11000061035156,12.40462589263916
29-02-2008,22.06999969482422,22.06999969482422,600,22.63999938964844,22.63999938964844,12.701973915100098
03-03-2008,21.5,22.06999969482422,3000,22.06999969482422,21.5,12.06238842010498
04-03-2008,21.0,21.0,100,21.0,21.0,11.78187084197998
05-03-2008,20.600000381469727,21.0,2200,21.979999542236328,20.600000381469727,11.685432434082031
06-03-2008,20.049999237060547,20.770000457763672,1100,20.770000457763672,20.049999237060547,11.373441696166992
07-03-2008,20.049999237060547,20.049999237060547,0,20.049999237060547,20.049999237060547,11.373441696166992
10-03-2008,20.049999237060547,21.96999931335449,800,21.96999931335449,20.90999984741211,11.861283302307127
11-03-2008,20.13999938964844,20.13999938964844,200,20.13999938964844,20.13999938964844,11.4244966506958
12-03-2008,20.0,20.0,200,20.0,20.0,11.345083236694336
13-03-2008,19.11000061035156,21.0,4700,21.0,19.11000061035156,10.840228080749512
14-03-2008,19.270000457763672,19.290000915527344,2300,19.959999084472656,19.959999084472656,11.322391510009766
17-03-2008,20.5,20.959999084472656,4500,21.0,21.0,11.91233730316162
18-03-2008,20.0,20.299999237060547,1900,21.209999084472656,20.0,11.345083236694336
19-03-2008,20.01000022888184,21.959999084472656,500,21.959999084472656,20.01000022888184,11.350754737854004
20-03-2008,20.01000022888184,20.01000022888184,0,20.01000022888184,20.01000022888184,11.350754737854004
24-03-2008,20.670000076293945,21.979999542236328,800,21.979999542236328,20.670000076293945,11.725141525268556
25-03-2008,20.59000015258789,20.59000015258789,8500,21.0,20.75,11.770523071289062
26-03-2008,21.0,21.25,800,21.25,21.0,11.91233730316162
27-03-2008,21.26000022888184,21.399999618530277,2500,21.399999618530277,21.26000022888184,12.059820175170898
28-03-2008,21.26000022888184,21.26000022888184,2800,21.26000022888184,21.26000022888184,12.059820175170898
31-03-2008,21.26000022888184,21.26000022888184,0,21.26000022888184,21.26000022888184,12.059820175170898
01-04-2008,21.0,21.030000686645508,8000,22.0,22.0,12.479588508605955
02-04-2008,21.149999618530277,22.420000076293945,4700,22.420000076293945,21.170000076293945,12.008766174316406
03-04-2008,21.5,21.5,400,21.5,21.5,12.195961952209473
04-04-2008,21.5,21.5,0,21.5,21.5,12.195961952209473
07-04-2008,21.5,21.5,100,21.5,21.5,12.195961952209473
08-04-2008,21.299999237060547,21.299999237060547,1500,21.299999237060547,21.299999237060547,12.082515716552734
09-04-2008,21.649999618530277,21.739999771118164,500,21.739999771118164,21.649999618530277,12.281049728393556
10-04-2008,21.729999542236328,21.739999771118164,600,21.75,21.75,12.337777137756348
11-04-2008,21.5,21.5,100,21.5,21.5,12.195961952209473
14-04-2008,20.75,20.75,7000,21.649999618530277,20.850000381469727,11.827247619628906
15-04-2008,19.76000022888184,21.520000457763672,5700,21.520000457763672,20.399999618530277,11.57198429107666
16-04-2008,20.850000381469727,21.0,10200,21.280000686645508,21.0,11.91233730316162
17-04-2008,20.030000686645508,20.8799991607666,3200,20.8799991607666,20.729999542236328,11.759177207946776
18-04-2008,19.709999084472656,20.780000686645508,900,20.780000686645508,19.709999084472656,11.18057918548584
21-04-2008,19.51000022888184,19.51000022888184,300,19.850000381469727,19.850000381469727,11.259991645812988
22-04-2008,19.5,19.96999931335449,2200,20.01000022888184,19.540000915527344,11.084145545959473
23-04-2008,19.68000030517578,19.75,2100,20.01000022888184,20.0,11.345083236694336
24-04-2008,19.82999992370605,20.0,4000,20.13999938964844,19.850000381469727,11.259991645812988
25-04-2008,19.40999984741211,20.239999771118164,1400,20.239999771118164,19.61000061035156,11.123855590820312
28-04-2008,19.0,19.020000457763672,400,19.020000457763672,19.0,10.77782917022705
29-04-2008,19.690000534057617,19.690000534057617,200,19.690000534057617,19.690000534057617,11.169239044189451
30-04-2008,19.030000686645508,19.030000686645508,200,19.030000686645508,19.030000686645508,10.794849395751951
01-05-2008,19.0,19.030000686645508,1100,19.25,19.25,10.91964054107666
02-05-2008,18.989999771118164,19.25,1700,19.25,18.989999771118164,10.77215576171875
05-05-2008,18.989999771118164,19.040000915527344,1300,19.040000915527344,18.989999771118164,10.77215576171875
06-05-2008,18.0,19.63999938964844,3200,19.65999984741211,19.649999618530277,11.146543502807615
07-05-2008,19.0,19.0,500,19.0,19.0,10.77782917022705
08-05-2008,19.0,19.0,0,19.0,19.0,10.77782917022705
09-05-2008,19.0,19.0,0,19.0,19.0,10.77782917022705
12-05-2008,19.700000762939453,19.700000762939453,800,20.420000076293945,20.420000076293945,11.58332633972168
13-05-2008,18.86000061035156,20.0,3900,20.0,18.86000061035156,10.698416709899902
14-05-2008,18.979999542236328,19.649999618530277,3300,19.799999237060547,18.989999771118164,10.77215576171875
15-05-2008,18.559999465942383,18.56999969482422,600,18.56999969482422,18.559999465942383,10.528236389160156
16-05-2008,17.200000762939453,18.57999992370605,3600,18.57999992370605,17.450000762939453,9.89858341217041
19-05-2008,17.75,17.75,3100,18.0,18.0,10.21057415008545
20-05-2008,18.350000381469727,18.350000381469727,200,18.350000381469727,18.350000381469727,10.409114837646484
21-05-2008,18.010000228881836,18.010000228881836,1100,18.25,18.049999237060547,10.238936424255373
22-05-2008,18.049999237060547,18.049999237060547,0,18.049999237060547,18.049999237060547,10.238936424255373
23-05-2008,18.46999931335449,18.46999931335449,800,18.68000030517578,18.5,10.494202613830566
27-05-2008,18.5,18.5,0,18.5,18.5,10.494202613830566
28-05-2008,18.100000381469727,18.51000022888184,4500,18.600000381469727,18.100000381469727,10.26729679107666
29-05-2008,17.75,18.5,4800,18.5,17.75,10.068758964538574
30-05-2008,18.46999931335449,18.46999931335449,200,18.46999931335449,18.46999931335449,10.477180480957031
02-06-2008,17.75,18.25,2500,18.25,17.75,10.068758964538574
03-06-2008,18.0,18.5,2700,18.5,18.0,10.21057415008545
04-06-2008,17.84000015258789,18.030000686645508,10800,19.850000381469727,18.0,10.342731475830078
05-06-2008,19.59000015258789,19.899999618530277,300,19.899999618530277,19.59000015258789,11.256339073181152
06-06-2008,17.989999771118164,18.559999465942383,1200,18.61000061035156,18.0,10.342731475830078
09-06-2008,18.479999542236328,18.5,2300,18.989999771118164,18.479999542236328,10.618536949157717
10-06-2008,18.479999542236328,18.479999542236328,0,18.479999542236328,18.479999542236328,10.618536949157717
11-06-2008,18.020000457763672,18.200000762939453,2400,18.290000915527344,18.25,10.486379623413086
12-06-2008,17.93000030517578,18.149999618530277,2500,18.600000381469727,17.93000030517578,10.302507400512695
13-06-2008,17.75,18.25,1600,18.25,17.75,10.19908332824707
16-06-2008,17.75,17.75,600,18.0,18.0,10.342731475830078
17-06-2008,18.25,18.84000015258789,1500,19.450000762939453,18.5,10.630033493041992
18-06-2008,18.0,19.36000061035156,2700,19.459999084472656,18.0,10.342731475830078
19-06-2008,17.760000228881836,18.010000228881836,2800,18.40999984741211,18.40999984741211,10.578317642211914
20-06-2008,17.850000381469727,17.850000381469727,2800,19.229999542236328,18.51000022888184,10.635775566101074
23-06-2008,18.25,18.799999237060547,3200,18.799999237060547,18.489999771118164,10.624282836914062
24-06-2008,18.049999237060547,18.5,1600,18.5,18.049999237060547,10.371459007263184
25-06-2008,18.63999938964844,18.649999618530277,6100,18.649999618530277,18.649999618530277,10.716219902038574
26-06-2008,18.190000534057617,18.21999931335449,600,18.25,18.25,10.486379623413086
27-06-2008,18.25,18.5,900,18.5,18.25,10.486379623413086
30-06-2008,18.190000534057617,18.5,12500,18.5,18.25,10.486379623413086
01-07-2008,18.200000762939453,18.8799991607666,3200,19.190000534057617,18.200000762939453,10.457650184631348
02-07-2008,17.75,18.190000534057617,2500,18.200000762939453,17.75,10.19908332824707
03-07-2008,17.75,17.75,0,17.75,17.75,10.19908332824707
07-07-2008,17.75,17.760000228881836,2400,17.760000228881836,17.75,10.19908332824707
08-07-2008,17.75,17.75,0,17.75,17.75,10.19908332824707
09-07-2008,17.75,17.75,500,17.75,17.75,10.19908332824707
10-07-2008,17.75,17.75,0,17.75,17.75,10.19908332824707
11-07-2008,17.75,17.75,1200,17.780000686645508,17.75,10.19908332824707
14-07-2008,17.420000076293945,17.729999542236328,5700,17.75,17.5,10.055431365966797
15-07-2008,17.0,17.059999465942383,8300,17.5,17.049999237060547,9.796863555908203
16-07-2008,17.0,17.049999237060547,700,17.049999237060547,17.049999237060547,9.796863555908203
17-07-2008,17.75,17.790000915527344,2300,17.860000610351562,17.790000915527344,10.222065925598145
18-07-2008,17.360000610351562,17.5,600,17.5,17.360000610351562,9.974987983703612
21-07-2008,17.010000228881836,17.030000686645508,1000,17.049999237060547,17.049999237060547,9.796863555908203
22-07-2008,17.25,17.25,200,17.25,17.25,9.911786079406738
23-07-2008,17.25,17.25,100,17.25,17.25,9.911786079406738
24-07-2008,17.15999984741211,17.15999984741211,200,17.15999984741211,17.15999984741211,9.860066413879396
25-07-2008,17.5,17.5,300,17.5,17.5,10.055431365966797
28-07-2008,17.010000228881836,17.010000228881836,4200,17.969999313354492,17.06999969482422,9.808357238769531
29-07-2008,17.100000381469727,17.149999618530273,800,17.149999618530273,17.100000381469727,9.825594902038574
30-07-2008,16.1200008392334,17.0,9700,17.0,16.219999313354492,9.319948196411133
31-07-2008,16.530000686645508,16.709999084472656,600,16.709999084472656,16.530000686645508,9.49807357788086
01-08-2008,16.270000457763672,16.280000686645508,800,16.280000686645508,16.270000457763672,9.34868049621582
04-08-2008,16.270000457763672,16.350000381469727,2200,16.459999084472656,16.459999084472656,9.457852363586426
05-08-2008,16.350000381469727,16.459999084472656,4800,16.5,16.5,9.480836868286133
06-08-2008,16.469999313354492,16.670000076293945,800,16.670000076293945,16.469999313354492,9.463595390319824
07-08-2008,16.59000015258789,16.670000076293945,1100,16.670000076293945,16.59000015258789,9.532551765441896
08-08-2008,15.800000190734863,16.600000381469727,9900,16.979999542236328,15.800000190734863,9.078619956970217
11-08-2008,15.800000190734863,15.800000190734863,0,15.800000190734863,15.800000190734863,9.078619956970217
12-08-2008,16.5,16.5,300,16.5,16.5,9.480836868286133
13-08-2008,16.5,16.5,1600,16.75,16.600000381469727,9.538299560546877
14-08-2008,16.559999465942383,16.75,2800,17.25,16.75,9.62448501586914
15-08-2008,16.81999969482422,16.81999969482422,1000,17.989999771118164,17.989999771118164,10.336981773376465
18-08-2008,17.520000457763672,17.520000457763672,100,17.520000457763672,17.520000457763672,10.066927909851074
19-08-2008,17.690000534057617,17.690000534057617,1500,18.0,17.719999313354492,10.181840896606444
20-08-2008,17.0,17.850000381469727,2400,17.850000381469727,17.020000457763672,9.779623985290527
21-08-2008,17.049999237060547,17.049999237060547,1000,17.979999542236328,17.56999969482422,10.095653533935549
22-08-2008,16.389999389648438,17.84000015258789,5300,17.850000381469727,16.399999618530273,9.42337703704834
25-08-2008,16.969999313354492,16.969999313354492,300,16.969999313354492,16.969999313354492,9.750895500183104
26-08-2008,16.969999313354492,16.969999313354492,0,16.969999313354492,16.969999313354492,9.750895500183104
27-08-2008,16.5,16.540000915527344,1200,16.540000915527344,16.510000228881836,9.486584663391112
28-08-2008,16.510000228881836,16.950000762939453,1300,16.950000762939453,16.510000228881836,9.486584663391112
29-08-2008,16.510000228881836,16.600000381469727,2700,16.84000015258789,16.84000015258789,9.67620086669922
02-09-2008,16.93000030517578,16.940000534057617,4400,17.270000457763672,17.010000228881836,9.773880958557127
03-09-2008,16.75,17.010000228881836,900,17.010000228881836,16.989999771118164,9.896197319030762
04-09-2008,17.0,17.0,1900,17.239999771118164,17.229999542236328,10.035993576049805
05-09-2008,17.229999542236328,17.229999542236328,0,17.229999542236328,17.229999542236328,10.035993576049805
08-09-2008,17.399999618530273,17.489999771118164,600,17.489999771118164,17.399999618530273,10.135011672973633
09-09-2008,17.329999923706055,17.329999923706055,900,17.329999923706055,17.329999923706055,10.094239234924316
10-09-2008,17.100000381469727,17.100000381469727,2400,17.100000381469727,17.100000381469727,9.960270881652832
11-09-2008,17.020000457763672,17.739999771118164,8400,17.950000762939453,17.950000762939453,10.45537281036377
12-09-2008,17.450000762939453,17.969999313354492,2100,17.969999313354492,17.450000762939453,10.16413402557373
15-09-2008,16.600000381469727,17.510000228881836,3800,17.510000228881836,17.350000381469727,10.105889320373535
16-09-2008,16.84000015258789,16.84000015258789,7600,19.59000015258789,17.5,10.19325828552246
17-09-2008,16.90999984741211,16.90999984741211,1300,17.5,17.5,10.19325828552246
18-09-2008,17.010000228881836,17.489999771118164,2600,17.5,17.010000228881836,9.90785026550293
19-09-2008,17.610000610351562,17.989999771118164,6300,18.0,18.0,10.484498023986816
22-09-2008,17.75,20.0,2600,20.0,18.0,10.484498023986816
23-09-2008,18.0,18.0,1000,18.0,18.0,10.484498023986816
24-09-2008,18.010000228881836,18.25,1300,19.0,18.010000228881836,10.490323066711426
25-09-2008,18.0,18.0,600,18.0,18.0,10.484498023986816
26-09-2008,17.510000228881836,18.040000915527344,3700,18.049999237060547,17.510000228881836,10.199084281921388
29-09-2008,17.510000228881836,17.510000228881836,700,17.510000228881836,17.510000228881836,10.199084281921388
30-09-2008,18.0,18.0,3800,18.0,18.0,10.484498023986816
01-10-2008,17.989999771118164,17.989999771118164,800,18.0,18.0,10.484498023986816
02-10-2008,17.510000228881836,17.510000228881836,1700,17.559999465942383,17.559999465942383,10.228205680847168
03-10-2008,15.869999885559082,17.709999084472656,17300,17.75,16.0,9.319551467895508
06-10-2008,15.119999885559082,15.119999885559082,10600,16.549999237060547,15.449999809265137,8.999190330505371
07-10-2008,15.75,16.0,7800,16.149999618530273,15.75,9.173935890197754
08-10-2008,15.850000381469728,15.850000381469728,100,15.850000381469728,15.850000381469728,9.232179641723633
09-10-2008,15.75,15.760000228881836,700,16.0,15.75,9.173935890197754
10-10-2008,15.0,15.850000381469728,4100,15.850000381469728,15.039999961853027,8.760377883911133
13-10-2008,15.5,15.84000015258789,3500,15.84000015258789,15.5,9.028313636779783
14-10-2008,15.020000457763672,15.5,3000,15.5,15.489999771118164,9.02248764038086
15-10-2008,15.5,15.81999969482422,1200,15.84000015258789,15.5,9.028313636779783
16-10-2008,15.5,15.84000015258789,2800,15.850000381469728,15.84000015258789,9.22635555267334
17-10-2008,15.800000190734863,15.84000015258789,1500,15.850000381469728,15.84000015258789,9.22635555267334
20-10-2008,15.850000381469728,15.850000381469728,1100,15.850000381469728,15.850000381469728,9.232179641723633
21-10-2008,15.800000190734863,15.890000343322754,3200,16.510000228881836,16.1299991607666,9.395271301269531
22-10-2008,15.899999618530272,15.989999771118164,600,16.75,16.75,9.7564058303833
23-10-2008,16.75,16.75,0,16.75,16.75,9.7564058303833
24-10-2008,15.5,15.5,1900,15.5,15.5,9.028313636779783
27-10-2008,15.5,15.5,0,15.5,15.5,9.028313636779783
28-10-2008,15.390000343322754,15.399999618530272,4700,16.739999771118164,16.5,9.610788345336914
29-10-2008,15.029999732971191,16.489999771118164,1400,16.489999771118164,15.029999732971191,8.754551887512207
30-10-2008,14.010000228881836,15.079999923706056,2000,15.079999923706056,14.010000228881836,8.16043472290039
31-10-2008,14.5,14.850000381469728,1800,15.960000038146973,14.5,8.445841789245605
03-11-2008,15.0,15.0,100,15.0,15.0,8.737078666687012
04-11-2008,14.979999542236328,14.979999542236328,600,15.0,15.0,8.737078666687012
05-11-2008,15.0,15.369999885559082,1700,15.399999618530272,15.399999618530272,8.97006607055664
06-11-2008,15.399999618530272,17.799999237060547,1900,17.799999237060547,15.399999618530272,8.97006607055664
07-11-2008,16.399999618530273,16.399999618530273,500,16.399999618530273,16.399999618530273,9.552542686462402
10-11-2008,16.299999237060547,16.420000076293945,5600,16.420000076293945,16.350000381469727,9.523419380187988
11-11-2008,16.0,16.0,2000,16.3799991607666,16.3799991607666,9.540892601013184
12-11-2008,14.5,14.989999771118164,8900,16.600000381469727,16.0,9.319551467895508
13-11-2008,16.299999237060547,16.299999237060547,4700,16.399999618530273,16.399999618530273,9.552542686462402
14-11-2008,16.399999618530273,16.399999618530273,0,16.399999618530273,16.399999618530273,9.552542686462402
17-11-2008,17.0,17.469999313354492,4600,18.600000381469727,18.25,10.630114555358888
18-11-2008,16.389999389648438,17.100000381469727,3000,17.920000076293945,17.75,10.338878631591797
19-11-2008,17.5,17.5,100,17.5,17.5,10.19325828552246
20-11-2008,16.280000686645508,17.25,400,17.25,16.280000686645508,9.482646942138672
21-11-2008,16.010000228881836,16.010000228881836,600,16.8700008392334,16.8700008392334,9.826301574707031
24-11-2008,16.0,17.0,2900,17.0,16.649999618530273,9.69815731048584
25-11-2008,16.100000381469727,16.100000381469727,3600,16.1200008392334,16.1200008392334,9.389450073242188
26-11-2008,16.0,16.0,1900,16.1200008392334,16.010000228881836,9.325376510620115
28-11-2008,16.020000457763672,16.030000686645508,2600,16.079999923706055,16.030000686645508,9.337027549743652
01-12-2008,16.059999465942383,16.079999923706055,1200,16.079999923706055,16.059999465942383,9.354499816894531
02-12-2008,16.1200008392334,18.0,1300,18.0,17.0,9.902021408081056
03-12-2008,16.0,16.5,800,16.5,16.0,9.447370529174805
04-12-2008,16.0,16.5,600,16.5,16.0,9.447370529174805
05-12-2008,16.0,16.0,0,16.0,16.0,9.447370529174805
08-12-2008,16.0,16.0,600,16.850000381469727,16.399999618530273,9.683553695678713
09-12-2008,16.399999618530273,16.399999618530273,0,16.399999618530273,16.399999618530273,9.683553695678713
10-12-2008,16.399999618530273,16.399999618530273,0,16.399999618530273,16.399999618530273,9.683553695678713
11-12-2008,17.5,18.270000457763672,600,18.270000457763672,17.5,10.333060264587402
12-12-2008,16.809999465942383,16.829999923706055,200,16.829999923706055,16.809999465942383,9.925641059875488
15-12-2008,16.299999237060547,16.799999237060547,1400,16.799999237060547,16.440000534057617,9.707173347473145
16-12-2008,16.989999771118164,17.420000076293945,1500,17.420000076293945,17.0,10.03783130645752
17-12-2008,16.489999771118164,16.5,3800,16.5,16.5,9.74260139465332
18-12-2008,16.1200008392334,16.280000686645508,600,16.329999923706055,16.1200008392334,9.518229484558104
19-12-2008,16.420000076293945,16.5,5500,17.25,17.25,10.185446739196776
22-12-2008,16.350000381469727,16.639999389648438,9300,16.989999771118164,16.5,9.74260139465332
23-12-2008,15.989999771118164,16.290000915527344,6900,16.899999618530273,16.299999237060547,9.624505996704102
24-12-2008,16.100000381469727,16.350000381469727,2800,16.350000381469727,16.100000381469727,9.50641632080078
26-12-2008,16.0,16.5,1400,16.989999771118164,16.989999771118164,10.031926155090332
29-12-2008,16.34000015258789,16.5,5700,16.670000076293945,16.5,9.74260139465332
30-12-2008,15.5,16.010000228881836,2300,16.010000228881836,15.800000190734863,9.32927703857422
31-12-2008,15.170000076293944,16.229999542236328,4000,17.0,17.0,10.03783130645752
02-01-2009,15.539999961853027,15.539999961853027,400,17.0,17.0,10.03783130645752
05-01-2009,15.8100004196167,16.0,2400,16.0,15.84000015258789,9.352896690368652
06-01-2009,15.800000190734863,16.989999771118164,2200,16.989999771118164,15.8100004196167,9.335180282592772
07-01-2009,15.300000190734863,15.800000190734863,1000,16.0,16.0,9.447370529174805
08-01-2009,15.449999809265137,15.449999809265137,200,15.449999809265137,15.449999809265137,9.122614860534668
09-01-2009,15.130000114440918,15.5,6700,16.459999084472656,15.130000114440918,8.933669090270996
12-01-2009,14.75,15.029999732971191,7700,15.5,15.199999809265137,8.975001335144043
13-01-2009,14.789999961853027,14.789999961853027,1000,15.960000038146973,15.949999809265137,9.41784381866455
14-01-2009,15.989999771118164,15.989999771118164,5800,17.5,17.420000076293945,10.285822868347168
15-01-2009,16.0,16.0,500,16.280000686645508,16.280000686645508,9.612698554992676
16-01-2009,16.020000457763672,16.309999465942383,1200,16.31999969482422,16.049999237060547,9.476890563964844
20-01-2009,16.030000686645508,16.25,800,17.489999771118164,17.489999771118164,10.327156066894531
21-01-2009,17.0,17.5,1000,17.5,17.0,10.03783130645752
22-01-2009,17.0,17.0,200,17.489999771118164,17.489999771118164,10.327156066894531
23-01-2009,17.489999771118164,17.489999771118164,700,17.5,17.5,10.333060264587402
26-01-2009,16.0,16.0,2900,16.530000686645508,16.010000228881836,9.453271865844728
27-01-2009,16.440000534057617,16.450000762939453,200,16.450000762939453,16.440000534057617,9.707173347473145
28-01-2009,14.75,16.479999542236328,1800,16.479999542236328,14.75,8.709290504455566
29-01-2009,14.899999618530272,14.899999618530272,5600,15.989999771118164,15.989999771118164,9.441465377807615
30-01-2009,15.510000228881836,16.0,400,16.0,15.510000228881836,9.158042907714844
02-02-2009,15.210000038146973,15.229999542236328,1000,15.979999542236328,15.979999542236328,9.43556022644043
03-02-2009,15.010000228881836,15.5600004196167,1900,15.5600004196167,15.130000114440918,8.933669090270996
04-02-2009,15.039999961853027,15.039999961853027,100,15.039999961853027,15.039999961853027,8.88052749633789
05-02-2009,14.25,14.729999542236328,8200,15.40999984741211,14.609999656677246,8.626629829406738
06-02-2009,15.0,15.0,500,15.0,15.0,8.85690975189209
09-02-2009,15.0,15.0,1100,15.399999618530272,15.399999618530272,9.093092918395996
10-02-2009,15.0,15.5,1100,15.9399995803833,15.9399995803833,9.41193962097168
11-02-2009,15.5,15.5,1000,15.5,15.5,9.152137756347656
12-02-2009,15.479999542236328,15.5,7100,16.950000762939453,16.950000762939453,10.008305549621582
13-02-2009,16.0,16.0,900,16.950000762939453,16.950000762939453,10.008305549621582
17-02-2009,16.25,16.280000686645508,2700,16.989999771118164,16.25,9.594987869262695
18-02-2009,15.399999618530272,16.040000915527344,5900,16.040000915527344,15.5,9.152137756347656
19-02-2009,15.06999969482422,15.510000228881836,7800,15.550000190734863,15.5,9.152137756347656
20-02-2009,15.199999809265137,15.25,9100,15.9399995803833,15.9399995803833,9.41193962097168
23-02-2009,15.5,15.949999809265137,2600,16.25,15.510000228881836,9.158042907714844
24-02-2009,15.5,15.5,1200,15.649999618530272,15.649999618530272,9.240707397460938
25-02-2009,15.359999656677246,15.609999656677246,1800,16.0,15.5,9.152137756347656
26-02-2009,15.5,15.5,800,15.5,15.5,9.152137756347656
27-02-2009,15.5,15.5,1300,15.510000228881836,15.510000228881836,9.158042907714844
02-03-2009,15.350000381469728,15.5,600,15.5,15.5,9.152137756347656
03-03-2009,15.5,15.5,900,16.0,16.0,9.447370529174805
04-03-2009,15.5600004196167,16.0,1400,16.0,15.5600004196167,9.321562767028809
05-03-2009,15.43000030517578,15.5,13600,15.510000228881836,15.5,9.28562068939209
06-03-2009,15.029999732971191,15.5,2500,15.5,15.5,9.28562068939209
09-03-2009,14.760000228881836,15.5,9500,15.5,14.789999961853027,8.86028003692627
10-03-2009,14.75,14.779999732971191,12400,15.5,15.0,8.986083984375
11-03-2009,15.0,15.0,18500,15.5,15.3100004196167,9.171796798706056
12-03-2009,15.0,15.0,5100,15.039999961853027,15.0,8.986083984375
13-03-2009,14.699999809265137,15.0,1300,15.0,15.0,8.986083984375
16-03-2009,14.5,15.170000076293944,1500,15.170000076293944,15.0,8.986083984375
17-03-2009,14.970000267028809,14.970000267028809,700,15.93000030517578,15.93000030517578,9.543221473693848
18-03-2009,14.850000381469728,15.850000381469728,2400,15.989999771118164,15.949999809265137,9.555200576782228
19-03-2009,14.899999618530272,15.050000190734863,700,15.050000190734863,15.0,8.986083984375
20-03-2009,15.5,15.989999771118164,1700,15.989999771118164,15.800000190734863,9.465338706970217
23-03-2009,15.84000015258789,16.040000915527344,2300,16.040000915527344,16.0,9.58515453338623
24-03-2009,16.0,16.010000228881836,700,16.010000228881836,16.0,9.58515453338623
25-03-2009,16.0,16.049999237060547,10700,17.950000762939453,17.579999923706055,10.531689643859863
26-03-2009,16.969999313354492,17.1200008392334,18600,17.8700008392334,17.25,10.333999633789062
27-03-2009,16.799999237060547,17.010000228881836,9900,17.010000228881836,16.799999237060547,10.064413070678713
30-03-2009,15.869999885559082,16.0,4900,16.780000686645508,15.93000030517578,9.543221473693848
31-03-2009,15.600000381469728,16.0,19200,16.899999618530273,15.600000381469728,9.34552764892578
01-04-2009,15.0,15.630000114440918,2900,15.630000114440918,15.199999809265137,9.1058988571167
02-04-2009,15.0,15.0,7100,16.610000610351562,15.109999656677246,9.05198097229004
03-04-2009,14.989999771118164,15.140000343322754,8700,16.979999542236328,16.979999542236328,10.172246932983398
06-04-2009,15.380000114440918,16.15999984741211,3100,16.399999618530273,15.800000190734863,9.465338706970217
07-04-2009,15.699999809265137,15.699999809265137,5200,16.5,16.329999923706055,9.782848358154297
08-04-2009,15.039999961853027,16.43000030517578,7900,16.43000030517578,15.390000343322754,9.219720840454102
09-04-2009,15.390000343322754,15.4399995803833,7400,16.989999771118164,16.989999771118164,10.178237915039062
13-04-2009,15.380000114440918,15.550000190734863,20700,16.65999984741211,16.170000076293945,9.686999320983888
14-04-2009,15.93000030517578,16.739999771118164,11800,16.739999771118164,16.15999984741211,9.681011199951172
15-04-2009,15.550000190734863,15.550000190734863,6700,16.34000015258789,16.139999389648438,9.669026374816896
16-04-2009,15.56999969482422,15.729999542236328,5200,15.890000343322754,15.850000381469728,9.495294570922852
17-04-2009,15.300000190734863,15.90999984741211,5900,16.020000457763672,15.800000190734863,9.465338706970217
20-04-2009,15.59000015258789,16.200000762939453,2000,16.290000915527344,16.049999237060547,9.61510944366455
21-04-2009,16.0,16.0,1200,16.0,16.0,9.58515453338623
22-04-2009,15.979999542236328,15.979999542236328,500,16.0,16.0,9.58515453338623
23-04-2009,15.5600004196167,15.75,200,15.75,15.5600004196167,9.321562767028809
24-04-2009,15.789999961853027,15.789999961853027,300,15.800000190734863,15.800000190734863,9.465338706970217
27-04-2009,15.479999542236328,15.609999656677246,3200,15.8100004196167,15.779999732971191,9.453360557556152
28-04-2009,15.899999618530272,15.93000030517578,23300,16.440000534057617,16.0,9.58515453338623
29-04-2009,16.100000381469727,16.1299991607666,16200,16.440000534057617,16.270000457763672,9.746904373168944
30-04-2009,15.770000457763672,16.25,3400,16.25,15.770000457763672,9.447369575500488
01-05-2009,16.0,16.0,7500,16.639999389648438,16.450000762939453,9.854736328125
04-05-2009,15.960000038146973,16.479999542236328,36200,16.489999771118164,16.309999465942383,9.770867347717283
05-05-2009,16.219999313354492,16.219999313354492,3400,16.399999618530273,16.25,9.734926223754885
06-05-2009,15.970000267028809,15.970000267028809,6400,16.5,16.5,9.88469123840332
07-05-2009,16.100000381469727,16.489999771118164,4100,16.5,16.100000381469727,9.645064353942873
08-05-2009,16.149999618530273,16.149999618530273,11200,16.75,16.600000381469727,9.944599151611328
11-05-2009,16.260000228881836,16.290000915527344,8300,16.93000030517578,16.450000762939453,9.854736328125
12-05-2009,16.3799991607666,16.59000015258789,1900,16.600000381469727,16.3799991607666,9.81280517578125
13-05-2009,16.56999969482422,16.75,5000,16.920000076293945,16.799999237060547,10.064413070678713
14-05-2009,16.799999237060547,16.799999237060547,300,16.799999237060547,16.799999237060547,10.064413070678713
15-05-2009,16.34000015258789,16.8700008392334,3700,17.0,17.0,10.184228897094728
18-05-2009,16.75,17.0,1400,17.0,16.75,10.034457206726074
19-05-2009,16.649999618530273,16.649999618530273,11400,17.649999618530273,17.649999618530273,10.573623657226562
20-05-2009,17.5,17.5,28300,18.32999992370605,17.780000686645508,10.651506423950195
21-05-2009,18.0,18.0,28300,19.049999237060547,18.739999771118164,11.226612091064451
22-05-2009,18.440000534057617,18.75,24600,19.690000534057617,19.25,11.532137870788574
26-05-2009,18.790000915527344,19.899999618530277,19000,19.899999618530277,19.25,11.532137870788574
27-05-2009,18.26000022888184,19.15999984741211,2900,19.15999984741211,18.309999465942383,10.969013214111328
28-05-2009,18.21999931335449,18.8799991607666,2100,18.8799991607666,18.239999771118164,10.927074432373049
29-05-2009,18.09000015258789,18.34000015258789,3600,18.649999618530277,18.649999618530277,11.172697067260742
01-06-2009,18.11000061035156,18.399999618530277,2800,18.399999618530277,18.11000061035156,10.849199295043944
02-06-2009,17.93000030517578,18.290000915527344,4000,18.38999938964844,18.38999938964844,11.016940116882324
03-06-2009,17.350000381469727,18.290000915527344,3000,18.290000915527344,17.43000030517578,10.574076652526855
04-06-2009,17.5,17.5,5000,18.0,18.0,10.919873237609863
05-06-2009,17.3799991607666,17.920000076293945,7300,17.920000076293945,17.3799991607666,10.543742179870604
08-06-2009,17.5,17.5,3800,17.75,17.75,10.768207550048828
09-06-2009,17.549999237060547,17.670000076293945,2900,18.290000915527344,18.18000030517578,11.029069900512695
10-06-2009,17.56999969482422,18.1200008392334,7600,18.489999771118164,17.690000534057617,10.731806755065918
11-06-2009,17.899999618530273,18.21999931335449,9900,18.51000022888184,18.399999618530277,11.162538528442385
12-06-2009,18.21999931335449,18.3799991607666,3400,18.790000915527344,18.790000915527344,11.399134635925291
15-06-2009,17.350000381469727,18.0,14900,18.520000457763672,18.399999618530277,11.162538528442385
16-06-2009,17.469999313354492,18.09000015258789,11800,18.25,18.09000015258789,10.974472999572754
17-06-2009,17.5,18.0,7800,18.399999618530277,17.510000228881836,10.622611045837402
18-06-2009,17.329999923706055,17.799999237060547,4000,18.11000061035156,18.11000061035156,10.98660373687744
19-06-2009,18.06999969482422,18.06999969482422,18700,18.850000381469727,18.63999938964844,11.308133125305176
22-06-2009,17.75,18.76000022888184,11300,18.8700008392334,18.8700008392334,11.447667121887209
23-06-2009,17.65999984741211,18.68000030517578,7100,18.68000030517578,17.780000686645508,10.786410331726074
24-06-2009,17.780000686645508,17.979999542236328,5400,18.450000762939453,18.239999771118164,11.065471649169922
25-06-2009,17.389999389648438,18.309999465942383,36800,19.399999618530277,19.399999618530277,11.769192695617676
26-06-2009,19.030000686645508,19.489999771118164,888400,22.0,21.420000076293945,12.99464988708496
29-06-2009,19.51000022888184,20.51000022888184,44700,20.75,19.82999992370605,12.03005599975586
30-06-2009,18.899999618530277,19.88999938964844,28800,20.049999237060547,19.25,11.678192138671877
01-07-2009,19.100000381469727,19.530000686645508,24100,20.559999465942383,20.530000686645508,12.454723358154297
02-07-2009,19.350000381469727,20.51000022888184,16900,20.51000022888184,19.670000076293945,11.93299674987793
06-07-2009,19.75,19.75,33000,20.790000915527344,20.32999992370605,12.333391189575195
07-07-2009,19.790000915527344,20.459999084472656,26200,20.459999084472656,20.11000061035156,12.199922561645508
08-07-2009,19.709999084472656,20.1200008392334,27700,21.38999938964844,20.6299991607666,12.515386581420898
09-07-2009,20.31999969482422,20.75,20900,20.989999771118164,20.600000381469727,12.497186660766602
10-07-2009,20.11000061035156,20.450000762939453,4200,20.479999542236328,20.479999542236328,12.424389839172363
13-07-2009,19.76000022888184,20.440000534057617,11800,20.5,20.299999237060547,12.315189361572266
14-07-2009,19.709999084472656,20.25,4700,20.530000686645508,20.530000686645508,12.454723358154297
15-07-2009,19.700000762939453,20.61000061035156,38600,21.5,21.270000457763672,12.903650283813477
16-07-2009,19.93000030517578,21.040000915527344,33700,21.68000030517578,20.950000762939453,12.709516525268556
17-07-2009,20.649999618530277,21.32999992370605,37800,21.32999992370605,21.229999542236328,12.879382133483888
20-07-2009,20.81999969482422,21.290000915527344,12700,21.959999084472656,21.940000534057617,13.310107231140137
21-07-2009,21.520000457763672,21.850000381469727,3700,22.0,21.86000061035156,13.261577606201172
22-07-2009,21.81999969482422,21.86000061035156,5300,22.0,22.0,13.34650993347168
23-07-2009,21.51000022888184,21.81999969482422,48700,22.5,22.489999771118164,13.643773078918455
24-07-2009,21.56999969482422,22.43000030517578,45000,22.649999618530277,22.459999084472656,13.625571250915527
27-07-2009,21.899999618530277,22.739999771118164,27900,22.739999771118164,22.729999542236328,13.78937816619873
28-07-2009,22.350000381469727,22.6200008392334,8600,22.709999084472656,22.709999084472656,13.77724552154541
29-07-2009,22.059999465942383,22.5,21100,23.5,23.5,14.25650119781494
30-07-2009,22.059999465942383,23.46999931335449,59100,23.46999931335449,23.0,13.953167915344238
31-07-2009,22.06999969482422,22.8700008392334,23900,23.0,22.989999771118164,13.947101593017578
03-08-2009,22.540000915527344,22.540000915527344,12300,23.26000022888184,23.0,13.953167915344238
04-08-2009,22.8700008392334,23.049999237060547,12500,23.18000030517578,23.18000030517578,14.062376022338867
05-08-2009,22.540000915527344,23.15999984741211,41800,23.190000534057617,23.0,13.953167915344238
06-08-2009,21.450000762939453,22.950000762939453,12500,22.950000762939453,22.690000534057617,13.765108108520508
07-08-2009,22.40999984741211,22.899999618530277,35600,23.0,23.0,13.953167915344238
10-08-2009,21.940000534057617,22.850000381469727,14700,23.0,23.0,13.953167915344238
11-08-2009,22.399999618530277,22.90999984741211,14300,22.90999984741211,22.81999969482422,13.84397029876709
12-08-2009,22.280000686645508,22.75,65300,22.75,22.530000686645508,13.668038368225098
13-08-2009,21.8700008392334,22.700000762939453,11800,22.700000762939453,22.1299991607666,13.425374984741213
14-08-2009,21.420000076293945,22.190000534057617,26500,22.190000534057617,21.81999969482422,13.237316131591797
17-08-2009,21.5,21.56999969482422,7500,22.170000076293945,21.93000030517578,13.304041862487791
18-08-2009,21.700000762939453,21.979999542236328,14600,22.190000534057617,22.170000076293945,13.4496431350708
19-08-2009,21.790000915527344,22.0,14900,22.229999542236328,22.059999465942383,13.382911682128906
20-08-2009,21.75,22.1200008392334,19600,22.5,22.36000061035156,13.56490707397461
21-08-2009,22.059999465942383,22.5,20300,22.5,22.5,13.649843215942385
24-08-2009,22.049999237060547,22.440000534057617,6100,22.5,22.5,13.649843215942385
25-08-2009,22.32999992370605,22.489999771118164,34300,22.989999771118164,22.649999618530277,13.740846633911133
26-08-2009,22.440000534057617,22.690000534057617,11500,22.780000686645508,22.540000915527344,13.674102783203123
27-08-2009,21.899999618530277,22.25,12400,22.88999938964844,22.75,13.801505088806152
28-08-2009,22.01000022888184,22.739999771118164,6200,22.770000457763672,22.309999465942383,13.534576416015623
31-08-2009,21.51000022888184,22.3799991607666,8900,22.3799991607666,21.71999931335449,13.176650047302246
01-09-2009,20.690000534057617,21.68000030517578,17000,21.86000061035156,20.950000762939453,12.709516525268556
02-09-2009,21.350000381469727,21.559999465942383,3700,21.739999771118164,21.739999771118164,13.335177421569824
03-09-2009,21.040000915527344,21.739999771118164,5200,21.739999771118164,21.1200008392334,12.954877853393556
04-09-2009,19.86000061035156,20.600000381469727,19700,20.6200008392334,20.459999084472656,12.550036430358888
08-09-2009,20.440000534057617,20.450000762939453,6200,20.82999992370605,20.790000915527344,12.752458572387695
09-09-2009,20.420000076293945,20.68000030517578,18000,20.940000534057617,20.559999465942383,12.611374855041504
10-09-2009,20.020000457763672,20.489999771118164,18600,20.8700008392334,20.809999465942383,12.764727592468262
11-09-2009,20.07999992370605,20.229999542236328,6200,20.670000076293945,20.559999465942383,12.611374855041504
14-09-2009,20.229999542236328,20.43000030517578,28100,21.600000381469727,21.549999237060547,13.218637466430664
15-09-2009,21.26000022888184,21.46999931335449,4100,21.75,21.649999618530277,13.279973030090332
16-09-2009,21.1200008392334,21.479999542236328,16800,22.940000534057617,22.940000534057617,14.071250915527344
17-09-2009,22.6200008392334,22.920000076293945,13500,22.920000076293945,22.799999237060547,13.985377311706545
18-09-2009,22.309999465942383,22.82999992370605,30900,22.8700008392334,22.309999465942383,13.684813499450684
21-09-2009,22.200000762939453,22.200000762939453,18800,22.81999969482422,22.56999969482422,13.844304084777832
22-09-2009,21.549999237060547,22.729999542236328,21300,22.75,21.88999938964844,13.4271879196167
23-09-2009,21.059999465942383,22.1200008392334,14100,22.65999984741211,22.3700008392334,13.72161865234375
24-09-2009,21.229999542236328,22.43000030517578,54700,22.75,21.920000076293945,13.445589065551758
25-09-2009,21.459999084472656,21.799999237060547,20800,22.649999618530277,22.520000457763672,13.813629150390623
28-09-2009,21.450000762939453,22.520000457763672,10900,22.520000457763672,21.86000061035156,13.408787727355955
29-09-2009,21.51000022888184,21.920000076293945,30400,22.75,22.51000022888184,13.807494163513184
30-09-2009,21.81999969482422,22.190000534057617,32900,22.61000061035156,21.81999969482422,13.384249687194824
01-10-2009,21.86000061035156,21.86000061035156,17200,22.479999542236328,22.11000061035156,13.562137603759766
02-10-2009,21.200000762939453,21.530000686645508,18100,22.059999465942383,21.989999771118164,13.488531112670898
05-10-2009,21.75,21.959999084472656,9400,22.690000534057617,22.459999084472656,13.776823043823242
06-10-2009,21.799999237060547,21.799999237060547,8300,22.809999465942383,22.76000022888184,13.96083927154541
07-10-2009,21.790000915527344,22.46999931335449,35700,22.84000015258789,22.149999618530277,13.586668968200684
08-10-2009,21.84000015258789,21.959999084472656,11700,22.32999992370605,22.270000457763672,13.660282135009766
09-10-2009,22.200000762939453,22.200000762939453,2400,22.84000015258789,22.51000022888184,13.807494163513184
12-10-2009,22.200000762939453,22.479999542236328,3900,22.479999542236328,22.350000381469727,13.7093505859375
13-10-2009,22.01000022888184,22.299999237060547,5000,22.46999931335449,22.43000030517578,13.758419036865234
14-10-2009,21.6200008392334,22.540000915527344,13400,22.540000915527344,22.5,13.801359176635742
15-10-2009,21.63999938964844,22.3799991607666,14400,22.3799991607666,22.229999542236328,13.635740280151367
16-10-2009,21.739999771118164,22.07999992370605,16700,22.299999237060547,21.75,13.341313362121582
19-10-2009,21.82999992370605,21.8700008392334,10300,22.190000534057617,22.18000030517578,13.605074882507324
20-10-2009,21.65999984741211,21.65999984741211,7500,22.030000686645508,21.989999771118164,13.488531112670898
21-10-2009,21.540000915527344,22.030000686645508,21500,22.399999618530277,21.65999984741211,13.286108016967772
22-10-2009,21.049999237060547,22.09000015258789,9600,22.09000015258789,21.43000030517578,13.145025253295898
23-10-2009,20.229999542236328,21.450000762939453,7100,21.450000762939453,20.6200008392334,12.64817714691162
26-10-2009,19.01000022888184,20.559999465942383,6700,20.559999465942383,20.01000022888184,12.27401351928711
27-10-2009,19.979999542236328,20.100000381469727,15100,20.479999542236328,20.290000915527344,12.445759773254396
28-10-2009,19.799999237060547,20.030000686645508,20400,21.71999931335449,21.450000762939453,13.157299995422363
29-10-2009,20.459999084472656,21.600000381469727,25000,22.030000686645508,20.799999237060547,12.758588790893556
30-10-2009,20.149999618530277,20.65999984741211,44000,21.790000915527344,21.43000030517578,13.145025253295898
02-11-2009,20.649999618530277,21.520000457763672,10000,21.76000022888184,20.979999542236328,12.869000434875488
03-11-2009,20.209999084472656,20.520000457763672,13700,21.6200008392334,21.6200008392334,13.261573791503906
04-11-2009,20.18000030517578,21.559999465942383,12700,21.96999931335449,20.600000381469727,12.635909080505373
05-11-2009,20.5,20.690000534057617,18300,21.780000686645508,21.600000381469727,13.24930477142334
06-11-2009,20.65999984741211,21.26000022888184,8500,21.420000076293945,21.07999992370605,12.930337905883787
09-11-2009,21.059999465942383,21.059999465942383,6100,21.739999771118164,21.739999771118164,13.335177421569824
10-11-2009,21.299999237060547,21.6200008392334,7800,21.6200008392334,21.51000022888184,13.194099426269531
11-11-2009,21.309999465942383,21.6200008392334,4600,21.6200008392334,21.57999992370605,13.237035751342772
12-11-2009,19.709999084472656,21.209999084472656,4900,21.209999084472656,19.790000915527344,12.13906192779541
13-11-2009,19.350000381469727,19.88999938964844,26600,20.600000381469727,20.520000457763672,12.58684253692627
16-11-2009,20.600000381469727,20.600000381469727,16000,21.56999969482422,21.450000762939453,13.157299995422363
17-11-2009,20.51000022888184,21.299999237060547,2800,21.299999237060547,20.700000762939453,12.697250366210938
18-11-2009,20.030000686645508,20.709999084472656,7900,20.709999084472656,20.3799991607666,12.500967979431152
19-11-2009,20.190000534057617,20.190000534057617,19300,21.100000381469727,20.739999771118164,12.721786499023438
20-11-2009,20.530000686645508,20.690000534057617,9200,21.3700008392334,21.26000022888184,13.040749549865724
23-11-2009,21.3799991607666,21.420000076293945,12900,21.75,21.600000381469727,13.24930477142334
24-11-2009,21.600000381469727,21.670000076293945,19200,22.07999992370605,22.07999992370605,13.543733596801758
25-11-2009,21.43000030517578,22.040000915527344,10600,22.31999969482422,21.88999938964844,13.4271879196167
27-11-2009,21.299999237060547,21.670000076293945,4000,22.170000076293945,21.32999992370605,13.083694458007812
30-11-2009,19.979999542236328,21.32999992370605,14900,21.90999984741211,20.309999465942383,12.458024978637695
01-12-2009,20.020000457763672,20.450000762939453,14900,21.239999771118164,20.670000076293945,12.678850173950195
02-12-2009,20.0,20.440000534057617,16600,20.5,20.020000457763672,12.418323516845703
03-12-2009,19.76000022888184,20.059999465942383,9400,20.31999969482422,19.82999992370605,12.300464630126951
04-12-2009,20.0,20.049999237060547,26400,21.549999237060547,20.940000534057617,12.98900032043457
07-12-2009,20.700000762939453,20.82999992370605,4300,21.030000686645508,20.950000762939453,12.995198249816896
08-12-2009,20.36000061035156,20.36000061035156,4800,20.940000534057617,20.520000457763672,12.728473663330078
09-12-2009,20.030000686645508,20.280000686645508,19500,21.1299991607666,20.32999992370605,12.610613822937012
10-12-2009,20.25,20.440000534057617,25500,20.979999542236328,20.76000022888184,12.877344131469728
11-12-2009,20.350000381469727,20.729999542236328,2400,20.950000762939453,20.43000030517578,12.672646522521973
14-12-2009,20.520000457763672,20.520000457763672,10800,21.3799991607666,21.350000381469727,13.243326187133787
15-12-2009,20.36000061035156,21.3700008392334,16200,21.3700008392334,20.3700008392334,12.635428428649902
16-12-2009,20.09000015258789,20.51000022888184,9200,21.020000457763672,20.549999237060547,12.747082710266112
17-12-2009,20.170000076293945,20.84000015258789,6900,20.959999084472656,20.170000076293945,12.511370658874512
18-12-2009,20.07999992370605,20.459999084472656,48700,21.899999618530277,21.899999618530277,13.584482192993164
21-12-2009,21.25,21.940000534057617,12900,21.940000534057617,21.71999931335449,13.472829818725586
22-12-2009,21.07999992370605,21.25,12800,21.61000061035156,21.239999771118164,13.17508602142334
23-12-2009,21.01000022888184,21.32999992370605,3800,21.3700008392334,21.239999771118164,13.17508602142334
24-12-2009,21.36000061035156,21.36000061035156,12700,22.239999771118164,22.0,13.64650821685791
28-12-2009,21.21999931335449,21.76000022888184,5100,21.76000022888184,21.65999984741211,13.43560791015625
29-12-2009,21.149999618530277,21.31999969482422,5100,21.71999931335449,21.670000076293945,13.441813468933104
30-12-2009,21.6299991607666,21.76000022888184,13100,22.209999084472656,22.030000686645508,13.665122032165527
31-12-2009,21.479999542236328,22.0,7900,22.0,21.899999618530277,13.584482192993164
04-01-2010,21.8700008392334,21.8700008392334,4400,22.51000022888184,22.459999084472656,13.931844711303713
05-01-2010,21.420000076293945,22.3799991607666,11400,22.3799991607666,21.700000762939453,13.460426330566406
06-01-2010,20.989999771118164,21.6299991607666,8800,21.670000076293945,21.01000022888184,13.03242015838623
07-01-2010,20.6299991607666,21.07999992370605,14600,21.34000015258789,20.88999938964844,12.957982063293455
08-01-2010,20.549999237060547,21.290000915527344,5200,21.299999237060547,21.01000022888184,13.03242015838623
11-01-2010,20.61000061035156,21.100000381469727,6700,21.100000381469727,20.76000022888184,12.877344131469728
12-01-2010,20.38999938964844,20.6299991607666,3800,20.850000381469727,20.38999938964844,12.647833824157717
13-01-2010,20.51000022888184,20.51000022888184,6500,20.90999984741211,20.549999237060547,12.747082710266112
14-01-2010,20.280000686645508,20.5,12900,20.739999771118164,20.549999237060547,12.747082710266112
15-01-2010,20.1299991607666,20.670000076293945,19300,20.670000076293945,20.239999771118164,12.55478572845459
19-01-2010,20.46999931335449,20.46999931335449,72500,21.81999969482422,21.36000061035156,13.249518394470217
20-01-2010,20.76000022888184,21.25,16200,21.549999237060547,20.81999969482422,12.914563179016112
21-01-2010,19.450000762939453,20.709999084472656,20800,20.75,19.489999771118164,12.089567184448242
22-01-2010,19.350000381469727,19.700000762939453,11200,20.0,19.40999984741211,12.039946556091309
25-01-2010,19.31999969482422,19.540000915527344,3200,19.670000076293945,19.63999938964844,12.182608604431152
26-01-2010,19.350000381469727,19.559999465942383,24600,20.399999618530277,19.670000076293945,12.201221466064451
27-01-2010,19.71999931335449,19.71999931335449,12500,20.3700008392334,19.770000457763672,12.26325225830078
28-01-2010,19.15999984741211,19.780000686645508,9300,20.6200008392334,19.15999984741211,11.884870529174805
29-01-2010,18.8799991607666,19.68000030517578,10200,19.68000030517578,18.88999938964844,11.717391967773438
01-02-2010,18.6299991607666,18.989999771118164,11200,19.209999084472656,18.809999465942383,11.667766571044922
02-02-2010,18.13999938964844,18.700000762939453,12200,18.940000534057617,18.209999084472656,11.295589447021484
03-02-2010,17.65999984741211,18.209999084472656,13700,18.34000015258789,17.700000762939453,10.979236602783203
04-02-2010,17.200000762939453,17.690000534057617,16100,17.700000762939453,17.219999313354492,10.68149471282959
05-02-2010,17.040000915527344,17.040000915527344,2400,17.610000610351562,17.420000076293945,10.805556297302246
08-02-2010,17.18000030517578,17.469999313354492,9800,17.93000030517578,17.25,10.70010471343994
09-02-2010,17.079999923706055,17.479999542236328,12000,18.489999771118164,18.06999969482422,11.208748817443848
10-02-2010,17.899999618530273,18.0,3400,18.07999992370605,18.07999992370605,11.214951515197754
11-02-2010,18.010000228881836,18.010000228881836,7400,18.93000030517578,18.790000915527344,11.65536117553711
12-02-2010,18.61000061035156,18.670000076293945,5300,18.790000915527344,18.690000534057617,11.59333324432373
16-02-2010,18.81999969482422,18.81999969482422,3400,19.850000381469727,19.75,12.250840187072754
17-02-2010,18.979999542236328,19.81999969482422,12700,20.049999237060547,19.899999618530277,12.343890190124512
18-02-2010,19.40999984741211,19.950000762939453,13700,19.950000762939453,19.530000686645508,12.114380836486816
19-02-2010,19.38999938964844,19.5,6900,19.649999618530277,19.540000915527344,12.12058162689209
22-02-2010,19.68000030517578,19.93000030517578,3300,20.13999938964844,20.049999237060547,12.436929702758787
23-02-2010,20.049999237060547,20.399999618530277,6200,20.959999084472656,20.049999237060547,12.436929702758787
24-02-2010,19.700000762939453,20.1299991607666,7600,20.399999618530277,20.0,12.40592098236084
25-02-2010,19.75,19.75,5100,20.100000381469727,20.030000686645508,12.424528121948242
26-02-2010,19.51000022888184,19.739999771118164,4600,20.13999938964844,20.01000022888184,12.412127494812012
01-03-2010,19.90999984741211,20.059999465942383,4000,20.51000022888184,20.450000762939453,12.685053825378418
02-03-2010,19.899999618530277,20.030000686645508,9500,20.420000076293945,20.1200008392334,12.480356216430664
03-03-2010,19.93000030517578,20.1299991607666,4000,20.239999771118164,20.21999931335449,12.687422752380373
04-03-2010,19.26000022888184,19.700000762939453,8200,19.700000762939453,19.61000061035156,12.304661750793455
05-03-2010,19.670000076293945,19.670000076293945,7200,19.84000015258789,19.729999542236328,12.379960060119627
08-03-2010,19.0,19.420000076293945,14400,19.57999992370605,19.26000022888184,12.085050582885742
09-03-2010,18.940000534057617,19.15999984741211,2400,19.5,19.5,12.235640525817873
10-03-2010,19.40999984741211,19.43000030517578,4900,19.61000061035156,19.59000015258789,12.292113304138184
11-03-2010,19.479999542236328,19.479999542236328,1300,19.5,19.5,12.235640525817873
12-03-2010,19.26000022888184,19.5,1000,19.5,19.270000457763672,12.09132480621338
15-03-2010,19.25,19.32999992370605,3900,19.979999542236328,19.6299991607666,12.31721305847168
16-03-2010,19.700000762939453,19.709999084472656,1900,20.040000915527344,20.040000915527344,12.574478149414062
17-03-2010,19.61000061035156,20.26000022888184,5700,20.540000915527344,19.979999542236328,12.536825180053713
18-03-2010,19.920000076293945,19.920000076293945,11800,20.399999618530277,20.07999992370605,12.599573135375977
19-03-2010,19.479999542236328,20.34000015258789,26400,20.350000381469727,19.88999938964844,12.480356216430664
22-03-2010,19.57999992370605,19.770000457763672,25700,20.01000022888184,20.01000022888184,12.555652618408203
23-03-2010,19.90999984741211,20.0,12800,21.450000762939453,21.350000381469727,13.396462440490724
24-03-2010,21.01000022888184,21.01000022888184,15400,21.770000457763672,21.030000686645508,13.19566822052002
25-03-2010,20.5,21.18000030517578,4400,21.299999237060547,20.68000030517578,12.976054191589355
26-03-2010,20.100000381469727,20.200000762939453,6900,21.299999237060547,20.959999084472656,13.151748657226562
29-03-2010,20.3799991607666,20.440000534057617,900,20.600000381469727,20.479999542236328,12.850558280944824
30-03-2010,19.790000915527344,20.15999984741211,4200,20.15999984741211,20.09000015258789,12.605844497680664
31-03-2010,19.71999931335449,19.90999984741211,13800,20.770000457763672,20.149999618530277,12.643494606018066
01-04-2010,19.520000457763672,20.270000457763672,7600,20.270000457763672,19.6200008392334,12.310941696166992
05-04-2010,19.51000022888184,19.709999084472656,12500,20.18000030517578,19.96999931335449,12.53054904937744
06-04-2010,19.76000022888184,19.899999618530277,600,19.899999618530277,19.850000381469727,12.455252647399902
07-04-2010,19.76000022888184,19.76000022888184,3700,20.59000015258789,20.01000022888184,12.555652618408203
08-04-2010,19.809999465942383,20.0,3700,20.280000686645508,19.84000015258789,12.448984146118164
09-04-2010,19.489999771118164,19.600000381469727,14800,20.049999237060547,19.709999084472656,12.367413520812988
12-04-2010,19.63999938964844,19.63999938964844,6700,20.020000457763672,19.979999542236328,12.536825180053713
13-04-2010,20.18000030517578,20.18000030517578,17800,20.540000915527344,20.540000915527344,12.88820743560791
14-04-2010,20.649999618530277,20.90999984741211,5100,20.90999984741211,20.75,13.019976615905762
15-04-2010,19.81999969482422,20.399999618530277,16700,20.989999771118164,20.8799991607666,13.101545333862305
16-04-2010,20.61000061035156,20.850000381469727,8100,20.899999618530277,20.780000686645508,13.038801193237305
19-04-2010,20.75,20.90999984741211,3400,20.90999984741211,20.75,13.019976615905762
20-04-2010,20.709999084472656,20.84000015258789,1400,20.8700008392334,20.770000457763672,13.0325288772583
21-04-2010,20.399999618530277,20.899999618530277,2800,20.93000030517578,20.93000030517578,13.132917404174805
22-04-2010,21.0,21.0,11800,21.670000076293945,21.46999931335449,13.471755981445312
23-04-2010,21.0,21.46999931335449,3800,21.5,21.36000061035156,13.40273380279541
26-04-2010,21.34000015258789,21.51000022888184,5400,21.670000076293945,21.670000076293945,13.597247123718262
27-04-2010,21.51000022888184,21.6200008392334,7600,21.90999984741211,21.51000022888184,13.496854782104492
28-04-2010,21.600000381469727,21.63999938964844,6100,21.899999618530277,21.61000061035156,13.559603691101074
29-04-2010,21.56999969482422,21.71999931335449,5000,22.0,21.920000076293945,13.75411605834961
30-04-2010,21.5,21.649999618530277,10900,21.90999984741211,21.709999084472656,13.622344970703123
03-05-2010,21.56999969482422,21.729999542236328,2500,21.940000534057617,21.90999984741211,13.747843742370604
04-05-2010,21.57999992370605,21.670000076293945,7300,21.899999618530277,21.799999237060547,13.678814888000488
05-05-2010,21.38999938964844,21.780000686645508,3900,21.780000686645508,21.38999938964844,13.421558380126951
06-05-2010,19.649999618530277,21.040000915527344,8600,21.200000762939453,19.649999618530277,12.329764366149902
07-05-2010,19.530000686645508,19.68000030517578,6500,20.280000686645508,19.59000015258789,12.292113304138184
10-05-2010,19.65999984741211,20.350000381469727,15800,21.670000076293945,20.65999984741211,12.9635009765625
11-05-2010,20.450000762939453,20.450000762939453,12900,21.65999984741211,21.56999969482422,13.534499168395996
12-05-2010,21.530000686645508,21.530000686645508,17600,21.88999938964844,21.75,13.64744472503662
13-05-2010,21.549999237060547,21.75,2900,21.790000915527344,21.63999938964844,13.578425407409668
14-05-2010,20.8700008392334,21.5,3600,21.5,21.100000381469727,13.23959255218506
17-05-2010,20.61000061035156,21.270000457763672,4700,21.309999465942383,20.93000030517578,13.132917404174805
18-05-2010,20.0,21.170000076293945,8800,21.170000076293945,20.3799991607666,12.787817001342772
19-05-2010,20.32999992370605,20.43000030517578,7600,20.5,20.36000061035156,12.775264739990234
20-05-2010,19.5,20.049999237060547,5200,20.299999237060547,19.51000022888184,12.241917610168455
21-05-2010,19.350000381469727,19.350000381469727,12000,20.09000015258789,19.950000762939453,12.518004417419434
24-05-2010,19.520000457763672,20.0,4600,20.530000686645508,19.709999084472656,12.367413520812988
25-05-2010,19.07999992370605,19.32999992370605,10300,19.61000061035156,19.209999084472656,12.053674697875977
26-05-2010,19.049999237060547,19.809999465942383,6300,20.030000686645508,19.059999465942383,11.959558486938477
27-05-2010,19.020000457763672,19.440000534057617,11700,19.440000534057617,19.270000457763672,12.09132480621338
28-05-2010,19.280000686645508,19.280000686645508,7100,20.209999084472656,20.13999938964844,12.637222290039062
01-06-2010,19.15999984741211,20.0,8800,20.040000915527344,19.15999984741211,12.02230453491211
02-06-2010,18.11000061035156,18.1299991607666,5500,19.8799991607666,19.8799991607666,12.625639915466309
03-06-2010,19.350000381469727,19.790000915527344,4300,20.200000762939453,20.0,12.701852798461914
04-06-2010,19.21999931335449,19.59000015258789,9300,19.799999237060547,19.229999542236328,12.21282958984375
07-06-2010,19.299999237060547,19.32999992370605,20300,20.43000030517578,19.51000022888184,12.390654563903809
08-06-2010,19.0,19.420000076293945,7800,19.6200008392334,19.61000061035156,12.454168319702148
09-06-2010,19.459999084472656,19.809999465942383,3300,19.899999618530277,19.690000534057617,12.504974365234377
10-06-2010,19.40999984741211,19.989999771118164,10300,19.989999771118164,19.86000061035156,12.61293601989746
11-06-2010,19.700000762939453,19.709999084472656,10000,20.0,20.0,12.701852798461914
14-06-2010,19.420000076293945,20.18000030517578,5200,20.32999992370605,20.07999992370605,12.752653121948242
15-06-2010,19.63999938964844,20.1299991607666,9400,20.350000381469727,20.299999237060547,12.892374992370604
16-06-2010,19.6200008392334,20.1299991607666,2400,20.26000022888184,19.84000015258789,12.60023593902588
17-06-2010,19.600000381469727,19.600000381469727,5500,20.280000686645508,20.209999084472656,12.835217475891112
18-06-2010,20.049999237060547,20.3700008392334,30300,20.459999084472656,20.190000534057617,12.822518348693848
21-06-2010,20.25,20.479999542236328,4000,20.549999237060547,20.51000022888184,13.025747299194336
22-06-2010,20.059999465942383,20.61000061035156,12800,20.76000022888184,20.18000030517578,12.816166877746582
23-06-2010,20.13999938964844,20.13999938964844,9900,20.899999618530277,20.649999618530277,13.114659309387209
24-06-2010,20.11000061035156,20.170000076293945,30700,20.780000686645508,20.489999771118164,13.013046264648438
25-06-2010,20.309999465942383,20.6299991607666,233100,23.0,22.559999465942383,14.32768726348877
28-06-2010,21.799999237060547,22.059999465942383,11700,22.209999084472656,22.020000457763672,13.984739303588867
29-06-2010,21.5,21.770000457763672,17100,22.06999969482422,21.63999938964844,13.743404388427734
30-06-2010,21.290000915527344,21.65999984741211,26300,21.709999084472656,21.38999938964844,13.584630966186523
01-07-2010,20.75,21.479999542236328,8600,21.479999542236328,21.09000015258789,13.3941068649292
02-07-2010,20.530000686645508,21.270000457763672,6000,21.270000457763672,20.57999992370605,13.070198059082031
06-07-2010,19.56999969482422,20.020000457763672,15900,20.71999931335449,19.57999992370605,12.435112953186035
07-07-2010,19.01000022888184,19.700000762939453,22300,19.700000762939453,19.239999771118164,12.2191801071167
08-07-2010,18.5,19.36000061035156,32800,19.63999938964844,19.440000534057617,12.346199989318848
09-07-2010,18.90999984741211,19.350000381469727,8600,19.81999969482422,19.63999938964844,12.47321319580078
12-07-2010,19.6200008392334,20.030000686645508,4200,20.030000686645508,19.68000030517578,12.49862003326416
13-07-2010,19.63999938964844,19.950000762939453,10400,21.1200008392334,20.700000762939453,13.146418571472168
14-07-2010,20.190000534057617,20.440000534057617,18400,20.56999969482422,20.200000762939453,12.828869819641112
15-07-2010,19.790000915527344,20.190000534057617,13300,20.479999542236328,19.8700008392334,12.619292259216309
16-07-2010,18.82999992370605,19.809999465942383,20200,19.84000015258789,18.82999992370605,11.958791732788086
19-07-2010,18.489999771118164,19.270000457763672,8200,19.270000457763672,18.899999618530277,12.003250122070312
20-07-2010,18.700000762939453,18.700000762939453,8100,19.790000915527344,19.459999084472656,12.35890007019043
21-07-2010,18.059999465942383,19.56999969482422,10200,19.790000915527344,18.86000061035156,11.977845191955566
22-07-2010,19.09000015258789,19.09000015258789,7600,20.38999938964844,20.290000915527344,12.886030197143556
23-07-2010,19.489999771118164,20.1200008392334,6000,20.270000457763672,20.200000762939453,12.828869819641112
26-07-2010,19.8799991607666,20.549999237060547,8400,21.0,20.899999618530277,13.273429870605469
27-07-2010,20.59000015258789,21.07999992370605,21900,21.979999542236328,21.75,13.813262939453123
28-07-2010,21.0,21.0,5400,21.479999542236328,21.3700008392334,13.571927070617676
29-07-2010,21.399999618530277,21.61000061035156,7800,21.61000061035156,21.56999969482422,13.698946952819824
30-07-2010,20.850000381469727,21.350000381469727,17100,22.299999237060547,22.100000381469727,14.03554344177246
02-08-2010,21.71999931335449,22.290000915527344,5500,22.299999237060547,22.190000534057617,14.09270477294922
03-08-2010,21.559999465942383,22.100000381469727,18200,22.100000381469727,21.770000457763672,13.825965881347656
04-08-2010,21.209999084472656,21.82999992370605,6400,21.82999992370605,21.440000534057617,13.616384506225586
05-08-2010,20.940000534057617,21.3799991607666,3300,21.729999542236328,21.13999938964844,13.425859451293944
06-08-2010,20.07999992370605,20.979999542236328,7400,21.0,20.440000534057617,12.981292724609377
09-08-2010,20.229999542236328,20.63999938964844,4700,20.850000381469727,20.649999618530277,13.114659309387209
10-08-2010,20.1200008392334,20.399999618530277,4000,21.07999992370605,20.459999084472656,12.993993759155272
11-08-2010,18.989999771118164,20.209999084472656,16200,20.209999084472656,19.020000457763672,12.079460144042969
12-08-2010,18.299999237060547,18.8799991607666,14100,19.239999771118164,18.739999771118164,11.901634216308594
13-08-2010,18.40999984741211,18.739999771118164,12200,19.049999237060547,18.40999984741211,11.692051887512209
16-08-2010,18.26000022888184,18.690000534057617,9500,18.799999237060547,18.420000076293945,11.698408126831056
17-08-2010,18.38999938964844,18.65999984741211,32600,20.149999618530277,19.670000076293945,12.492268562316896
18-08-2010,18.65999984741211,19.59000015258789,16000,19.59000015258789,19.13999938964844,12.15567111968994
19-08-2010,18.700000762939453,19.1299991607666,5800,19.25,18.700000762939453,11.876232147216797
20-08-2010,18.61000061035156,18.6299991607666,7700,19.280000686645508,18.61000061035156,11.819068908691406
23-08-2010,18.0,18.59000015258789,23100,18.59000015258789,18.25,11.590438842773438
24-08-2010,18.07999992370605,18.07999992370605,7200,18.75,18.56999969482422,11.79366683959961
25-08-2010,18.479999542236328,18.479999542236328,4800,19.0,19.0,12.06675910949707
26-08-2010,18.82999992370605,19.020000457763672,2300,19.09000015258789,18.82999992370605,11.958791732788086
27-08-2010,19.030000686645508,19.049999237060547,8800,19.770000457763672,19.770000457763672,12.555782318115234
30-08-2010,19.440000534057617,19.440000534057617,14000,19.770000457763672,19.68000030517578,12.49862003326416
31-08-2010,19.6200008392334,19.6200008392334,6900,19.86000061035156,19.649999618530277,12.479570388793944
01-09-2010,19.799999237060547,19.8799991607666,13400,20.809999465942383,20.780000686645508,13.353529930114746
02-09-2010,20.09000015258789,20.6200008392334,4900,20.979999542236328,20.81999969482422,13.379226684570312
03-09-2010,20.549999237060547,20.899999618530277,4300,20.920000076293945,20.920000076293945,13.443489074707031
07-09-2010,20.40999984741211,20.899999618530277,8200,20.899999618530277,20.40999984741211,13.115750312805176
08-09-2010,20.420000076293945,20.88999938964844,6400,20.88999938964844,20.670000076293945,13.282837867736816
09-09-2010,20.700000762939453,20.799999237060547,2800,20.96999931335449,20.809999465942383,13.37279987335205
10-09-2010,20.450000762939453,20.450000762939453,3400,20.8700008392334,20.8700008392334,13.41136074066162
13-09-2010,20.65999984741211,20.959999084472656,11400,21.489999771118164,21.479999542236328,13.803354263305664
14-09-2010,20.979999542236328,21.450000762939453,6300,21.489999771118164,21.290000915527344,13.68126106262207
15-09-2010,20.940000534057617,21.26000022888184,5300,21.440000534057617,21.149999618530277,13.591293334960938
16-09-2010,20.479999542236328,21.299999237060547,2600,21.299999237060547,20.81999969482422,13.379226684570312
17-09-2010,20.440000534057617,21.290000915527344,27300,21.450000762939453,21.01000022888184,13.501325607299805
20-09-2010,20.979999542236328,20.979999542236328,22800,21.850000381469727,21.780000686645508,13.996139526367188
21-09-2010,21.5,21.700000762939453,8500,22.1299991607666,21.799999237060547,14.008990287780762
22-09-2010,21.450000762939453,22.149999618530277,6100,22.149999618530277,21.5,13.816205024719238
23-09-2010,20.6299991607666,21.5,6700,21.780000686645508,20.68000030517578,13.289259910583496
24-09-2010,20.5,20.920000076293945,30700,21.1200008392334,21.0,13.494901657104492
27-09-2010,20.88999938964844,21.25,7600,21.350000381469727,21.020000457763672,13.507752418518066
28-09-2010,20.280000686645508,21.15999984741211,5600,21.520000457763672,21.26000022888184,13.661975860595703
29-09-2010,21.100000381469727,21.190000534057617,10900,21.729999542236328,21.729999542236328,13.96401023864746
30-09-2010,21.780000686645508,21.799999237060547,5900,22.0,21.940000534057617,14.098958015441896
01-10-2010,21.8799991607666,22.0,5700,22.459999084472656,22.190000534057617,14.259610176086426
04-10-2010,21.36000061035156,22.059999465942383,10400,22.059999465942383,21.82999992370605,14.028268814086914
05-10-2010,21.709999084472656,21.799999237060547,22600,23.0,23.0,14.780126571655272
06-10-2010,22.75,22.8799991607666,9700,22.989999771118164,22.899999618530277,14.715866088867188
07-10-2010,22.030000686645508,22.959999084472656,5900,22.959999084472656,22.81999969482422,14.664461135864258
08-10-2010,22.030000686645508,22.030000686645508,16300,23.13999938964844,23.030000686645508,14.799410820007324
11-10-2010,22.229999542236328,23.0,7900,23.0,22.25,14.298165321350098
12-10-2010,21.31999969482422,22.18000030517578,9300,22.18000030517578,21.90999984741211,14.079679489135742
13-10-2010,21.950000762939453,21.96999931335449,23300,22.43000030517578,22.209999084472656,14.27246379852295
14-10-2010,21.899999618530277,22.46999931335449,2700,22.46999931335449,22.049999237060547,14.16964626312256
15-10-2010,22.149999618530277,22.489999771118164,14400,22.6200008392334,22.31999969482422,14.34315013885498
18-10-2010,21.549999237060547,21.549999237060547,2400,22.989999771118164,22.989999771118164,14.773703575134276
19-10-2010,22.059999465942383,22.65999984741211,4900,22.65999984741211,22.059999465942383,14.176069259643556
20-10-2010,21.709999084472656,22.280000686645508,3500,22.799999237060547,22.799999237060547,14.651609420776367
21-10-2010,21.65999984741211,22.84000015258789,6200,22.84000015258789,22.020000457763672,14.150367736816406
22-10-2010,21.799999237060547,22.280000686645508,6500,22.920000076293945,22.43000030517578,14.41383457183838
25-10-2010,22.190000534057617,22.6299991607666,4900,22.76000022888184,22.59000015258789,14.516657829284668
26-10-2010,22.280000686645508,22.700000762939453,3100,22.700000762939453,22.51000022888184,14.465248107910156
27-10-2010,22.040000915527344,22.38999938964844,4100,22.899999618530277,22.21999931335449,14.278889656066896
28-10-2010,21.88999938964844,21.88999938964844,3400,22.75,22.200000762939453,14.266036033630373
29-10-2010,22.0,22.209999084472656,8100,22.979999542236328,22.780000686645508,14.638752937316896
01-11-2010,22.15999984741211,22.770000457763672,12000,22.770000457763672,22.38999938964844,14.38813304901123
02-11-2010,22.40999984741211,22.670000076293945,9300,22.959999084472656,22.709999084472656,14.593772888183594
03-11-2010,22.600000381469727,22.6200008392334,2700,22.920000076293945,22.90999984741211,14.722290992736816
04-11-2010,23.0,23.0,23300,24.309999465942383,24.309999465942383,15.621952056884766
05-11-2010,23.5,24.309999465942383,18000,24.420000076293945,24.030000686645508,15.442023277282717
08-11-2010,23.229999542236328,24.38999938964844,19300,24.399999618530277,24.170000076293945,15.531984329223633
09-11-2010,23.11000061035156,23.899999618530277,5700,24.0,23.25,14.940786361694336
10-11-2010,23.07999992370605,23.81999969482422,5500,23.8799991607666,23.68000030517578,15.217106819152832
11-11-2010,22.82999992370605,23.459999084472656,7500,23.459999084472656,23.07999992370605,14.831539154052734
12-11-2010,22.549999237060547,22.940000534057617,8600,23.09000015258789,22.700000762939453,14.5873441696167
15-11-2010,23.049999237060547,23.40999984741211,2400,23.40999984741211,23.18000030517578,14.895800590515137
16-11-2010,22.530000686645508,22.96999931335449,8200,23.700000762939453,22.84000015258789,14.6773042678833
17-11-2010,23.01000022888184,23.01000022888184,1200,23.270000457763672,23.21999931335449,14.921510696411133
18-11-2010,22.8700008392334,23.239999771118164,6900,23.450000762939453,22.8700008392334,14.696592330932615
19-11-2010,22.739999771118164,22.920000076293945,8100,23.049999237060547,23.040000915527344,14.805831909179688
22-11-2010,22.350000381469727,22.84000015258789,6200,22.84000015258789,22.600000381469727,14.523085594177246
23-11-2010,21.989999771118164,22.450000762939453,4900,22.450000762939453,22.11000061035156,14.20820140838623
24-11-2010,22.25,22.57999992370605,9800,22.649999618530277,22.540000915527344,14.48452854156494
26-11-2010,22.200000762939453,22.200000762939453,700,22.459999084472656,22.299999237060547,14.330297470092772
29-11-2010,22.0,22.149999618530277,8600,22.93000030517578,22.299999237060547,14.330297470092772
30-11-2010,22.11000061035156,22.11000061035156,5000,22.63999938964844,22.32999992370605,14.349578857421877
01-12-2010,22.450000762939453,22.63999938964844,20300,23.21999931335449,22.84000015258789,14.83006191253662
02-12-2010,21.950000762939453,22.84000015258789,12700,22.84000015258789,22.1200008392334,14.362564086914062
03-12-2010,21.799999237060547,22.1299991607666,6200,22.32999992370605,22.13999938964844,14.375551223754885
06-12-2010,21.31999969482422,21.31999969482422,29800,22.399999618530277,21.81999969482422,14.16777229309082
07-12-2010,21.84000015258789,21.940000534057617,7200,22.38999938964844,22.290000915527344,14.472942352294922
08-12-2010,21.790000915527344,22.3799991607666,2600,22.63999938964844,22.6200008392334,14.687217712402344
09-12-2010,22.01000022888184,22.01000022888184,11800,23.31999969482422,23.25,15.096278190612791
10-12-2010,22.520000457763672,22.520000457763672,12200,23.84000015258789,23.670000076293945,15.368980407714844
13-12-2010,23.63999938964844,23.649999618530277,5200,24.399999618530277,23.850000381469727,15.485851287841797
14-12-2010,23.56999969482422,24.049999237060547,14700,24.34000015258789,23.790000915527344,15.446901321411133
15-12-2010,23.75,24.0,11900,24.200000762939453,23.799999237060547,15.453389167785645
16-12-2010,21.90999984741211,23.200000762939453,23800,23.200000762939453,22.21999931335449,14.42748737335205
17-12-2010,22.290000915527344,22.290000915527344,20300,22.81999969482422,22.549999237060547,14.641763687133787
20-12-2010,22.450000762939453,22.979999542236328,10500,23.399999618530277,23.030000686645508,14.953424453735352
21-12-2010,22.82999992370605,23.01000022888184,21800,23.459999084472656,23.299999237060547,15.128738403320312
22-12-2010,23.190000534057617,23.51000022888184,4900,23.739999771118164,23.489999771118164,15.252108573913574
23-12-2010,23.239999771118164,23.790000915527344,6400,23.790000915527344,23.5,15.258594512939451
27-12-2010,23.649999618530277,23.799999237060547,4700,24.020000457763672,24.020000457763672,15.59623908996582
28-12-2010,23.780000686645508,24.190000534057617,2400,24.190000534057617,23.780000686645508,15.440404891967772
29-12-2010,23.809999465942383,23.989999771118164,1800,23.989999771118164,23.82999992370605,15.472871780395508
30-12-2010,23.61000061035156,23.989999771118164,1700,23.989999771118164,23.61000061035156,15.330021858215332
31-12-2010,23.549999237060547,23.61000061035156,5100,23.76000022888184,23.549999237060547,15.291064262390137
03-01-2011,23.68000030517578,23.68000030517578,4900,24.13999938964844,24.059999465942383,15.622207641601562
04-01-2011,23.51000022888184,24.049999237060547,6500,24.049999237060547,23.51000022888184,15.265093803405762
05-01-2011,23.57999992370605,23.649999618530277,2600,23.76000022888184,23.75,15.42091941833496
06-01-2011,23.200000762939453,23.38999938964844,11100,23.71999931335449,23.71999931335449,15.401442527770996
07-01-2011,23.209999084472656,23.6299991607666,6000,23.63999938964844,23.3700008392334,15.174193382263184
10-01-2011,22.93000030517578,23.18000030517578,3600,23.25,23.25,15.096278190612791
11-01-2011,22.989999771118164,23.34000015258789,12800,23.489999771118164,23.13999938964844,15.024850845336914
12-01-2011,23.170000076293945,23.420000076293945,2500,23.420000076293945,23.170000076293945,15.044331550598145
13-01-2011,22.670000076293945,23.3799991607666,3900,23.3799991607666,22.670000076293945,14.719680786132812
14-01-2011,22.59000015258789,22.670000076293945,5800,22.96999931335449,22.93000030517578,14.88849925994873
18-01-2011,22.75,22.75,5100,23.15999984741211,22.770000457763672,14.784608840942385
19-01-2011,21.709999084472656,22.88999938964844,8800,23.0,21.709999084472656,14.096343040466309
20-01-2011,21.1200008392334,21.950000762939453,5800,21.950000762939453,21.1200008392334,13.713261604309082
21-01-2011,20.149999618530277,21.36000061035156,11900,21.36000061035156,20.18000030517578,13.102917671203612
24-01-2011,20.290000915527344,20.36000061035156,7400,20.770000457763672,20.350000381469727,13.213303565979004
25-01-2011,20.25,20.25,7500,20.899999618530277,20.520000457763672,13.323681831359863
26-01-2011,20.6200008392334,20.700000762939453,3700,21.18000030517578,21.1299991607666,13.719756126403809
27-01-2011,20.96999931335449,21.18000030517578,4100,21.479999542236328,21.100000381469727,13.700274467468262
28-01-2011,20.670000076293945,20.93000030517578,13800,21.030000686645508,20.670000076293945,13.421074867248535
31-01-2011,20.5,20.90999984741211,18000,20.90999984741211,20.56999969482422,13.356146812438965
01-02-2011,20.440000534057617,20.440000534057617,5200,20.90999984741211,20.90999984741211,13.576912879943848
02-02-2011,20.540000915527344,20.600000381469727,3600,20.82999992370605,20.75,13.473015785217283
03-02-2011,20.5,20.59000015258789,1800,20.600000381469727,20.57999992370605,13.362638473510742
04-02-2011,20.049999237060547,20.51000022888184,10500,20.75,20.299999237060547,13.180829048156738
07-02-2011,20.18000030517578,20.21999931335449,6500,20.670000076293945,20.670000076293945,13.421074867248535
08-02-2011,20.549999237060547,20.600000381469727,5600,20.88999938964844,20.82999992370605,13.5249605178833
09-02-2011,20.82999992370605,20.82999992370605,2500,21.049999237060547,21.0,13.635347366333008
10-02-2011,21.0,21.0,1900,21.56999969482422,21.38999938964844,13.888569831848145
11-02-2011,21.38999938964844,21.38999938964844,6300,21.700000762939453,21.700000762939453,14.089860916137695
14-02-2011,21.459999084472656,21.59000015258789,1500,21.989999771118164,21.63999938964844,14.050899505615234
15-02-2011,21.34000015258789,21.59000015258789,9200,21.6299991607666,21.46999931335449,13.94051456451416
16-02-2011,21.450000762939453,21.700000762939453,4400,21.799999237060547,21.770000457763672,14.135303497314451
17-02-2011,21.3700008392334,21.780000686645508,9600,22.09000015258789,22.09000015258789,14.343080520629885
18-02-2011,21.790000915527344,22.200000762939453,15000,22.5,22.190000534057617,14.408016204833984
22-02-2011,20.649999618530277,21.920000076293945,18200,22.11000061035156,20.850000381469727,13.537946701049805
23-02-2011,20.8799991607666,20.940000534057617,19600,21.600000381469727,21.059999465942383,13.674306869506836
24-02-2011,20.84000015258789,21.270000457763672,12700,21.299999237060547,21.07999992370605,13.68728733062744
25-02-2011,20.86000061035156,21.059999465942383,4500,21.65999984741211,21.600000381469727,14.02492618560791
28-02-2011,21.25,21.82999992370605,5000,21.82999992370605,21.770000457763672,14.135303497314451
01-03-2011,21.15999984741211,21.71999931335449,5700,21.71999931335449,21.200000762939453,13.76520538330078
02-03-2011,20.739999771118164,20.96999931335449,3900,21.100000381469727,21.020000457763672,13.798026084899902
03-03-2011,21.149999618530277,21.209999084472656,7800,21.709999084472656,21.65999984741211,14.2181396484375
04-03-2011,21.34000015258789,21.440000534057617,1800,21.450000762939453,21.34000015258789,14.008087158203123
07-03-2011,20.700000762939453,21.489999771118164,8600,21.520000457763672,20.920000076293945,13.732383728027344
08-03-2011,20.940000534057617,20.940000534057617,3500,21.479999542236328,21.479999542236328,14.099979400634766
09-03-2011,20.51000022888184,20.51000022888184,800,21.450000762939453,21.399999618530277,14.047466278076172
10-03-2011,20.299999237060547,21.34000015258789,16900,21.34000015258789,20.31999969482422,13.338526725769045
11-03-2011,20.0,20.280000686645508,23800,21.200000762939453,20.479999542236328,13.443560600280762
14-03-2011,20.11000061035156,20.209999084472656,7600,21.09000015258789,20.65999984741211,13.56171417236328
15-03-2011,20.0,20.0,2200,21.01000022888184,20.84000015258789,13.679866790771484
16-03-2011,20.25,20.770000457763672,16500,20.770000457763672,20.38999938964844,13.384478569030762
17-03-2011,20.63999938964844,20.770000457763672,4700,20.920000076293945,20.899999618530277,13.719255447387695
18-03-2011,20.850000381469727,21.09000015258789,15500,21.43000030517578,21.3799991607666,14.03433895111084
21-03-2011,21.399999618530277,21.700000762939453,13000,21.959999084472656,21.71999931335449,14.257522583007812
22-03-2011,21.5,21.739999771118164,8800,21.75,21.559999465942383,14.152494430541992
23-03-2011,21.5,21.559999465942383,5600,21.770000457763672,21.770000457763672,14.290339469909668
24-03-2011,21.670000076293945,21.8700008392334,2500,21.959999084472656,21.959999084472656,14.415064811706545
25-03-2011,21.729999542236328,21.850000381469727,7300,22.34000015258789,21.979999542236328,14.428192138671877
28-03-2011,21.76000022888184,22.06999969482422,5600,22.06999969482422,21.76000022888184,14.28378200531006
29-03-2011,21.809999465942383,21.90999984741211,2100,22.200000762939453,22.200000762939453,14.57260513305664
30-03-2011,21.940000534057617,22.229999542236328,5300,22.309999465942383,22.309999465942383,14.644814491271973
31-03-2011,22.149999618530277,22.25,5500,22.51000022888184,22.51000022888184,14.776095390319824
01-04-2011,22.40999984741211,22.6200008392334,7600,23.0,22.81999969482422,14.97958755493164
04-04-2011,22.649999618530277,23.0,3000,23.0,22.93000030517578,15.051797866821287
05-04-2011,22.81999969482422,22.81999969482422,5500,23.46999931335449,23.239999771118164,15.255284309387209
06-04-2011,22.88999938964844,23.299999237060547,6900,23.68000030517578,23.600000381469727,15.491601943969728
07-04-2011,23.479999542236328,23.6299991607666,12600,23.940000534057617,23.899999618530277,15.688526153564451
08-04-2011,23.68000030517578,23.950000762939453,10200,23.950000762939453,23.68000030517578,15.544110298156738
11-04-2011,23.1299991607666,23.71999931335449,8800,23.75,23.459999084472656,15.399700164794922
12-04-2011,22.059999465942383,22.059999465942383,12800,23.309999465942383,23.200000762939453,15.229028701782228
13-04-2011,23.15999984741211,23.399999618530277,9700,23.399999618530277,23.290000915527344,15.288108825683594
14-04-2011,23.020000457763672,23.020000457763672,4300,23.540000915527344,23.36000061035156,15.334053993225098
15-04-2011,23.31999969482422,23.31999969482422,13100,23.850000381469727,23.450000762939453,15.393136978149414
18-04-2011,22.690000534057617,22.690000534057617,3300,23.299999237060547,22.93000030517578,15.051797866821287
19-04-2011,22.61000061035156,23.07999992370605,4600,23.07999992370605,22.739999771118164,14.92707633972168
20-04-2011,22.709999084472656,23.0,14500,23.46999931335449,22.940000534057617,15.058359146118164
21-04-2011,22.61000061035156,22.979999542236328,7700,22.979999542236328,22.8700008392334,15.012406349182127
25-04-2011,22.57999992370605,22.809999465942383,2800,22.82999992370605,22.82999992370605,14.986154556274414
26-04-2011,22.549999237060547,22.86000061035156,2600,23.09000015258789,22.989999771118164,15.091181755065918
27-04-2011,22.56999969482422,22.940000534057617,11000,23.049999237060547,23.020000457763672,15.11087417602539
28-04-2011,22.799999237060547,23.0,6100,23.020000457763672,23.020000457763672,15.11087417602539
29-04-2011,22.8700008392334,23.07999992370605,8200,23.229999542236328,23.13999938964844,15.189644813537598
02-05-2011,22.51000022888184,23.600000381469727,4700,23.600000381469727,22.530000686645508,14.789223670959473
03-05-2011,22.43000030517578,22.530000686645508,2100,22.709999084472656,22.43000030517578,14.723583221435549
04-05-2011,21.899999618530277,22.520000457763672,5900,22.790000915527344,21.899999618530277,14.375678062438965
05-05-2011,20.75,21.899999618530277,8200,21.959999084472656,20.850000381469727,13.686431884765623
06-05-2011,21.1299991607666,21.51000022888184,3200,21.51000022888184,21.26000022888184,13.95556640625
09-05-2011,20.489999771118164,21.209999084472656,11000,21.450000762939453,21.280000686645508,13.968700408935549
10-05-2011,21.149999618530277,21.399999618530277,8200,21.739999771118164,21.690000534057617,14.237829208374023
11-05-2011,20.899999618530277,21.520000457763672,5800,21.6200008392334,20.899999618530277,13.719255447387695
12-05-2011,20.71999931335449,20.76000022888184,6300,21.25,21.25,13.949007987976074
13-05-2011,20.71999931335449,21.290000915527344,2900,21.290000915527344,20.76000022888184,13.627358436584473
16-05-2011,20.399999618530277,20.63999938964844,14400,21.229999542236328,20.420000076293945,13.40416431427002
17-05-2011,20.280000686645508,20.299999237060547,5100,20.81999969482422,20.280000686645508,13.312273025512695
18-05-2011,20.450000762939453,20.709999084472656,7700,20.86000061035156,20.76000022888184,13.627358436584473
19-05-2011,20.690000534057617,20.959999084472656,4300,20.959999084472656,20.700000762939453,13.587969779968262
20-05-2011,20.25,20.5,13500,20.8799991607666,20.25,13.29258155822754
23-05-2011,19.8799991607666,19.93000030517578,8100,20.36000061035156,19.959999084472656,13.102214813232422
24-05-2011,19.739999771118164,20.299999237060547,9800,20.5,19.84000015258789,13.023446083068848
25-05-2011,19.63999938964844,19.82999992370605,8500,20.26000022888184,19.709999084472656,12.93811321258545
26-05-2011,19.700000762939453,19.700000762939453,14000,20.0,19.88999938964844,13.056266784667969
27-05-2011,19.38999938964844,19.899999618530277,17300,20.040000915527344,19.520000457763672,12.81338882446289
31-05-2011,19.489999771118164,19.920000076293945,28200,20.149999618530277,20.149999618530277,13.226933479309082
01-06-2011,18.020000457763672,19.82999992370605,17000,19.82999992370605,18.270000457763672,12.131335258483888
02-06-2011,17.920000076293945,18.479999542236328,36200,18.5,18.049999237060547,11.985252380371094
03-06-2011,17.5,17.690000534057617,22000,18.200000762939453,17.530000686645508,11.639971733093262
06-06-2011,17.5,18.0,13400,18.0,17.5,11.620049476623535
07-06-2011,17.540000915527344,17.84000015258789,10500,18.0,17.65999984741211,11.726288795471191
08-06-2011,17.549999237060547,17.700000762939453,15300,18.1299991607666,17.81999969482422,11.83253002166748
09-06-2011,17.450000762939453,18.0,36300,18.489999771118164,17.469999313354492,11.600131034851074
10-06-2011,17.25,17.5,35800,17.950000762939453,17.299999237060547,11.487249374389648
13-06-2011,17.329999923706055,17.459999084472656,26600,17.889999389648438,17.360000610351562,11.52708911895752
14-06-2011,17.399999618530273,17.649999618530273,22300,17.90999984741211,17.520000457763672,11.633330345153809
15-06-2011,17.350000381469727,17.549999237060547,31600,17.670000076293945,17.350000381469727,11.520450592041016
16-06-2011,17.290000915527344,17.350000381469727,17300,17.75,17.489999771118164,11.613412857055664
17-06-2011,17.65999984741211,17.719999313354492,32400,18.309999465942383,17.81999969482422,11.83253002166748
20-06-2011,17.8700008392334,17.8700008392334,20900,18.299999237060547,18.09000015258789,12.011812210083008
21-06-2011,17.799999237060547,18.25,25900,18.399999618530277,18.040000915527344,11.978612899780272
22-06-2011,17.700000762939453,18.0,23800,18.450000762939453,17.700000762939453,11.752851486206056
23-06-2011,17.110000610351562,17.450000762939453,17500,18.0,17.920000076293945,11.898929595947266
24-06-2011,17.5,17.950000762939453,1030400,18.0,17.920000076293945,11.898929595947266
27-06-2011,17.790000915527344,17.829999923706055,31500,18.520000457763672,18.040000915527344,11.978612899780272
28-06-2011,17.899999618530273,18.280000686645508,26500,18.440000534057617,18.170000076293945,12.064931869506836
29-06-2011,17.799999237060547,18.25,23700,18.299999237060547,18.200000762939453,12.084856986999512
30-06-2011,18.209999084472656,18.25,19000,18.5,18.38999938964844,12.211012840270996
01-07-2011,17.940000534057617,17.940000534057617,21100,18.399999618530277,18.170000076293945,12.064931869506836
05-07-2011,18.040000915527344,18.299999237060547,13800,18.299999237060547,18.26000022888184,12.124692916870115
06-07-2011,18.030000686645508,18.25,17900,18.25,18.239999771118164,12.11141300201416
07-07-2011,18.100000381469727,18.25,32200,18.649999618530277,18.200000762939453,12.084856986999512
08-07-2011,17.979999542236328,18.13999938964844,23300,18.479999542236328,18.229999542236328,12.104766845703123
11-07-2011,18.0,18.0,37900,18.350000381469727,18.32999992370605,12.17117691040039
12-07-2011,18.34000015258789,18.34000015258789,16300,18.920000076293945,18.59000015258789,12.34381103515625
13-07-2011,18.520000457763672,18.600000381469727,7800,18.950000762939453,18.76000022888184,12.456694602966309
14-07-2011,18.82999992370605,19.459999084472656,27400,21.0,18.920000076293945,12.562933921813965
15-07-2011,18.459999084472656,19.040000915527344,10700,19.170000076293945,18.90999984741211,12.556296348571776
18-07-2011,18.450000762939453,18.63999938964844,23000,19.200000762939453,18.75,12.450056076049805
19-07-2011,18.32999992370605,18.989999771118164,44500,19.350000381469727,18.32999992370605,12.17117691040039
20-07-2011,18.0,18.450000762939453,18800,18.5,18.09000015258789,12.011812210083008
21-07-2011,18.1299991607666,18.299999237060547,8400,18.6299991607666,18.6299991607666,12.370373725891112
22-07-2011,18.059999465942383,18.57999992370605,4900,18.57999992370605,18.25,12.118051528930664
25-07-2011,18.1200008392334,18.1200008392334,11700,18.59000015258789,18.450000762939453,12.250855445861816
26-07-2011,18.100000381469727,18.32999992370605,13700,18.649999618530277,18.440000534057617,12.244213104248049
27-07-2011,18.229999542236328,18.75,15400,18.799999237060547,18.63999938964844,12.377009391784668
28-07-2011,18.280000686645508,18.61000061035156,5100,18.61000061035156,18.450000762939453,12.250855445861816
29-07-2011,18.299999237060547,18.479999542236328,10500,18.690000534057617,18.690000534057617,12.4102144241333
01-08-2011,18.5,18.6200008392334,6400,18.780000686645508,18.649999618530277,12.383657455444336
02-08-2011,18.670000076293945,18.86000061035156,39800,19.979999542236328,18.75,12.450056076049805
03-08-2011,18.229999542236328,18.899999618530277,44300,19.790000915527344,19.6200008392334,13.027738571166992
04-08-2011,18.959999084472656,19.450000762939453,14800,19.51000022888184,19.100000381469727,12.68245792388916
05-08-2011,18.600000381469727,18.600000381469727,23500,19.350000381469727,19.06999969482422,12.662534713745115
08-08-2011,18.0,18.649999618530277,21000,18.65999984741211,18.65999984741211,12.390294075012209
09-08-2011,18.059999465942383,18.959999084472656,15000,19.96999931335449,19.40999984741211,12.888298034667969
10-08-2011,17.75,19.06999969482422,15300,19.8700008392334,19.299999237060547,12.815256118774414
11-08-2011,17.959999084472656,18.5,23900,19.43000030517578,18.3799991607666,12.204373359680176
12-08-2011,18.100000381469727,18.6299991607666,7400,19.84000015258789,18.68000030517578,12.40357494354248
15-08-2011,18.6299991607666,19.059999465942383,4000,19.190000534057617,18.8799991607666,12.536372184753418
16-08-2011,17.969999313354492,18.489999771118164,17900,19.3799991607666,18.479999542236328,12.270773887634276
17-08-2011,18.170000076293945,18.38999938964844,4500,19.31999969482422,18.649999618530277,12.383657455444336
18-08-2011,18.040000915527344,18.61000061035156,7400,18.65999984741211,18.149999618530277,12.05165195465088
19-08-2011,18.0,18.0,11900,18.700000762939453,18.299999237060547,12.151253700256348
22-08-2011,17.850000381469727,18.899999618530277,39800,18.899999618530277,17.899999618530273,11.885649681091309
23-08-2011,17.75,18.36000061035156,6100,18.40999984741211,18.34000015258789,12.177812576293944
24-08-2011,18.190000534057617,18.46999931335449,4100,18.700000762939453,18.520000457763672,12.297334671020508
25-08-2011,17.850000381469727,18.479999542236328,13800,18.96999931335449,18.1299991607666,12.038372039794922
26-08-2011,18.020000457763672,18.25,9700,18.540000915527344,18.399999618530277,12.217652320861816
29-08-2011,18.5,18.559999465942383,4700,19.0,18.899999618530277,12.549653053283691
30-08-2011,18.5,19.200000762939453,9400,19.200000762939453,18.850000381469727,12.516457557678224
31-08-2011,18.399999618530277,18.690000534057617,2600,18.93000030517578,18.5,12.435789108276367
01-09-2011,18.34000015258789,18.559999465942383,1200,18.559999465942383,18.34000015258789,12.328235626220703
02-09-2011,17.84000015258789,18.31999969482422,11400,18.31999969482422,18.11000061035156,12.17363166809082
06-09-2011,17.670000076293945,17.8700008392334,7400,18.0,17.780000686645508,11.95180320739746
07-09-2011,17.760000228881836,18.0,23300,18.0,17.81999969482422,11.978690147399902
08-09-2011,17.700000762939453,17.770000457763672,23000,18.11000061035156,17.84000015258789,11.99213695526123
09-09-2011,17.670000076293945,17.729999542236328,15400,18.049999237060547,17.729999542236328,11.918193817138672
12-09-2011,17.670000076293945,17.670000076293945,6800,17.940000534057617,17.850000381469727,11.998857498168944
13-09-2011,17.75,17.969999313354492,7800,18.299999237060547,18.25,12.267735481262209
14-09-2011,18.030000686645508,18.32999992370605,5700,18.59000015258789,18.57999992370605,12.489564895629885
15-09-2011,18.5,18.559999465942383,11700,18.959999084472656,18.86000061035156,12.677786827087402
16-09-2011,18.51000022888184,19.06999969482422,10800,19.299999237060547,19.299999237060547,12.973553657531738
19-09-2011,18.5,18.850000381469727,12300,19.049999237060547,19.049999237060547,12.805501937866213
20-09-2011,18.799999237060547,19.049999237060547,7600,19.07999992370605,18.799999237060547,12.63745403289795
21-09-2011,18.059999465942383,18.700000762939453,8600,18.709999084472656,18.200000762939453,12.234131813049316
22-09-2011,17.670000076293945,17.670000076293945,12100,18.0,17.799999237060547,11.96524429321289
23-09-2011,17.729999542236328,17.729999542236328,4100,18.46999931335449,18.26000022888184,12.274460792541504
26-09-2011,17.899999618530273,18.34000015258789,8000,18.3700008392334,17.899999618530273,12.032463073730469
27-09-2011,17.920000076293945,18.290000915527344,5100,18.38999938964844,18.15999984741211,12.207245826721191
28-09-2011,17.770000457763672,18.1200008392334,8500,18.25,18.040000915527344,12.126577377319336
29-09-2011,17.93000030517578,18.299999237060547,2600,18.299999237060547,17.93000030517578,12.052632331848145
30-09-2011,17.68000030517578,17.68000030517578,2900,18.200000762939453,18.0,12.099688529968262
03-10-2011,17.700000762939453,17.93000030517578,7600,18.149999618530277,17.940000534057617,12.05935287475586
04-10-2011,17.719999313354492,17.84000015258789,7400,18.25,18.13999938964844,12.193795204162598
05-10-2011,18.25,18.440000534057617,6600,18.549999237060547,18.540000915527344,12.462679862976074
06-10-2011,18.209999084472656,18.3700008392334,3600,18.68000030517578,18.6299991607666,12.523179054260254
07-10-2011,17.8799991607666,18.299999237060547,10500,18.299999237060547,18.0,12.099688529968262
10-10-2011,17.8700008392334,18.149999618530277,13200,18.450000762939453,18.200000762939453,12.234131813049316
11-10-2011,18.0,18.18000030517578,9500,18.5,18.3799991607666,12.355124473571776
12-10-2011,18.200000762939453,18.200000762939453,12300,18.700000762939453,18.26000022888184,12.274460792541504
13-10-2011,18.1200008392334,18.25,6000,18.51000022888184,18.5,12.435789108276367
14-10-2011,18.299999237060547,18.6299991607666,3200,18.739999771118164,18.489999771118164,12.429068565368652
17-10-2011,18.15999984741211,18.399999618530277,5400,18.399999618530277,18.239999771118164,12.261014938354492
18-10-2011,17.989999771118164,18.399999618530277,13100,18.649999618530277,18.25,12.267735481262209
19-10-2011,18.1200008392334,18.34000015258789,2100,18.34000015258789,18.18000030517578,12.220685005187988
20-10-2011,17.90999984741211,18.190000534057617,12900,18.25,18.100000381469727,12.166912078857422
21-10-2011,18.06999969482422,18.209999084472656,10500,18.36000061035156,18.200000762939453,12.234131813049316
24-10-2011,18.100000381469727,18.200000762939453,10300,18.489999771118164,18.21999931335449,12.247573852539062
25-10-2011,17.90999984741211,18.190000534057617,7800,18.200000762939453,17.959999084472656,12.072794914245604
26-10-2011,18.020000457763672,18.15999984741211,10600,18.5,18.399999618530277,12.368568420410156
27-10-2011,18.51000022888184,18.51000022888184,33000,19.190000534057617,18.950000762939453,12.73828411102295
28-10-2011,18.5,18.90999984741211,4800,18.90999984741211,18.649999618530277,12.536622047424316
31-10-2011,18.190000534057617,18.5,16700,18.75,18.71999931335449,12.583674430847168
01-11-2011,17.979999542236328,18.290000915527344,6700,18.729999542236328,18.65999984741211,12.543342590332031
02-11-2011,18.5,18.75,8700,18.75,18.670000076293945,12.550064086914062
03-11-2011,18.239999771118164,18.75,7000,18.75,18.649999618530277,12.536622047424316
04-11-2011,18.420000076293945,18.479999542236328,1600,18.540000915527344,18.540000915527344,12.462679862976074
07-11-2011,18.1200008392334,18.350000381469727,4300,18.68000030517578,18.68000030517578,12.556787490844728
08-11-2011,18.350000381469727,18.75,5600,18.75,18.649999618530277,12.536622047424316
09-11-2011,18.030000686645508,18.38999938964844,22100,18.59000015258789,18.540000915527344,12.462679862976074
10-11-2011,18.5,18.540000915527344,13900,18.700000762939453,18.68000030517578,12.556787490844728
11-11-2011,18.65999984741211,18.75,8600,18.75,18.729999542236328,12.590394973754885
14-11-2011,18.649999618530277,18.649999618530277,6100,18.75,18.75,12.603841781616213
15-11-2011,18.57999992370605,18.57999992370605,9700,19.11000061035156,18.799999237060547,12.63745403289795
16-11-2011,18.700000762939453,18.75,17300,19.200000762939453,19.06999969482422,12.818944931030272
17-11-2011,18.549999237060547,18.93000030517578,8000,18.93000030517578,18.75,12.603841781616213
18-11-2011,18.700000762939453,18.90999984741211,4200,18.90999984741211,18.780000686645508,12.62400722503662
21-11-2011,18.149999618530277,18.68000030517578,17300,18.68000030517578,18.489999771118164,12.429068565368652
22-11-2011,18.25,18.290000915527344,8400,18.809999465942383,18.450000762939453,12.402181625366213
23-11-2011,17.950000762939453,18.420000076293945,9600,18.489999771118164,18.059999465942383,12.140022277832031
25-11-2011,17.829999923706055,17.989999771118164,7600,18.59000015258789,17.979999542236328,12.086243629455566
28-11-2011,18.010000228881836,18.34000015258789,7700,18.36000061035156,18.239999771118164,12.261014938354492
29-11-2011,18.07999992370605,18.26000022888184,17300,18.770000457763672,18.420000076293945,12.38201904296875
30-11-2011,18.420000076293945,18.450000762939453,3800,18.59000015258789,18.549999237060547,12.627069473266602
01-12-2011,18.43000030517578,18.43000030517578,800,18.459999084472656,18.440000534057617,12.552189826965332
02-12-2011,17.799999237060547,18.540000915527344,9700,18.540000915527344,18.18000030517578,12.375208854675291
05-12-2011,18.020000457763672,18.149999618530277,16700,18.3799991607666,18.3799991607666,12.511346817016602
06-12-2011,18.25,18.25,6800,18.5,18.479999542236328,12.57942008972168
07-12-2011,18.170000076293945,18.36000061035156,4500,18.5,18.459999084472656,12.565802574157717
08-12-2011,18.15999984741211,18.440000534057617,4800,18.440000534057617,18.399999618530277,12.52496337890625
09-12-2011,18.030000686645508,18.030000686645508,5200,18.739999771118164,18.700000762939453,12.729168891906738
12-12-2011,18.530000686645508,18.549999237060547,500,18.549999237060547,18.540000915527344,12.620264053344728
13-12-2011,18.43000030517578,18.559999465942383,6900,18.709999084472656,18.63999938964844,12.688328742980955
14-12-2011,18.399999618530277,18.63999938964844,9900,18.690000534057617,18.68000030517578,12.715557098388672
15-12-2011,18.25,18.75,14500,18.75,18.71999931335449,12.742785453796388
16-12-2011,18.540000915527344,18.75,35200,19.030000686645508,18.940000534057617,12.89254093170166
19-12-2011,18.76000022888184,18.989999771118164,13700,19.21999931335449,19.11000061035156,13.008264541625977
20-12-2011,19.209999084472656,19.209999084472656,14300,19.600000381469727,19.46999931335449,13.253314971923828
21-12-2011,19.040000915527344,19.549999237060547,8900,19.549999237060547,19.32999992370605,13.158013343811035
22-12-2011,18.940000534057617,19.299999237060547,7300,19.559999465942383,19.21999931335449,13.083142280578612
23-12-2011,19.190000534057617,19.190000534057617,1000,19.770000457763672,19.3700008392334,13.185245513916016
27-12-2011,19.26000022888184,19.88999938964844,1100,19.88999938964844,19.26000022888184,13.110366821289062
28-12-2011,18.90999984741211,19.26000022888184,6700,19.600000381469727,19.32999992370605,13.158013343811035
29-12-2011,19.18000030517578,19.18000030517578,6100,19.530000686645508,19.26000022888184,13.110366821289062
30-12-2011,19.01000022888184,19.25,4000,19.59000015258789,19.489999771118164,13.266928672790527
03-01-2012,19.31999969482422,19.700000762939453,5900,19.770000457763672,19.31999969482422,13.151209831237791
04-01-2012,19.31999969482422,19.31999969482422,2100,19.5,19.350000381469727,13.171634674072266
05-01-2012,19.299999237060547,19.3799991607666,800,19.459999084472656,19.459999084472656,13.246509552001951
06-01-2012,19.5,19.530000686645508,1200,19.790000915527344,19.600000381469727,13.341806411743164
09-01-2012,19.270000457763672,19.71999931335449,5200,19.739999771118164,19.540000915527344,13.3009672164917
10-01-2012,19.190000534057617,19.690000534057617,6500,19.690000534057617,19.399999618530277,13.20566749572754
11-01-2012,18.540000915527344,18.540000915527344,6100,19.5,19.290000915527344,13.130789756774902
12-01-2012,19.420000076293945,19.43000030517578,3600,19.5,19.479999542236328,13.26011848449707
13-01-2012,19.299999237060547,19.5,3300,19.5,19.43000030517578,13.22608470916748
17-01-2012,19.149999618530277,19.399999618530277,2400,19.399999618530277,19.299999237060547,13.137596130371094
18-01-2012,19.01000022888184,19.1299991607666,6900,19.479999542236328,19.479999542236328,13.26011848449707
19-01-2012,19.21999931335449,19.450000762939453,5600,19.489999771118164,19.489999771118164,13.266928672790527
20-01-2012,19.32999992370605,19.32999992370605,11300,19.940000534057617,19.940000534057617,13.57324504852295
23-01-2012,19.700000762939453,20.0,5600,20.1200008392334,20.020000457763672,13.627704620361328
24-01-2012,19.81999969482422,20.040000915527344,6800,20.040000915527344,19.979999542236328,13.600475311279297
25-01-2012,19.75,19.979999542236328,5200,20.25,20.15999984741211,13.723000526428224
26-01-2012,19.84000015258789,20.15999984741211,11600,20.38999938964844,20.07999992370605,13.668538093566896
27-01-2012,20.100000381469727,20.11000061035156,5800,20.34000015258789,20.26000022888184,13.791071891784668
30-01-2012,20.030000686645508,20.030000686645508,5500,20.399999618530277,20.31999969482422,13.831913948059082
31-01-2012,20.46999931335449,20.5,13800,20.739999771118164,20.71999931335449,14.104193687438965
01-02-2012,20.71999931335449,20.809999465942383,10500,21.149999618530277,21.100000381469727,14.36286735534668
02-02-2012,21.0,21.020000457763672,4400,21.25,21.25,14.464970588684082
03-02-2012,21.399999618530277,21.399999618530277,5000,21.6299991607666,21.46999931335449,14.61472225189209
06-02-2012,20.899999618530277,21.200000762939453,4900,21.200000762939453,21.07999992370605,14.349247932434082
07-02-2012,20.88999938964844,21.1200008392334,2700,21.1200008392334,21.030000686645508,14.315215110778809
08-02-2012,20.799999237060547,21.0,3100,21.01000022888184,20.979999542236328,14.28117847442627
09-02-2012,20.350000381469727,20.770000457763672,13400,20.850000381469727,20.809999465942383,14.165457725524902
10-02-2012,20.459999084472656,20.479999542236328,3800,20.700000762939453,20.59000015258789,14.015705108642578
13-02-2012,20.5,20.56999969482422,10600,20.86000061035156,20.850000381469727,14.192684173583984
14-02-2012,20.59000015258789,20.799999237060547,4800,20.88999938964844,20.88999938964844,14.219914436340332
15-02-2012,20.540000915527344,20.799999237060547,6300,20.799999237060547,20.799999237060547,14.158651351928713
16-02-2012,20.600000381469727,20.600000381469727,7700,20.8799991607666,20.729999542236328,14.11099910736084
17-02-2012,20.75,20.75,9500,21.239999771118164,21.239999771118164,14.45816135406494
21-02-2012,20.82999992370605,21.25,4800,21.26000022888184,21.15999984741211,14.403703689575195
22-02-2012,20.90999984741211,21.299999237060547,4800,21.299999237060547,21.06999969482422,14.342437744140623
23-02-2012,20.96999931335449,20.96999931335449,6700,21.239999771118164,21.200000762939453,14.430933952331545
24-02-2012,20.799999237060547,20.940000534057617,7000,21.149999618530277,21.049999237060547,14.328828811645508
27-02-2012,20.96999931335449,21.059999465942383,7300,21.399999618530277,21.399999618530277,14.567072868347168
28-02-2012,21.1200008392334,21.299999237060547,4500,21.489999771118164,21.489999771118164,14.628337860107422
29-02-2012,21.01000022888184,21.25,4200,21.440000534057617,21.25,14.621461868286133
01-03-2012,21.239999771118164,21.25,4100,21.5,21.25,14.621461868286133
02-03-2012,21.01000022888184,21.36000061035156,4300,21.440000534057617,21.149999618530277,14.552650451660156
05-03-2012,20.93000030517578,21.09000015258789,4900,21.26000022888184,21.239999771118164,14.61457633972168
06-03-2012,20.63999938964844,21.01000022888184,5900,21.25,20.950000762939453,14.415038108825684
07-03-2012,20.84000015258789,20.940000534057617,9100,21.280000686645508,21.190000534057617,14.580174446105955
08-03-2012,21.09000015258789,21.09000015258789,26300,21.700000762939453,21.59000015258789,14.855401992797852
09-03-2012,21.299999237060547,21.459999084472656,4800,22.190000534057617,22.1200008392334,15.22007656097412
12-03-2012,21.5,22.020000457763672,7000,22.190000534057617,21.709999084472656,14.937969207763672
13-03-2012,21.440000534057617,21.770000457763672,9200,22.01000022888184,21.8799991607666,15.054943084716797
14-03-2012,21.36000061035156,21.65999984741211,5000,22.0,21.600000381469727,14.86228084564209
15-03-2012,21.0,21.520000457763672,9100,21.63999938964844,21.600000381469727,14.86228084564209
16-03-2012,21.170000076293945,21.600000381469727,25100,21.600000381469727,21.479999542236328,14.779715538024902
19-03-2012,21.239999771118164,21.489999771118164,17600,21.96999931335449,21.549999237060547,14.827879905700684
20-03-2012,21.25,21.43000030517578,23000,21.68000030517578,21.5,14.793475151062012
21-03-2012,21.09000015258789,21.5,10400,21.51000022888184,21.209999084472656,14.593934059143066
22-03-2012,21.0,21.21999931335449,20500,21.270000457763672,21.239999771118164,14.61457633972168
23-03-2012,20.799999237060547,21.239999771118164,8000,21.239999771118164,20.86000061035156,14.353116035461426
26-03-2012,20.799999237060547,20.940000534057617,5700,21.489999771118164,21.420000076293945,14.73843002319336
27-03-2012,20.899999618530277,21.239999771118164,4500,21.600000381469727,21.520000457763672,14.80723762512207
28-03-2012,21.11000061035156,21.11000061035156,7600,21.600000381469727,21.56999969482422,14.84163761138916
29-03-2012,21.200000762939453,21.43000030517578,4800,21.600000381469727,21.549999237060547,14.827879905700684
30-03-2012,21.299999237060547,21.600000381469727,6300,21.700000762939453,21.299999237060547,14.655863761901855
02-04-2012,20.90999984741211,20.90999984741211,13800,21.540000915527344,21.18000030517578,14.573296546936035
03-04-2012,21.149999618530277,21.149999618530277,2600,21.59000015258789,21.56999969482422,14.84163761138916
04-04-2012,21.170000076293945,21.38999938964844,2900,21.600000381469727,21.600000381469727,14.86228084564209
05-04-2012,21.440000534057617,21.450000762939453,11800,21.850000381469727,21.75,14.965496063232422
09-04-2012,21.040000915527344,21.5,11000,21.700000762939453,21.6200008392334,14.876041412353516
10-04-2012,21.18000030517578,21.43000030517578,5200,21.549999237060547,21.440000534057617,14.752191543579102
11-04-2012,21.25,21.479999542236328,2700,21.709999084472656,21.690000534057617,14.924206733703612
12-04-2012,21.290000915527344,21.549999237060547,17900,21.690000534057617,21.56999969482422,14.84163761138916
13-04-2012,21.399999618530277,21.56999969482422,7600,21.690000534057617,21.59000015258789,14.855401992797852
16-04-2012,21.549999237060547,21.670000076293945,17200,21.989999771118164,21.649999618530277,14.896687507629396
17-04-2012,21.600000381469727,21.68000030517578,13300,22.0,21.86000061035156,15.041183471679688
18-04-2012,21.670000076293945,21.96999931335449,4500,22.0,22.0,15.137511253356934
19-04-2012,21.549999237060547,21.799999237060547,6300,22.0,22.0,15.137511253356934
20-04-2012,21.920000076293945,22.0,18400,22.239999771118164,22.0,15.137511253356934
23-04-2012,21.709999084472656,22.040000915527344,6200,22.040000915527344,21.770000457763672,14.979255676269531
24-04-2012,21.6200008392334,21.799999237060547,8300,21.799999237060547,21.65999984741211,14.90356731414795
25-04-2012,21.440000534057617,21.700000762939453,5300,21.989999771118164,21.61000061035156,14.869165420532228
26-04-2012,21.479999542236328,21.5,11000,22.690000534057617,22.399999618530277,15.412738800048828
27-04-2012,22.31999969482422,22.31999969482422,33800,23.540000915527344,23.25,15.997597694396973
30-04-2012,22.809999465942383,23.020000457763672,31000,23.5,23.43000030517578,16.121448516845703
01-05-2012,23.07999992370605,23.31999969482422,8000,24.0,23.989999771118164,16.50676918029785
02-05-2012,23.549999237060547,23.850000381469727,12900,23.979999542236328,23.729999542236328,16.327871322631836
03-05-2012,23.36000061035156,23.63999938964844,41000,24.0,23.850000381469727,16.410436630249023
04-05-2012,22.76000022888184,23.5,23700,23.5,22.799999237060547,15.68796443939209
07-05-2012,22.520000457763672,22.780000686645508,8500,23.11000061035156,22.88999938964844,15.749890327453612
08-05-2012,22.68000030517578,22.68000030517578,8900,23.489999771118164,23.489999771118164,16.16272735595703
09-05-2012,22.780000686645508,22.799999237060547,9000,23.93000030517578,23.780000686645508,16.362274169921875
10-05-2012,23.11000061035156,23.5,7000,23.5,23.25,15.997597694396973
11-05-2012,22.920000076293945,23.25,5200,23.34000015258789,23.280000686645508,16.01823616027832
14-05-2012,22.93000030517578,23.239999771118164,7000,23.25,23.209999084472656,15.970073699951172
15-05-2012,22.940000534057617,23.100000381469727,7400,23.530000686645508,23.40999984741211,16.107688903808594
16-05-2012,23.200000762939453,23.290000915527344,3300,23.520000457763672,23.399999618530277,16.10080909729004
17-05-2012,22.950000762939453,23.0,2600,23.25,23.209999084472656,15.970073699951172
18-05-2012,22.899999618530277,22.899999618530277,800,23.25,23.1299991607666,15.915027618408203
21-05-2012,22.8700008392334,23.13999938964844,1800,23.13999938964844,22.8799991607666,15.74301052093506
22-05-2012,22.65999984741211,22.940000534057617,2400,23.0,22.90999984741211,15.763649940490724
23-05-2012,22.600000381469727,22.670000076293945,3000,22.790000915527344,22.700000762939453,15.619154930114746
24-05-2012,22.170000076293945,22.81999969482422,5700,22.81999969482422,22.239999771118164,15.302644729614258
25-05-2012,21.40999984741211,21.899999618530277,9100,22.989999771118164,22.0,15.137511253356934
29-05-2012,21.920000076293945,22.200000762939453,23600,22.940000534057617,22.700000762939453,15.619154930114746
30-05-2012,21.68000030517578,22.38999938964844,11300,22.75,21.86000061035156,15.19514274597168
31-05-2012,21.21999931335449,21.86000061035156,15100,22.0,21.790000915527344,15.14648151397705
01-06-2012,21.420000076293945,21.420000076293945,5200,22.280000686645508,21.93000030517578,15.243800163269045
04-06-2012,21.309999465942383,21.90999984741211,14500,21.90999984741211,21.540000915527344,14.972704887390137
05-06-2012,21.07999992370605,21.25,10900,21.700000762939453,21.700000762939453,15.083917617797852
06-06-2012,21.61000061035156,21.61000061035156,7100,22.670000076293945,22.56999969482422,15.688664436340332
07-06-2012,21.76000022888184,22.649999618530277,8000,22.649999618530277,22.38999938964844,15.563549041748049
08-06-2012,22.11000061035156,22.5,19400,22.5,22.450000762939453,15.605257987976074
11-06-2012,21.229999542236328,22.31999969482422,26500,22.5,21.32999992370605,14.826733589172363
12-06-2012,21.13999938964844,21.209999084472656,7200,22.059999465942383,21.770000457763672,15.13258171081543
13-06-2012,21.59000015258789,22.0,7500,22.0,22.0,15.29245662689209
14-06-2012,21.8799991607666,22.0,25400,23.049999237060547,22.5,15.640008926391602
15-06-2012,22.40999984741211,22.59000015258789,24200,22.75,22.530000686645508,15.660861015319824
18-06-2012,21.959999084472656,22.540000915527344,43900,23.93000030517578,23.209999084472656,16.133543014526367
19-06-2012,22.88999938964844,23.440000534057617,32600,23.649999618530277,23.350000381469727,16.230850219726562
20-06-2012,22.75,23.020000457763672,36300,23.559999465942383,23.549999237060547,16.3698787689209
21-06-2012,22.790000915527344,23.290000915527344,59200,23.299999237060547,23.030000686645508,16.008419036865234
22-06-2012,22.459999084472656,22.8700008392334,1050700,23.200000762939453,22.75,15.813788414001465
25-06-2012,22.3700008392334,22.479999542236328,27800,22.799999237060547,22.46999931335449,15.619153022766112
26-06-2012,22.270000457763672,22.57999992370605,16400,22.700000762939453,22.46999931335449,15.619153022766112
27-06-2012,22.01000022888184,22.6200008392334,22400,22.63999938964844,22.6299991607666,15.73037338256836
28-06-2012,22.40999984741211,22.57999992370605,18600,23.489999771118164,23.149999618530277,16.091833114624023
29-06-2012,23.229999542236328,23.6200008392334,29700,23.649999618530277,23.559999465942383,16.376829147338867
02-07-2012,23.40999984741211,23.559999465942383,24100,23.649999618530277,23.63999938964844,16.43243408203125
03-07-2012,22.770000457763672,23.6299991607666,8200,23.6299991607666,23.549999237060547,16.3698787689209
05-07-2012,23.3700008392334,23.649999618530277,10000,23.989999771118164,23.68000030517578,16.460243225097656
06-07-2012,23.190000534057617,23.520000457763672,20700,23.75,23.61000061035156,16.411584854125977
09-07-2012,22.790000915527344,23.690000534057617,9900,23.690000534057617,22.979999542236328,15.973668098449709
10-07-2012,21.670000076293945,22.420000076293945,24000,22.56999969482422,22.489999771118164,15.633060455322266
11-07-2012,22.209999084472656,22.209999084472656,15500,23.440000534057617,23.25,16.16135025024414
12-07-2012,22.479999542236328,22.6200008392334,18400,23.190000534057617,23.18000030517578,16.112686157226562
13-07-2012,22.530000686645508,23.0,35300,23.75,23.290000915527344,16.189151763916016
16-07-2012,22.81999969482422,23.299999237060547,3700,23.3799991607666,23.059999465942383,16.02927017211914
17-07-2012,23.030000686645508,23.290000915527344,12600,23.549999237060547,23.350000381469727,16.230850219726562
18-07-2012,21.600000381469727,23.299999237060547,11700,23.299999237060547,23.06999969482422,16.03622055053711
19-07-2012,22.76000022888184,22.920000076293945,7100,23.3799991607666,23.040000915527344,16.0153751373291
20-07-2012,22.21999931335449,22.81999969482422,36900,23.399999618530277,23.13999938964844,16.084880828857422
23-07-2012,22.149999618530277,23.5,13900,23.5,23.21999931335449,16.140493392944336
24-07-2012,23.049999237060547,23.34000015258789,13400,23.450000762939453,23.26000022888184,16.168298721313477
25-07-2012,22.65999984741211,23.46999931335449,13800,23.46999931335449,22.84000015258789,15.876346588134766
26-07-2012,22.75,23.059999465942383,10500,23.200000762939453,22.93000030517578,15.93891143798828
27-07-2012,22.920000076293945,22.920000076293945,22500,23.31999969482422,23.21999931335449,16.140493392944336
30-07-2012,22.920000076293945,23.170000076293945,6100,23.25,23.059999465942383,16.02927017211914
31-07-2012,22.5,23.0,17800,23.09000015258789,22.6200008392334,15.723421096801758
01-08-2012,22.18000030517578,22.76000022888184,27100,22.76000022888184,22.18000030517578,15.41757583618164
02-08-2012,21.709999084472656,22.280000686645508,18900,22.280000686645508,21.780000686645508,15.139531135559082
03-08-2012,21.799999237060547,21.799999237060547,14500,22.309999465942383,22.200000762939453,15.431482315063477
06-08-2012,21.88999938964844,22.1299991607666,6600,22.75,22.600000381469727,15.709521293640137
07-08-2012,21.790000915527344,22.649999618530277,21100,22.649999618530277,22.440000534057617,15.59830379486084
08-08-2012,21.940000534057617,22.40999984741211,10200,22.40999984741211,22.18000030517578,15.41757583618164
09-08-2012,21.75,22.040000915527344,18500,22.25,22.239999771118164,15.45927906036377
10-08-2012,21.82999992370605,22.26000022888184,6200,22.350000381469727,22.299999237060547,15.500983238220217
13-08-2012,21.8700008392334,22.200000762939453,9800,22.600000381469727,22.600000381469727,15.709521293640137
14-08-2012,21.940000534057617,22.649999618530277,27600,22.649999618530277,22.049999237060547,15.327211380004885
15-08-2012,21.770000457763672,22.15999984741211,11900,22.21999931335449,22.0,15.29245662689209
16-08-2012,21.82999992370605,21.850000381469727,15700,22.239999771118164,22.059999465942383,15.33415699005127
17-08-2012,21.979999542236328,21.979999542236328,15500,22.71999931335449,22.670000076293945,15.758183479309082
20-08-2012,22.32999992370605,22.450000762939453,9100,22.690000534057617,22.38999938964844,15.563549041748049
21-08-2012,22.309999465942383,22.309999465942383,20500,22.57999992370605,22.3700008392334,15.549640655517578
22-08-2012,21.899999618530277,22.26000022888184,10100,22.34000015258789,22.09000015258789,15.355013847351074
23-08-2012,22.07999992370605,22.07999992370605,5200,22.299999237060547,22.09000015258789,15.355013847351074
24-08-2012,21.8700008392334,22.030000686645508,3300,22.149999618530277,22.1299991607666,15.382818222045898
27-08-2012,21.76000022888184,22.0,14700,22.31999969482422,22.229999542236328,15.452332496643066
28-08-2012,22.270000457763672,22.270000457763672,6500,22.489999771118164,22.450000762939453,15.605257987976074
29-08-2012,22.40999984741211,22.46999931335449,8900,22.649999618530277,22.649999618530277,15.744279861450195
30-08-2012,22.170000076293945,22.68000030517578,3500,22.68000030517578,22.190000534057617,15.424527168273926
31-08-2012,22.100000381469727,22.36000061035156,23600,22.739999771118164,22.299999237060547,15.500983238220217
04-09-2012,22.100000381469727,22.100000381469727,19600,22.56999969482422,22.559999465942383,15.681722640991213
05-09-2012,22.239999771118164,22.489999771118164,19600,22.489999771118164,22.239999771118164,15.618511199951172
06-09-2012,22.21999931335449,22.350000381469727,17300,22.350000381469727,22.299999237060547,15.66064739227295
07-09-2012,22.1200008392334,22.350000381469727,21200,22.979999542236328,22.799999237060547,16.011789321899414
10-09-2012,22.3700008392334,22.809999465942383,5200,22.809999465942383,22.68000030517578,15.927512168884276
11-09-2012,22.32999992370605,22.729999542236328,21200,22.729999542236328,22.5,15.801102638244627
12-09-2012,22.450000762939453,22.59000015258789,4700,22.59000015258789,22.5,15.801102638244627
13-09-2012,22.270000457763672,22.440000534057617,18100,23.0,23.0,16.15223503112793
14-09-2012,22.809999465942383,23.0,28300,23.229999542236328,23.190000534057617,16.285669326782227
17-09-2012,22.739999771118164,23.209999084472656,13500,23.21999931335449,23.18000030517578,16.278648376464844
18-09-2012,22.739999771118164,23.1200008392334,10100,23.229999542236328,22.93000030517578,16.10308074951172
19-09-2012,22.520000457763672,23.0,6200,23.0,22.75,15.97666835784912
20-09-2012,22.649999618530277,22.649999618530277,1700,22.920000076293945,22.76000022888184,15.98369026184082
21-09-2012,22.690000534057617,23.0,55600,23.049999237060547,22.979999542236328,16.138195037841797
24-09-2012,22.6200008392334,22.979999542236328,24400,23.21999931335449,23.149999618530277,16.257579803466797
25-09-2012,22.6200008392334,23.190000534057617,22000,23.190000534057617,22.670000076293945,15.920492172241213
26-09-2012,22.790000915527344,22.790000915527344,12400,23.0,22.950000762939453,16.117130279541016
27-09-2012,22.61000061035156,23.0,10800,23.0,22.700000762939453,15.94155502319336
28-09-2012,22.399999618530277,22.63999938964844,11200,22.739999771118164,22.59000015258789,15.86430549621582
01-10-2012,22.440000534057617,22.459999084472656,3600,22.770000457763672,22.690000534057617,15.934535026550291
02-10-2012,22.18000030517578,22.780000686645508,12700,22.780000686645508,22.21999931335449,15.604467391967772
03-10-2012,21.770000457763672,22.18000030517578,19600,22.739999771118164,22.36000061035156,15.70278549194336
04-10-2012,22.209999084472656,22.399999618530277,6500,22.6200008392334,22.6200008392334,15.885377883911133
05-10-2012,22.600000381469727,22.68000030517578,5900,22.809999465942383,22.600000381469727,15.871332168579102
08-10-2012,22.31999969482422,22.600000381469727,17000,22.700000762939453,22.63999938964844,15.899419784545898
09-10-2012,22.239999771118164,22.59000015258789,6500,22.700000762939453,22.57999992370605,15.857282638549805
10-10-2012,22.420000076293945,22.670000076293945,9300,22.690000534057617,22.600000381469727,15.871332168579102
11-10-2012,22.13999938964844,22.690000534057617,8900,22.709999084472656,22.5,15.801102638244627
12-10-2012,22.25,22.440000534057617,15300,22.6200008392334,22.489999771118164,15.794079780578612
15-10-2012,22.25,22.61000061035156,3800,22.61000061035156,22.46999931335449,15.780034065246582
16-10-2012,22.25,22.5,3000,22.5,22.32999992370605,15.681718826293944
17-10-2012,22.280000686645508,22.3799991607666,1300,22.399999618530277,22.350000381469727,15.69576644897461
18-10-2012,22.170000076293945,22.280000686645508,5400,22.350000381469727,22.21999931335449,15.604467391967772
19-10-2012,20.799999237060547,22.07999992370605,29800,22.36000061035156,21.25,14.923266410827637
22-10-2012,20.46999931335449,21.21999931335449,17000,21.3799991607666,21.11000061035156,14.824944496154783
23-10-2012,20.280000686645508,21.06999969482422,12800,21.770000457763672,21.399999618530277,15.02860164642334
24-10-2012,21.059999465942383,21.600000381469727,2800,21.600000381469727,21.3700008392334,15.00753688812256
25-10-2012,21.34000015258789,22.5,4600,22.5,21.59000015258789,15.162035942077637
26-10-2012,21.01000022888184,21.6200008392334,11100,21.6200008392334,21.200000762939453,14.88815212249756
31-10-2012,20.350000381469727,21.25,9400,21.25,20.989999771118164,14.740671157836914
01-11-2012,20.8700008392334,21.15999984741211,17400,21.46999931335449,21.25,14.923266410827637
02-11-2012,20.65999984741211,21.32999992370605,16200,21.32999992370605,21.020000457763672,14.761743545532228
05-11-2012,20.799999237060547,21.020000457763672,5100,21.299999237060547,21.13999938964844,14.846014022827148
06-11-2012,20.649999618530277,21.13999938964844,6800,21.36000061035156,21.290000915527344,14.951358795166016
07-11-2012,20.5,21.049999237060547,18700,21.1200008392334,20.63999938964844,14.494874954223633
08-11-2012,20.530000686645508,20.809999465942383,13200,21.32999992370605,20.57999992370605,14.45274257659912
09-11-2012,19.36000061035156,20.59000015258789,16300,20.65999984741211,19.559999465942383,13.736424446105955
12-11-2012,19.670000076293945,19.690000534057617,2300,20.0,19.700000762939453,13.83474826812744
13-11-2012,19.46999931335449,20.1299991607666,7100,20.1299991607666,19.520000457763672,13.70833683013916
14-11-2012,18.530000686645508,19.46999931335449,8000,19.46999931335449,18.63999938964844,13.090336799621582
15-11-2012,18.530000686645508,18.59000015258789,7600,18.700000762939453,18.530000686645508,13.013089179992676
16-11-2012,18.5,18.700000762939453,21500,18.90999984741211,18.649999618530277,13.097357749938965
19-11-2012,18.81999969482422,18.81999969482422,7500,19.709999084472656,19.25,13.518718719482422
20-11-2012,18.959999084472656,19.96999931335449,8100,19.96999931335449,19.520000457763672,13.70833683013916
21-11-2012,19.01000022888184,19.540000915527344,7400,19.61000061035156,19.3700008392334,13.602991104125977
23-11-2012,19.350000381469727,19.350000381469727,6700,19.8799991607666,19.8799991607666,13.961153030395508
26-11-2012,19.790000915527344,19.799999237060547,5400,20.18000030517578,20.09000015258789,14.108625411987305
27-11-2012,20.030000686645508,20.059999465942383,4900,20.270000457763672,20.100000381469727,14.115652084350586
28-11-2012,19.3700008392334,20.09000015258789,7400,20.13999938964844,19.780000686645508,13.890920639038086
29-11-2012,19.8799991607666,20.1299991607666,12500,20.68000030517578,20.200000762939453,14.185880661010742
30-11-2012,19.809999465942383,20.280000686645508,6500,20.280000686645508,20.1299991607666,14.136720657348633
03-12-2012,19.809999465942383,20.18000030517578,9200,20.3700008392334,20.18000030517578,14.171835899353027
04-12-2012,19.649999618530277,20.1200008392334,6600,20.1200008392334,20.030000686645508,14.066486358642578
05-12-2012,19.520000457763672,19.700000762939453,9800,19.899999618530277,19.8799991607666,14.12332534790039
06-12-2012,19.6200008392334,19.93000030517578,21400,20.65999984741211,20.530000686645508,14.585107803344728
07-12-2012,19.8700008392334,20.670000076293945,6200,20.670000076293945,20.059999465942383,14.251200675964355
10-12-2012,19.81999969482422,20.239999771118164,21200,20.290000915527344,20.100000381469727,14.279619216918944
11-12-2012,19.899999618530277,20.209999084472656,62000,20.209999084472656,20.170000076293945,14.329351425170898
12-12-2012,19.75,20.13999938964844,9200,20.46999931335449,19.799999237060547,14.066492080688477
13-12-2012,19.57999992370605,19.8799991607666,13300,20.190000534057617,19.700000762939453,13.99545669555664
14-12-2012,19.6200008392334,19.71999931335449,7400,19.81999969482422,19.729999542236328,14.01676082611084
17-12-2012,19.700000762939453,19.700000762939453,11100,19.989999771118164,19.86000061035156,14.109118461608888
18-12-2012,19.809999465942383,19.96999931335449,12400,20.09000015258789,19.959999084472656,14.180160522460938
19-12-2012,19.8700008392334,19.959999084472656,6100,20.239999771118164,20.1299991607666,14.300935745239258
20-12-2012,19.799999237060547,20.46999931335449,17200,20.46999931335449,20.149999618530277,14.315141677856444
21-12-2012,19.899999618530277,20.350000381469727,61900,20.350000381469727,20.170000076293945,14.329351425170898
24-12-2012,20.190000534057617,20.190000534057617,11300,20.5,20.479999542236328,14.54958438873291
26-12-2012,20.06999969482422,20.520000457763672,2500,20.520000457763672,20.100000381469727,14.279619216918944
27-12-2012,19.920000076293945,20.11000061035156,4800,20.11000061035156,19.93000030517578,14.158853530883787
28-12-2012,19.940000534057617,19.940000534057617,13500,20.450000762939453,20.030000686645508,14.22988510131836
31-12-2012,19.299999237060547,20.049999237060547,24400,20.200000762939453,20.190000534057617,14.343557357788086
02-01-2013,19.56999969482422,20.59000015258789,31500,21.280000686645508,21.209999084472656,15.068197250366213
03-01-2013,20.18000030517578,21.290000915527344,8100,21.290000915527344,21.280000686645508,15.117921829223633
04-01-2013,21.01000022888184,21.34000015258789,10600,21.450000762939453,21.239999771118164,15.08951187133789
07-01-2013,21.049999237060547,21.25,13500,21.280000686645508,21.18000030517578,15.04688835144043
08-01-2013,21.06999969482422,21.149999618530277,8700,21.46999931335449,21.46999931335449,15.252907752990724
09-01-2013,21.049999237060547,21.549999237060547,5100,21.549999237060547,21.149999618530277,15.025574684143066
10-01-2013,20.770000457763672,21.15999984741211,16500,21.299999237060547,20.950000762939453,14.883487701416016
11-01-2013,20.31999969482422,20.940000534057617,10500,20.940000534057617,20.31999969482422,14.435918807983398
14-01-2013,19.96999931335449,20.34000015258789,10800,20.43000030517578,19.96999931335449,14.187264442443848
15-01-2013,19.770000457763672,19.770000457763672,12000,20.8700008392334,20.46999931335449,14.54248046875
16-01-2013,20.350000381469727,20.479999542236328,3000,20.56999969482422,20.350000381469727,14.457231521606444
17-01-2013,20.030000686645508,20.420000076293945,4600,20.420000076293945,20.21999931335449,14.364874839782717
18-01-2013,20.01000022888184,20.149999618530277,7500,20.200000762939453,20.149999618530277,14.315141677856444
22-01-2013,20.100000381469727,20.149999618530277,8200,20.290000915527344,20.149999618530277,14.315141677856444
23-01-2013,20.149999618530277,20.229999542236328,11700,20.3700008392334,20.15999984741211,14.322251319885254
24-01-2013,20.1200008392334,20.1200008392334,1900,20.40999984741211,20.299999237060547,14.421703338623049
25-01-2013,20.030000686645508,20.43000030517578,6100,20.43000030517578,20.1299991607666,14.300935745239258
28-01-2013,20.149999618530277,20.200000762939453,9600,20.440000534057617,20.209999084472656,14.35776710510254
29-01-2013,20.100000381469727,20.229999542236328,25500,20.489999771118164,20.15999984741211,14.322251319885254
30-01-2013,20.170000076293945,20.190000534057617,2600,20.290000915527344,20.18000030517578,14.336459159851074
31-01-2013,20.15999984741211,20.21999931335449,14200,20.489999771118164,20.239999771118164,14.379079818725586
01-02-2013,20.299999237060547,20.3700008392334,7800,20.68000030517578,20.63999938964844,14.663252830505373
04-02-2013,20.170000076293945,20.600000381469727,12600,20.81999969482422,20.170000076293945,14.329351425170898
05-02-2013,20.299999237060547,20.920000076293945,9600,20.920000076293945,20.75,14.741398811340332
06-02-2013,20.01000022888184,20.420000076293945,19800,20.6299991607666,20.239999771118164,14.379079818725586
07-02-2013,19.920000076293945,20.21999931335449,6300,20.280000686645508,20.18000030517578,14.336459159851074
08-02-2013,20.100000381469727,20.200000762939453,19500,20.38999938964844,20.200000762939453,14.350665092468262
11-02-2013,20.100000381469727,20.100000381469727,3800,20.280000686645508,20.21999931335449,14.364874839782717
12-02-2013,20.030000686645508,20.18000030517578,7200,20.36000061035156,20.229999542236328,14.37197971343994
13-02-2013,19.8799991607666,20.309999465942383,3800,20.309999465942383,20.040000915527344,14.23699951171875
14-02-2013,19.899999618530277,20.0,3900,20.18000030517578,19.989999771118164,14.201473236083984
15-02-2013,20.01000022888184,20.170000076293945,19500,20.40999984741211,20.200000762939453,14.350665092468262
19-02-2013,20.200000762939453,20.25,11000,20.63999938964844,20.489999771118164,14.55668830871582
20-02-2013,20.309999465942383,20.5,12400,20.5,20.309999465942383,14.42880916595459
21-02-2013,19.899999618530277,20.32999992370605,9800,20.38999938964844,20.049999237060547,14.244100570678713
22-02-2013,20.040000915527344,20.18000030517578,15700,20.790000915527344,20.790000915527344,14.769819259643556
25-02-2013,20.25,20.86000061035156,10000,20.899999618530277,20.280000686645508,14.407500267028809
26-02-2013,20.149999618530277,20.32999992370605,12900,20.709999084472656,20.290000915527344,14.414606094360352
27-02-2013,20.270000457763672,20.43000030517578,9000,20.90999984741211,20.36000061035156,14.464333534240724
28-02-2013,20.01000022888184,20.350000381469727,18200,20.690000534057617,20.229999542236328,14.37197971343994
01-03-2013,20.0,20.239999771118164,8100,20.540000915527344,20.420000076293945,14.506954193115234
04-03-2013,20.40999984741211,20.40999984741211,5200,20.780000686645508,20.709999084472656,14.712987899780272
05-03-2013,20.790000915527344,21.0,12500,21.0,20.790000915527344,14.769819259643556
06-03-2013,20.61000061035156,20.61000061035156,5700,20.799999237060547,20.71999931335449,14.884757995605469
07-03-2013,20.5,20.65999984741211,11100,21.0,20.81999969482422,14.956594467163086
08-03-2013,20.63999938964844,20.979999542236328,12600,21.56999969482422,21.18000030517578,15.215214729309082
11-03-2013,20.96999931335449,21.18000030517578,11000,21.40999984741211,21.309999465942383,15.308603286743164
12-03-2013,20.93000030517578,21.190000534057617,12100,21.399999618530277,21.18000030517578,15.215214729309082
13-03-2013,20.920000076293945,21.01000022888184,6400,21.5,21.11000061035156,15.164921760559082
14-03-2013,21.149999618530277,21.450000762939453,3300,21.450000762939453,21.3799991607666,15.358890533447266
15-03-2013,21.100000381469727,21.43000030517578,36700,21.43000030517578,21.18000030517578,15.215214729309082
18-03-2013,21.100000381469727,21.100000381469727,7300,21.299999237060547,21.13999938964844,15.186474800109863
19-03-2013,20.729999542236328,21.31999969482422,20800,21.350000381469727,21.06999969482422,15.136188507080078
20-03-2013,20.8799991607666,21.0,34800,21.75,20.979999542236328,15.071533203125
21-03-2013,20.850000381469727,20.899999618530277,5500,21.15999984741211,21.1200008392334,15.172109603881836
22-03-2013,21.299999237060547,21.299999237060547,20600,21.920000076293945,21.8700008392334,15.710895538330078
25-03-2013,21.690000534057617,21.940000534057617,15800,22.0,21.82999992370605,15.682156562805176
26-03-2013,21.6200008392334,21.920000076293945,10400,21.950000762939453,21.950000762939453,15.76835823059082
27-03-2013,21.700000762939453,21.809999465942383,6000,21.850000381469727,21.700000762939453,15.588769912719728
28-03-2013,21.059999465942383,21.790000915527344,19400,21.84000015258789,21.559999465942383,15.488198280334473
01-04-2013,20.709999084472656,21.450000762939453,17400,21.549999237060547,20.709999084472656,14.87757968902588
02-04-2013,20.059999465942383,20.729999542236328,19300,21.190000534057617,20.21999931335449,14.525572776794434
03-04-2013,19.989999771118164,20.25,11300,20.63999938964844,20.040000915527344,14.396265983581545
04-04-2013,19.770000457763672,20.040000915527344,14500,20.36000061035156,20.06999969482422,14.417811393737791
05-04-2013,19.809999465942383,19.809999465942383,9400,20.09000015258789,20.07999992370605,14.42499542236328
08-04-2013,19.75,20.1299991607666,4700,20.1299991607666,19.959999084472656,14.338789939880373
09-04-2013,19.670000076293945,19.950000762939453,8900,20.0,19.850000381469727,14.259769439697266
10-04-2013,19.93000030517578,19.93000030517578,28000,20.670000076293945,20.5,14.72671127319336
11-04-2013,20.440000534057617,20.46999931335449,4100,20.799999237060547,20.63999938964844,14.827287673950195
12-04-2013,20.13999938964844,20.559999465942383,30000,20.790000915527344,20.540000915527344,14.755451202392578
15-04-2013,20.25,20.479999542236328,31700,20.739999771118164,20.40999984741211,14.66205883026123
16-04-2013,20.059999465942383,20.489999771118164,23700,20.709999084472656,20.309999465942383,14.590221405029297
17-04-2013,19.600000381469727,20.200000762939453,13100,20.38999938964844,20.06999969482422,14.417811393737791
18-04-2013,20.11000061035156,20.15999984741211,24500,20.649999618530277,20.38999938964844,14.64769172668457
19-04-2013,20.420000076293945,20.420000076293945,7100,20.850000381469727,20.81999969482422,14.956594467163086
22-04-2013,20.57999992370605,20.899999618530277,5700,20.989999771118164,20.93000030517578,15.035614967346191
23-04-2013,20.90999984741211,21.0,14400,21.299999237060547,21.229999542236328,15.251131057739258
24-04-2013,21.18000030517578,21.31999969482422,4000,21.57999992370605,21.43000030517578,15.39479923248291
25-04-2013,21.25,21.440000534057617,4400,21.540000915527344,21.420000076293945,15.38762092590332
26-04-2013,21.01000022888184,21.399999618530277,8600,21.399999618530277,21.01000022888184,15.093088150024414
29-04-2013,21.01000022888184,21.25,11500,21.459999084472656,21.440000534057617,15.401994705200195
30-04-2013,21.31999969482422,21.32999992370605,5500,21.780000686645508,21.729999542236328,15.61031723022461
01-05-2013,20.21999931335449,21.6299991607666,21200,21.86000061035156,20.21999931335449,14.525572776794434
02-05-2013,20.3799991607666,20.3799991607666,17900,21.1200008392334,20.600000381469727,14.798554420471191
03-05-2013,20.440000534057617,20.809999465942383,18000,21.399999618530277,21.280000686645508,15.287043571472168
06-05-2013,21.209999084472656,21.299999237060547,4300,21.43000030517578,21.299999237060547,15.301416397094728
07-05-2013,21.0,21.26000022888184,12300,21.530000686645508,21.149999618530277,15.193662643432615
08-05-2013,20.799999237060547,21.030000686645508,12500,21.229999542236328,21.07999992370605,15.143373489379885
09-05-2013,21.020000457763672,21.200000762939453,7700,21.40999984741211,21.229999542236328,15.251131057739258
10-05-2013,20.920000076293945,21.26000022888184,9600,21.440000534057617,21.270000457763672,15.279868125915527
13-05-2013,20.850000381469727,21.21999931335449,12500,21.3799991607666,21.15999984741211,15.200845718383787
14-05-2013,21.100000381469727,21.1200008392334,19500,21.399999618530277,21.399999618530277,15.373249053955078
15-05-2013,21.209999084472656,21.32999992370605,4500,21.40999984741211,21.299999237060547,15.301416397094728
16-05-2013,21.200000762939453,21.200000762939453,5600,21.520000457763672,21.34000015258789,15.33014965057373
17-05-2013,21.270000457763672,21.489999771118164,11500,21.61000061035156,21.459999084472656,15.416357040405272
20-05-2013,21.32999992370605,21.32999992370605,13600,21.780000686645508,21.38999938964844,15.366071701049805
21-05-2013,21.229999542236328,21.459999084472656,8900,21.729999542236328,21.6200008392334,15.531302452087402
22-05-2013,20.940000534057617,21.559999465942383,9900,21.649999618530277,21.020000457763672,15.100274085998535
23-05-2013,20.799999237060547,20.979999542236328,3600,21.309999465942383,21.07999992370605,15.143373489379885
24-05-2013,21.020000457763672,21.020000457763672,4500,21.68000030517578,21.530000686645508,15.466647148132324
28-05-2013,21.549999237060547,21.799999237060547,24400,21.899999618530277,21.700000762939453,15.588769912719728
29-05-2013,21.3799991607666,21.82999992370605,14500,21.90999984741211,21.3799991607666,15.358890533447266
30-05-2013,21.440000534057617,21.520000457763672,6800,21.76000022888184,21.559999465942383,15.488198280334473
31-05-2013,21.1200008392334,21.38999938964844,7100,21.84000015258789,21.690000534057617,15.581584930419922
03-06-2013,21.799999237060547,21.81999969482422,51800,22.979999542236328,22.530000686645508,16.185016632080078
04-06-2013,22.100000381469727,22.6299991607666,14500,22.989999771118164,22.36000061035156,16.062896728515625
05-06-2013,21.90999984741211,22.170000076293945,18800,22.8700008392334,22.5,16.331453323364258
06-06-2013,22.1200008392334,22.31999969482422,8300,22.670000076293945,22.61000061035156,16.411298751831055
07-06-2013,22.200000762939453,22.600000381469727,16700,22.600000381469727,22.57999992370605,16.389524459838867
10-06-2013,22.020000457763672,22.51000022888184,14400,22.670000076293945,22.489999771118164,16.324199676513672
11-06-2013,21.90999984741211,22.3799991607666,10900,22.739999771118164,22.68000030517578,16.462106704711914
12-06-2013,22.350000381469727,22.76000022888184,8300,22.809999465942383,22.700000762939453,16.476625442504883
13-06-2013,22.21999931335449,22.5,5400,22.850000381469727,22.729999542236328,16.49839973449707
14-06-2013,22.3799991607666,22.690000534057617,3100,22.690000534057617,22.40999984741211,16.266130447387695
17-06-2013,22.5,22.6299991607666,3300,22.84000015258789,22.649999618530277,16.440338134765625
18-06-2013,22.649999618530277,22.75,10600,23.0,22.989999771118164,16.687118530273438
19-06-2013,22.770000457763672,23.0,27800,23.07999992370605,23.07999992370605,16.752445220947266
20-06-2013,22.520000457763672,22.81999969482422,7400,22.940000534057617,22.6299991607666,16.425819396972656
21-06-2013,22.51000022888184,22.76000022888184,31500,23.11000061035156,23.06999969482422,16.74518585205078
24-06-2013,22.530000686645508,22.989999771118164,26200,23.459999084472656,23.09000015258789,16.759702682495117
25-06-2013,22.51000022888184,23.3799991607666,38600,23.3799991607666,22.96999931335449,16.6726016998291
26-06-2013,22.270000457763672,23.09000015258789,27200,23.15999984741211,22.989999771118164,16.687118530273438
27-06-2013,22.420000076293945,23.170000076293945,34800,23.200000762939453,22.899999618530277,16.62179183959961
28-06-2013,22.18000030517578,22.799999237060547,89800,23.26000022888184,23.239999771118164,16.868581771850586
01-07-2013,22.71999931335449,23.200000762939453,41000,23.600000381469727,23.59000015258789,17.12263298034668
02-07-2013,23.11000061035156,23.71999931335449,25900,24.299999237060547,23.489999771118164,17.0500431060791
03-07-2013,22.57999992370605,23.25,16800,23.25,22.790000915527344,16.541948318481445
05-07-2013,22.450000762939453,22.809999465942383,15400,23.0,22.989999771118164,16.687118530273438
08-07-2013,22.8700008392334,22.979999542236328,20700,23.850000381469727,23.700000762939453,17.202470779418945
09-07-2013,23.38999938964844,23.65999984741211,12600,23.850000381469727,23.71999931335449,17.216983795166016
10-07-2013,23.65999984741211,23.76000022888184,28600,24.350000381469727,24.0,17.42021942138672
11-07-2013,23.56999969482422,24.190000534057617,16300,24.190000534057617,23.989999771118164,17.4129638671875
12-07-2013,23.530000686645508,23.88999938964844,15500,24.18000030517578,23.84000015258789,17.304088592529297
15-07-2013,23.90999984741211,23.90999984741211,10800,24.40999984741211,23.989999771118164,17.4129638671875
16-07-2013,23.479999542236328,23.940000534057617,41800,24.43000030517578,24.40999984741211,17.71781349182129
17-07-2013,24.149999618530277,24.399999618530277,11000,24.65999984741211,24.459999084472656,17.754112243652344
18-07-2013,24.600000381469727,24.600000381469727,14800,25.899999618530277,24.8799991607666,18.0589599609375
19-07-2013,23.3799991607666,24.739999771118164,48500,24.739999771118164,23.850000381469727,17.311349868774414
22-07-2013,23.11000061035156,23.3700008392334,51300,24.950000762939453,24.61000061035156,17.862985610961914
23-07-2013,24.149999618530277,24.739999771118164,19800,24.90999984741211,24.57999992370605,17.84120750427246
24-07-2013,24.350000381469727,24.65999984741211,15300,24.700000762939453,24.479999542236328,17.768625259399414
25-07-2013,24.489999771118164,24.489999771118164,19200,25.440000534057617,25.36000061035156,18.407365798950195
26-07-2013,24.790000915527344,25.18000030517578,7900,25.299999237060547,24.790000915527344,17.993640899658203
29-07-2013,23.81999969482422,24.030000686645508,12400,24.739999771118164,24.030000686645508,17.44199562072754
30-07-2013,23.68000030517578,24.170000076293945,14900,24.649999618530277,23.729999542236328,17.2242431640625
31-07-2013,23.440000534057617,23.799999237060547,16800,23.850000381469727,23.84000015258789,17.304088592529297
01-08-2013,23.26000022888184,23.899999618530277,12200,23.950000762939453,23.5,17.057302474975586
02-08-2013,23.200000762939453,23.459999084472656,17900,23.549999237060547,23.43000030517578,17.00649070739746
05-08-2013,23.239999771118164,23.31999969482422,16100,23.75,23.6200008392334,17.144405364990234
06-08-2013,23.350000381469727,23.5,15700,23.850000381469727,23.3700008392334,16.962940216064453
07-08-2013,23.11000061035156,23.459999084472656,15200,23.700000762939453,23.11000061035156,16.77422523498535
08-08-2013,23.270000457763672,23.270000457763672,6800,23.84000015258789,23.71999931335449,17.216983795166016
09-08-2013,23.6200008392334,23.63999938964844,11700,23.899999618530277,23.81999969482422,17.289575576782227
12-08-2013,23.200000762939453,23.690000534057617,27900,23.8799991607666,23.690000534057617,17.195207595825195
13-08-2013,23.63999938964844,23.65999984741211,20000,24.1200008392334,23.90999984741211,17.354894638061523
14-08-2013,23.790000915527344,23.790000915527344,6800,24.399999618530277,24.13999938964844,17.52183723449707
15-08-2013,23.420000076293945,24.0,20500,24.290000915527344,23.520000457763672,17.071819305419922
16-08-2013,23.059999465942383,23.3799991607666,41000,23.75,23.190000534057617,16.832286834716797
19-08-2013,22.34000015258789,23.36000061035156,26900,23.790000915527344,22.34000015258789,16.21531867980957
20-08-2013,22.40999984741211,22.479999542236328,18000,23.43000030517578,22.989999771118164,16.687118530273438
21-08-2013,22.899999618530277,23.059999465942383,18900,23.399999618530277,22.96999931335449,16.6726016998291
22-08-2013,23.0,23.09000015258789,12100,23.799999237060547,23.46999931335449,17.035526275634766
23-08-2013,23.280000686645508,23.59000015258789,11100,23.780000686645508,23.559999465942383,17.100854873657227
26-08-2013,23.25,23.65999984741211,10200,23.93000030517578,23.26000022888184,16.883098602294922
27-08-2013,22.170000076293945,23.0,16200,23.350000381469727,22.479999542236328,16.316936492919922
28-08-2013,22.13999938964844,22.489999771118164,10800,22.76000022888184,22.270000457763672,16.164514541625977
29-08-2013,22.21999931335449,22.21999931335449,11200,22.59000015258789,22.299999237060547,16.18628692626953
30-08-2013,21.809999465942383,22.299999237060547,10600,22.68000030517578,21.86000061035156,15.866913795471191
03-09-2013,21.450000762939453,22.149999618530277,28100,22.440000534057617,21.770000457763672,15.801590919494627
04-09-2013,21.030000686645508,21.030000686645508,8800,21.56999969482422,21.26000022888184,15.596182823181152
05-09-2013,20.979999542236328,21.600000381469727,10900,21.600000381469727,21.09000015258789,15.471473693847656
06-09-2013,20.770000457763672,21.229999542236328,5400,21.290000915527344,20.950000762939453,15.368776321411133
09-09-2013,20.799999237060547,20.8700008392334,13800,21.690000534057617,21.65999984741211,15.889617919921877
10-09-2013,21.43000030517578,21.700000762939453,10900,22.0,21.709999084472656,15.926301956176758
11-09-2013,21.190000534057617,21.57999992370605,16100,21.88999938964844,21.6299991607666,15.86760711669922
12-09-2013,21.3700008392334,21.420000076293945,6500,21.850000381469727,21.479999542236328,15.757577896118164
13-09-2013,21.239999771118164,21.549999237060547,23400,21.82999992370605,21.6299991607666,15.86760711669922
16-09-2013,21.459999084472656,21.61000061035156,8700,21.82999992370605,21.82999992370605,16.01433563232422
17-09-2013,21.56999969482422,21.81999969482422,30200,23.270000457763672,23.01000022888184,16.879972457885742
18-09-2013,22.5,23.11000061035156,28200,24.11000061035156,23.76000022888184,17.43016815185547
19-09-2013,22.88999938964844,23.75,37300,23.75,22.959999084472656,16.843294143676758
20-09-2013,22.709999084472656,22.959999084472656,34800,23.34000015258789,23.1299991607666,16.968008041381836
23-09-2013,22.63999938964844,23.8799991607666,25300,23.899999618530277,23.700000762939453,17.38615608215332
24-09-2013,23.399999618530277,23.790000915527344,12000,24.270000457763672,23.88999938964844,17.525537490844727
25-09-2013,23.540000915527344,23.709999084472656,3800,24.170000076293945,23.540000915527344,17.26877212524414
26-09-2013,22.959999084472656,23.549999237060547,27900,24.100000381469727,23.86000061035156,17.503522872924805
27-09-2013,23.420000076293945,23.690000534057617,28800,23.950000762939453,23.799999237060547,17.45951271057129
30-09-2013,22.799999237060547,23.530000686645508,20900,23.940000534057617,23.200000762939453,17.01935386657715
01-10-2013,22.76000022888184,23.07999992370605,35100,23.25,23.0,16.872634887695312
02-10-2013,22.38999938964844,22.88999938964844,17100,23.309999465942383,22.489999771118164,16.49850082397461
03-10-2013,21.8799991607666,22.270000457763672,21100,22.440000534057617,22.01000022888184,16.146377563476562
04-10-2013,21.8799991607666,21.950000762939453,10400,22.1200008392334,21.959999084472656,16.10970115661621
07-10-2013,21.600000381469727,21.899999618530277,16700,22.209999084472656,21.739999771118164,15.948311805725098
08-10-2013,21.450000762939453,21.799999237060547,17200,21.899999618530277,21.459999084472656,15.742905616760254
09-10-2013,21.15999984741211,21.63999938964844,15300,21.71999931335449,21.34000015258789,15.654877662658691
10-10-2013,21.5,21.6299991607666,14800,22.040000915527344,21.71999931335449,15.933632850646973
11-10-2013,21.61000061035156,21.61000061035156,24900,22.600000381469727,22.280000686645508,16.344453811645508
14-10-2013,21.920000076293945,22.600000381469727,31100,22.600000381469727,22.030000686645508,16.161052703857422
15-10-2013,21.670000076293945,22.020000457763672,18600,22.239999771118164,22.09000015258789,16.205068588256836
16-10-2013,21.690000534057617,22.09000015258789,9900,22.21999931335449,22.13999938964844,16.24174690246582
17-10-2013,21.8799991607666,22.15999984741211,19400,22.940000534057617,22.82999992370605,16.747926712036133
18-10-2013,22.770000457763672,23.190000534057617,23900,23.549999237060547,23.040000915527344,16.901981353759766
21-10-2013,22.799999237060547,23.049999237060547,13500,23.100000381469727,22.989999771118164,16.865299224853516
22-10-2013,22.96999931335449,23.100000381469727,9800,23.25,23.239999771118164,17.0487003326416
23-10-2013,23.020000457763672,23.100000381469727,8700,23.25,23.13999938964844,16.975341796875
24-10-2013,22.770000457763672,23.1299991607666,10300,23.25,23.25,17.056039810180664
25-10-2013,23.0,23.25,8300,23.25,23.25,17.056039810180664
28-10-2013,23.1200008392334,23.25,14500,23.25,23.239999771118164,17.0487003326416
29-10-2013,23.01000022888184,23.25,8700,23.25,23.200000762939453,17.01935386657715
30-10-2013,22.709999084472656,23.25,31800,23.25,22.940000534057617,16.8286190032959
31-10-2013,22.770000457763672,22.950000762939453,9700,23.1200008392334,22.940000534057617,16.8286190032959
01-11-2013,22.459999084472656,22.8799991607666,33700,23.059999465942383,22.559999465942383,16.54986000061035
04-11-2013,22.559999465942383,22.59000015258789,17200,23.13999938964844,22.82999992370605,16.747926712036133
05-11-2013,22.51000022888184,22.63999938964844,13800,22.88999938964844,22.670000076293945,16.63055419921875
06-11-2013,22.450000762939453,22.850000381469727,36600,23.11000061035156,22.5,16.50583839416504
07-11-2013,22.13999938964844,22.600000381469727,16200,22.979999542236328,22.25,16.322444915771484
08-11-2013,22.229999542236328,22.229999542236328,21500,23.06999969482422,22.96999931335449,16.850629806518555
11-11-2013,22.700000762939453,22.8799991607666,2800,22.959999084472656,22.709999084472656,16.659900665283203
12-11-2013,22.56999969482422,22.739999771118164,11400,22.940000534057617,22.799999237060547,16.725919723510742
13-11-2013,22.309999465942383,22.76000022888184,7500,23.030000686645508,23.030000686645508,16.89464569091797
14-11-2013,22.61000061035156,22.959999084472656,8400,23.040000915527344,22.81999969482422,16.7405948638916
15-11-2013,22.280000686645508,22.770000457763672,11800,23.13999938964844,23.049999237060547,16.909317016601562
18-11-2013,22.59000015258789,22.700000762939453,16400,23.07999992370605,22.729999542236328,16.674564361572266
19-11-2013,22.71999931335449,22.799999237060547,14500,23.09000015258789,22.96999931335449,16.850629806518555
20-11-2013,22.81999969482422,22.84000015258789,4600,23.149999618530277,22.950000762939453,16.835960388183594
21-11-2013,23.06999969482422,23.149999618530277,26400,23.299999237060547,23.25,17.056039810180664
22-11-2013,23.190000534057617,23.21999931335449,26600,24.040000915527344,24.020000457763672,17.620901107788086
25-11-2013,23.06999969482422,24.09000015258789,31400,25.0,24.700000762939453,18.119749069213867
26-11-2013,24.5,24.5,25900,25.200000762939453,25.059999465942383,18.38383674621582
27-11-2013,25.0,25.149999618530277,19600,26.0,25.780000686645508,18.91202545166016
29-11-2013,25.100000381469727,25.75,8000,26.25,25.959999084472656,19.04407119750977
02-12-2013,24.86000061035156,26.100000381469727,12200,26.1200008392334,25.06999969482422,18.391176223754883
03-12-2013,25.06999969482422,25.09000015258789,10600,25.399999618530277,25.38999938964844,18.625926971435547
04-12-2013,22.899999618530277,25.1299991607666,21800,25.440000534057617,24.950000762939453,18.4704647064209
05-12-2013,24.690000534057617,25.57999992370605,12300,25.57999992370605,25.32999992370605,18.75177574157715
06-12-2013,25.170000076293945,25.729999542236328,8100,25.8799991607666,25.8700008392334,19.15153694152832
09-12-2013,25.0,25.8799991607666,15600,25.8799991607666,25.31999969482422,18.74437141418457
10-12-2013,25.020000457763672,25.1200008392334,17100,25.68000030517578,25.51000022888184,18.88503074645996
11-12-2013,25.01000022888184,25.149999618530277,10400,25.299999237060547,25.020000457763672,18.52228355407715
12-12-2013,25.01000022888184,25.040000915527344,32200,25.40999984741211,25.149999618530277,18.61852264404297
13-12-2013,24.76000022888184,25.1299991607666,12400,25.299999237060547,24.989999771118164,18.50007438659668
16-12-2013,24.549999237060547,25.049999237060547,12200,25.049999237060547,24.76000022888184,18.32980728149414
17-12-2013,24.420000076293945,24.82999992370605,18500,24.96999931335449,24.850000381469727,18.396434783935547
18-12-2013,24.36000061035156,24.40999984741211,17900,25.0,24.989999771118164,18.50007438659668
19-12-2013,24.479999542236328,25.040000915527344,10800,25.100000381469727,24.57999992370605,18.19655036926269
20-12-2013,24.13999938964844,24.700000762939453,82800,26.209999084472656,26.11000061035156,19.329206466674805
23-12-2013,25.809999465942383,26.170000076293945,32500,27.36000061035156,27.18000030517578,20.12132835388184
24-12-2013,26.65999984741211,27.01000022888184,6600,27.739999771118164,27.38999938964844,20.27679443359375
26-12-2013,26.8799991607666,26.8799991607666,5700,27.270000457763672,27.170000076293945,20.113924026489254
27-12-2013,26.32999992370605,27.26000022888184,23100,27.26000022888184,27.040000915527344,20.01768684387207
30-12-2013,26.299999237060547,26.82999992370605,2600,26.8700008392334,26.299999237060547,19.46986389160156
31-12-2013,25.920000076293945,26.3700008392334,18200,26.43000030517578,26.25,19.43285179138184
02-01-2014,25.38999938964844,26.059999465942383,6100,26.07999992370605,25.59000015258789,18.944255828857425
03-01-2014,23.57999992370605,25.63999938964844,13800,25.63999938964844,25.239999771118164,18.68514633178711
06-01-2014,24.420000076293945,25.170000076293945,8700,25.25,24.6299991607666,18.233566284179688
07-01-2014,23.950000762939453,24.6200008392334,13300,24.770000457763672,24.450000762939453,18.10030937194824
08-01-2014,24.0,24.739999771118164,8900,24.739999771118164,24.350000381469727,18.02628898620605
09-01-2014,24.01000022888184,24.5,11100,24.670000076293945,24.399999618530277,18.063291549682617
10-01-2014,24.020000457763672,24.46999931335449,18400,24.709999084472656,24.3700008392334,18.041091918945312
13-01-2014,24.0,24.3799991607666,22500,24.600000381469727,24.34000015258789,18.01887321472168
14-01-2014,24.0,24.15999984741211,8500,24.299999237060547,24.280000686645508,17.97446632385254
15-01-2014,23.600000381469727,24.030000686645508,9700,24.6200008392334,24.530000686645508,18.15953826904297
16-01-2014,24.26000022888184,24.5,8400,24.5,24.43000030517578,18.08551597595215
17-01-2014,24.0,24.38999938964844,7900,24.399999618530277,24.200000762939453,17.915237426757812
21-01-2014,24.0,24.25,19900,24.489999771118164,24.489999771118164,18.12992286682129
22-01-2014,24.399999618530277,24.479999542236328,10700,24.6200008392334,24.600000381469727,18.21135902404785
23-01-2014,24.229999542236328,25.280000686645508,8800,25.280000686645508,24.61000061035156,18.2187614440918
24-01-2014,23.75,24.290000915527344,17800,24.84000015258789,24.350000381469727,18.02628898620605
27-01-2014,24.15999984741211,24.899999618530277,10800,24.899999618530277,24.280000686645508,17.97446632385254
28-01-2014,24.0,24.290000915527344,24900,24.559999465942383,24.559999465942383,18.18174934387207
29-01-2014,24.0,24.26000022888184,24600,24.59000015258789,24.020000457763672,17.781986236572266
30-01-2014,23.809999465942383,24.270000457763672,29500,24.290000915527344,24.059999465942383,17.811595916748047
31-01-2014,23.149999618530277,23.65999984741211,30500,24.06999969482422,23.25,17.21195411682129
03-02-2014,22.1299991607666,23.280000686645508,41500,25.170000076293945,22.700000762939453,16.804786682128906
04-02-2014,22.25,22.899999618530277,25100,22.989999771118164,22.440000534057617,16.612314224243164
05-02-2014,22.049999237060547,22.40999984741211,21600,22.40999984741211,22.13999938964844,16.390220642089844
06-02-2014,22.0,22.280000686645508,15900,22.31999969482422,22.0,16.28658103942871
07-02-2014,21.600000381469727,22.13999938964844,17500,22.40999984741211,22.0,16.28658103942871
10-02-2014,21.540000915527344,21.899999618530277,14000,22.15999984741211,22.0,16.28658103942871
11-02-2014,21.950000762939453,22.8700008392334,8000,22.8700008392334,22.31999969482422,16.52347755432129
12-02-2014,22.13999938964844,22.36000061035156,7200,22.61000061035156,22.239999771118164,16.46424102783203
13-02-2014,22.100000381469727,22.100000381469727,7900,22.489999771118164,22.38999938964844,16.575300216674805
14-02-2014,22.350000381469727,22.399999618530277,14400,22.96999931335449,22.530000686645508,16.678943634033203
18-02-2014,22.399999618530277,22.5,17200,22.790000915527344,22.739999771118164,16.834402084350586
19-02-2014,22.549999237060547,22.57999992370605,9500,23.049999237060547,22.559999465942383,16.701148986816406
20-02-2014,22.600000381469727,22.600000381469727,5300,22.950000762939453,22.75,16.8418025970459
21-02-2014,22.43000030517578,22.8700008392334,13000,22.940000534057617,22.57999992370605,16.7159481048584
24-02-2014,22.700000762939453,22.700000762939453,16900,23.01000022888184,22.739999771118164,16.834402084350586
25-02-2014,22.56999969482422,22.799999237060547,4300,23.11000061035156,22.600000381469727,16.73076057434082
26-02-2014,22.5,22.68000030517578,6000,22.93000030517578,22.51000022888184,16.664134979248047
27-02-2014,22.25,22.540000915527344,18100,22.690000534057617,22.5,16.656726837158203
28-02-2014,22.280000686645508,22.549999237060547,38900,23.190000534057617,22.459999084472656,16.62711524963379
03-03-2014,22.25,22.25,9900,22.6299991607666,22.34000015258789,16.538280487060547
04-03-2014,22.559999465942383,22.559999465942383,32400,24.239999771118164,23.3799991607666,17.30818748474121
05-03-2014,22.600000381469727,23.09000015258789,19300,23.57999992370605,23.280000686645508,17.405384063720703
06-03-2014,23.229999542236328,23.229999542236328,15000,23.809999465942383,23.61000061035156,17.652111053466797
07-03-2014,23.56999969482422,23.649999618530277,10400,24.0,23.81999969482422,17.809123992919922
10-03-2014,23.059999465942383,23.68000030517578,13400,23.68000030517578,23.270000457763672,17.397912979125977
11-03-2014,22.690000534057617,23.020000457763672,6600,23.25,22.790000915527344,17.03903579711914
12-03-2014,22.530000686645508,22.530000686645508,10600,23.290000915527344,23.270000457763672,17.397912979125977
13-03-2014,22.959999084472656,23.239999771118164,11700,23.3799991607666,23.25,17.38296127319336
14-03-2014,22.82999992370605,23.100000381469727,9400,23.36000061035156,22.959999084472656,17.1661376953125
17-03-2014,22.959999084472656,23.100000381469727,6100,23.399999618530277,23.26000022888184,17.39043426513672
18-03-2014,22.799999237060547,23.3700008392334,26500,23.6299991607666,23.479999542236328,17.55492401123047
19-03-2014,23.15999984741211,23.559999465942383,14400,23.600000381469727,23.40999984741211,17.502582550048828
20-03-2014,23.399999618530277,23.46999931335449,10200,24.100000381469727,23.979999542236328,17.92874526977539
21-03-2014,23.799999237060547,24.13999938964844,24100,24.13999938964844,24.06999969482422,17.996028900146484
24-03-2014,23.799999237060547,24.07999992370605,25700,24.799999237060547,24.07999992370605,18.003511428833008
25-03-2014,23.57999992370605,23.57999992370605,8400,24.350000381469727,23.899999618530277,17.868934631347656
26-03-2014,23.15999984741211,24.1200008392334,16100,24.1200008392334,23.15999984741211,17.315670013427734
27-03-2014,22.3700008392334,23.280000686645508,8700,23.280000686645508,22.709999084472656,16.97922706604004
28-03-2014,22.25,22.6299991607666,22100,23.170000076293945,22.479999542236328,16.80726432800293
31-03-2014,22.5,22.709999084472656,38600,23.81999969482422,23.520000457763672,17.58482551574707
01-04-2014,23.100000381469727,23.43000030517578,14200,23.75,23.75,17.75678253173828
02-04-2014,23.57999992370605,23.88999938964844,5100,24.0,23.84000015258789,17.824073791503906
03-04-2014,23.71999931335449,23.71999931335449,3200,24.0,23.84000015258789,17.824073791503906
04-04-2014,22.559999465942383,24.059999465942383,18600,24.059999465942383,22.57999992370605,16.88202476501465
07-04-2014,22.5,22.6299991607666,12400,23.0,22.51000022888184,16.829696655273438
08-04-2014,22.399999618530277,22.61000061035156,26000,23.81999969482422,22.51000022888184,16.829696655273438
09-04-2014,22.399999618530277,22.51000022888184,19200,22.600000381469727,22.520000457763672,16.837173461914062
10-04-2014,22.309999465942383,22.61000061035156,33200,22.63999938964844,22.350000381469727,16.710067749023438
11-04-2014,22.13999938964844,22.13999938964844,31600,22.93000030517578,22.31999969482422,16.687633514404297
14-04-2014,21.88999938964844,22.520000457763672,16200,22.520000457763672,22.0,16.448387145996094
15-04-2014,22.0,22.01000022888184,11300,22.559999465942383,22.18000030517578,16.582971572875977
16-04-2014,22.209999084472656,22.209999084472656,15200,22.729999542236328,22.26000022888184,16.642780303955078
17-04-2014,22.0,22.149999618530277,18000,22.32999992370605,22.190000534057617,16.5904483795166
21-04-2014,22.06999969482422,22.26000022888184,15000,22.479999542236328,22.100000381469727,16.52315330505371
22-04-2014,22.06999969482422,22.13999938964844,19500,22.209999084472656,22.18000030517578,16.582971572875977
23-04-2014,22.0,22.059999465942383,10700,22.450000762939453,22.01000022888184,16.45586585998535
24-04-2014,21.799999237060547,22.049999237060547,17000,22.15999984741211,21.899999618530277,16.37362289428711
25-04-2014,21.290000915527344,21.88999938964844,45800,21.90999984741211,21.3700008392334,15.977365493774414
28-04-2014,20.649999618530277,21.32999992370605,45100,21.6200008392334,21.01000022888184,15.708215713500977
29-04-2014,20.979999542236328,21.190000534057617,42500,21.459999084472656,21.290000915527344,15.917552947998049
30-04-2014,21.190000534057617,21.190000534057617,48500,21.549999237060547,21.309999465942383,15.93251132965088
01-05-2014,21.0,21.309999465942383,36800,21.5,21.15999984741211,15.820358276367188
02-05-2014,20.950000762939453,21.25,16900,21.57999992370605,21.0,15.70073699951172
05-05-2014,20.899999618530277,20.899999618530277,23000,23.13999938964844,21.020000457763672,15.715686798095703
06-05-2014,20.82999992370605,20.959999084472656,34400,21.5,20.86000061035156,15.596068382263184
07-05-2014,20.809999465942383,20.979999542236328,18600,21.209999084472656,20.989999771118164,15.69326114654541
08-05-2014,21.0,21.149999618530277,32000,21.979999542236328,21.1299991607666,15.79792594909668
09-05-2014,21.01000022888184,21.020000457763672,17800,22.270000457763672,21.5,16.074556350708008
12-05-2014,21.549999237060547,21.549999237060547,52000,22.600000381469727,22.34000015258789,16.702592849731445
13-05-2014,21.81999969482422,22.61000061035156,48200,22.649999618530277,21.81999969482422,16.31381607055664
14-05-2014,21.100000381469727,21.8700008392334,35600,21.96999931335449,21.38999938964844,15.992321014404297
15-05-2014,21.09000015258789,21.209999084472656,40700,22.290000915527344,21.3700008392334,15.977365493774414
16-05-2014,21.15999984741211,21.31999969482422,27300,21.81999969482422,21.739999771118164,16.253999710083008
19-05-2014,21.709999084472656,21.709999084472656,16600,22.11000061035156,21.959999084472656,16.418481826782227
20-05-2014,21.26000022888184,22.36000061035156,36400,22.40999984741211,21.600000381469727,16.149328231811523
21-05-2014,21.440000534057617,21.739999771118164,18800,21.799999237060547,21.549999237060547,16.1119441986084
22-05-2014,21.520000457763672,21.600000381469727,14400,21.76000022888184,21.600000381469727,16.149328231811523
23-05-2014,21.5,21.68000030517578,25000,21.899999618530277,21.559999465942383,16.119421005249023
27-05-2014,21.61000061035156,21.780000686645508,21700,22.030000686645508,21.940000534057617,16.403532028198242
28-05-2014,21.700000762939453,21.8799991607666,12100,22.020000457763672,21.979999542236328,16.433433532714844
29-05-2014,22.100000381469727,22.100000381469727,2600,22.43000030517578,22.290000915527344,16.665210723876953
30-05-2014,22.290000915527344,22.38999938964844,12600,22.46999931335449,22.3799991607666,16.732500076293945
02-06-2014,21.899999618530277,22.200000762939453,12800,22.299999237060547,22.11000061035156,16.53063201904297
03-06-2014,21.75,22.18000030517578,16900,22.18000030517578,21.90999984741211,16.381101608276367
04-06-2014,21.61000061035156,21.68000030517578,16200,22.059999465942383,21.75,16.433988571166992
05-06-2014,21.56999969482422,21.84000015258789,24500,22.040000915527344,21.790000915527344,16.464216232299805
06-06-2014,21.920000076293945,21.940000534057617,29300,22.8700008392334,22.63999938964844,17.106462478637695
09-06-2014,22.34000015258789,22.56999969482422,14900,22.809999465942383,22.51000022888184,17.008241653442383
10-06-2014,22.149999618530277,22.489999771118164,7900,22.489999771118164,22.3799991607666,16.910011291503906
11-06-2014,21.82999992370605,22.200000762939453,25200,22.350000381469727,21.950000762939453,16.585113525390625
12-06-2014,21.81999969482422,21.950000762939453,25300,22.1200008392334,22.0,16.622886657714844
13-06-2014,21.809999465942383,22.1200008392334,9700,22.209999084472656,22.0,16.622886657714844
16-06-2014,21.649999618530277,22.01000022888184,9900,22.01000022888184,21.649999618530277,16.358436584472656
17-06-2014,21.6299991607666,21.729999542236328,23100,22.0,21.809999465942383,16.479328155517578
18-06-2014,21.82999992370605,21.82999992370605,23000,22.170000076293945,21.989999771118164,16.615331649780273
19-06-2014,21.88999938964844,22.0,5500,22.100000381469727,21.88999938964844,16.539770126342773
20-06-2014,21.780000686645508,22.11000061035156,75900,22.190000534057617,22.18000030517578,16.758892059326172
23-06-2014,22.01000022888184,22.01000022888184,24600,22.21999931335449,22.100000381469727,16.698453903198242
24-06-2014,21.90999984741211,22.01000022888184,47900,22.21999931335449,22.01000022888184,16.630441665649414
25-06-2014,21.82999992370605,21.979999542236328,14000,22.15999984741211,21.8799991607666,16.53221893310547
26-06-2014,21.6200008392334,22.049999237060547,16500,22.100000381469727,21.96999931335449,16.6002254486084
27-06-2014,21.780000686645508,21.780000686645508,58100,22.200000762939453,21.940000534057617,16.57755470275879
30-06-2014,21.540000915527344,21.790000915527344,39100,22.049999237060547,21.729999542236328,16.41887855529785
01-07-2014,21.76000022888184,21.8700008392334,51400,22.239999771118164,22.13999938964844,16.728673934936523
02-07-2014,22.020000457763672,22.190000534057617,7000,22.440000534057617,22.31999969482422,16.864673614501953
03-07-2014,22.270000457763672,22.489999771118164,8500,22.790000915527344,22.6200008392334,17.091360092163086
07-07-2014,22.309999465942383,22.440000534057617,13000,22.940000534057617,22.56999969482422,17.05356788635254
08-07-2014,22.13999938964844,22.600000381469727,24300,22.780000686645508,22.5,17.000680923461914
09-07-2014,22.239999771118164,22.5,10200,22.700000762939453,22.459999084472656,16.970458984375
10-07-2014,21.82999992370605,22.06999969482422,20900,22.700000762939453,22.040000915527344,16.653106689453125
11-07-2014,22.049999237060547,22.09000015258789,7600,22.190000534057617,22.049999237060547,16.660669326782227
14-07-2014,21.979999542236328,22.31999969482422,19600,22.520000457763672,22.149999618530277,16.73622703552246
15-07-2014,21.799999237060547,22.25,15000,22.25,22.01000022888184,16.630441665649414
16-07-2014,21.61000061035156,22.059999465942383,9900,22.059999465942383,21.709999084472656,16.40376853942871
17-07-2014,21.26000022888184,21.71999931335449,22500,22.100000381469727,21.40999984741211,16.17708969116211
18-07-2014,21.209999084472656,21.209999084472656,13400,21.739999771118164,21.6299991607666,16.34332275390625
21-07-2014,21.059999465942383,21.520000457763672,18600,21.82999992370605,21.25,16.05620002746582
22-07-2014,21.32999992370605,21.3700008392334,7400,21.63999938964844,21.36000061035156,16.13931655883789
23-07-2014,21.420000076293945,21.420000076293945,5500,21.68000030517578,21.5,16.245094299316406
24-07-2014,21.5,21.549999237060547,8100,21.649999618530277,21.51000022888184,16.252649307250977
25-07-2014,21.399999618530277,21.399999618530277,11900,21.51000022888184,21.51000022888184,16.252649307250977
28-07-2014,21.459999084472656,21.479999542236328,6700,21.600000381469727,21.46999931335449,16.222427368164062
29-07-2014,21.350000381469727,21.56999969482422,9400,21.63999938964844,21.51000022888184,16.252649307250977
30-07-2014,21.549999237060547,21.549999237060547,6600,21.739999771118164,21.57999992370605,16.305543899536133
31-07-2014,21.399999618530277,21.5,11300,21.530000686645508,21.51000022888184,16.252649307250977
01-08-2014,21.38999938964844,21.57999992370605,15100,21.690000534057617,21.530000686645508,16.267765045166016
04-08-2014,21.5,21.649999618530277,12100,21.700000762939453,21.600000381469727,16.32065200805664
05-08-2014,21.209999084472656,21.46999931335449,8100,21.57999992370605,21.36000061035156,16.13931655883789
06-08-2014,21.25,21.25,5700,21.5,21.450000762939453,16.207319259643555
07-08-2014,21.020000457763672,21.399999618530277,11300,21.399999618530277,21.11000061035156,15.950420379638672
08-08-2014,21.07999992370605,21.07999992370605,18800,21.3700008392334,21.36000061035156,16.13931655883789
11-08-2014,21.40999984741211,21.40999984741211,6600,21.84000015258789,21.729999542236328,16.41887855529785
12-08-2014,21.399999618530277,21.75,7200,21.75,21.43000030517578,16.192203521728516
13-08-2014,21.3700008392334,21.75,6100,21.75,21.56999969482422,16.297988891601562
14-08-2014,20.899999618530277,21.709999084472656,28300,21.709999084472656,20.989999771118164,15.859745025634766
15-08-2014,21.0,21.26000022888184,32400,21.46999931335449,21.200000762939453,16.01841926574707
18-08-2014,21.200000762939453,21.36000061035156,7700,21.5,21.489999771118164,16.237539291381836
19-08-2014,21.51000022888184,21.59000015258789,11400,21.809999465942383,21.790000915527344,16.464216232299805
20-08-2014,21.520000457763672,21.940000534057617,9700,21.940000534057617,21.729999542236328,16.41887855529785
21-08-2014,21.6299991607666,21.6299991607666,11200,21.920000076293945,21.920000076293945,16.562440872192383
22-08-2014,21.82999992370605,21.920000076293945,11200,21.989999771118164,21.96999931335449,16.6002254486084
25-08-2014,21.82999992370605,21.96999931335449,12000,22.100000381469727,21.989999771118164,16.615331649780273
26-08-2014,22.0,22.030000686645508,11100,22.100000381469727,22.07999992370605,16.683334350585938
27-08-2014,21.809999465942383,22.07999992370605,12300,22.100000381469727,22.0,16.622886657714844
28-08-2014,21.88999938964844,21.989999771118164,13000,22.270000457763672,21.90999984741211,16.55488395690918
29-08-2014,21.920000076293945,21.920000076293945,7700,22.290000915527344,22.13999938964844,16.728673934936523
02-09-2014,22.01000022888184,22.25,24800,22.5,22.299999237060547,16.849559783935547
03-09-2014,21.90999984741211,22.09000015258789,37500,22.270000457763672,21.989999771118164,16.78848648071289
04-09-2014,22.100000381469727,22.18000030517578,12800,22.239999771118164,22.100000381469727,16.872474670410156
05-09-2014,22.100000381469727,22.100000381469727,12300,22.200000762939453,22.149999618530277,16.910642623901367
08-09-2014,22.049999237060547,22.100000381469727,7100,22.25,22.11000061035156,16.880104064941406
09-09-2014,22.09000015258789,22.209999084472656,21700,22.25,22.09000015258789,16.864830017089844
10-09-2014,22.100000381469727,22.11000061035156,4300,22.209999084472656,22.209999084472656,16.95644760131836
11-09-2014,22.100000381469727,22.100000381469727,9600,22.229999542236328,22.21999931335449,16.96408462524414
12-09-2014,21.90999984741211,22.21999931335449,13900,22.309999465942383,22.1299991607666,16.89537239074707
15-09-2014,22.149999618530277,22.200000762939453,11400,22.290000915527344,22.200000762939453,16.948816299438477
16-09-2014,22.059999465942383,22.200000762939453,7000,22.299999237060547,22.200000762939453,16.948816299438477
17-09-2014,22.0,22.0,7400,22.239999771118164,22.11000061035156,16.880104064941406
18-09-2014,22.040000915527344,22.040000915527344,16800,22.690000534057617,22.459999084472656,17.147315979003906
19-09-2014,22.5,22.5,37500,22.96999931335449,22.96999931335449,17.536678314208984
22-09-2014,22.739999771118164,22.950000762939453,16000,23.09000015258789,22.76000022888184,17.37635612487793
23-09-2014,22.76000022888184,22.780000686645508,25100,23.190000534057617,23.01000022888184,17.567214965820312
24-09-2014,22.979999542236328,23.3799991607666,14700,23.530000686645508,23.350000381469727,17.82679557800293
25-09-2014,22.90999984741211,23.209999084472656,20400,23.3700008392334,22.950000762939453,17.52140998840332
26-09-2014,22.790000915527344,22.96999931335449,10500,22.96999931335449,22.920000076293945,17.49850082397461
29-09-2014,22.32999992370605,22.670000076293945,10100,22.799999237060547,22.799999237060547,17.40688705444336
30-09-2014,22.440000534057617,22.440000534057617,21600,22.88999938964844,22.75,17.36872100830078
01-10-2014,21.88999938964844,22.799999237060547,26200,23.07999992370605,22.100000381469727,16.872474670410156
02-10-2014,21.81999969482422,22.450000762939453,9500,23.26000022888184,22.06999969482422,16.849571228027344
03-10-2014,21.93000030517578,22.280000686645508,8100,22.280000686645508,22.09000015258789,16.864830017089844
06-10-2014,21.799999237060547,22.18000030517578,9200,22.270000457763672,22.239999771118164,16.979354858398438
07-10-2014,21.850000381469727,22.18000030517578,8600,22.489999771118164,21.950000762939453,16.757953643798828
08-10-2014,21.690000534057617,22.0,11400,22.670000076293945,22.520000457763672,17.1931209564209
09-10-2014,21.76000022888184,22.209999084472656,10000,22.239999771118164,22.0,16.79612159729004
10-10-2014,21.690000534057617,21.850000381469727,12300,22.350000381469727,22.0,16.79612159729004
13-10-2014,21.88999938964844,22.170000076293945,12900,23.0,22.989999771118164,17.55194854736328
14-10-2014,22.780000686645508,23.07999992370605,17200,23.07999992370605,22.989999771118164,17.55194854736328
15-10-2014,21.84000015258789,22.799999237060547,23800,23.149999618530277,22.71999931335449,17.34581184387207
16-10-2014,22.270000457763672,22.920000076293945,22700,23.0,22.76000022888184,17.37635612487793
17-10-2014,22.31999969482422,23.1200008392334,17400,23.1200008392334,22.61000061035156,17.2618350982666
20-10-2014,22.040000915527344,22.729999542236328,14200,22.82999992370605,22.51000022888184,17.18549156188965
21-10-2014,22.030000686645508,22.030000686645508,25500,22.86000061035156,22.489999771118164,17.170215606689453
22-10-2014,22.459999084472656,22.459999084472656,43800,23.76000022888184,23.18000030517578,17.697006225585938
23-10-2014,22.780000686645508,23.399999618530277,14800,23.399999618530277,22.989999771118164,17.55194854736328
24-10-2014,22.82999992370605,23.100000381469727,8000,23.209999084472656,22.82999992370605,17.429792404174805
27-10-2014,22.700000762939453,23.0,7500,23.149999618530277,22.899999618530277,17.48323631286621
28-10-2014,22.020000457763672,22.959999084472656,17500,23.229999542236328,23.229999542236328,17.73517608642578
29-10-2014,22.899999618530277,22.989999771118164,13800,23.549999237060547,23.270000457763672,17.76572036743164
30-10-2014,22.959999084472656,23.26000022888184,19500,23.959999084472656,23.700000762939453,18.0940055847168
31-10-2014,22.93000030517578,24.07999992370605,37600,24.239999771118164,24.200000762939453,18.475740432739254
03-11-2014,23.920000076293945,24.09000015258789,23300,24.700000762939453,24.489999771118164,18.697139739990234
04-11-2014,23.950000762939453,24.190000534057617,11500,24.5,24.229999542236328,18.49863815307617
05-11-2014,23.76000022888184,24.0,13400,24.68000030517578,24.559999465942383,18.75057983398437
06-11-2014,24.200000762939453,24.450000762939453,17800,24.739999771118164,24.690000534057617,18.849830627441406
07-11-2014,24.1299991607666,24.440000534057617,27700,24.86000061035156,24.309999465942383,18.559715270996094
10-11-2014,24.06999969482422,24.07999992370605,26300,24.940000534057617,24.5,18.70476722717285
11-11-2014,24.209999084472656,24.489999771118164,16000,24.63999938964844,24.459999084472656,18.674230575561523
12-11-2014,24.200000762939453,24.31999969482422,17500,24.649999618530277,24.649999618530277,18.819292068481445
13-11-2014,24.399999618530277,24.700000762939453,10100,24.920000076293945,24.46999931335449,18.68187141418457
14-11-2014,24.299999237060547,24.61000061035156,11300,24.690000534057617,24.5,18.70476722717285
17-11-2014,23.989999771118164,24.549999237060547,15100,24.600000381469727,24.020000457763672,18.33831024169922
18-11-2014,23.530000686645508,24.049999237060547,17000,24.299999237060547,23.75,18.132179260253903
19-11-2014,23.030000686645508,23.6200008392334,7900,23.6200008392334,23.31999969482422,17.80388832092285
20-11-2014,23.25,23.31999969482422,14200,23.709999084472656,23.709999084472656,18.101634979248047
21-11-2014,23.26000022888184,24.01000022888184,11900,24.01000022888184,23.280000686645508,17.773353576660156
24-11-2014,23.3700008392334,23.420000076293945,29100,24.729999542236328,24.26000022888184,18.52153778076172
25-11-2014,23.700000762939453,24.13999938964844,16300,24.229999542236328,23.940000534057617,18.27723693847656
26-11-2014,23.540000915527344,23.65999984741211,23000,24.280000686645508,24.190000534057617,18.468097686767575
28-11-2014,23.399999618530277,24.07999992370605,17500,24.190000534057617,23.549999237060547,17.9794864654541
01-12-2014,23.049999237060547,23.65999984741211,23700,23.65999984741211,23.459999084472656,17.91077423095703
02-12-2014,23.170000076293945,23.670000076293945,24300,23.670000076293945,23.549999237060547,17.9794864654541
03-12-2014,23.049999237060547,23.31999969482422,15400,23.670000076293945,23.25,17.925521850585938
04-12-2014,23.059999465942383,23.239999771118164,10000,23.3799991607666,23.06999969482422,17.7867374420166
05-12-2014,22.82999992370605,23.049999237060547,14600,23.399999618530277,23.149999618530277,17.848419189453125
08-12-2014,22.5,23.01000022888184,15000,23.270000457763672,22.57999992370605,17.408950805664062
09-12-2014,22.030000686645508,22.5,22700,23.559999465942383,23.440000534057617,18.072006225585938
10-12-2014,23.01000022888184,23.149999618530277,14900,23.489999771118164,23.350000381469727,18.00261878967285
11-12-2014,23.25,23.399999618530277,15700,23.540000915527344,23.32999992370605,17.987197875976562
12-12-2014,22.809999465942383,23.11000061035156,19600,23.5,23.25,17.925521850585938
15-12-2014,23.25,23.399999618530277,12800,23.489999771118164,23.26000022888184,17.933231353759766
16-12-2014,23.25,23.299999237060547,14600,23.459999084472656,23.25,17.925521850585938
17-12-2014,23.25,23.25,12700,24.25,24.239999771118164,18.68880271911621
18-12-2014,23.71999931335449,24.38999938964844,19700,24.780000686645508,24.780000686645508,19.105133056640625
19-12-2014,24.170000076293945,24.670000076293945,43000,24.989999771118164,24.239999771118164,18.68880271911621
22-12-2014,23.88999938964844,24.399999618530277,9200,24.76000022888184,24.63999938964844,18.997188568115234
23-12-2014,23.809999465942383,23.809999465942383,16200,24.959999084472656,24.600000381469727,18.966354370117188
24-12-2014,24.81999969482422,24.86000061035156,1600,24.86000061035156,24.81999969482422,19.13597297668457
26-12-2014,24.5,24.71999931335449,5700,24.8799991607666,24.84000015258789,19.15139579772949
29-12-2014,24.76000022888184,24.84000015258789,10800,25.0,24.96999931335449,19.251619338989254
30-12-2014,24.61000061035156,24.65999984741211,2800,24.950000762939453,24.770000457763672,19.0974235534668
31-12-2014,24.200000762939453,24.780000686645508,13200,24.850000381469727,24.809999465942383,19.12825584411621
02-01-2015,23.530000686645508,24.71999931335449,24300,24.71999931335449,24.040000915527344,18.534595489501957
05-01-2015,23.5,23.950000762939453,14700,23.950000762939453,23.530000686645508,18.14139175415039
06-01-2015,23.350000381469727,23.90999984741211,18700,23.90999984741211,23.350000381469727,18.00261878967285
07-01-2015,23.040000915527344,23.96999931335449,4400,23.96999931335449,23.399999618530277,18.041168212890625
08-01-2015,23.26000022888184,23.399999618530277,25200,23.71999931335449,23.6299991607666,18.21849632263184
09-01-2015,23.149999618530277,23.559999465942383,12400,23.559999465942383,23.200000762939453,17.886964797973633
12-01-2015,22.51000022888184,23.020000457763672,15700,23.200000762939453,22.649999618530277,17.462923049926758
13-01-2015,22.299999237060547,22.63999938964844,17300,23.3799991607666,22.61000061035156,17.432083129882812
14-01-2015,22.280000686645508,22.549999237060547,17800,22.950000762939453,22.700000762939453,17.5014705657959
15-01-2015,21.32999992370605,22.6200008392334,32100,22.63999938964844,21.489999771118164,16.568574905395508
16-01-2015,21.479999542236328,21.479999542236328,10500,21.989999771118164,21.979999542236328,16.946361541748047
20-01-2015,21.5,21.989999771118164,15200,21.989999771118164,21.6200008392334,16.668807983398438
21-01-2015,21.5,21.5,10100,21.88999938964844,21.739999771118164,16.761323928833008
22-01-2015,21.68000030517578,21.84000015258789,15600,22.440000534057617,22.399999618530277,17.270177841186523
23-01-2015,21.6200008392334,22.1299991607666,21600,22.26000022888184,22.049999237060547,17.000329971313477
26-01-2015,21.81999969482422,22.09000015258789,19200,23.1200008392334,23.020000457763672,17.74818992614746
27-01-2015,22.25,22.709999084472656,26600,23.100000381469727,22.75,17.540019989013672
28-01-2015,22.21999931335449,22.5,15300,22.989999771118164,22.25,17.154523849487305
29-01-2015,22.13999938964844,22.350000381469727,11800,22.76000022888184,22.549999237060547,17.385826110839844
30-01-2015,21.520000457763672,22.34000015258789,51300,22.8700008392334,21.520000457763672,16.59170150756836
02-02-2015,21.899999618530277,21.899999618530277,12800,22.51000022888184,22.459999084472656,17.31643295288086
03-02-2015,22.200000762939453,22.200000762939453,12100,22.96999931335449,22.950000762939453,17.6942195892334
04-02-2015,22.700000762939453,22.940000534057617,8900,22.979999542236328,22.81999969482422,17.593992233276367
05-02-2015,22.809999465942383,22.809999465942383,9000,23.690000534057617,23.31999969482422,17.9794864654541
06-02-2015,23.280000686645508,23.450000762939453,12600,24.0,23.3700008392334,18.018035888671875
09-02-2015,23.09000015258789,23.3799991607666,7800,23.549999237060547,23.32999992370605,17.987197875976562
10-02-2015,22.850000381469727,23.32999992370605,14200,23.51000022888184,23.030000686645508,17.755901336669922
11-02-2015,22.530000686645508,22.8799991607666,8400,23.43000030517578,22.540000915527344,17.378114700317383
12-02-2015,22.559999465942383,22.559999465942383,4600,22.979999542236328,22.979999542236328,17.71735191345215
13-02-2015,22.51000022888184,23.09000015258789,19200,23.25,23.040000915527344,17.76361656188965
17-02-2015,22.649999618530277,22.920000076293945,4000,23.0,22.799999237060547,17.578569412231445
18-02-2015,22.420000076293945,22.68000030517578,4500,22.780000686645508,22.75,17.540019989013672
19-02-2015,22.190000534057617,22.63999938964844,12900,22.63999938964844,22.43000030517578,17.293304443359375
20-02-2015,22.100000381469727,22.479999542236328,9200,22.479999542236328,22.100000381469727,17.038877487182617
23-02-2015,22.0,22.1299991607666,5300,22.18000030517578,22.049999237060547,17.000329971313477
24-02-2015,22.049999237060547,22.36000061035156,10100,22.57999992370605,22.25,17.154523849487305
25-02-2015,22.030000686645508,22.26000022888184,13700,22.68000030517578,22.3700008392334,17.247051239013672
26-02-2015,22.1299991607666,22.280000686645508,9100,22.5,22.350000381469727,17.231630325317383
27-02-2015,22.149999618530277,22.25,41500,22.770000457763672,22.59000015258789,17.41666030883789
02-03-2015,22.459999084472656,22.459999084472656,11500,22.979999542236328,22.8799991607666,17.640247344970703
03-03-2015,22.799999237060547,22.799999237060547,9500,23.040000915527344,22.809999465942383,17.586278915405273
04-03-2015,22.100000381469727,22.540000915527344,9100,22.65999984741211,22.15999984741211,17.259166717529297
05-03-2015,21.8799991607666,22.239999771118164,9000,22.559999465942383,22.040000915527344,17.16571044921875
06-03-2015,21.770000457763672,21.93000030517578,12000,22.3700008392334,21.780000686645508,16.963207244873047
09-03-2015,21.799999237060547,21.799999237060547,4600,22.07999992370605,21.899999618530277,17.056665420532227
10-03-2015,21.309999465942383,21.770000457763672,17900,21.799999237060547,21.59000015258789,16.815223693847656
11-03-2015,21.40999984741211,21.40999984741211,7800,21.899999618530277,21.520000457763672,16.760704040527344
12-03-2015,21.61000061035156,21.649999618530277,17800,22.739999771118164,22.670000076293945,17.656375885009766
13-03-2015,21.940000534057617,22.51000022888184,9800,22.59000015258789,22.209999084472656,17.29811668395996
16-03-2015,21.790000915527344,22.21999931335449,16100,22.46999931335449,22.32999992370605,17.391569137573242
17-03-2015,22.040000915527344,22.40999984741211,12600,22.559999465942383,22.5,17.52397346496582
18-03-2015,22.07999992370605,22.07999992370605,13400,22.63999938964844,22.61000061035156,17.609643936157227
19-03-2015,22.299999237060547,22.479999542236328,16400,22.739999771118164,22.71999931335449,17.69532012939453
20-03-2015,22.46999931335449,22.739999771118164,34600,22.96999931335449,22.88999938964844,17.82772445678711
23-03-2015,22.81999969482422,22.86000061035156,7600,23.040000915527344,23.020000457763672,17.92897605895996
24-03-2015,22.729999542236328,22.90999984741211,6500,23.0,22.86000061035156,17.804359436035156
25-03-2015,22.399999618530277,23.100000381469727,11300,23.100000381469727,22.399999618530277,17.446090698242188
26-03-2015,22.190000534057617,22.46999931335449,5300,22.46999931335449,22.32999992370605,17.391569137573242
27-03-2015,22.21999931335449,22.32999992370605,11000,22.71999931335449,22.559999465942383,17.570703506469727
30-03-2015,22.040000915527344,22.549999237060547,6300,22.899999618530277,22.81999969482422,17.773204803466797
31-03-2015,22.32999992370605,22.5,11300,22.700000762939453,22.57999992370605,17.586278915405273
01-04-2015,22.239999771118164,22.40999984741211,8700,22.459999084472656,22.459999084472656,17.492820739746094
02-04-2015,22.25,22.36000061035156,6700,22.799999237060547,22.549999237060547,17.562917709350586
06-04-2015,22.34000015258789,22.36000061035156,5300,22.959999084472656,22.75,17.71868133544922
07-04-2015,22.65999984741211,22.979999542236328,2800,22.979999542236328,22.780000686645508,17.742050170898438
08-04-2015,22.540000915527344,22.81999969482422,4900,23.09000015258789,22.93000030517578,17.858877182006836
09-04-2015,22.489999771118164,22.61000061035156,3900,22.76000022888184,22.489999771118164,17.516185760498047
10-04-2015,22.26000022888184,22.530000686645508,4200,22.530000686645508,22.31999969482422,17.383785247802734
13-04-2015,22.100000381469727,22.21999931335449,11800,22.290000915527344,22.270000457763672,17.344839096069336
14-04-2015,22.07999992370605,22.149999618530277,11000,22.290000915527344,22.280000686645508,17.352630615234375
15-04-2015,22.149999618530277,22.350000381469727,14300,22.350000381469727,22.18000030517578,17.274744033813477
16-04-2015,22.13999938964844,22.299999237060547,6400,22.34000015258789,22.190000534057617,17.28253173828125
17-04-2015,21.68000030517578,22.07999992370605,10500,22.15999984741211,21.86000061035156,17.025510787963867
20-04-2015,22.0,22.020000457763672,8800,22.15999984741211,22.059999465942383,17.18128776550293
21-04-2015,22.01000022888184,22.18000030517578,7800,22.190000534057617,22.18000030517578,17.274744033813477
22-04-2015,22.059999465942383,22.06999969482422,4600,22.200000762939453,22.200000762939453,17.29032325744629
23-04-2015,21.770000457763672,22.18000030517578,7800,22.200000762939453,21.93000030517578,17.080032348632812
24-04-2015,22.0,22.0,10900,22.239999771118164,22.239999771118164,17.32147979736328
27-04-2015,22.11000061035156,22.229999542236328,11000,22.32999992370605,22.11000061035156,17.220226287841797
28-04-2015,22.21999931335449,22.229999542236328,8800,22.940000534057617,22.799999237060547,17.757625579833984
29-04-2015,22.59000015258789,22.93000030517578,12300,22.93000030517578,22.65999984741211,17.64858627319336
30-04-2015,22.5,22.520000457763672,16400,22.84000015258789,22.51000022888184,17.53176498413086
01-05-2015,22.489999771118164,22.700000762939453,16500,22.899999618530277,22.780000686645508,17.742050170898438
04-05-2015,22.399999618530277,22.790000915527344,13000,22.899999618530277,22.56999969482422,17.578495025634766
05-05-2015,22.32999992370605,22.40999984741211,22100,22.649999618530277,22.489999771118164,17.516185760498047
06-05-2015,22.3799991607666,22.5,12300,22.75,22.399999618530277,17.446090698242188
07-05-2015,22.440000534057617,22.65999984741211,9100,22.75,22.6200008392334,17.61743927001953
08-05-2015,22.40999984741211,22.780000686645508,7500,22.940000534057617,22.5,17.52397346496582
11-05-2015,22.149999618530277,22.399999618530277,25800,22.5,22.290000915527344,17.36041831970215
12-05-2015,22.07999992370605,22.200000762939453,13900,22.3799991607666,22.21999931335449,17.30589485168457
13-05-2015,22.100000381469727,22.200000762939453,8500,22.46999931335449,22.1299991607666,17.23580551147461
14-05-2015,22.149999618530277,22.3799991607666,7800,22.3799991607666,22.239999771118164,17.32147979736328
15-05-2015,21.96999931335449,22.26000022888184,10300,22.5,22.100000381469727,17.21243667602539
18-05-2015,22.1299991607666,22.1299991607666,12100,22.75,22.38999938964844,17.43830108642578
19-05-2015,22.209999084472656,22.209999084472656,9600,22.63999938964844,22.450000762939453,17.485036849975586
20-05-2015,22.21999931335449,22.459999084472656,9500,22.5,22.350000381469727,17.40715217590332
21-05-2015,22.309999465942383,22.309999465942383,6100,22.5,22.36000061035156,17.414941787719727
22-05-2015,22.190000534057617,22.36000061035156,6500,22.5,22.200000762939453,17.29032325744629
26-05-2015,22.149999618530277,22.350000381469727,20700,22.670000076293945,22.540000915527344,17.55512809753418
27-05-2015,22.34000015258789,22.420000076293945,7700,22.780000686645508,22.780000686645508,17.742050170898438
28-05-2015,22.3799991607666,22.6200008392334,10600,22.770000457763672,22.559999465942383,17.570703506469727
29-05-2015,22.489999771118164,22.549999237060547,11700,22.88999938964844,22.670000076293945,17.656375885009766
01-06-2015,22.200000762939453,22.700000762939453,7400,23.0,22.86000061035156,17.804359436035156
02-06-2015,22.63999938964844,22.63999938964844,12500,23.0,23.0,17.913394927978516
03-06-2015,22.82999992370605,22.82999992370605,14400,23.09000015258789,23.030000686645508,18.117944717407227
04-06-2015,22.84000015258789,22.86000061035156,4700,23.07999992370605,22.8700008392334,17.992069244384766
05-06-2015,22.63999938964844,22.959999084472656,14300,23.09000015258789,22.950000762939453,18.05500602722168
08-06-2015,22.36000061035156,22.81999969482422,18500,22.82999992370605,22.440000534057617,17.65378189086914
09-06-2015,22.32999992370605,22.36000061035156,6800,22.739999771118164,22.549999237060547,17.740320205688477
10-06-2015,22.84000015258789,22.979999542236328,13200,23.0,22.940000534057617,18.04713630676269
11-06-2015,22.649999618530277,22.780000686645508,6600,23.0,22.899999618530277,18.015663146972656
12-06-2015,22.729999542236328,22.729999542236328,7700,22.989999771118164,22.86000061035156,17.98419761657715
15-06-2015,22.670000076293945,22.690000534057617,19300,23.0,23.0,18.094337463378903
16-06-2015,22.68000030517578,23.0,20000,23.0,22.989999771118164,18.08647346496582
17-06-2015,22.770000457763672,23.0,7800,23.0,22.8799991607666,17.99993324279785
18-06-2015,22.84000015258789,22.950000762939453,15500,23.0,22.989999771118164,18.08647346496582
19-06-2015,22.850000381469727,22.850000381469727,66500,23.670000076293945,22.989999771118164,18.08647346496582
22-06-2015,23.15999984741211,23.15999984741211,6700,23.75,23.68000030517578,18.629304885864254
23-06-2015,23.299999237060547,23.700000762939453,10100,23.8799991607666,23.850000381469727,18.763044357299805
24-06-2015,23.600000381469727,23.799999237060547,10000,24.0,23.670000076293945,18.62143325805664
25-06-2015,23.420000076293945,23.65999984741211,7600,23.75,23.63999938964844,18.597835540771484
26-06-2015,23.520000457763672,23.71999931335449,62700,24.309999465942383,24.309999465942383,19.12493324279785
29-06-2015,23.540000915527344,23.84000015258789,14000,24.26000022888184,23.559999465942383,18.534894943237305
30-06-2015,23.65999984741211,23.81999969482422,11300,23.979999542236328,23.809999465942383,18.73157119750977
01-07-2015,23.700000762939453,23.90999984741211,17300,23.950000762939453,23.71999931335449,18.66077423095703
02-07-2015,23.56999969482422,23.780000686645508,14400,23.81999969482422,23.690000534057617,18.63717269897461
06-07-2015,23.299999237060547,23.5,6900,23.600000381469727,23.34000015258789,18.3618221282959
07-07-2015,22.959999084472656,23.309999465942383,12300,23.450000762939453,23.270000457763672,18.30675506591797
08-07-2015,22.86000061035156,23.049999237060547,11800,23.489999771118164,22.979999542236328,18.07860565185547
09-07-2015,22.770000457763672,23.25,11400,23.25,22.81999969482422,17.95273208618164
10-07-2015,22.950000762939453,23.07999992370605,13200,23.729999542236328,23.350000381469727,18.369688034057617
13-07-2015,23.34000015258789,23.6299991607666,6200,23.739999771118164,23.729999542236328,18.66863822937012
14-07-2015,23.350000381469727,23.479999542236328,8300,23.549999237060547,23.540000915527344,18.5191593170166
15-07-2015,23.309999465942383,23.46999931335449,6300,23.770000457763672,23.5,18.48769760131836
16-07-2015,23.56999969482422,23.56999969482422,11000,23.90999984741211,23.780000686645508,18.70797538757324
17-07-2015,23.43000030517578,23.75,7600,24.13999938964844,23.43000030517578,18.4326229095459
20-07-2015,23.25,23.709999084472656,10100,23.709999084472656,23.270000457763672,18.30675506591797
21-07-2015,23.06999969482422,23.36000061035156,4100,23.989999771118164,23.06999969482422,18.1494083404541
22-07-2015,22.709999084472656,23.489999771118164,13400,23.5,23.18000030517578,18.235950469970703
23-07-2015,23.040000915527344,23.46999931335449,11000,23.46999931335449,23.149999618530277,18.21234130859375
24-07-2015,23.100000381469727,23.38999938964844,26100,23.86000061035156,23.43000030517578,18.4326229095459
27-07-2015,23.26000022888184,23.59000015258789,11300,23.68000030517578,23.420000076293945,18.42475700378418
28-07-2015,23.309999465942383,23.309999465942383,13600,24.09000015258789,23.76000022888184,18.69223976135254
29-07-2015,23.059999465942383,23.770000457763672,16800,23.90999984741211,23.239999771118164,18.28314781188965
30-07-2015,23.01000022888184,23.01000022888184,18600,23.40999984741211,23.200000762939453,18.25167655944824
31-07-2015,23.3799991607666,23.3799991607666,13700,23.940000534057617,23.68000030517578,18.629304885864254
03-08-2015,23.450000762939453,23.61000061035156,15500,23.71999931335449,23.540000915527344,18.5191593170166
04-08-2015,23.56999969482422,23.56999969482422,9500,24.040000915527344,23.729999542236328,18.66863822937012
05-08-2015,23.65999984741211,23.65999984741211,6600,23.959999084472656,23.739999771118164,18.67650413513184
06-08-2015,23.21999931335449,23.75,9600,23.75,23.459999084472656,18.456233978271484
07-08-2015,23.25,23.280000686645508,10200,23.780000686645508,23.6200008392334,18.58209991455078
10-08-2015,23.51000022888184,23.600000381469727,11800,23.979999542236328,23.700000762939453,18.645038604736328
11-08-2015,23.559999465942383,23.59000015258789,8900,23.8799991607666,23.57999992370605,18.550630569458008
12-08-2015,23.51000022888184,23.520000457763672,10400,23.76000022888184,23.600000381469727,18.566362380981445
13-08-2015,23.059999465942383,23.5,8500,23.600000381469727,23.07999992370605,18.15727806091309
14-08-2015,23.020000457763672,23.020000457763672,16200,23.450000762939453,23.229999542236328,18.275285720825195
17-08-2015,23.040000915527344,23.040000915527344,11600,23.700000762939453,23.1299991607666,18.196611404418945
18-08-2015,23.07999992370605,23.25,10700,23.38999938964844,23.290000915527344,18.32248306274414
19-08-2015,23.01000022888184,23.200000762939453,5100,23.43000030517578,23.040000915527344,18.12581443786621
20-08-2015,22.770000457763672,22.88999938964844,20300,23.299999237060547,22.850000381469727,17.976335525512695
21-08-2015,22.51000022888184,22.51000022888184,26200,23.25,22.799999237060547,17.93699836730957
24-08-2015,21.8799991607666,21.8799991607666,27300,22.229999542236328,22.229999542236328,17.48857307434082
25-08-2015,22.5,22.88999938964844,19200,23.11000061035156,22.520000457763672,17.716718673706055
26-08-2015,22.6299991607666,22.93000030517578,10400,23.3700008392334,22.899999618530277,18.015663146972656
27-08-2015,22.8700008392334,22.93000030517578,14100,23.3700008392334,23.21999931335449,18.267417907714844
28-08-2015,23.100000381469727,23.100000381469727,5300,23.479999542236328,23.290000915527344,18.32248306274414
31-08-2015,23.239999771118164,23.239999771118164,16300,23.790000915527344,23.6299991607666,18.589967727661133
01-09-2015,23.149999618530277,23.3799991607666,13300,23.8700008392334,23.15999984741211,18.220212936401367
02-09-2015,23.149999618530277,23.43000030517578,8300,23.459999084472656,23.299999237060547,18.51421546936035
03-09-2015,23.09000015258789,23.3700008392334,26500,23.649999618530277,23.15999984741211,18.40297508239746
04-09-2015,22.729999542236328,22.920000076293945,10300,23.450000762939453,23.07999992370605,18.339405059814453
08-09-2015,23.18000030517578,23.200000762939453,23600,23.68000030517578,23.540000915527344,18.704917907714844
09-09-2015,23.059999465942383,23.59000015258789,10400,23.770000457763672,23.190000534057617,18.42681312561035
10-09-2015,23.190000534057617,23.280000686645508,10400,23.670000076293945,23.280000686645508,18.498321533203125
11-09-2015,23.1299991607666,23.18000030517578,12300,24.030000686645508,23.770000457763672,18.88767433166504
14-09-2015,23.530000686645508,23.670000076293945,5300,23.979999542236328,23.88999938964844,18.983030319213867
15-09-2015,23.6200008392334,23.899999618530277,8500,24.049999237060547,23.959999084472656,19.038646697998047
16-09-2015,23.76000022888184,24.0,12800,24.0,23.84000015258789,18.943300247192383
17-09-2015,23.690000534057617,23.8799991607666,10000,24.0,23.86000061035156,18.959192276000977
18-09-2015,23.5,23.51000022888184,46400,24.280000686645508,23.809999465942383,18.919458389282227
21-09-2015,23.75,24.06999969482422,7000,24.25,23.899999618530277,18.990976333618164
22-09-2015,23.26000022888184,23.71999931335449,9200,24.040000915527344,23.34000015258789,18.546003341674805
23-09-2015,23.200000762939453,23.200000762939453,12500,23.71999931335449,23.5,18.673139572143555
24-09-2015,23.3799991607666,23.3799991607666,10600,23.799999237060547,23.63999938964844,18.78438377380371
25-09-2015,23.020000457763672,23.770000457763672,25000,24.049999237060547,23.030000686645508,18.299673080444336
28-09-2015,22.86000061035156,23.11000061035156,12600,23.36000061035156,22.86000061035156,18.16459083557129
29-09-2015,22.93000030517578,23.0,7900,23.26000022888184,23.11000061035156,18.36323928833008
30-09-2015,23.190000534057617,23.280000686645508,11100,23.57999992370605,23.450000762939453,18.63340950012207
01-10-2015,23.190000534057617,23.57999992370605,12300,23.780000686645508,23.21999931335449,18.450645446777344
02-10-2015,23.020000457763672,23.149999618530277,9200,23.459999084472656,23.43000030517578,18.617515563964844
05-10-2015,23.270000457763672,23.270000457763672,4700,23.940000534057617,23.8799991607666,18.975080490112305
06-10-2015,23.549999237060547,23.88999938964844,7800,23.989999771118164,23.790000915527344,18.903566360473636
07-10-2015,23.649999618530277,23.93000030517578,12900,23.989999771118164,23.959999084472656,19.038646697998047
08-10-2015,23.950000762939453,23.959999084472656,7900,24.350000381469727,24.209999084472656,19.23730087280273
09-10-2015,24.06999969482422,24.21999931335449,4700,24.290000915527344,24.26000022888184,19.277034759521484
12-10-2015,23.46999931335449,24.290000915527344,9800,24.350000381469727,24.299999237060547,19.308815002441406
13-10-2015,23.940000534057617,23.940000534057617,8900,24.350000381469727,24.170000076293945,19.20552635192871
14-10-2015,23.280000686645508,24.100000381469727,29100,24.25,23.959999084472656,19.038646697998047
15-10-2015,23.65999984741211,24.049999237060547,15300,24.450000762939453,24.350000381469727,19.348546981811523
16-10-2015,24.07999992370605,24.34000015258789,12900,24.3799991607666,24.15999984741211,19.19757461547852
19-10-2015,24.030000686645508,24.030000686645508,5200,24.350000381469727,24.15999984741211,19.19757461547852
20-10-2015,24.030000686645508,24.270000457763672,3300,24.290000915527344,24.290000915527344,19.300874710083008
21-10-2015,23.950000762939453,24.020000457763672,12100,24.21999931335449,24.0,19.07043838500977
22-10-2015,23.88999938964844,23.940000534057617,15200,24.5,24.399999618530277,19.388277053833008
23-10-2015,24.25,24.489999771118164,13000,24.979999542236328,24.979999542236328,19.84914779663086
26-10-2015,24.59000015258789,24.989999771118164,7700,24.989999771118164,24.979999542236328,19.84914779663086
27-10-2015,24.600000381469727,24.75,9500,24.979999542236328,24.76000022888184,19.67432975769043
28-10-2015,24.68000030517578,24.899999618530277,18400,25.649999618530277,25.649999618530277,20.381532669067383
29-10-2015,25.200000762939453,25.270000457763672,19100,26.420000076293945,25.649999618530277,20.381532669067383
30-10-2015,25.030000686645508,25.75,11400,25.75,25.200000762939453,20.02396011352539
02-11-2015,24.780000686645508,25.209999084472656,14500,25.32999992370605,24.979999542236328,19.84914779663086
03-11-2015,24.899999618530277,25.239999771118164,14900,25.25,25.06999969482422,19.920658111572266
04-11-2015,24.950000762939453,25.1200008392334,15600,25.229999542236328,25.149999618530277,19.984224319458008
05-11-2015,24.950000762939453,25.1299991607666,10100,25.600000381469727,25.600000381469727,20.341798782348636
06-11-2015,25.59000015258789,25.600000381469727,14100,26.38999938964844,26.26000022888184,20.866233825683597
09-11-2015,25.59000015258789,25.8799991607666,11400,26.149999618530277,25.63999938964844,20.373580932617188
10-11-2015,25.299999237060547,25.51000022888184,6300,25.940000534057617,25.82999992370605,20.524559020996094
11-11-2015,25.3700008392334,25.90999984741211,21800,26.200000762939453,25.670000076293945,20.397422790527344
12-11-2015,24.940000534057617,25.899999618530277,12600,25.899999618530277,25.0,19.865039825439453
13-11-2015,24.450000762939453,24.809999465942383,18700,25.57999992370605,24.61000061035156,19.55514144897461
16-11-2015,24.399999618530277,24.850000381469727,14800,25.100000381469727,24.8799991607666,19.769685745239254
17-11-2015,24.709999084472656,25.01000022888184,9900,25.3799991607666,24.799999237060547,19.706117630004883
18-11-2015,24.8700008392334,25.1299991607666,17400,25.350000381469727,25.270000457763672,20.079587936401367
19-11-2015,25.100000381469727,25.26000022888184,17600,25.84000015258789,25.31999969482422,20.119312286376957
20-11-2015,25.100000381469727,25.479999542236328,8000,25.940000534057617,25.450000762939453,20.222606658935547
23-11-2015,25.190000534057617,25.43000030517578,24000,25.6299991607666,25.459999084472656,20.230558395385746
24-11-2015,25.149999618530277,25.21999931335449,31600,25.440000534057617,25.399999618530277,20.18288230895996
25-11-2015,25.100000381469727,25.5,9600,25.82999992370605,25.690000534057617,20.413311004638672
27-11-2015,25.450000762939453,25.59000015258789,7700,26.200000762939453,26.0,20.65964126586914
30-11-2015,25.559999465942383,26.11000061035156,26700,26.299999237060547,26.0,20.65964126586914
01-12-2015,25.229999542236328,25.950000762939453,13300,26.229999542236328,25.799999237060547,20.50071907043457
02-12-2015,25.5,25.700000762939453,11400,26.06999969482422,25.520000457763672,20.468639373779297
03-12-2015,25.040000915527344,25.56999969482422,9600,25.59000015258789,25.06999969482422,20.10770797729492
04-12-2015,25.0,25.0,8400,25.520000457763672,25.25,20.2520809173584
07-12-2015,25.0,25.3799991607666,11800,25.3799991607666,25.07999992370605,20.11573028564453
08-12-2015,24.780000686645508,25.3700008392334,13300,25.3700008392334,24.780000686645508,19.87511444091797
09-12-2015,24.559999465942383,24.600000381469727,14500,25.13999938964844,24.59000015258789,19.722713470458984
10-12-2015,24.15999984741211,24.32999992370605,105700,24.959999084472656,24.65999984741211,19.77886390686035
11-12-2015,24.170000076293945,24.239999771118164,14000,24.76000022888184,24.200000762939453,19.409915924072266
14-12-2015,24.170000076293945,24.239999771118164,8900,24.600000381469727,24.26000022888184,19.45803451538086
15-12-2015,24.299999237060547,24.530000686645508,18700,24.989999771118164,24.82999992370605,19.91521644592285
16-12-2015,24.190000534057617,25.030000686645508,7500,25.559999465942383,25.520000457763672,20.468639373779297
17-12-2015,24.96999931335449,25.3700008392334,10700,25.790000915527344,25.3700008392334,20.34832763671875
18-12-2015,25.040000915527344,25.229999542236328,48200,25.96999931335449,25.84000015258789,20.725297927856445
21-12-2015,25.32999992370605,25.90999984741211,9400,25.90999984741211,25.68000030517578,20.59696388244629
22-12-2015,25.209999084472656,25.71999931335449,9300,26.100000381469727,26.030000686645508,20.877689361572266
23-12-2015,26.0,26.25,8000,26.25,26.15999984741211,20.98196029663086
24-12-2015,25.71999931335449,26.239999771118164,4400,26.239999771118164,26.100000381469727,20.93383407592773
28-12-2015,25.90999984741211,25.920000076293945,3700,26.100000381469727,25.959999084472656,20.82154655456543
29-12-2015,26.059999465942383,26.100000381469727,5900,26.149999618530277,26.09000015258789,20.92581367492676
30-12-2015,25.71999931335449,25.950000762939453,12100,26.100000381469727,25.809999465942383,20.70123291015625
31-12-2015,25.530000686645508,25.88999938964844,17500,26.0,25.61000061035156,20.54082298278809
04-01-2016,24.36000061035156,25.459999084472656,23100,25.459999084472656,24.530000686645508,19.674596786499023
05-01-2016,24.5,25.059999465942383,26100,25.56999969482422,25.25,20.2520809173584
06-01-2016,24.63999938964844,24.649999618530277,27300,25.700000762939453,25.549999237060547,20.492698669433597
07-01-2016,24.739999771118164,25.190000534057617,12100,25.190000534057617,24.790000915527344,19.883132934570312
08-01-2016,24.049999237060547,24.899999618530277,11100,25.06999969482422,24.100000381469727,19.3297061920166
11-01-2016,23.81999969482422,24.3700008392334,15200,24.3700008392334,24.149999618530277,19.36981201171875
12-01-2016,23.75,24.149999618530277,19600,24.149999618530277,24.040000915527344,19.28158187866211
13-01-2016,23.270000457763672,24.06999969482422,10800,24.3799991607666,23.38999938964844,18.760242462158203
14-01-2016,23.540000915527344,23.68000030517578,13700,24.479999542236328,24.209999084472656,19.41793441772461
15-01-2016,23.06999969482422,23.479999542236328,14700,24.1200008392334,23.6200008392334,18.94471549987793
19-01-2016,22.290000915527344,23.84000015258789,15600,23.84000015258789,22.770000457763672,18.26296043395996
20-01-2016,22.649999618530277,22.75,17100,23.6200008392334,23.540000915527344,18.880550384521484
21-01-2016,22.68000030517578,23.57999992370605,22100,24.100000381469727,23.739999771118164,19.040964126586918
22-01-2016,23.549999237060547,24.399999618530277,18300,24.649999618530277,24.600000381469727,19.73073959350586
25-01-2016,24.26000022888184,24.649999618530277,15800,25.1200008392334,24.3700008392334,19.546266555786133
26-01-2016,24.350000381469727,24.65999984741211,9800,24.93000030517578,24.670000076293945,19.786884307861328
27-01-2016,24.209999084472656,24.559999465942383,17600,24.940000534057617,24.559999465942383,19.698654174804688
28-01-2016,24.57999992370605,24.739999771118164,12600,25.100000381469727,24.8700008392334,19.947296142578125
29-01-2016,24.8799991607666,25.049999237060547,35500,25.049999237060547,25.0,20.051563262939453
01-02-2016,24.709999084472656,24.940000534057617,8900,25.5,25.5,20.45259475708008
02-02-2016,24.59000015258789,25.190000534057617,11000,25.21999931335449,24.850000381469727,19.93125343322754
03-02-2016,24.040000915527344,25.059999465942383,12500,25.07999992370605,24.479999542236328,19.634485244750977
04-02-2016,24.0,24.450000762939453,26900,24.96999931335449,24.450000762939453,19.610429763793945
05-02-2016,23.61000061035156,24.450000762939453,24700,24.940000534057617,23.6200008392334,18.94471549987793
08-02-2016,23.200000762939453,23.540000915527344,16700,24.6299991607666,24.32999992370605,19.514183044433597
09-02-2016,23.899999618530277,24.200000762939453,13700,24.489999771118164,24.190000534057617,19.401891708374023
10-02-2016,24.030000686645508,24.479999542236328,6900,24.84000015258789,24.06999969482422,19.305646896362305
11-02-2016,23.57999992370605,23.93000030517578,7800,24.21999931335449,23.799999237060547,19.089086532592773
12-02-2016,24.100000381469727,24.18000030517578,8500,24.670000076293945,24.670000076293945,19.786884307861328
16-02-2016,24.61000061035156,24.82999992370605,10100,25.0,24.899999618530277,19.97135734558105
17-02-2016,24.459999084472656,24.8700008392334,12600,24.950000762939453,24.670000076293945,19.786884307861328
18-02-2016,24.21999931335449,24.670000076293945,7400,24.790000915527344,24.520000457763672,19.66657257080078
19-02-2016,24.209999084472656,24.489999771118164,14200,24.989999771118164,24.280000686645508,19.474077224731445
22-02-2016,24.420000076293945,24.5,13900,24.989999771118164,24.770000457763672,19.86708641052246
23-02-2016,24.25,24.71999931335449,24500,24.899999618530277,24.540000915527344,19.6826171875
24-02-2016,24.399999618530277,24.5,10800,24.899999618530277,24.82999992370605,19.91521644592285
25-02-2016,24.770000457763672,24.850000381469727,7600,25.149999618530277,25.06999969482422,20.10770797729492
26-02-2016,24.799999237060547,24.799999237060547,12900,25.21999931335449,25.190000534057617,20.203950881958008
29-02-2016,24.979999542236328,25.11000061035156,30500,25.86000061035156,25.38999938964844,20.36437225341797
01-03-2016,25.399999618530277,25.420000076293945,20600,26.0,25.88999938964844,20.76539802551269
02-03-2016,25.489999771118164,25.700000762939453,18600,26.0,25.979999542236328,21.03255844116211
03-03-2016,25.770000457763672,25.790000915527344,11100,25.950000762939453,25.8799991607666,20.951601028442383
04-03-2016,25.700000762939453,25.799999237060547,10000,25.899999618530277,25.850000381469727,20.92731285095215
07-03-2016,25.01000022888184,25.63999938964844,16100,25.649999618530277,25.3799991607666,20.54681968688965
08-03-2016,25.01000022888184,25.31999969482422,22300,25.399999618530277,25.13999938964844,20.352521896362305
09-03-2016,24.90999984741211,25.350000381469727,33700,25.38999938964844,25.0,20.239181518554688
10-03-2016,24.68000030517578,24.96999931335449,7400,24.96999931335449,24.780000686645508,20.06107711791992
11-03-2016,24.56999969482422,24.86000061035156,10700,25.32999992370605,25.31999969482422,20.49824523925781
14-03-2016,24.780000686645508,25.11000061035156,9600,25.209999084472656,24.82999992370605,20.1015567779541
15-03-2016,24.56999969482422,24.81999969482422,6500,24.899999618530277,24.68000030517578,19.98012351989746
16-03-2016,24.450000762939453,24.57999992370605,8200,25.06999969482422,24.56999969482422,19.89106750488281
17-03-2016,24.450000762939453,24.5,14900,24.600000381469727,24.600000381469727,19.915355682373047
18-03-2016,24.43000030517578,24.600000381469727,113200,25.26000022888184,25.15999984741211,20.36870765686035
21-03-2016,24.56999969482422,25.01000022888184,20100,25.280000686645508,25.059999465942383,20.28775787353516
22-03-2016,24.739999771118164,25.020000457763672,12400,25.1200008392334,24.850000381469727,20.11774635314941
23-03-2016,24.299999237060547,24.700000762939453,17800,24.709999084472656,24.43000030517578,19.777727127075195
24-03-2016,24.149999618530277,24.36000061035156,23900,24.71999931335449,24.59000015258789,19.907257080078125
28-03-2016,24.440000534057617,24.61000061035156,22100,24.93000030517578,24.76000022888184,20.044885635375977
29-03-2016,24.440000534057617,24.649999618530277,20300,25.440000534057617,25.36000061035156,20.530628204345703
30-03-2016,25.11000061035156,25.450000762939453,18600,25.850000381469727,25.5,20.64396476745605
31-03-2016,25.09000015258789,25.09000015258789,10900,25.5,25.32999992370605,20.50634002685547
01-04-2016,24.979999542236328,25.25,14200,25.5,25.450000762939453,20.603485107421875
04-04-2016,25.25,25.3700008392334,10600,25.76000022888184,25.32999992370605,20.50634002685547
05-04-2016,25.0,25.09000015258789,15600,25.420000076293945,25.149999618530277,20.360614776611328
06-04-2016,24.920000076293945,25.170000076293945,7100,25.350000381469727,25.1299991607666,20.34442138671875
07-04-2016,24.65999984741211,25.030000686645508,10800,25.15999984741211,24.950000762939453,20.198701858520508
08-04-2016,24.68000030517578,25.149999618530277,19700,25.479999542236328,24.739999771118164,20.028696060180664
11-04-2016,24.530000686645508,24.989999771118164,23200,25.51000022888184,25.0,20.239181518554688
12-04-2016,24.93000030517578,25.020000457763672,21900,25.68000030517578,25.68000030517578,20.789684295654297
13-04-2016,25.68000030517578,25.76000022888184,35700,26.0,25.959999084472656,21.016366958618164
14-04-2016,25.799999237060547,25.959999084472656,39100,26.5,25.93000030517578,20.992082595825195
15-04-2016,25.850000381469727,25.8700008392334,20900,26.46999931335449,26.350000381469727,21.33209609985352
18-04-2016,25.93000030517578,26.350000381469727,61500,26.729999542236328,26.31999969482422,21.307809829711918
19-04-2016,26.229999542236328,26.3700008392334,6100,26.420000076293945,26.229999542236328,21.23494911193848
20-04-2016,25.979999542236328,26.299999237060547,12200,26.299999237060547,26.09000015258789,21.12160873413086
21-04-2016,25.790000915527344,26.15999984741211,20000,26.399999618530277,26.059999465942383,21.097322463989254
22-04-2016,25.40999984741211,26.280000686645508,27400,26.280000686645508,25.81999969482422,20.903026580810547
25-04-2016,25.709999084472656,25.709999084472656,14000,26.1200008392334,25.940000534057617,21.00017547607422
26-04-2016,25.86000061035156,25.959999084472656,29200,26.450000762939453,26.26000022888184,21.25923538208008
27-04-2016,25.82999992370605,26.200000762939453,19200,26.450000762939453,26.440000534057617,21.404958724975582
28-04-2016,26.25,26.440000534057617,12700,26.700000762939453,26.530000686645508,21.477819442749023
29-04-2016,26.100000381469727,26.540000915527344,18400,26.799999237060547,26.729999542236328,21.63973045349121
02-05-2016,26.239999771118164,26.950000762939453,37200,27.520000457763672,27.31999969482422,22.11737632751465
03-05-2016,26.38999938964844,27.299999237060547,8300,27.299999237060547,26.559999465942383,21.502105712890625
04-05-2016,26.350000381469727,27.1299991607666,16100,27.1299991607666,26.63999938964844,21.566875457763672
05-05-2016,26.440000534057617,26.57999992370605,22700,27.09000015258789,26.489999771118164,21.44543838500977
06-05-2016,26.229999542236328,26.549999237060547,63300,27.170000076293945,26.5,21.453533172607425
09-05-2016,26.299999237060547,26.5,21700,26.84000015258789,26.459999084472656,21.4211540222168
10-05-2016,26.489999771118164,26.770000457763672,9700,26.90999984741211,26.56999969482422,21.510202407836918
11-05-2016,26.290000915527344,26.700000762939453,26400,26.899999618530277,26.43000030517578,21.396862030029297
12-05-2016,26.280000686645508,26.489999771118164,8500,26.649999618530277,26.36000061035156,21.34019088745117
13-05-2016,26.190000534057617,26.399999618530277,8000,26.63999938964844,26.290000915527344,21.283525466918945
16-05-2016,25.899999618530277,26.549999237060547,8900,26.76000022888184,26.57999992370605,21.518295288085938
17-05-2016,25.88999938964844,26.8700008392334,22400,27.200000762939453,25.93000030517578,20.992082595825195
18-05-2016,25.8700008392334,25.8700008392334,14600,26.43000030517578,26.059999465942383,21.097322463989254
19-05-2016,25.82999992370605,26.149999618530277,10100,26.170000076293945,26.0,21.048751831054688
20-05-2016,26.01000022888184,26.13999938964844,5600,26.459999084472656,26.3700008392334,21.348291397094727
23-05-2016,26.100000381469727,26.100000381469727,13100,27.040000915527344,26.71999931335449,21.63163948059082
24-05-2016,26.600000381469727,26.600000381469727,15400,27.07999992370605,27.07999992370605,21.92308235168457
25-05-2016,26.780000686645508,26.950000762939453,11500,27.649999618530277,27.38999938964844,22.174047470092773
26-05-2016,26.770000457763672,27.549999237060547,11200,27.690000534057617,26.96999931335449,21.83402633666992
27-05-2016,26.84000015258789,27.18000030517578,10400,27.31999969482422,27.11000061035156,21.947370529174805
31-05-2016,26.93000030517578,27.32999992370605,10000,27.32999992370605,27.11000061035156,21.947370529174805
01-06-2016,26.81999969482422,27.18000030517578,13800,27.350000381469727,27.1299991607666,22.15973281860352
02-06-2016,26.700000762939453,26.93000030517578,8400,27.149999618530277,26.850000381469727,21.93103408813477
03-06-2016,25.93000030517578,25.93000030517578,17000,27.0,26.899999618530277,21.971872329711918
06-06-2016,26.63999938964844,26.700000762939453,19700,26.96999931335449,26.8799991607666,21.955535888671875
07-06-2016,26.63999938964844,26.81999969482422,15100,27.020000457763672,26.71999931335449,21.824848175048828
08-06-2016,26.459999084472656,26.459999084472656,8500,26.850000381469727,26.799999237060547,21.89019775390625
09-06-2016,26.26000022888184,26.76000022888184,10800,26.76000022888184,26.559999465942383,21.69416236877441
10-06-2016,26.239999771118164,26.489999771118164,7200,26.809999465942383,26.40999984741211,21.57164192199707
13-06-2016,26.030000686645508,26.31999969482422,6900,26.479999542236328,26.049999237060547,21.277591705322266
14-06-2016,25.729999542236328,25.8700008392334,8500,25.950000762939453,25.8799991607666,21.13874053955078
15-06-2016,25.8799991607666,25.8799991607666,11200,26.540000915527344,26.229999542236328,21.424619674682617
16-06-2016,25.799999237060547,25.8799991607666,8500,26.270000457763672,26.020000457763672,21.25309181213379
17-06-2016,25.88999938964844,26.149999618530277,65100,27.3700008392334,27.09000015258789,22.127063751220703
20-06-2016,26.350000381469727,26.350000381469727,9200,27.15999984741211,27.1200008392334,22.15157127380371
21-06-2016,26.84000015258789,26.93000030517578,6300,27.1200008392334,26.989999771118164,22.045385360717773
22-06-2016,26.40999984741211,26.950000762939453,9200,27.149999618530277,26.420000076293945,21.57981300354004
23-06-2016,26.36000061035156,26.65999984741211,14600,27.0,27.0,22.053550720214844
24-06-2016,25.450000762939453,26.09000015258789,55700,26.920000076293945,26.520000457763672,21.661487579345703
27-06-2016,25.21999931335449,26.13999938964844,18200,26.13999938964844,25.299999237060547,20.664995193481445
28-06-2016,24.36000061035156,25.530000686645508,15300,25.530000686645508,25.209999084472656,20.59148597717285
29-06-2016,25.07999992370605,25.3799991607666,13100,25.399999618530277,25.25,20.62415313720703
30-06-2016,24.950000762939453,25.34000015258789,26200,25.34000015258789,25.18000030517578,20.56698036193848
01-07-2016,25.06999969482422,25.149999618530277,14500,25.32999992370605,25.25,20.62415313720703
05-07-2016,24.96999931335449,25.25,11200,25.46999931335449,25.049999237060547,20.460792541503903
06-07-2016,25.0,25.0,6900,25.31999969482422,25.280000686645508,20.648658752441406
07-07-2016,24.8700008392334,25.40999984741211,8600,25.40999984741211,25.01000022888184,20.428125381469727
08-07-2016,25.07999992370605,25.07999992370605,11500,25.770000457763672,25.700000762939453,20.99171257019043
11-07-2016,25.709999084472656,25.75,10100,25.979999542236328,25.959999084472656,21.204082489013672
12-07-2016,25.8700008392334,25.93000030517578,18800,26.71999931335449,26.1200008392334,21.33477210998535
13-07-2016,25.59000015258789,26.100000381469727,18900,26.21999931335449,26.170000076293945,21.375612258911133
14-07-2016,26.11000061035156,26.11000061035156,8700,26.540000915527344,26.5,21.64515686035156
15-07-2016,26.1299991607666,26.5,8100,26.5,26.399999618530277,21.56347274780273
18-07-2016,26.34000015258789,26.34000015258789,4400,26.530000686645508,26.5,21.64515686035156
19-07-2016,26.350000381469727,26.350000381469727,12200,26.940000534057617,26.75,21.84935569763184
20-07-2016,26.530000686645508,26.799999237060547,14100,26.88999938964844,26.75,21.84935569763184
21-07-2016,26.09000015258789,26.559999465942383,6900,26.739999771118164,26.09000015258789,21.310266494750977
22-07-2016,26.309999465942383,26.540000915527344,7500,26.979999542236328,26.979999542236328,22.03721618652344
25-07-2016,26.229999542236328,26.899999618530277,3400,27.0,27.0,22.053550720214844
26-07-2016,26.790000915527344,27.0,8500,27.0,26.920000076293945,21.988208770751957
27-07-2016,26.8799991607666,27.0,5200,27.0,26.90999984741211,21.98004150390625
28-07-2016,26.309999465942383,26.780000686645508,7200,26.780000686645508,26.5,21.64515686035156
29-07-2016,26.25,26.350000381469727,13500,26.649999618530277,26.26000022888184,21.449121475219727
01-08-2016,25.809999465942383,26.100000381469727,6300,26.18000030517578,25.950000762939453,21.1959171295166
02-08-2016,25.850000381469727,26.190000534057617,12100,26.190000534057617,25.8799991607666,21.13874053955078
03-08-2016,25.790000915527344,25.790000915527344,5800,26.43000030517578,26.299999237060547,21.48179626464844
04-08-2016,26.01000022888184,26.26000022888184,3200,26.26000022888184,26.13999938964844,21.35110855102539
05-08-2016,26.059999465942383,26.059999465942383,7700,26.670000076293945,26.540000915527344,21.67782211303711
08-08-2016,26.25,26.5,3000,26.600000381469727,26.309999465942383,21.489959716796875
09-08-2016,26.190000534057617,26.3799991607666,5000,26.63999938964844,26.399999618530277,21.56347274780273
10-08-2016,26.25,26.530000686645508,3400,26.530000686645508,26.3700008392334,21.538969039916992
11-08-2016,26.200000762939453,26.200000762939453,7100,26.63999938964844,26.59000015258789,21.71866226196289
12-08-2016,26.309999465942383,26.399999618530277,5700,26.600000381469727,26.600000381469727,21.726829528808597
15-08-2016,25.739999771118164,26.31999969482422,8100,26.84000015258789,26.84000015258789,21.9228630065918
16-08-2016,26.5,26.65999984741211,7600,26.84000015258789,26.71999931335449,21.824848175048828
17-08-2016,26.540000915527344,26.6200008392334,6700,26.989999771118164,26.600000381469727,21.726829528808597
18-08-2016,26.3700008392334,26.440000534057617,7700,27.0,26.989999771118164,22.045385360717773
19-08-2016,26.690000534057617,26.8799991607666,13500,27.0,27.0,22.053550720214844
22-08-2016,26.549999237060547,26.90999984741211,7300,27.0,27.0,22.053550720214844
23-08-2016,26.90999984741211,27.1299991607666,7500,27.149999618530277,27.0,22.053550720214844
24-08-2016,26.770000457763672,27.0,17500,27.01000022888184,26.82999992370605,21.914697647094727
25-08-2016,26.799999237060547,26.799999237060547,6500,27.190000534057617,27.0,22.053550720214844
26-08-2016,26.8700008392334,27.290000915527344,3500,27.290000915527344,26.959999084472656,22.02087783813477
29-08-2016,26.799999237060547,26.84000015258789,4700,27.399999618530277,26.809999465942383,21.898361206054688
30-08-2016,26.959999084472656,27.420000076293945,5700,27.420000076293945,27.030000686645508,22.07805633544922
31-08-2016,26.559999465942383,26.75,17100,26.899999618530277,26.770000457763672,22.06157684326172
01-09-2016,26.600000381469727,26.649999618530277,5500,27.030000686645508,26.709999084472656,22.01212310791016
02-09-2016,26.61000061035156,26.61000061035156,2100,26.940000534057617,26.940000534057617,22.20167350769043
06-09-2016,26.6299991607666,26.709999084472656,3300,26.899999618530277,26.88999938964844,22.16046524047852
07-09-2016,26.600000381469727,26.600000381469727,15400,27.049999237060547,26.899999618530277,22.168710708618164
08-09-2016,26.600000381469727,26.670000076293945,13100,27.049999237060547,27.049999237060547,22.29232215881348
09-09-2016,26.600000381469727,26.86000061035156,9600,26.96999931335449,26.690000534057617,21.99563980102539
12-09-2016,26.520000457763672,26.75,7300,27.0,26.8700008392334,22.14398956298828
13-09-2016,26.13999938964844,26.68000030517578,12500,26.76000022888184,26.520000457763672,21.85554313659668
14-09-2016,26.3799991607666,26.489999771118164,4700,26.90999984741211,26.3799991607666,21.74017333984375
15-09-2016,26.26000022888184,26.420000076293945,5200,26.68000030517578,26.68000030517578,21.98740005493164
16-09-2016,26.38999938964844,26.75,35600,28.059999465942383,27.8700008392334,22.96810340881348
19-09-2016,26.399999618530277,27.86000061035156,20300,27.86000061035156,27.1200008392334,22.350008010864254
20-09-2016,26.6299991607666,26.8799991607666,6500,27.26000022888184,27.01000022888184,22.25936508178711
21-09-2016,27.01000022888184,27.01000022888184,5400,27.76000022888184,27.559999465942383,22.712623596191406
22-09-2016,27.32999992370605,27.600000381469727,11200,28.420000076293945,28.030000686645508,23.09995651245117
23-09-2016,27.270000457763672,27.63999938964844,7900,28.190000534057617,27.770000457763672,22.88569450378418
26-09-2016,27.11000061035156,27.549999237060547,8900,27.75,27.51000022888184,22.67141532897949
27-09-2016,26.649999618530277,27.21999931335449,7500,28.200000762939453,27.989999771118164,23.06699752807617
28-09-2016,27.59000015258789,28.299999237060547,10000,28.5,27.76000022888184,22.877445220947266
29-09-2016,27.670000076293945,27.940000534057617,6100,28.100000381469727,27.770000457763672,22.88569450378418
30-09-2016,27.51000022888184,27.540000915527344,12500,28.15999984741211,27.950000762939453,23.03403091430664
03-10-2016,27.25,27.780000686645508,7600,28.209999084472656,27.43000030517578,22.60548973083496
04-10-2016,27.25,27.38999938964844,8300,27.68000030517578,27.299999237060547,22.498353958129883
05-10-2016,27.309999465942383,27.309999465942383,11800,27.989999771118164,27.549999237060547,22.704383850097656
06-10-2016,27.36000061035156,27.59000015258789,10600,27.729999542236328,27.61000061035156,22.753829956054688
07-10-2016,27.34000015258789,27.520000457763672,5400,28.030000686645508,27.450000762939453,22.62197494506836
10-10-2016,27.489999771118164,27.489999771118164,8700,28.170000076293945,28.11000061035156,23.1658878326416
11-10-2016,27.75,28.149999618530277,14200,28.149999618530277,27.8700008392334,22.96810340881348
12-10-2016,27.81999969482422,27.82999992370605,19100,28.18000030517578,28.1299991607666,23.182373046875
13-10-2016,27.75,28.07999992370605,8400,28.07999992370605,27.76000022888184,22.877445220947266
14-10-2016,27.739999771118164,27.8799991607666,6200,28.46999931335449,27.809999465942383,22.918657302856445
17-10-2016,27.799999237060547,27.899999618530277,4200,27.899999618530277,27.799999237060547,22.910409927368164
18-10-2016,27.450000762939453,27.850000381469727,4800,27.850000381469727,27.600000381469727,22.745590209960938
19-10-2016,27.51000022888184,27.940000534057617,7800,27.950000762939453,27.75,22.86920738220215
20-10-2016,27.75,27.799999237060547,1800,27.850000381469727,27.75,22.86920738220215
21-10-2016,26.40999984741211,26.899999618530277,7500,27.350000381469727,27.149999618530277,22.374736785888672
24-10-2016,26.950000762939453,27.049999237060547,8100,27.600000381469727,27.350000381469727,22.5395622253418
25-10-2016,27.350000381469727,27.350000381469727,4500,27.75,27.549999237060547,22.704383850097656
26-10-2016,27.600000381469727,27.600000381469727,3600,27.950000762939453,27.649999618530277,22.786794662475582
27-10-2016,27.649999618530277,27.700000762939453,27500,27.899999618530277,27.75,22.86920738220215
28-10-2016,27.350000381469727,27.950000762939453,14500,28.0,27.600000381469727,22.745590209960938
31-10-2016,26.780000686645508,27.549999237060547,12400,27.549999237060547,27.049999237060547,22.29232215881348
01-11-2016,26.950000762939453,27.049999237060547,9500,27.399999618530277,26.950000762939453,22.20991516113281
02-11-2016,26.799999237060547,26.950000762939453,11100,27.100000381469727,26.950000762939453,22.20991516113281
03-11-2016,26.899999618530277,27.049999237060547,3500,27.149999618530277,27.149999618530277,22.374736785888672
04-11-2016,26.799999237060547,27.049999237060547,6800,27.149999618530277,26.799999237060547,22.086301803588867
07-11-2016,26.899999618530277,27.100000381469727,5600,27.350000381469727,27.350000381469727,22.5395622253418
08-11-2016,27.100000381469727,27.100000381469727,5100,27.700000762939453,27.649999618530277,22.786794662475582
09-11-2016,27.25,27.75,19600,28.549999237060547,28.399999618530277,23.404882431030277
10-11-2016,28.25,28.549999237060547,26900,29.25,28.700000762939453,23.65211677551269
11-11-2016,28.40999984741211,28.600000381469727,47000,30.600000381469727,30.350000381469727,25.011905670166016
14-11-2016,29.75,30.299999237060547,21500,30.899999618530277,30.350000381469727,25.011905670166016
15-11-2016,29.899999618530277,30.450000762939453,12800,30.600000381469727,30.25,24.92949676513672
16-11-2016,29.950000762939453,30.25,11300,30.399999618530277,30.25,24.92949676513672
17-11-2016,28.690000534057617,30.149999618530277,29800,30.299999237060547,30.149999618530277,24.84708404541016
18-11-2016,29.649999618530277,30.25,38200,30.850000381469727,30.5,25.135520935058597
21-11-2016,30.299999237060547,30.850000381469727,9200,30.850000381469727,30.649999618530277,25.25914764404297
22-11-2016,30.200000762939453,30.600000381469727,24900,31.049999237060547,30.850000381469727,25.42396354675293
23-11-2016,30.649999618530277,30.649999618530277,10100,31.25,31.149999618530277,25.67120361328125
25-11-2016,30.299999237060547,30.350000381469727,1500,31.200000762939453,31.200000762939453,25.7124080657959
28-11-2016,30.850000381469727,30.899999618530277,11100,32.29999923706055,31.049999237060547,25.58878326416016
29-11-2016,31.0,31.649999618530277,14800,31.899999618530277,31.200000762939453,25.7124080657959
30-11-2016,30.5,31.25,14600,31.25,31.149999618530277,25.87020492553711
01-12-2016,30.5,31.399999618530277,13700,31.399999618530277,30.950000762939453,25.704103469848636
02-12-2016,30.649999618530277,31.049999237060547,5100,31.049999237060547,30.950000762939453,25.704103469848636
05-12-2016,30.700000762939453,31.5,31800,31.5,31.049999237060547,25.787147521972656
06-12-2016,30.850000381469727,31.049999237060547,28200,32.150001525878906,32.150001525878906,26.70071029663086
07-12-2016,31.950000762939453,32.150001525878906,24000,32.95000076293945,32.75,27.19900894165039
08-12-2016,32.459999084472656,32.70000076293945,22800,34.25,33.849998474121094,28.1125602722168
09-12-2016,33.16999816894531,34.04999923706055,31000,35.099998474121094,34.70000076293945,28.818492889404297
12-12-2016,34.25,34.599998474121094,39200,35.04999923706055,34.400001525878906,28.5693416595459
13-12-2016,34.29999923706055,34.400001525878906,13600,34.900001525878906,34.70000076293945,28.818492889404297
14-12-2016,34.29999923706055,34.599998474121094,19200,34.79999923706055,34.599998474121094,28.735435485839844
15-12-2016,34.599998474121094,34.900001525878906,21200,35.20000076293945,34.650001525878906,28.776966094970703
16-12-2016,34.25,34.79999923706055,114700,35.75,35.5,29.482894897460938
19-12-2016,35.150001525878906,35.45000076293945,27200,35.70000076293945,35.5,29.482894897460938
20-12-2016,34.54999923706055,35.79999923706055,15000,36.150001525878906,36.04999923706055,29.939674377441406
21-12-2016,35.70000076293945,36.04999923706055,13100,36.04999923706055,36.0,29.89814758300781
22-12-2016,35.54999923706055,36.04999923706055,5400,36.25,35.70000076293945,29.64899635314941
23-12-2016,35.400001525878906,35.529998779296875,5300,35.9900016784668,35.79999923706055,29.73204040527344
27-12-2016,35.75,35.849998474121094,6800,36.0,35.900001525878906,29.815093994140625
28-12-2016,35.45000076293945,36.04999923706055,10200,36.150001525878906,35.79999923706055,29.73204040527344
29-12-2016,35.349998474121094,35.650001525878906,10900,35.849998474121094,35.54999923706055,29.524415969848636
30-12-2016,34.5,35.5,9600,35.5,34.79999923706055,28.90155029296875
03-01-2017,34.400001525878906,35.20000076293945,10300,35.349998474121094,35.099998474121094,29.15069007873535
04-01-2017,35.25,35.25,8700,36.25,36.09999847412109,29.9811954498291
05-01-2017,35.54999923706055,35.54999923706055,6300,36.0,35.95000076293945,29.85662651062012
06-01-2017,35.45000076293945,35.95000076293945,3600,35.95000076293945,35.650001525878906,29.607471466064453
09-01-2017,35.20000076293945,35.29999923706055,13200,35.650001525878906,35.45000076293945,29.441375732421875
10-01-2017,35.400001525878906,35.650001525878906,5700,35.650001525878906,35.5,29.482894897460938
11-01-2017,35.0,35.45000076293945,10800,35.45000076293945,35.349998474121094,29.358322143554688
12-01-2017,34.150001525878906,34.599998474121094,13400,34.650001525878906,34.599998474121094,28.735435485839844
13-01-2017,34.79999923706055,35.0,9200,35.0,34.849998474121094,28.94306755065918
17-01-2017,34.70000076293945,34.900001525878906,28300,34.900001525878906,34.70000076293945,28.818492889404297
18-01-2017,34.75,34.75,5100,35.0,34.900001525878906,28.984594345092773
19-01-2017,34.79999923706055,34.88999938964844,10900,34.900001525878906,34.79999923706055,28.90155029296875
20-01-2017,34.20000076293945,34.20000076293945,8100,35.0,34.95000076293945,29.026121139526367
23-01-2017,34.79999923706055,35.0,12500,35.0,34.849998474121094,28.94306755065918
24-01-2017,34.79999923706055,34.79999923706055,16500,35.75,35.650001525878906,29.607471466064453
25-01-2017,35.599998474121094,35.900001525878906,9000,35.900001525878906,35.650001525878906,29.607471466064453
26-01-2017,35.79999923706055,36.02999877929688,7100,36.25,35.900001525878906,29.815093994140625
27-01-2017,35.599998474121094,36.04999923706055,5400,36.04999923706055,35.75,29.69051742553711
30-01-2017,35.0,35.5,8200,35.54999923706055,35.0,29.06764030456543
31-01-2017,35.20000076293945,35.59000015258789,8500,35.650001525878906,35.5,29.482894897460938
01-02-2017,35.20000076293945,35.79999923706055,9400,36.09999847412109,35.70000076293945,29.64899635314941
02-02-2017,35.349998474121094,35.5,6400,35.7400016784668,35.5,29.482894897460938
03-02-2017,35.900001525878906,35.9900016784668,15700,36.34999847412109,36.20000076293945,30.064247131347656
06-02-2017,35.5,36.20000076293945,11800,37.52999877929688,35.650001525878906,29.607471466064453
07-02-2017,35.400001525878906,35.70000076293945,5500,35.95000076293945,35.45000076293945,29.441375732421875
08-02-2017,35.099998474121094,35.20000076293945,9000,35.529998779296875,35.099998474121094,29.15069007873535
09-02-2017,35.099998474121094,35.5,6000,35.630001068115234,35.349998474121094,29.358322143554688
10-02-2017,34.95000076293945,35.02000045776367,5800,35.20000076293945,35.099998474121094,29.15069007873535
13-02-2017,35.150001525878906,35.150001525878906,26700,36.400001525878906,36.150001525878906,30.02272605895996
14-02-2017,35.900001525878906,35.95000076293945,8100,36.20000076293945,36.09999847412109,29.9811954498291
15-02-2017,36.0,36.0,8200,36.29999923706055,36.09999847412109,29.9811954498291
16-02-2017,36.20000076293945,36.25,14800,36.34999847412109,36.25,30.105770111083984
17-02-2017,36.25,36.29999923706055,15100,36.54999923706055,36.54999923706055,30.354930877685547
21-02-2017,36.560001373291016,36.650001525878906,3000,36.900001525878906,36.84999847412109,30.604066848754883
22-02-2017,36.5,36.70000076293945,4500,36.75,36.75,30.521026611328125
23-02-2017,36.52999877929688,36.650001525878906,6600,36.84999847412109,36.75,30.521026611328125
24-02-2017,36.650001525878906,36.75,4000,36.75,36.70000076293945,30.47949981689453
27-02-2017,36.5,36.68999862670898,31600,36.900001525878906,36.75,30.521026611328125
28-02-2017,36.5,36.75,21500,36.75,36.54999923706055,30.354930877685547
01-03-2017,33.79999923706055,36.54999923706055,17100,36.900001525878906,36.79999923706055,30.764568328857425
02-03-2017,35.79999923706055,36.59999847412109,11000,36.70000076293945,36.0,30.095766067504883
03-03-2017,36.150001525878906,36.150001525878906,13300,36.70000076293945,36.59999847412109,30.597362518310547
06-03-2017,36.5,36.5,6900,36.59000015258789,36.5,30.51376724243164
07-03-2017,36.20000076293945,36.400001525878906,64800,36.84999847412109,36.5,30.51376724243164
08-03-2017,36.45000076293945,36.720001220703125,23500,36.720001220703125,36.5,30.51376724243164
09-03-2017,36.34999847412109,36.400001525878906,12700,36.7400016784668,36.400001525878906,30.43016815185547
10-03-2017,36.0,36.25,12700,36.84999847412109,36.25,30.30476188659668
13-03-2017,36.0,36.59999847412109,7000,36.650001525878906,36.150001525878906,30.221168518066406
14-03-2017,36.0,36.04999923706055,9800,36.52000045776367,36.25,30.30476188659668
15-03-2017,36.150001525878906,36.25,8500,36.650001525878906,36.25,30.30476188659668
16-03-2017,36.34999847412109,36.54999923706055,9500,36.84999847412109,36.84999847412109,30.806352615356445
17-03-2017,36.04999923706055,36.75,51000,39.400001525878906,38.900001525878906,32.52014923095703
20-03-2017,37.20000076293945,38.75,9600,38.75,37.29999923706055,31.18255615234375
21-03-2017,35.900001525878906,37.20000076293945,16900,37.20000076293945,35.95000076293945,30.053970336914062
22-03-2017,34.599998474121094,35.650001525878906,17700,35.650001525878906,34.79999923706055,29.09258270263672
23-03-2017,34.75,34.75,6300,35.95000076293945,35.599998474121094,29.761371612548828
24-03-2017,35.70000076293945,36.20000076293945,10500,36.54999923706055,35.70000076293945,29.844968795776367
27-03-2017,34.95000076293945,34.95000076293945,4600,35.45000076293945,35.45000076293945,29.635974884033203
28-03-2017,35.0,35.279998779296875,57500,36.900001525878906,36.70000076293945,30.68096160888672
29-03-2017,36.34999847412109,36.5,58200,38.20000076293945,37.09999847412109,31.015357971191406
30-03-2017,36.70000076293945,36.95000076293945,13600,37.25,37.25,31.140764236450195
31-03-2017,36.5,37.45000076293945,57700,37.75,37.25,31.140764236450195
03-04-2017,36.95000076293945,37.20000076293945,57300,37.5,37.5,31.34975242614746
04-04-2017,36.5,37.34999847412109,29900,37.34999847412109,37.04999923706055,30.97356414794922
05-04-2017,36.29999923706055,37.34999847412109,43000,37.65999984741211,36.54999923706055,30.55556869506836
06-04-2017,36.59999847412109,36.59999847412109,7300,36.79999923706055,36.75,30.72276306152344
07-04-2017,36.5,36.83000183105469,12400,37.150001525878906,36.79999923706055,30.764568328857425
10-04-2017,36.5,36.54999923706055,7900,36.900001525878906,36.54999923706055,30.55556869506836
11-04-2017,36.29999923706055,36.5,8900,37.29999923706055,36.900001525878906,30.84816169738769
12-04-2017,36.34999847412109,37.08000183105469,12100,37.09999847412109,36.34999847412109,30.38836669921875
13-04-2017,35.5,37.33000183105469,13600,37.33000183105469,35.75,29.886764526367188
17-04-2017,35.5,35.95000076293945,4400,36.0,36.0,30.095766067504883
18-04-2017,35.70000076293945,37.150001525878906,12600,38.04999923706055,36.70000076293945,30.68096160888672
19-04-2017,36.29999923706055,36.79999923706055,8000,36.84999847412109,36.75,30.72276306152344
20-04-2017,36.59999847412109,36.75,11500,37.29999923706055,37.25,31.140764236450195
21-04-2017,37.20000076293945,37.5,29800,42.5,38.400001525878906,32.10215759277344
24-04-2017,38.400001525878906,39.25,12500,39.880001068115234,39.09999847412109,32.687347412109375
25-04-2017,38.09999847412109,39.34999847412109,30700,39.650001525878906,38.95000076293945,32.561954498291016
26-04-2017,38.650001525878906,38.84999847412109,17700,40.41999816894531,39.84999847412109,33.314334869384766
27-04-2017,39.20000076293945,39.630001068115234,6900,40.04999923706055,39.20000076293945,32.77094268798828
28-04-2017,38.09999847412109,39.0,33000,39.66999816894531,38.400001525878906,32.10215759277344
01-05-2017,38.150001525878906,38.45000076293945,56500,39.09999847412109,38.5,32.185752868652344
02-05-2017,37.79999923706055,38.59999847412109,10300,38.59999847412109,37.900001525878906,31.684154510498047
03-05-2017,37.400001525878906,37.650001525878906,12900,37.95000076293945,37.5,31.34975242614746
04-05-2017,37.150001525878906,37.650001525878906,10700,37.75,37.25,31.140764236450195
05-05-2017,37.150001525878906,37.20000076293945,36100,38.20000076293945,37.54999923706055,31.391551971435547
08-05-2017,37.150001525878906,37.400001525878906,38500,37.75,37.5,31.34975242614746
09-05-2017,37.20000076293945,37.20000076293945,5500,37.70000076293945,37.47999954223633,31.33303642272949
10-05-2017,37.09999847412109,37.400001525878906,4900,37.400001525878906,37.25,31.140764236450195
11-05-2017,36.45000076293945,37.25,9300,37.25,36.79999923706055,30.764568328857425
12-05-2017,36.20000076293945,36.79999923706055,7900,36.959999084472656,36.34999847412109,30.38836669921875
15-05-2017,36.25,36.25,6700,36.900001525878906,36.650001525878906,30.639169692993164
16-05-2017,36.400001525878906,36.84000015258789,4600,36.84000015258789,36.650001525878906,30.639169692993164
17-05-2017,35.45000076293945,35.95000076293945,17400,36.650001525878906,35.70000076293945,29.844968795776367
18-05-2017,35.75,35.75,10100,36.290000915527344,35.849998474121094,29.970365524291992
19-05-2017,35.54999923706055,35.70000076293945,16000,35.849998474121094,35.599998474121094,29.761371612548828
22-05-2017,35.54999923706055,35.650001525878906,4600,35.900001525878906,35.79999923706055,29.92856216430664
23-05-2017,35.70000076293945,36.0,9200,36.0,35.900001525878906,30.01216506958008
24-05-2017,35.900001525878906,36.0,7300,36.150001525878906,35.95000076293945,30.053970336914062
25-05-2017,35.79999923706055,36.150001525878906,4400,36.150001525878906,36.0,30.095766067504883
26-05-2017,35.599998474121094,36.13999938964844,8200,36.150001525878906,35.599998474121094,29.761371612548828
30-05-2017,35.04999923706055,35.54999923706055,9600,35.75,35.45000076293945,29.635974884033203
31-05-2017,34.599998474121094,35.20000076293945,23100,35.5,34.849998474121094,29.332963943481445
01-06-2017,34.79999923706055,34.79999923706055,17800,36.0,35.95000076293945,30.25882339477539
02-06-2017,35.849998474121094,35.849998474121094,15000,37.45000076293945,36.20000076293945,30.469236373901367
05-06-2017,35.04999923706055,35.849998474121094,6300,36.08000183105469,35.599998474121094,29.964229583740234
06-06-2017,34.79999923706055,35.349998474121094,11600,36.040000915527344,35.20000076293945,29.627553939819336
07-06-2017,35.150001525878906,35.150001525878906,6800,36.29999923706055,36.09999847412109,30.38507461547852
08-06-2017,35.70000076293945,35.900001525878906,10400,37.79999923706055,37.59999847412109,31.647613525390625
09-06-2017,37.150001525878906,37.150001525878906,18500,39.0,38.70000076293945,32.57347869873047
12-06-2017,37.150001525878906,38.650001525878906,15800,39.04999923706055,37.75,31.773876190185547
13-06-2017,37.59999847412109,37.84999847412109,10000,37.95000076293945,37.900001525878906,31.900117874145508
14-06-2017,37.400001525878906,37.70000076293945,7200,37.79999923706055,37.70000076293945,31.73177528381348
15-06-2017,37.45000076293945,37.45000076293945,13000,37.95000076293945,37.84999847412109,31.8580379486084
16-06-2017,37.29999923706055,38.54999923706055,66600,38.54999923706055,38.20000076293945,32.15263366699219
19-06-2017,36.84999847412109,38.45000076293945,19700,38.5,37.5,31.563440322875977
20-06-2017,37.150001525878906,37.650001525878906,14900,38.16999816894531,37.5,31.563440322875977
21-06-2017,36.97999954223633,37.59999847412109,9600,37.59999847412109,37.04999923706055,31.18468475341797
22-06-2017,36.59999847412109,36.95000076293945,6400,36.95000076293945,36.650001525878906,30.8480167388916
23-06-2017,36.34999847412109,36.650001525878906,39200,36.95000076293945,36.54999923706055,30.763839721679688
26-06-2017,36.09999847412109,36.25,5500,36.79999923706055,36.29999923706055,30.553417205810547
27-06-2017,36.25,36.650001525878906,4400,37.0,36.34999847412109,30.59550094604492
28-06-2017,36.5,36.93999862670898,7300,37.400001525878906,37.150001525878906,31.26884651184082
29-06-2017,36.34999847412109,37.5,26600,37.79999923706055,37.150001525878906,31.26884651184082
30-06-2017,36.84999847412109,37.09999847412109,6000,37.25,36.95000076293945,31.100513458251957
03-07-2017,37.04999923706055,37.150001525878906,12700,37.75,37.59999847412109,31.647613525390625
05-07-2017,36.95000076293945,37.45000076293945,12400,37.70000076293945,37.25,31.3530216217041
06-07-2017,36.79999923706055,37.0,7300,37.84999847412109,36.95000076293945,31.100513458251957
07-07-2017,36.79999923706055,37.29999923706055,5900,37.70000076293945,37.29999923706055,31.39510536193848
10-07-2017,36.900001525878906,37.0,8800,37.59999847412109,37.20000076293945,31.31093406677246
11-07-2017,36.45000076293945,36.95000076293945,8500,37.09999847412109,36.650001525878906,30.8480167388916
12-07-2017,36.59999847412109,36.59999847412109,4700,37.400001525878906,37.25,31.3530216217041
13-07-2017,36.63999938964844,37.5,3300,37.5,36.75,30.93218040466309
14-07-2017,36.25,36.75,5300,36.75,36.54999923706055,30.763839721679688
17-07-2017,36.25,36.25,5900,36.59999847412109,36.45000076293945,30.679664611816406
18-07-2017,36.25,36.25,5200,36.70000076293945,36.59999847412109,30.8059196472168
19-07-2017,36.20000076293945,36.75,3900,36.95000076293945,36.70000076293945,30.890092849731445
20-07-2017,36.34999847412109,36.5,3400,36.650001525878906,36.34999847412109,30.59550094604492
21-07-2017,36.5,37.29999923706055,24700,37.400001525878906,36.79999923706055,30.974260330200195
24-07-2017,36.54999923706055,36.59999847412109,9700,36.900001525878906,36.900001525878906,31.058427810668945
25-07-2017,37.04999923706055,37.04999923706055,13300,38.20000076293945,38.0,31.984285354614254
26-07-2017,37.54999923706055,38.0,11900,38.25,37.900001525878906,31.900117874145508
27-07-2017,37.650001525878906,37.84999847412109,9500,37.900001525878906,37.900001525878906,31.900117874145508
28-07-2017,37.75,37.84999847412109,6900,38.04999923706055,37.84999847412109,31.8580379486084
31-07-2017,37.75,38.150001525878906,6900,38.150001525878906,37.75,31.773876190185547
01-08-2017,37.75,37.95000076293945,4700,38.150001525878906,38.04999923706055,32.0263671875
02-08-2017,37.70000076293945,38.43999862670898,8500,38.43999862670898,37.95000076293945,31.94219398498535
03-08-2017,37.84999847412109,37.95000076293945,12600,38.0,38.0,31.984285354614254
04-08-2017,38.02999877929688,38.04999923706055,3900,38.20000076293945,38.20000076293945,32.15263366699219
07-08-2017,37.95000076293945,37.95000076293945,49100,38.29999923706055,38.04999923706055,32.0263671875
08-08-2017,37.900001525878906,37.900001525878906,5400,38.400001525878906,38.0,31.984285354614254
09-08-2017,37.02999877929688,37.900001525878906,15600,37.900001525878906,37.25,31.3530216217041
10-08-2017,36.54999923706055,37.04999923706055,18400,37.150001525878906,36.84999847412109,31.016338348388672
11-08-2017,36.54999923706055,36.900001525878906,19400,37.0,36.75,30.93218040466309
14-08-2017,35.04999923706055,36.84999847412109,29000,37.09999847412109,35.900001525878906,30.216737747192383
15-08-2017,36.0,36.0,10300,36.709999084472656,36.5,30.72175025939941
16-08-2017,36.5,36.5,9500,36.75,36.59999847412109,30.8059196472168
17-08-2017,35.650001525878906,36.5,8800,36.5,35.650001525878906,30.006317138671875
18-08-2017,35.150001525878906,35.150001525878906,17300,36.25,35.599998474121094,29.964229583740234
21-08-2017,35.400001525878906,35.400001525878906,7300,36.20000076293945,35.95000076293945,30.25882339477539
22-08-2017,35.79999923706055,36.130001068115234,40200,36.650001525878906,36.34999847412109,30.59550094604492
23-08-2017,35.900001525878906,36.25,6800,36.59999847412109,36.0,30.3009033203125
24-08-2017,36.04999923706055,36.04999923706055,4500,36.59999847412109,36.25,30.51132583618164
25-08-2017,36.09999847412109,36.09999847412109,5900,36.70000076293945,36.54999923706055,30.763839721679688
28-08-2017,36.09999847412109,36.400001525878906,5000,36.45000076293945,36.25,30.51132583618164
29-08-2017,35.72999954223633,35.849998474121094,11700,36.150001525878906,36.150001525878906,30.427165985107425
30-08-2017,35.220001220703125,35.900001525878906,9500,36.20000076293945,35.75,30.29158973693848
31-08-2017,36.04999923706055,36.04999923706055,12500,37.0,36.5,30.92708396911621
01-09-2017,35.95000076293945,35.95000076293945,3200,36.650001525878906,36.650001525878906,31.054182052612305
05-09-2017,36.09999847412109,36.900001525878906,6900,36.900001525878906,36.150001525878906,30.630521774291992
06-09-2017,36.20000076293945,36.25,10600,36.650001525878906,36.45000076293945,30.88471984863281
07-09-2017,36.09999847412109,36.29999923706055,13700,36.29999923706055,36.09999847412109,30.5881462097168
08-09-2017,36.09999847412109,36.09999847412109,7500,36.83000183105469,36.150001525878906,30.630521774291992
11-09-2017,36.20000076293945,36.45000076293945,14500,37.34999847412109,37.09999847412109,31.435461044311523
12-09-2017,37.29999923706055,37.34999847412109,5400,38.29999923706055,37.79999923706055,32.02858352661133
13-09-2017,37.25,37.900001525878906,5700,38.04999923706055,37.900001525878906,32.11332702636719
14-09-2017,37.45000076293945,38.0,7500,38.09999847412109,37.54999923706055,31.816761016845703
15-09-2017,37.09999847412109,37.650001525878906,42000,38.54999923706055,38.20000076293945,32.367523193359375
18-09-2017,38.5,38.54999923706055,6500,38.79999923706055,38.54999923706055,32.6640739440918
19-09-2017,38.45000076293945,38.54999923706055,6400,38.66999816894531,38.59999847412109,32.706443786621094
20-09-2017,37.84999847412109,38.400001525878906,8400,39.650001525878906,39.34999847412109,33.34193420410156
21-09-2017,39.09999847412109,39.5,7600,39.75,39.5,33.46902847290039
22-09-2017,38.95000076293945,38.95000076293945,8300,39.45000076293945,39.400001525878906,33.38429641723633
25-09-2017,39.0,39.400001525878906,5300,39.5,39.34999847412109,33.34193420410156
26-09-2017,39.400001525878906,39.45000076293945,17800,40.790000915527344,40.5,34.316341400146484
27-09-2017,40.5,40.84999847412109,16700,41.95000076293945,41.79999923706055,35.41786575317383
28-09-2017,41.29999923706055,41.79999923706055,11700,41.84999847412109,41.59999847412109,35.248390197753906
29-09-2017,41.20000076293945,41.400001525878906,14800,41.70000076293945,41.20000076293945,34.90946960449219
02-10-2017,41.400001525878906,41.400001525878906,8600,41.84999847412109,41.75,35.37548828125
03-10-2017,41.75,41.79999923706055,15500,42.5,42.09999847412109,35.67205047607422
04-10-2017,41.54999923706055,41.54999923706055,16400,42.09999847412109,41.84999847412109,35.46022415161133
05-10-2017,41.650001525878906,42.0,10100,42.150001525878906,42.150001525878906,35.714412689208984
06-10-2017,41.79999923706055,42.34999847412109,5300,42.34999847412109,41.84999847412109,35.46022415161133
09-10-2017,41.95000076293945,41.95000076293945,7000,42.54999923706055,42.5,36.010986328125
10-10-2017,42.150001525878906,42.150001525878906,8700,42.79999923706055,42.79999923706055,36.26516342163086
11-10-2017,42.0099983215332,42.75,5300,42.79999923706055,42.79999923706055,36.26516342163086
12-10-2017,42.400001525878906,42.75,7000,42.79999923706055,42.400001525878906,35.92626190185547
13-10-2017,42.29999923706055,42.400001525878906,4200,42.650001525878906,42.29999923706055,35.841514587402344
16-10-2017,42.400001525878906,42.54999923706055,17400,43.0,42.59999847412109,36.09572219848633
17-10-2017,41.650001525878906,42.47999954223633,8700,42.5,41.75,35.37548828125
18-10-2017,40.84999847412109,41.5,11400,42.25,41.84999847412109,35.46022415161133
19-10-2017,41.84999847412109,41.84999847412109,6300,42.29999923706055,42.0,35.58732223510742
20-10-2017,38.650001525878906,40.150001525878906,30800,40.79999923706055,39.650001525878906,33.59613037109375
23-10-2017,39.09999847412109,39.59999847412109,10800,39.59999847412109,39.25,33.257198333740234
24-10-2017,39.20000076293945,39.20000076293945,16800,39.59999847412109,39.34999847412109,33.34193420410156
25-10-2017,39.34999847412109,39.5,9700,40.0,39.95000076293945,33.85031509399414
26-10-2017,39.75,39.900001525878906,6800,40.04999923706055,40.0,33.89268112182617
27-10-2017,39.70000076293945,39.84999847412109,13400,40.08000183105469,39.900001525878906,33.807952880859375
30-10-2017,39.20000076293945,39.75,12800,39.75,39.20000076293945,33.21482849121094
31-10-2017,39.09999847412109,39.400001525878906,17500,39.54999923706055,39.150001525878906,33.17247009277344
01-11-2017,38.400001525878906,39.45000076293945,7400,39.45000076293945,38.650001525878906,32.74880599975586
02-11-2017,38.5,38.5,5800,39.400001525878906,39.34999847412109,33.34193420410156
03-11-2017,39.0,39.150001525878906,10300,39.34999847412109,39.04999923706055,33.08773422241211
06-11-2017,39.0,39.25,5100,39.25,39.04999923706055,33.08773422241211
07-11-2017,38.20000076293945,39.0,15400,39.0099983215332,38.20000076293945,32.367523193359375
08-11-2017,37.20000076293945,38.09999847412109,11200,38.09999847412109,37.5,31.774391174316406
09-11-2017,36.650001525878906,37.84999847412109,11900,37.84999847412109,37.5,31.774391174316406
10-11-2017,37.54999923706055,37.54999923706055,4300,38.04999923706055,37.59999847412109,31.8591251373291
13-11-2017,37.0099983215332,37.54999923706055,12800,37.70000076293945,37.650001525878906,31.901500701904297
14-11-2017,37.560001373291016,37.70000076293945,4600,38.29999923706055,38.25,32.40988540649414
15-11-2017,37.95000076293945,37.95000076293945,5300,38.5,38.150001525878906,32.32514572143555
16-11-2017,37.810001373291016,38.34999847412109,19300,39.34999847412109,38.75,32.83354949951172
17-11-2017,38.29999923706055,38.45000076293945,9100,38.59999847412109,38.59999847412109,32.706443786621094
20-11-2017,38.54999923706055,38.59999847412109,8600,39.09999847412109,39.09999847412109,33.130104064941406
21-11-2017,38.869998931884766,39.0,8500,39.5,39.5,33.46902847290039
22-11-2017,39.0,39.09999847412109,5200,39.400001525878906,39.0,33.04537582397461
24-11-2017,38.75,39.09999847412109,1900,39.09999847412109,38.95000076293945,33.00300598144531
27-11-2017,38.93999862670898,38.93999862670898,4400,39.79999923706055,39.650001525878906,33.59613037109375
28-11-2017,39.59999847412109,39.59999847412109,12300,40.75,40.45000076293945,34.27397537231445
29-11-2017,40.04999923706055,40.5,20000,42.29999923706055,42.29999923706055,35.841514587402344
30-11-2017,41.150001525878906,42.0,13900,42.20000076293945,41.150001525878906,35.074405670166016
01-12-2017,40.04999923706055,41.400001525878906,8400,41.400001525878906,40.650001525878906,34.64822769165039
04-12-2017,40.70000076293945,41.34999847412109,10600,41.84999847412109,40.84999847412109,34.81868362426758
05-12-2017,39.400001525878906,40.79999923706055,12200,40.79999923706055,39.400001525878906,33.58277893066406
06-12-2017,38.29999923706055,39.0,8700,39.59999847412109,38.900001525878906,33.15660858154297
07-12-2017,38.54999923706055,38.70000076293945,13800,38.900001525878906,38.900001525878906,33.15660858154297
08-12-2017,38.09999847412109,39.5,7500,39.5,38.20000076293945,32.559959411621094
11-12-2017,38.04999923706055,38.29999923706055,7700,38.59999847412109,38.09999847412109,32.474708557128906
12-12-2017,38.09999847412109,38.09999847412109,17300,38.95000076293945,38.5,32.81565856933594
13-12-2017,38.41999816894531,38.59999847412109,15700,39.54999923706055,39.400001525878906,33.58277893066406
14-12-2017,38.75,39.29999923706055,14200,40.41999816894531,38.79999923706055,33.07136154174805
15-12-2017,38.84999847412109,38.84999847412109,47700,39.75,39.59999847412109,33.75325393676758
18-12-2017,39.54999923706055,39.75,11500,40.400001525878906,39.900001525878906,34.008941650390625
19-12-2017,39.5,39.79999923706055,8300,40.34999847412109,39.5,33.66801071166992
20-12-2017,39.150001525878906,39.5,16100,39.75,39.400001525878906,33.58277893066406
21-12-2017,39.29999923706055,39.34999847412109,6400,39.84999847412109,39.70000076293945,33.83848190307617
22-12-2017,39.29999923706055,39.59999847412109,11400,39.59999847412109,39.400001525878906,33.58277893066406
26-12-2017,38.70000076293945,39.41999816894531,6200,39.45000076293945,38.900001525878906,33.15660858154297
27-12-2017,38.36000061035156,39.04999923706055,3000,39.20000076293945,38.54999923706055,32.85826873779297
28-12-2017,38.59999847412109,38.650001525878906,20500,38.79999923706055,38.75,33.02875900268555
29-12-2017,38.29999923706055,38.70000076293945,12500,38.70000076293945,38.29999923706055,32.64517974853516
02-01-2018,37.75,38.5,8100,38.84999847412109,37.75,32.1763916015625
03-01-2018,37.34999847412109,37.75,10400,38.0,37.79999923706055,32.21901321411133
04-01-2018,37.45000076293945,38.0,9300,38.0,37.54999923706055,32.00592041015625
05-01-2018,37.29999923706055,37.54999923706055,15100,37.59999847412109,37.59999847412109,32.04853820800781
08-01-2018,37.45000076293945,37.5,16500,37.75,37.54999923706055,32.00592041015625
09-01-2018,37.70000076293945,37.70000076293945,8200,38.34999847412109,38.29999923706055,32.64517974853516
10-01-2018,37.54999923706055,37.54999923706055,13700,38.79999923706055,38.75,33.02875900268555
11-01-2018,38.95000076293945,39.0,10700,39.900001525878906,39.75,33.8810920715332
12-01-2018,39.59999847412109,39.59999847412109,14300,40.5,40.0,34.09419250488281
16-01-2018,39.54999923706055,40.25,12800,40.75,39.54999923706055,33.71063232421875
17-01-2018,39.630001068115234,39.75,5400,39.900001525878906,39.900001525878906,34.008941650390625
18-01-2018,39.09999847412109,39.59999847412109,5000,39.650001525878906,39.09999847412109,33.32706832885742
19-01-2018,38.650001525878906,38.79999923706055,12100,39.75,39.59999847412109,33.75325393676758
22-01-2018,38.34999847412109,39.2599983215332,8300,39.34999847412109,38.84999847412109,33.113983154296875
23-01-2018,38.400001525878906,38.79999923706055,7600,39.04999923706055,38.70000076293945,32.98612594604492
24-01-2018,38.0,38.20000076293945,4800,38.650001525878906,38.0,32.38947296142578
25-01-2018,37.54999923706055,38.0,11000,38.09999847412109,37.95000076293945,32.346858978271484
26-01-2018,37.59999847412109,38.29999923706055,3600,38.29999923706055,38.20000076293945,32.559959411621094
29-01-2018,37.79999923706055,38.25,2000,38.25,37.79999923706055,32.21901321411133
30-01-2018,37.400001525878906,37.70000076293945,6100,38.0,37.650001525878906,32.09115982055664
31-01-2018,37.34999847412109,37.84999847412109,9200,37.84999847412109,37.400001525878906,31.878063201904297
01-02-2018,37.45000076293945,37.54999923706055,8200,37.75,37.75,32.1763916015625
02-02-2018,37.45000076293945,37.5,8800,37.95000076293945,37.75,32.1763916015625
05-02-2018,36.0,37.400001525878906,7300,37.95000076293945,36.04999923706055,30.727392196655277
06-02-2018,35.599998474121094,35.599998474121094,19200,37.150001525878906,36.70000076293945,31.28141975402832
07-02-2018,36.5,36.59999847412109,7900,37.09999847412109,36.54999923706055,31.1535701751709
08-02-2018,36.0,36.150001525878906,7900,36.34999847412109,36.0,30.684764862060547
09-02-2018,36.0,36.20000076293945,8300,37.20000076293945,36.95000076293945,31.494503021240234
12-02-2018,36.84999847412109,36.95000076293945,10600,37.810001373291016,37.400001525878906,31.878063201904297
13-02-2018,36.5,37.04999923706055,6100,37.09999847412109,36.95000076293945,31.494503021240234
14-02-2018,36.63999938964844,36.650001525878906,7200,37.150001525878906,37.150001525878906,31.66498374938965
15-02-2018,37.0,37.400001525878906,4500,37.619998931884766,37.5,31.963298797607425
16-02-2018,37.20000076293945,37.20000076293945,5800,37.79999923706055,37.650001525878906,32.09115982055664
20-02-2018,37.0,37.34999847412109,11700,37.4900016784668,37.0,31.53713035583496
21-02-2018,36.900001525878906,36.900001525878906,11600,37.650001525878906,37.45000076293945,31.920673370361328
22-02-2018,34.95000076293945,34.95000076293945,16400,37.45000076293945,37.0,31.53713035583496
23-02-2018,37.0,37.09999847412109,8400,37.20000076293945,37.150001525878906,31.66498374938965
26-02-2018,37.04999923706055,37.04999923706055,6700,37.400001525878906,37.25,31.75021743774414
27-02-2018,36.95000076293945,37.81999969482422,9300,37.81999969482422,37.0,31.53713035583496
28-02-2018,36.0,37.0,16600,37.27999877929688,36.09999847412109,30.770004272460938
01-03-2018,35.599998474121094,36.09999847412109,19100,36.209999084472656,36.0,30.89874649047852
02-03-2018,35.5,35.58000183105469,6900,36.650001525878906,36.59999847412109,31.413728713989254
05-03-2018,37.27999877929688,37.27999877929688,8700,37.650001525878906,37.5,32.18619537353516
06-03-2018,36.70000076293945,37.400001525878906,6100,37.75,37.54999923706055,32.2291145324707
07-03-2018,37.150001525878906,37.75,20400,38.34999847412109,38.09999847412109,32.701171875
08-03-2018,37.54999923706055,37.79999923706055,5300,38.25,38.0,32.61534118652344
09-03-2018,37.5,37.5,12500,38.70000076293945,38.54999923706055,33.087406158447266
12-03-2018,38.29999923706055,38.33000183105469,6100,38.75,38.650001525878906,33.173240661621094
13-03-2018,38.400001525878906,38.400001525878906,5400,38.75,38.650001525878906,33.173240661621094
14-03-2018,37.72999954223633,38.84999847412109,8300,38.84999847412109,38.20000076293945,32.787017822265625
15-03-2018,37.77999877929688,38.400001525878906,5000,38.54999923706055,38.54999923706055,33.087406158447266
16-03-2018,38.45000076293945,38.45000076293945,28400,39.09999847412109,38.79999923706055,33.30198669433594
19-03-2018,38.29999923706055,38.29999923706055,6700,39.5,39.150001525878906,33.602386474609375
20-03-2018,38.95000076293945,39.2400016784668,6400,39.5,39.0,33.47364807128906
21-03-2018,39.09999847412109,39.25,3600,39.5,39.400001525878906,33.81697082519531
22-03-2018,38.25,38.34999847412109,7500,39.400001525878906,38.54999923706055,33.087406158447266
23-03-2018,37.150001525878906,38.54999923706055,12100,38.70000076293945,37.20000076293945,31.928709030151367
26-03-2018,37.400001525878906,37.95000076293945,8800,38.400001525878906,38.34999847412109,32.9157600402832
27-03-2018,37.900001525878906,38.5,7600,39.04999923706055,38.150001525878906,32.74409484863281
28-03-2018,37.70000076293945,38.0,14800,38.75,38.150001525878906,32.74409484863281
29-03-2018,37.54999923706055,38.900001525878906,25300,38.900001525878906,37.59999847412109,32.272029876708984
02-04-2018,36.0,36.5,17400,37.400001525878906,37.150001525878906,31.885799407958984
03-04-2018,36.75,37.20000076293945,13200,37.70000076293945,37.34999847412109,32.05744171142578
04-04-2018,37.5,37.5,3700,38.34999847412109,37.95000076293945,32.57242965698242
05-04-2018,37.79999923706055,37.900001525878906,12400,38.34999847412109,38.09999847412109,32.701171875
06-04-2018,37.34999847412109,38.29999923706055,8400,38.34999847412109,37.5,32.18619537353516
09-04-2018,37.7599983215332,38.400001525878906,4500,39.27000045776367,38.150001525878906,32.74409484863281
10-04-2018,38.29999923706055,38.29999923706055,7300,38.900001525878906,38.70000076293945,33.216156005859375
11-04-2018,38.400001525878906,38.5,4700,39.75,38.59999847412109,33.13031768798828
12-04-2018,38.56999969482422,38.56999969482422,2800,39.650001525878906,38.75,33.25908660888672
13-04-2018,37.959999084472656,38.34999847412109,3900,38.5,38.5,33.04449844360352
16-04-2018,38.0,38.54999923706055,7000,39.34999847412109,39.09999847412109,33.55947494506836
17-04-2018,38.25,38.400001525878906,8300,39.54999923706055,39.54999923706055,33.94571304321289
18-04-2018,38.27999877929688,38.27999877929688,7400,39.29999923706055,38.95000076293945,33.43073654174805
19-04-2018,38.5,38.95000076293945,12600,39.650001525878906,39.25,33.6882209777832
20-04-2018,37.79999923706055,38.45000076293945,10800,39.70000076293945,39.45000076293945,33.859886169433594
23-04-2018,38.09999847412109,39.70000076293945,4200,39.70000076293945,39.09999847412109,33.55947494506836
24-04-2018,38.150001525878906,39.0,16800,40.650001525878906,40.0,34.33194732666016
25-04-2018,38.84999847412109,38.84999847412109,7400,40.5,39.79999923706055,34.160282135009766
26-04-2018,39.150001525878906,39.150001525878906,2100,39.79999923706055,39.79999923706055,34.160282135009766
27-04-2018,38.900001525878906,39.04999923706055,13800,39.34999847412109,38.900001525878906,33.38782501220703
30-04-2018,38.45000076293945,39.25,8700,39.25,38.45000076293945,33.001590728759766
01-05-2018,38.150001525878906,38.25,6200,39.0,38.900001525878906,33.38782501220703
02-05-2018,38.54999923706055,38.79999923706055,4900,39.04999923706055,39.0,33.47364807128906
03-05-2018,38.29999923706055,38.59999847412109,3900,39.0,38.650001525878906,33.173240661621094
04-05-2018,38.650001525878906,38.650001525878906,5100,39.400001525878906,39.29999923706055,33.73114013671875
07-05-2018,38.84999847412109,39.29999923706055,16300,39.650001525878906,39.150001525878906,33.602386474609375
08-05-2018,39.0,39.20000076293945,4100,39.54999923706055,39.400001525878906,33.81697082519531
09-05-2018,39.09999847412109,39.09999847412109,12300,39.79999923706055,39.70000076293945,34.07445526123047
10-05-2018,39.45000076293945,39.84999847412109,2600,40.150001525878906,39.75,34.11736297607422
11-05-2018,39.0,39.54999923706055,3800,39.95000076293945,39.5,33.902793884277344
14-05-2018,38.650001525878906,39.54999923706055,8000,39.59999847412109,38.84999847412109,33.344905853271484
15-05-2018,38.59999847412109,39.0,13300,39.0,38.59999847412109,33.13031768798828
16-05-2018,38.20000076293945,39.20000076293945,12200,39.400001525878906,38.20000076293945,32.787017822265625
17-05-2018,38.5,39.45000076293945,12800,39.45000076293945,38.79999923706055,33.30198669433594
18-05-2018,38.58000183105469,38.95000076293945,8100,38.95000076293945,38.70000076293945,33.216156005859375
21-05-2018,38.650001525878906,38.70000076293945,6700,39.54999923706055,39.400001525878906,33.81697082519531
22-05-2018,38.900001525878906,39.34999847412109,3600,39.34999847412109,39.09999847412109,33.55947494506836
23-05-2018,38.83000183105469,39.34999847412109,7600,39.5,39.34999847412109,33.7740478515625
24-05-2018,38.900001525878906,39.0,5200,39.650001525878906,39.59999847412109,33.98863220214844
25-05-2018,39.29999923706055,39.75,8300,40.04999923706055,40.04999923706055,34.37486267089844
29-05-2018,39.25,40.04999923706055,7900,40.04999923706055,39.25,33.6882209777832
30-05-2018,39.29999923706055,40.84999847412109,14000,40.84999847412109,40.04999923706055,34.37486267089844
31-05-2018,39.59999847412109,39.900001525878906,14200,40.380001068115234,39.70000076293945,34.28849411010742
01-06-2018,39.630001068115234,39.630001068115234,7000,40.04999923706055,39.79999923706055,34.37485885620117
04-06-2018,39.70000076293945,40.0,9200,40.4900016784668,39.95000076293945,34.50441360473633
05-06-2018,40.08000183105469,40.08000183105469,6200,40.95000076293945,40.5,34.979434967041016
06-06-2018,41.0,41.25,21700,42.54999923706055,41.79999923706055,36.10224533081055
07-06-2018,41.45000076293945,42.0,4900,42.45000076293945,41.70000076293945,36.015872955322266
08-06-2018,41.34999847412109,41.75,5300,41.75,41.34999847412109,35.71357345581055
11-06-2018,41.09999847412109,41.25,7000,41.380001068115234,41.150001525878906,35.54084777832031
12-06-2018,40.5,40.7599983215332,9400,41.400001525878906,40.54999923706055,35.02263259887695
13-06-2018,40.34999847412109,40.79999923706055,6300,41.5,41.04999923706055,35.4544677734375
14-06-2018,41.0,41.20000076293945,4600,41.34999847412109,41.20000076293945,35.58403015136719
15-06-2018,41.09999847412109,41.25,26100,41.70000076293945,41.45000076293945,35.799949645996094
18-06-2018,40.25,40.25,9600,41.70000076293945,41.70000076293945,36.015872955322266
19-06-2018,41.650001525878906,41.84999847412109,18000,42.45000076293945,42.29999923706055,36.53408432006836
20-06-2018,42.45000076293945,42.45000076293945,18200,42.75,42.5,36.70682907104492
21-06-2018,42.09999847412109,42.29999923706055,9100,42.84999847412109,42.29999923706055,36.53408432006836
22-06-2018,41.59999847412109,42.5,44600,42.5,41.59999847412109,35.929500579833984
25-06-2018,41.150001525878906,41.650001525878906,7700,41.650001525878906,41.34999847412109,35.71357345581055
26-06-2018,41.04999923706055,41.25,10200,41.59999847412109,41.09999847412109,35.49765396118164
27-06-2018,40.34999847412109,41.150001525878906,5800,41.150001525878906,40.400001525878906,34.8930778503418
28-06-2018,40.04999923706055,40.20000076293945,2600,41.0,40.04999923706055,34.590782165527344
29-06-2018,39.900001525878906,40.5,10500,40.54999923706055,40.0,34.5475959777832
02-07-2018,39.54999923706055,40.09999847412109,17400,40.45000076293945,40.45000076293945,34.936256408691406
03-07-2018,39.75,39.75,4100,41.59999847412109,41.0,35.41129302978516
05-07-2018,40.84999847412109,41.0,8200,41.29999923706055,41.09999847412109,35.49765396118164
06-07-2018,41.29999923706055,42.09999847412109,2800,42.09999847412109,41.45000076293945,35.799949645996094
09-07-2018,42.04999923706055,42.29999923706055,5400,42.45000076293945,42.20000076293945,36.44770812988281
10-07-2018,40.900001525878906,41.95000076293945,5600,41.95000076293945,40.900001525878906,35.324920654296875
11-07-2018,40.95000076293945,40.95000076293945,2200,41.09999847412109,40.95000076293945,35.36810302734375
12-07-2018,40.95000076293945,40.95000076293945,1800,41.0,40.95000076293945,35.36810302734375
13-07-2018,40.15999984741211,40.5,6100,40.95000076293945,40.59999847412109,35.06581497192383
16-07-2018,40.29999923706055,40.34999847412109,6000,40.900001525878906,40.59999847412109,35.06581497192383
17-07-2018,40.04999923706055,40.34999847412109,2400,40.54999923706055,40.09999847412109,34.63397216796875
18-07-2018,39.84999847412109,40.5,2600,40.5,39.84999847412109,34.41803359985352
19-07-2018,39.900001525878906,41.20000076293945,4900,41.20000076293945,40.650001525878906,35.1090087890625
20-07-2018,41.09999847412109,42.45000076293945,5800,42.45000076293945,41.400001525878906,35.75676727294922
23-07-2018,40.59999847412109,41.5,2700,41.5,41.09999847412109,35.49765396118164
24-07-2018,40.400001525878906,41.150001525878906,2100,41.25,40.400001525878906,34.8930778503418
25-07-2018,40.150001525878906,40.20000076293945,4200,40.84999847412109,40.5,34.979434967041016
26-07-2018,40.45000076293945,40.5,3600,40.70000076293945,40.650001525878906,35.1090087890625
27-07-2018,40.0,40.29999923706055,4600,40.34999847412109,40.09999847412109,34.63397216796875
30-07-2018,40.25,40.59999847412109,5000,41.0,40.400001525878906,34.8930778503418
31-07-2018,39.79999923706055,40.400001525878906,5900,40.400001525878906,40.29999923706055,34.80670547485352
01-08-2018,40.0,40.20000076293945,4500,40.5,40.45000076293945,34.936256408691406
02-08-2018,40.25,40.5,8600,41.0,41.0,35.41129302978516
03-08-2018,40.34999847412109,40.79999923706055,11700,41.04999923706055,40.54999923706055,35.02263259887695
06-08-2018,40.0,40.27999877929688,9300,40.29999923706055,40.29999923706055,34.80670547485352
07-08-2018,40.0,40.54999923706055,2600,40.59999847412109,40.34999847412109,34.849891662597656
08-08-2018,40.25,40.25,8700,40.79999923706055,40.70000076293945,35.152191162109375
09-08-2018,40.34999847412109,40.34999847412109,3500,40.79999923706055,40.59999847412109,35.06581497192383
10-08-2018,40.59999847412109,40.70000076293945,2600,40.75,40.75,35.19535827636719
13-08-2018,40.75,40.75,17700,41.0,40.900001525878906,35.324920654296875
14-08-2018,40.04999923706055,40.91999816894531,11100,41.29999923706055,41.29999923706055,35.6703987121582
15-08-2018,40.650001525878906,41.20000076293945,3600,41.54999923706055,40.650001525878906,35.1090087890625
16-08-2018,39.810001373291016,39.810001373291016,4800,41.400001525878906,41.29999923706055,35.6703987121582
17-08-2018,40.70000076293945,40.84999847412109,4600,41.34999847412109,40.79999923706055,35.238548278808594
20-08-2018,40.63999938964844,41.09999847412109,4500,41.5,41.150001525878906,35.54084777832031
21-08-2018,41.43000030517578,41.45000076293945,6600,41.79999923706055,41.45000076293945,35.799949645996094
22-08-2018,41.04999923706055,41.5,5500,41.900001525878906,41.5,35.84313201904297
23-08-2018,41.20000076293945,41.20000076293945,4500,41.70000076293945,41.70000076293945,36.015872955322266
24-08-2018,41.20000076293945,41.5,2700,42.0,41.54999923706055,35.886314392089844
27-08-2018,41.0,41.75,10500,41.84999847412109,41.09999847412109,35.49765396118164
28-08-2018,41.0,41.34999847412109,7100,41.400001525878906,41.09999847412109,35.49765396118164
29-08-2018,40.84999847412109,40.84999847412109,2900,41.45000076293945,41.45000076293945,35.799949645996094
30-08-2018,41.09999847412109,41.09999847412109,6500,41.560001373291016,41.25,35.62721633911133
31-08-2018,41.0,41.59999847412109,3000,41.59999847412109,41.150001525878906,35.54084777832031
04-09-2018,41.34999847412109,41.380001068115234,6100,41.79999923706055,41.45000076293945,35.799949645996094
05-09-2018,40.54999923706055,41.150001525878906,16000,41.20000076293945,40.95000076293945,35.36810302734375
06-09-2018,40.75,40.900001525878906,2300,41.04999923706055,41.0,35.628807067871094
07-09-2018,40.75,41.09999847412109,4000,41.20000076293945,41.04999923706055,35.67224884033203
10-09-2018,40.70000076293945,40.95000076293945,1800,40.95000076293945,40.84999847412109,35.49845504760742
11-09-2018,40.5,40.75,2900,40.900001525878906,40.5,35.194297790527344
12-09-2018,40.5,41.400001525878906,7300,41.400001525878906,40.5,35.194297790527344
13-09-2018,40.29999923706055,40.29999923706055,2400,40.650001525878906,40.29999923706055,35.020503997802734
14-09-2018,40.09999847412109,40.09999847412109,8400,41.04999923706055,40.59999847412109,35.28120803833008
17-09-2018,40.0,40.70000076293945,2800,40.70000076293945,40.150001525878906,34.89016342163086
18-09-2018,40.0,40.54999923706055,7600,40.75,40.0,34.759803771972656
19-09-2018,39.0,39.75,10500,39.75,39.5,34.32530975341797
20-09-2018,39.34999847412109,39.5,18300,39.5,39.5,34.32530975341797
21-09-2018,39.29999923706055,39.29999923706055,39500,39.900001525878906,39.900001525878906,34.67290115356445
24-09-2018,39.70000076293945,40.04999923706055,8900,40.09999847412109,39.95000076293945,34.71635818481445
25-09-2018,39.54999923706055,39.650001525878906,8200,40.25,39.95000076293945,34.71635818481445
26-09-2018,39.0,39.95000076293945,6100,39.95000076293945,39.150001525878906,34.02116012573242
27-09-2018,39.0,39.09999847412109,6100,39.33000183105469,39.0,33.89080810546875
28-09-2018,39.0,39.04999923706055,6300,39.5,39.0,33.89080810546875
01-10-2018,38.77000045776367,38.970001220703125,9000,39.41999816894531,39.11000061035156,33.98640060424805
02-10-2018,36.9900016784668,38.20000076293945,62300,38.20000076293945,37.459999084472656,32.55255889892578
03-10-2018,37.29999923706055,37.9900016784668,155900,38.650001525878906,37.720001220703125,32.77850341796875
04-10-2018,37.2599983215332,37.77999877929688,46200,38.310001373291016,37.52000045776367,32.604698181152344
05-10-2018,37.54999923706055,37.54999923706055,84800,37.88999938964844,37.619998931884766,32.69160079956055
08-10-2018,37.70000076293945,37.70000076293945,22500,38.119998931884766,37.709999084472656,32.769798278808594
09-10-2018,37.27999877929688,37.560001373291016,27600,38.34999847412109,37.93999862670898,32.96968078613281
10-10-2018,37.2599983215332,37.959999084472656,30900,38.40999984741211,37.400001525878906,32.50041198730469
11-10-2018,36.900001525878906,37.40999984741211,19900,38.0,37.15999984741211,32.2918586730957
12-10-2018,36.15999984741211,37.61000061035156,22100,37.65999984741211,37.29999923706055,32.41352462768555
15-10-2018,37.0,37.25,18500,37.5,37.400001525878906,32.50041198730469
16-10-2018,37.27000045776367,37.27000045776367,15200,37.52000045776367,37.5,32.58731460571289
17-10-2018,37.02999877929688,37.380001068115234,12700,37.5,37.40999984741211,32.50911331176758
18-10-2018,37.0,37.5,8500,37.5,37.29999923706055,32.41352462768555
19-10-2018,35.40999984741211,35.40999984741211,9100,37.290000915527344,37.150001525878906,32.28317642211914
22-10-2018,36.709999084472656,37.400001525878906,24000,37.400001525878906,36.88999938964844,32.05723571777344
23-10-2018,35.06999969482422,36.720001220703125,9500,36.720001220703125,35.970001220703125,31.25775909423828
24-10-2018,34.7599983215332,35.7599983215332,12600,36.0,35.099998474121094,30.501728057861328
25-10-2018,35.34000015258789,35.5099983215332,18400,36.040000915527344,35.59000015258789,30.92754364013672
26-10-2018,35.189998626708984,35.29999923706055,14300,35.68000030517578,35.41999816894531,30.779815673828125
29-10-2018,35.58000183105469,35.58000183105469,19500,36.2599983215332,36.04999923706055,31.32727813720703
30-10-2018,35.61000061035156,35.61000061035156,7800,36.22999954223633,35.970001220703125,31.25775909423828
31-10-2018,35.810001373291016,36.25,14100,36.790000915527344,36.09000015258789,31.362031936645508
01-11-2018,35.959999084472656,36.08000183105469,5800,36.29999923706055,36.0099983215332,31.292518615722656
02-11-2018,35.939998626708984,36.119998931884766,7100,36.58000183105469,36.13999938964844,31.40547752380371
05-11-2018,35.79999923706055,36.04999923706055,7500,36.29999923706055,36.09999847412109,31.3707275390625
06-11-2018,36.0,36.09999847412109,2600,36.18999862670898,36.0,31.283824920654297
07-11-2018,35.95000076293945,35.95000076293945,7900,36.59999847412109,36.4900016784668,31.709636688232425
08-11-2018,36.18000030517578,36.5,6800,36.56999969482422,36.47999954223633,31.700942993164062
09-11-2018,36.5099983215332,36.5099983215332,11100,36.93000030517578,36.54999923706055,31.76177978515625
12-11-2018,36.5,36.619998931884766,13800,36.88999938964844,36.56999969482422,31.77915573120117
13-11-2018,36.06999969482422,36.61000061035156,19300,36.75,36.06999969482422,31.344661712646484
14-11-2018,35.90999984741211,36.25,9200,36.43999862670898,35.970001220703125,31.25775909423828
15-11-2018,35.900001525878906,35.900001525878906,5300,36.59000015258789,36.59000015258789,31.796531677246094
16-11-2018,36.29999923706055,36.29999923706055,5500,36.9900016784668,36.369998931884766,31.60535430908203
19-11-2018,36.11000061035156,36.38999938964844,7900,36.59999847412109,36.43999862670898,31.666179656982425
20-11-2018,35.599998474121094,36.47999954223633,16000,36.5099983215332,35.599998474121094,30.936222076416016
21-11-2018,32.959999084472656,35.75,12000,35.75,35.650001525878906,30.97968101501465
23-11-2018,35.220001220703125,35.220001220703125,4900,36.5,36.5,31.71833229064941
26-11-2018,35.83000183105469,36.630001068115234,6500,36.630001068115234,35.880001068115234,31.17955017089844
27-11-2018,35.349998474121094,35.75,10500,36.25,35.369998931884766,30.73636054992676
28-11-2018,35.08000183105469,35.5,8500,36.36000061035156,36.06999969482422,31.344661712646484
29-11-2018,35.22999954223633,36.150001525878906,9100,36.34000015258789,36.02000045776367,31.301210403442383
30-11-2018,35.5099983215332,35.66999816894531,12100,36.27000045776367,36.02999877929688,31.30990028381348
03-12-2018,35.81999969482422,36.27000045776367,6000,36.27000045776367,36.18999862670898,31.448936462402344
04-12-2018,34.119998931884766,36.18999862670898,8000,36.18999862670898,34.369998931884766,29.86736297607422
06-12-2018,34.369998931884766,34.369998931884766,8100,35.099998474121094,34.439998626708984,30.147480010986328
07-12-2018,33.06999969482422,34.0,30300,34.369998931884766,33.7599983215332,29.55223274230957
10-12-2018,32.380001068115234,33.2599983215332,8800,33.2599983215332,33.099998474121094,28.97449493408203
11-12-2018,32.599998474121094,32.79999923706055,9700,33.150001525878906,33.040000915527344,28.921974182128903
12-12-2018,31.6299991607666,33.09000015258789,9700,33.380001068115234,33.13999938964844,29.009510040283203
13-12-2018,32.310001373291016,33.04999923706055,7000,33.04999923706055,32.52000045776367,28.466785430908203
14-12-2018,32.08000183105469,32.650001525878906,7000,32.650001525878906,32.18000030517578,28.169164657592773
17-12-2018,32.119998931884766,32.5,14400,32.5,32.400001525878906,28.36174774169922
18-12-2018,30.729999542236328,32.47999954223633,17500,32.5,31.229999542236328,27.337570190429688
19-12-2018,30.600000381469727,31.200000762939453,10600,31.3700008392334,30.65999984741211,26.83861351013184
20-12-2018,29.84000015258789,30.299999237060547,16000,30.739999771118164,30.540000915527344,26.73356819152832
21-12-2018,29.450000762939453,30.34000015258789,59000,34.459999084472656,29.88999938964844,26.164587020874023
24-12-2018,29.07999992370605,29.459999084472656,12100,31.82999992370605,29.07999992370605,25.45553970336914
26-12-2018,28.88999938964844,29.07999992370605,36000,29.989999771118164,29.26000022888184,25.613100051879883
27-12-2018,29.200000762939453,29.21999931335449,16600,30.799999237060547,29.36000061035156,25.700639724731445
28-12-2018,28.38999938964844,29.290000915527344,19200,29.700000762939453,28.979999542236328,25.368000030517575
31-12-2018,28.63999938964844,29.01000022888184,45700,29.350000381469727,29.309999465942383,25.65687370300293
02-01-2019,29.190000534057617,29.190000534057617,16000,30.200000762939453,30.190000534057617,26.42719268798828
03-01-2019,29.899999618530277,30.190000534057617,10400,30.440000534057617,30.26000022888184,26.48846244812012
04-01-2019,30.100000381469727,30.559999465942383,20300,31.1299991607666,30.959999084472656,27.10121726989746
07-01-2019,30.82999992370605,31.549999237060547,13000,31.549999237060547,31.459999084472656,27.53890037536621
08-01-2019,31.350000381469727,31.899999618530277,12400,32.4900016784668,32.459999084472656,28.41426086425781
09-01-2019,31.790000915527344,32.869998931884766,20200,32.869998931884766,32.0,28.0115966796875
10-01-2019,31.799999237060547,32.0,17600,32.61000061035156,32.18000030517578,28.169164657592773
11-01-2019,31.84000015258789,32.2400016784668,10500,32.5099983215332,32.33000183105469,28.30047035217285
14-01-2019,32.0,32.470001220703125,26800,32.5099983215332,32.16999816894531,28.1604061126709
15-01-2019,31.75,32.20000076293945,12200,32.33000183105469,32.33000183105469,28.30047035217285
16-01-2019,32.349998474121094,32.349998474121094,21900,33.08000183105469,33.08000183105469,28.95698928833008
17-01-2019,32.70000076293945,33.099998474121094,10400,34.0099983215332,33.04999923706055,28.930727005004883
18-01-2019,32.7400016784668,32.849998474121094,14200,33.630001068115234,32.849998474121094,28.75565528869629
22-01-2019,31.489999771118164,32.650001525878906,13700,32.869998931884766,32.099998474121094,28.0991325378418
23-01-2019,32.349998474121094,32.5099983215332,17600,32.66999816894531,32.5,28.449275970458984
24-01-2019,32.36000061035156,32.36000061035156,16200,33.0099983215332,32.54999923706055,28.4930477142334
25-01-2019,32.41999816894531,32.70000076293945,5400,32.70000076293945,32.59000015258789,28.528060913085938
28-01-2019,32.06999969482422,32.400001525878906,24000,32.720001220703125,32.31999969482422,28.29171371459961
29-01-2019,32.0,32.43000030517578,35300,32.68000030517578,32.400001525878906,28.36174774169922
30-01-2019,32.459999084472656,32.63999938964844,6500,32.88999938964844,32.720001220703125,28.64185905456543
31-01-2019,32.04999923706055,32.720001220703125,7500,32.880001068115234,32.68000030517578,28.606842041015625
01-02-2019,32.400001525878906,32.75,7200,32.75,32.529998779296875,28.475536346435547
04-02-2019,32.52000045776367,32.59000015258789,8200,33.27000045776367,33.130001068115234,29.00075912475586
05-02-2019,33.290000915527344,33.29999923706055,10500,33.459999084472656,33.31999969482422,29.16707801818848
06-02-2019,33.369998931884766,33.68000030517578,1900,33.68000030517578,33.369998931884766,29.21084213256836
07-02-2019,33.290000915527344,33.52000045776367,9800,33.93000030517578,33.869998931884766,29.64852333068848
08-02-2019,33.869998931884766,33.939998626708984,8800,34.16999816894531,34.02000045776367,29.77982711791992
11-02-2019,33.33000183105469,34.2599983215332,11700,34.2599983215332,33.68000030517578,29.482208251953125
12-02-2019,33.869998931884766,33.869998931884766,6400,34.27000045776367,34.13999938964844,29.88486862182617
13-02-2019,33.869998931884766,34.06999969482422,4500,34.47999954223633,34.41999816894531,30.129972457885746
14-02-2019,33.97999954223633,34.2599983215332,7000,34.43000030517578,34.0,29.762319564819336
15-02-2019,34.119998931884766,34.119998931884766,12600,35.189998626708984,34.97999954223633,30.620174407958984
19-02-2019,34.68000030517578,34.900001525878906,5700,35.189998626708984,35.02000045776367,30.655193328857425
20-02-2019,35.119998931884766,35.15999984741211,9800,35.81999969482422,35.16999816894531,30.7864933013916
21-02-2019,35.040000915527344,35.2599983215332,10500,35.79999923706055,35.79999923706055,31.33797645568848
22-02-2019,35.36000061035156,36.0,55400,36.34999847412109,36.34999847412109,31.81942176818848
25-02-2019,35.68000030517578,37.20000076293945,10700,37.20000076293945,35.68000030517578,31.23293113708496
26-02-2019,35.310001373291016,35.75,6400,36.0,35.400001525878906,30.98783302307129
27-02-2019,35.189998626708984,35.810001373291016,6000,35.86000061035156,35.290000915527344,30.89154052734375
28-02-2019,35.45000076293945,35.709999084472656,9100,36.09999847412109,35.79999923706055,31.56156349182129
01-03-2019,35.56999969482422,35.790000915527344,5000,36.18999862670898,35.790000915527344,31.552743911743164
04-03-2019,35.70000076293945,35.959999084472656,3500,35.9900016784668,35.84000015258789,31.596820831298828
05-03-2019,35.45000076293945,36.20000076293945,3800,36.20000076293945,35.58000183105469,31.36760711669922
06-03-2019,35.0099983215332,35.470001220703125,11100,35.90999984741211,35.0099983215332,30.865087509155277
07-03-2019,34.099998474121094,34.91999816894531,6300,35.0,34.099998474121094,30.06283187866211
08-03-2019,33.7599983215332,33.7599983215332,7200,35.20000076293945,34.119998931884766,30.080455780029297
11-03-2019,34.099998474121094,34.099998474121094,14700,35.349998474121094,34.84000015258789,30.715219497680664
12-03-2019,34.43000030517578,34.84000015258789,17400,34.84000015258789,34.43000030517578,30.3537540435791
13-03-2019,34.310001373291016,34.58000183105469,15300,34.849998474121094,34.540000915527344,30.45073890686035
14-03-2019,34.25,34.439998626708984,5000,34.83000183105469,34.58000183105469,30.48600196838379
15-03-2019,34.040000915527344,34.779998779296875,34700,34.939998626708984,34.70000076293945,30.591794967651367
18-03-2019,34.619998931884766,34.619998931884766,11200,35.439998626708984,35.119998931884766,30.962068557739254
19-03-2019,34.880001068115234,35.06999969482422,5900,35.459999084472656,35.15999984741211,30.997329711914062
20-03-2019,34.599998474121094,34.91999816894531,11400,35.150001525878906,34.599998474121094,30.50362968444824
21-03-2019,34.31999969482422,34.599998474121094,15000,34.61000061035156,34.47999954223633,30.397836685180664
22-03-2019,32.93000030517578,34.4900016784668,11800,34.63999938964844,32.959999084472656,29.05779457092285
25-03-2019,32.880001068115234,32.900001525878906,6100,33.349998474121094,33.349998474121094,29.4016170501709
26-03-2019,33.27000045776367,33.27000045776367,47200,34.45000076293945,34.380001068115234,30.309680938720703
27-03-2019,33.599998474121094,34.2599983215332,6800,34.459999084472656,34.439998626708984,30.362571716308597
28-03-2019,33.7400016784668,33.849998474121094,8700,34.16999816894531,34.16999816894531,30.12453842163086
29-03-2019,34.13999938964844,34.13999938964844,100700,35.84000015258789,34.91999816894531,30.785743713378903
01-04-2019,33.9900016784668,35.380001068115234,217300,35.5,34.849998474121094,30.724035263061523
02-04-2019,34.099998474121094,34.439998626708984,12300,34.77000045776367,34.400001525878906,30.32731056213379
03-04-2019,33.75,34.38999938964844,17100,34.4900016784668,34.189998626708984,30.142162322998047
04-04-2019,33.849998474121094,34.189998626708984,7600,34.72999954223633,34.2599983215332,30.20387840270996
05-04-2019,33.4900016784668,34.099998474121094,10700,34.72999954223633,34.720001220703125,30.609420776367188
08-04-2019,33.630001068115234,34.65999984741211,22900,34.970001220703125,34.630001068115234,30.530078887939453
09-04-2019,33.279998779296875,34.47999954223633,46700,34.560001373291016,34.040000915527344,30.00993537902832
10-04-2019,33.689998626708984,34.189998626708984,16300,34.689998626708984,34.63999938964844,30.538894653320312
11-04-2019,33.880001068115234,34.369998931884766,7600,34.5,34.470001220703125,30.38901901245117
12-04-2019,34.400001525878906,34.650001525878906,18400,35.18000030517578,34.7400016784668,30.62705993652344
15-04-2019,34.400001525878906,34.88999938964844,11100,35.16999816894531,34.900001525878906,30.768115997314453
16-04-2019,34.939998626708984,35.099998474121094,6500,35.29999923706055,35.119998931884766,30.962068557739254
17-04-2019,34.869998931884766,35.189998626708984,7800,35.290000915527344,35.0,30.85627555847168
18-04-2019,34.66999816894531,34.68000030517578,12300,35.29999923706055,35.290000915527344,31.111934661865234
22-04-2019,34.650001525878906,35.209999084472656,16300,35.95000076293945,35.900001525878906,31.649715423583984
23-04-2019,35.810001373291016,35.810001373291016,26500,37.25,37.25,32.839900970458984
24-04-2019,36.31999969482422,37.13999938964844,17800,37.220001220703125,36.97999954223633,32.60185623168945
25-04-2019,36.34000015258789,36.72999954223633,50500,37.290000915527344,37.09000015258789,32.6988410949707
26-04-2019,36.81999969482422,37.02000045776367,4000,37.31999969482422,37.31999969482422,32.90160369873047
29-04-2019,36.540000915527344,37.20000076293945,42900,38.75,38.400001525878906,33.85374450683594
30-04-2019,37.63999938964844,38.38999938964844,17100,38.38999938964844,37.81999969482422,33.342403411865234
01-05-2019,37.18999862670898,37.970001220703125,13800,37.970001220703125,37.209999084472656,32.804622650146484
02-05-2019,37.209999084472656,37.209999084472656,3100,37.59000015258789,37.220001220703125,32.813446044921875
03-05-2019,36.43999862670898,36.90999984741211,17700,37.59999847412109,37.52999877929688,33.08673858642578
06-05-2019,36.459999084472656,36.5,4900,37.47999954223633,37.34999847412109,32.92804336547852
07-05-2019,37.11000061035156,37.400001525878906,6800,37.4900016784668,37.4900016784668,33.05147933959961
08-05-2019,36.93999862670898,37.38999938964844,12200,37.5,37.09000015258789,32.6988410949707
09-05-2019,36.63999938964844,36.63999938964844,4300,37.43999862670898,37.18000030517578,32.77818298339844
10-05-2019,36.72999954223633,37.09999847412109,3800,37.34000015258789,37.33000183105469,32.910423278808594
13-05-2019,35.59000015258789,36.959999084472656,14100,37.18999862670898,35.779998779296875,31.543926239013672
14-05-2019,35.349998474121094,36.040000915527344,17300,37.27999877929688,37.0,32.6194953918457
15-05-2019,36.040000915527344,36.54999923706055,5700,36.54999923706055,36.33000183105469,32.028812408447266
16-05-2019,36.40999984741211,36.790000915527344,10400,36.9900016784668,36.97999954223633,32.60185623168945
17-05-2019,36.52000045776367,36.77999877929688,7400,36.959999084472656,36.75,32.39908981323242
20-05-2019,36.5,36.54999923706055,4600,36.68000030517578,36.61000061035156,32.27566146850586
21-05-2019,36.31999969482422,36.77000045776367,9800,36.77000045776367,36.470001220703125,32.1522331237793
22-05-2019,35.63999938964844,35.849998474121094,9400,36.709999084472656,36.25,31.958276748657227
23-05-2019,34.93000030517578,35.83000183105469,8000,35.86000061035156,35.380001068115234,31.191282272338867
24-05-2019,35.54999923706055,35.54999923706055,5700,35.900001525878906,35.900001525878906,31.649715423583984
28-05-2019,35.04999923706055,35.68000030517578,7700,35.81999969482422,35.16999816894531,31.00615119934082
29-05-2019,34.45000076293945,35.040000915527344,11700,35.400001525878906,34.66999816894531,30.565343856811523
30-05-2019,34.560001373291016,34.790000915527344,38200,35.02000045776367,35.0099983215332,30.865087509155277
31-05-2019,34.650001525878906,34.7400016784668,19400,35.86000061035156,34.880001068115234,30.7504825592041
03-06-2019,34.880001068115234,35.13999938964844,23000,35.38999938964844,35.38999938964844,31.200101852416992
04-06-2019,35.130001068115234,35.630001068115234,12000,35.75,35.5,31.29707908630371
05-06-2019,34.959999084472656,35.31999969482422,16700,35.54999923706055,35.060001373291016,30.9091739654541
06-06-2019,34.630001068115234,35.04999923706055,12500,35.22999954223633,35.09000015258789,31.15778923034668
07-06-2019,34.9900016784668,35.119998931884766,15400,35.68000030517578,35.150001525878906,31.2110652923584
10-06-2019,34.9900016784668,34.9900016784668,18700,35.400001525878906,35.06999969482422,31.14002990722656
11-06-2019,35.0,35.279998779296875,11600,35.880001068115234,35.70000076293945,31.699438095092773
12-06-2019,35.33000183105469,35.33000183105469,5900,35.970001220703125,35.75,31.743825912475582
13-06-2019,35.130001068115234,35.790000915527344,8300,36.150001525878906,35.81999969482422,31.805986404418945
14-06-2019,35.25,35.72999954223633,8600,35.95000076293945,35.52000045776367,31.53960609436035
17-06-2019,35.13999938964844,35.52000045776367,5300,35.97999954223633,35.630001068115234,31.63727569580078
18-06-2019,35.689998626708984,35.75,9400,36.59000015258789,36.0099983215332,31.97469139099121
19-06-2019,35.790000915527344,36.040000915527344,5500,36.220001220703125,36.08000183105469,32.03685760498047
20-06-2019,35.77000045776367,36.27000045776367,7000,36.27000045776367,36.220001220703125,32.16116714477539
21-06-2019,35.58000183105469,36.02999877929688,61300,36.880001068115234,36.11000061035156,32.06349182128906
24-06-2019,35.130001068115234,36.11000061035156,19200,36.75,35.79999923706055,31.788230895996094
25-06-2019,34.9900016784668,35.47999954223633,21000,36.47999954223633,35.63999938964844,31.646163940429688
26-06-2019,35.04999923706055,35.59000015258789,12400,36.16999816894531,35.209999084472656,31.264345169067383
27-06-2019,35.0,35.290000915527344,30800,35.97999954223633,35.650001525878906,31.65503692626953
28-06-2019,35.5,35.68000030517578,138200,41.5,38.75,34.407657623291016
01-07-2019,36.63999938964844,38.560001373291016,29300,38.560001373291016,37.86000061035156,33.61738204956055
02-07-2019,36.7400016784668,37.77000045776367,10700,37.88999938964844,37.209999084472656,33.04022216796875
03-07-2019,36.33000183105469,37.34000015258789,6300,37.880001068115234,37.459999084472656,33.26220703125
05-07-2019,37.02999877929688,37.40999984741211,8300,37.970001220703125,37.869998931884766,33.626258850097656
08-07-2019,37.43000030517578,37.43000030517578,26400,38.04999923706055,37.66999816894531,33.448673248291016
09-07-2019,37.59999847412109,37.9900016784668,18400,38.06999969482422,37.7599983215332,33.52859115600586
10-07-2019,37.52000045776367,37.880001068115234,11600,38.369998931884766,37.77000045776367,33.53746795654297
11-07-2019,36.77999877929688,37.77999877929688,10800,37.77999877929688,37.400001525878906,33.20892333984375
12-07-2019,36.040000915527344,37.400001525878906,18400,37.86000061035156,37.20000076293945,33.03134536743164
15-07-2019,36.150001525878906,37.45000076293945,14200,37.79999923706055,36.33000183105469,32.25883865356445
16-07-2019,36.380001068115234,36.41999816894531,7300,36.77000045776367,36.560001373291016,32.46306610107422
17-07-2019,36.54999923706055,36.720001220703125,7100,37.18999862670898,36.79999923706055,32.676170349121094
18-07-2019,36.5,36.709999084472656,10600,37.18999862670898,36.86000061035156,32.72944641113281
19-07-2019,36.060001373291016,36.27999877929688,14100,36.86000061035156,36.36000061035156,32.28548049926758
22-07-2019,35.02000045776367,36.310001373291016,17300,36.52999877929688,35.20000076293945,31.25546646118164
23-07-2019,35.0,35.150001525878906,23600,35.43000030517578,35.08000183105469,31.14891815185547
24-07-2019,35.06999969482422,35.06999969482422,19900,36.84999847412109,35.84000015258789,31.82374763488769
25-07-2019,35.689998626708984,36.060001373291016,17800,36.83000183105469,36.2599983215332,32.19668197631836
26-07-2019,36.27000045776367,36.27000045776367,10900,36.77000045776367,36.58000183105469,32.48081588745117
29-07-2019,35.08000183105469,36.72999954223633,28100,36.72999954223633,35.310001373291016,31.353137969970703
30-07-2019,35.220001220703125,35.220001220703125,12800,37.04999923706055,36.84999847412109,32.72056579589844
31-07-2019,36.81999969482422,36.81999969482422,35600,37.43000030517578,36.9900016784668,32.84488296508789
01-08-2019,35.97999954223633,36.77999877929688,16000,37.25,36.209999084472656,32.152286529541016
02-08-2019,35.58000183105469,36.11000061035156,7700,36.11000061035156,35.61000061035156,31.619524002075195
05-08-2019,35.0,35.20000076293945,25200,35.86000061035156,35.0099983215332,31.08675575256348
06-08-2019,34.599998474121094,35.31999969482422,17800,35.650001525878906,34.779998779296875,30.88252639770508
07-08-2019,34.08000183105469,34.79999923706055,9100,34.81999969482422,34.5,30.63390350341797
08-08-2019,34.83000183105469,34.90999984741211,20200,36.70000076293945,35.810001373291016,31.797107696533203
09-08-2019,33.97999954223633,35.779998779296875,29200,36.369998931884766,34.939998626708984,31.02459716796875
12-08-2019,34.25,34.75,8000,35.5,34.38999938964844,30.536231994628903
13-08-2019,34.7400016784668,34.959999084472656,10200,35.63999938964844,35.38999938964844,31.424177169799805
14-08-2019,33.81999969482422,34.15999984741211,10000,35.02000045776367,34.36000061035156,30.509599685668945
15-08-2019,34.099998474121094,34.5,13400,34.560001373291016,34.52000045776367,30.651674270629883
16-08-2019,34.63999938964844,34.63999938964844,11700,35.58000183105469,35.29999923706055,31.344261169433597
19-08-2019,35.040000915527344,35.630001068115234,10800,35.66999816894531,35.470001220703125,31.495214462280277
20-08-2019,34.65999984741211,35.5099983215332,3800,35.5099983215332,34.97999954223633,31.060117721557617
21-08-2019,34.619998931884766,34.97999954223633,11300,35.11000061035156,34.97999954223633,31.060117721557617
22-08-2019,35.0,35.36000061035156,8500,35.369998931884766,35.0,31.077878952026367
23-08-2019,32.88999938964844,34.5099983215332,15800,35.09000015258789,33.040000915527344,29.33751678466797
26-08-2019,33.099998474121094,33.380001068115234,23900,33.779998779296875,33.29999923706055,29.56838035583496
27-08-2019,32.5099983215332,33.43000030517578,20200,33.43000030517578,32.7400016784668,29.07114028930664
28-08-2019,32.93000030517578,33.130001068115234,13200,33.95000076293945,33.88999938964844,30.09226417541504
29-08-2019,33.9900016784668,34.16999816894531,16300,35.27000045776367,34.310001373291016,30.46520233154297
30-08-2019,34.040000915527344,34.5099983215332,14700,34.59000015258789,34.20000076293945,30.36753463745117
03-09-2019,33.619998931884766,34.02000045776367,15300,34.22999954223633,33.709999084472656,29.932430267333984
04-09-2019,33.31999969482422,33.88999938964844,11700,33.97999954223633,33.70000076293945,29.923559188842773
05-09-2019,33.43000030517578,33.849998474121094,23500,34.18000030517578,34.099998474121094,30.52328109741211
06-09-2019,32.939998626708984,33.630001068115234,14100,33.630001068115234,32.97999954223633,29.52075958251953
09-09-2019,32.9900016784668,32.9900016784668,8000,34.31999969482422,34.27000045776367,30.675451278686523
10-09-2019,33.779998779296875,34.650001525878906,11900,34.900001525878906,34.79999923706055,31.14985656738281
11-09-2019,34.81999969482422,34.900001525878906,22300,35.959999084472656,35.81999969482422,32.06287384033203
12-09-2019,35.83000183105469,35.9900016784668,17100,36.68000030517578,36.380001068115234,32.56413269042969
13-09-2019,35.88999938964844,36.34999847412109,20200,36.59000015258789,35.939998626708984,32.170284271240234
16-09-2019,34.88999938964844,35.939998626708984,11100,36.31999969482422,35.709999084472656,31.96440887451172
17-09-2019,35.18000030517578,35.709999084472656,15800,35.709999084472656,35.27000045776367,31.57056427001953
18-09-2019,34.619998931884766,35.36000061035156,18200,35.81999969482422,35.34000015258789,31.63321876525879
19-09-2019,35.029998779296875,35.41999816894531,12300,36.27000045776367,35.119998931884766,31.4362907409668
20-09-2019,34.54999923706055,34.93000030517578,67200,36.0,36.0,32.22399139404297
23-09-2019,35.27000045776367,35.56999969482422,17300,36.0,35.7400016784668,31.99126434326172
24-09-2019,34.83000183105469,35.7400016784668,45900,36.0,35.02000045776367,31.34678649902344
25-09-2019,34.95000076293945,35.04999923706055,16700,35.939998626708984,35.63999938964844,31.901752471923828
26-09-2019,34.869998931884766,35.54999923706055,13100,35.61000061035156,34.970001220703125,31.30203628540039
27-09-2019,35.2599983215332,35.34000015258789,13300,35.779998779296875,35.459999084472656,31.740629196166992
30-09-2019,35.22999954223633,35.47999954223633,11400,35.5099983215332,35.470001220703125,31.74958229064941
01-10-2019,35.02000045776367,35.79999923706055,10900,35.79999923706055,35.06999969482422,31.391536712646484
02-10-2019,34.849998474121094,35.0099983215332,17400,35.2400016784668,35.060001373291016,31.382593154907227
03-10-2019,34.75,34.86000061035156,11300,35.38999938964844,35.02000045776367,31.34678649902344
04-10-2019,34.810001373291016,35.06999969482422,14500,35.27000045776367,35.11000061035156,31.42734146118164
07-10-2019,35.040000915527344,35.22999954223633,7400,35.43000030517578,35.130001068115234,31.44524955749512
08-10-2019,34.75,34.939998626708984,9800,34.939998626708984,34.75,31.10510635375977
09-10-2019,34.75,34.93000030517578,14800,35.04999923706055,34.810001373291016,31.15880584716797
10-10-2019,34.869998931884766,35.09000015258789,14600,35.29999923706055,34.91999816894531,31.257265090942383
11-10-2019,35.2599983215332,35.400001525878906,16500,35.900001525878906,35.27000045776367,31.57056427001953
14-10-2019,35.099998474121094,35.15999984741211,12000,35.38999938964844,35.31999969482422,31.615314483642575
15-10-2019,35.2599983215332,35.31999969482422,8700,35.790000915527344,35.68000030517578,31.937559127807617
16-10-2019,35.29999923706055,35.93000030517578,21200,35.93000030517578,35.779998779296875,32.02707290649414
17-10-2019,35.400001525878906,35.599998474121094,12500,35.779998779296875,35.720001220703125,31.973360061645508
18-10-2019,34.869998931884766,35.560001373291016,20700,36.0,35.369998931884766,31.660076141357425
21-10-2019,35.22999954223633,35.5,60400,35.75,35.5,31.77643394470215
22-10-2019,35.0099983215332,35.52000045776367,35700,36.650001525878906,36.27999877929688,32.47462463378906
23-10-2019,36.0099983215332,36.220001220703125,9000,36.65999984741211,36.459999084472656,32.6357421875
24-10-2019,35.56999969482422,35.900001525878906,6900,36.20000076293945,35.880001068115234,32.1165771484375
25-10-2019,35.54999923706055,35.79999923706055,8600,36.38999938964844,36.2599983215332,32.456722259521484
28-10-2019,36.34999847412109,36.40999984741211,13400,37.0,36.47999954223633,32.653648376464844
29-10-2019,35.88999938964844,36.400001525878906,13400,36.66999816894531,36.459999084472656,32.6357421875
30-10-2019,35.91999816894531,36.18999862670898,90500,36.400001525878906,36.04999923706055,32.268741607666016
31-10-2019,35.810001373291016,36.0,17300,36.5099983215332,36.20000076293945,32.40302276611328
01-11-2019,36.31999969482422,36.31999969482422,11900,36.95000076293945,36.810001373291016,32.94903564453125
04-11-2019,36.9900016784668,36.9900016784668,12600,37.5099983215332,37.5,33.5666618347168
05-11-2019,37.0099983215332,37.5,14200,37.56999969482422,37.22999954223633,33.324981689453125
06-11-2019,36.93999862670898,37.20000076293945,11800,37.33000183105469,37.18999862670898,33.28916931152344
07-11-2019,37.18000030517578,37.56999969482422,14600,37.58000183105469,37.52999877929688,33.59351348876953
08-11-2019,36.650001525878906,37.720001220703125,25100,37.720001220703125,36.97999954223633,33.1011962890625
11-11-2019,36.709999084472656,36.93000030517578,4300,36.93000030517578,36.81999969482422,32.95798110961914
12-11-2019,36.43999862670898,36.43999862670898,3800,37.369998931884766,36.77000045776367,32.91322708129883
13-11-2019,36.5099983215332,36.560001373291016,16200,37.34000015258789,37.0099983215332,33.1280517578125
14-11-2019,36.7400016784668,37.0,14200,37.56999969482422,37.2599983215332,33.351829528808594
15-11-2019,37.08000183105469,37.43000030517578,16300,38.0,37.20000076293945,33.298126220703125
18-11-2019,36.7400016784668,37.18000030517578,3800,37.29999923706055,36.7400016784668,32.886375427246094
19-11-2019,36.88999938964844,36.88999938964844,24200,37.90999984741211,37.77999877929688,33.81728744506836
20-11-2019,37.560001373291016,37.619998931884766,34600,38.400001525878906,37.58000183105469,33.638267517089844
21-11-2019,37.150001525878906,37.650001525878906,18300,38.310001373291016,37.66999816894531,33.71882629394531
22-11-2019,37.29999923706055,37.79999923706055,6300,37.84999847412109,37.560001373291016,33.6203727722168
25-11-2019,37.369998931884766,37.369998931884766,16700,38.79999923706055,38.4900016784668,34.45281982421875
26-11-2019,38.0,38.0,18500,38.97999954223633,38.27000045776367,34.25589370727539
27-11-2019,37.2599983215332,37.810001373291016,23700,38.0099983215332,37.45000076293945,33.52190017700195
29-11-2019,37.41999816894531,37.47999954223633,4100,37.880001068115234,37.83000183105469,33.86204528808594
02-12-2019,37.29999923706055,37.79999923706055,15500,37.959999084472656,37.709999084472656,33.75463104248047
03-12-2019,36.84000015258789,37.52999877929688,10900,37.56999969482422,37.38999938964844,33.468196868896484
04-12-2019,37.52000045776367,37.619998931884766,7500,37.83000183105469,37.540000915527344,33.60246276855469
05-12-2019,37.29999923706055,37.40999984741211,5000,37.619998931884766,37.58000183105469,33.8819580078125
06-12-2019,37.7400016784668,37.7400016784668,26700,38.36000061035156,38.09999847412109,34.35078430175781
09-12-2019,37.7400016784668,38.09000015258789,4900,38.09999847412109,37.88999938964844,34.16144943237305
10-12-2019,37.90999984741211,37.9900016784668,13400,38.47999954223633,38.20000076293945,34.44095230102539
11-12-2019,37.470001220703125,38.09999847412109,15300,38.2599983215332,38.2599983215332,34.49504089355469
12-12-2019,38.220001220703125,38.220001220703125,18900,39.119998931884766,38.58000183105469,34.7835578918457
13-12-2019,38.09999847412109,38.5099983215332,14300,38.95000076293945,38.95000076293945,35.11713790893555
16-12-2019,38.97999954223633,38.97999954223633,25600,39.75,39.52000045776367,35.63105773925781
17-12-2019,39.16999816894531,39.52999877929688,19200,39.88999938964844,39.59999847412109,35.703182220458984
18-12-2019,39.2400016784668,39.84000015258789,19000,39.84000015258789,39.5099983215332,35.622032165527344
19-12-2019,39.0099983215332,39.56999969482422,13100,39.68000030517578,39.36000061035156,35.48679733276367
20-12-2019,39.47999954223633,39.630001068115234,56200,40.56999969482422,40.220001220703125,36.26217269897461
23-12-2019,39.27000045776367,40.130001068115234,34500,40.2400016784668,39.75,35.83842086791992
24-12-2019,39.650001525878906,40.5,12000,40.5,40.06999969482422,36.12692642211914
26-12-2019,39.720001220703125,40.0,5800,40.130001068115234,39.79999923706055,35.88349914550781
27-12-2019,39.2400016784668,39.65999984741211,16900,39.93999862670898,39.5,35.61301803588867
30-12-2019,39.31999969482422,39.7400016784668,15700,39.7400016784668,39.560001373291016,35.667118072509766
31-12-2019,39.40999984741211,39.77000045776367,20100,39.84999847412109,39.56999969482422,35.67613220214844
02-01-2020,38.86000061035156,39.58000183105469,12400,39.58000183105469,39.400001525878906,35.52286529541016
03-01-2020,38.619998931884766,39.02000045776367,6200,39.27999877929688,38.68000030517578,34.87371063232422
06-01-2020,37.81999969482422,38.61000061035156,27900,40.25,39.5099983215332,35.622032165527344
07-01-2020,38.209999084472656,39.470001220703125,18400,39.470001220703125,38.27999877929688,34.5130729675293
08-01-2020,38.15999984741211,38.15999984741211,9700,38.7400016784668,38.630001068115234,34.82862854003906
09-01-2020,37.63999938964844,38.59999847412109,20300,39.04999923706055,38.310001373291016,34.540122985839844
10-01-2020,37.81999969482422,38.22999954223633,20000,38.56999969482422,38.150001525878906,34.39586639404297
13-01-2020,37.810001373291016,38.220001220703125,45300,38.54999923706055,38.08000183105469,34.33275604248047
14-01-2020,37.75,38.150001525878906,17300,38.290000915527344,37.75,34.03522491455078
15-01-2020,37.5,37.709999084472656,25200,38.7599983215332,37.720001220703125,34.008182525634766
16-01-2020,37.560001373291016,38.09000015258789,39400,38.43999862670898,37.560001373291016,33.863922119140625
17-01-2020,37.5,37.810001373291016,21400,38.040000915527344,37.59000015258789,33.89097595214844
21-01-2020,37.150001525878906,37.650001525878906,12000,37.9900016784668,37.310001373291016,33.63853073120117
22-01-2020,37.0099983215332,37.43999862670898,7300,37.43999862670898,37.290000915527344,33.62049102783203
23-01-2020,35.16999816894531,36.72999954223633,37900,36.72999954223633,35.9900016784668,32.44842529296875
24-01-2020,35.56999969482422,35.900001525878906,11100,36.06999969482422,35.630001068115234,32.12384414672852
27-01-2020,34.59000015258789,35.47999954223633,18300,35.91999816894531,34.779998779296875,31.35748863220215
28-01-2020,34.709999084472656,34.77000045776367,11500,35.38999938964844,35.38999938964844,31.9074649810791
29-01-2020,34.66999816894531,35.54999923706055,15800,35.54999923706055,35.25,31.781238555908203
30-01-2020,34.56999969482422,34.88999938964844,10000,35.88999938964844,35.7599983215332,32.24105453491211
31-01-2020,33.9900016784668,35.5,17100,35.5099983215332,34.099998474121094,30.744400024414062
03-02-2020,34.38999938964844,34.38999938964844,15700,35.380001068115234,34.779998779296875,31.35748863220215
04-02-2020,35.25,35.25,9900,35.810001373291016,35.439998626708984,31.952539443969727
05-02-2020,35.58000183105469,35.77000045776367,10500,36.43999862670898,36.34000015258789,32.76397705078125
06-02-2020,35.939998626708984,36.43999862670898,24700,36.59999847412109,36.08000183105469,32.52956771850586
07-02-2020,35.43000030517578,36.11000061035156,19700,36.38999938964844,35.56999969482422,32.06975173950195
10-02-2020,35.2400016784668,35.540000915527344,12000,35.869998931884766,35.47999954223633,31.98861122131348
11-02-2020,34.83000183105469,35.68000030517578,12900,36.2400016784668,35.900001525878906,32.367271423339844
12-02-2020,35.83000183105469,36.18999862670898,14900,36.630001068115234,36.04999923706055,32.50250625610352
13-02-2020,35.86000061035156,35.86000061035156,7400,36.9900016784668,36.68999862670898,33.07953643798828
14-02-2020,36.16999816894531,36.630001068115234,13500,36.79999923706055,36.20000076293945,32.63776016235352
18-02-2020,35.849998474121094,36.27000045776367,13700,36.31999969482422,35.900001525878906,32.367271423339844
19-02-2020,35.779998779296875,36.290000915527344,4200,36.47999954223633,36.15999984741211,32.6016960144043
20-02-2020,35.880001068115234,36.060001373291016,81000,36.59999847412109,36.33000183105469,32.75497055053711
21-02-2020,35.47999954223633,36.27999877929688,16700,36.459999084472656,35.54999923706055,32.051719665527344
24-02-2020,34.02000045776367,34.619998931884766,14000,34.84000015258789,34.36000061035156,30.978818893432617
25-02-2020,32.209999084472656,34.560001373291016,23500,34.560001373291016,33.47999954223633,30.185415267944336
26-02-2020,33.5,33.70000076293945,10100,33.93000030517578,33.650001525878906,30.338685989379883
27-02-2020,31.57999992370605,32.470001220703125,24800,33.630001068115234,32.06999969482422,28.91416549682617
28-02-2020,30.26000022888184,31.059999465942383,38100,31.420000076293945,30.88999938964844,27.850282669067383
02-03-2020,30.520000457763672,31.200000762939453,19700,31.979999542236328,31.46999931335449,28.37320709228516
03-03-2020,31.09000015258789,31.15999984741211,15200,31.989999771118164,31.489999771118164,28.39123916625977
04-03-2020,31.190000534057617,31.75,17500,32.2599983215332,32.2599983215332,29.08546638488769
05-03-2020,28.059999465942383,31.100000381469727,25300,31.57999992370605,29.1200008392334,26.476051330566406
06-03-2020,27.63999938964844,28.32999992370605,26700,29.82999992370605,28.399999618530277,25.82142448425293
09-03-2020,25.26000022888184,27.15999984741211,27100,28.280000686645508,25.420000076293945,23.11199188232422
10-03-2020,24.950000762939453,26.25,35400,28.209999084472656,26.11000061035156,23.73934364318848
11-03-2020,24.520000457763672,25.5,31500,26.34000015258789,24.799999237060547,22.54828453063965
12-03-2020,21.420000076293945,23.229999542236328,38100,24.989999771118164,21.920000076293945,19.929777145385746
13-03-2020,23.200000762939453,23.200000762939453,29700,28.06999969482422,25.68000030517578,23.348386764526367
16-03-2020,23.07999992370605,24.020000457763672,69800,25.290000915527344,24.989999771118164,22.72103500366211
17-03-2020,23.93000030517578,24.75,46600,29.530000686645508,29.530000686645508,26.84882354736328
18-03-2020,22.01000022888184,27.93000030517578,33300,29.11000061035156,24.0,21.8209228515625
19-03-2020,23.0,23.989999771118164,46200,26.5,24.459999084472656,22.239154815673828
20-03-2020,21.8799991607666,25.350000381469727,69600,28.38999938964844,22.1299991607666,20.12070846557617
23-03-2020,20.51000022888184,22.18000030517578,33700,23.239999771118164,21.3799991607666,19.43880271911621
24-03-2020,22.100000381469727,22.100000381469727,51700,24.0,24.0,21.8209228515625
25-03-2020,23.309999465942383,23.700000762939453,17500,24.57999992370605,24.100000381469727,21.911842346191406
26-03-2020,24.700000762939453,24.700000762939453,27800,27.170000076293945,26.0,23.63932991027832
27-03-2020,23.15999984741211,25.100000381469727,27700,25.100000381469727,23.309999465942383,21.19356918334961
30-03-2020,22.6299991607666,23.600000381469727,28000,24.0,22.729999542236328,20.666231155395508
31-03-2020,21.350000381469727,22.51000022888184,61100,23.899999618530277,23.899999618530277,21.729999542236328
01-04-2020,21.57999992370605,22.82999992370605,67800,23.09000015258789,21.57999992370605,19.62064552307129
02-04-2020,21.0,21.739999771118164,42800,22.36000061035156,22.209999084472656,20.19344139099121
03-04-2020,20.149999618530277,21.40999984741211,53000,21.850000381469727,20.270000457763672,18.429584503173828
06-04-2020,20.8700008392334,21.280000686645508,38600,21.920000076293945,21.59000015258789,19.629735946655277
07-04-2020,20.530000686645508,22.209999084472656,29600,22.63999938964844,21.399999618530277,19.45698928833008
08-04-2020,21.0,21.920000076293945,30600,21.920000076293945,21.5,19.54790687561035
09-04-2020,21.899999618530277,21.899999618530277,42000,24.76000022888184,24.6200008392334,22.38462829589844
13-04-2020,22.709999084472656,24.309999465942383,31900,24.350000381469727,22.809999465942383,20.73896789550781
14-04-2020,21.84000015258789,23.950000762939453,29100,24.979999542236328,22.36000061035156,20.32982444763184
15-04-2020,21.0,22.0,29800,22.200000762939453,21.059999465942383,19.147855758666992
16-04-2020,18.530000686645508,21.030000686645508,36300,22.229999542236328,20.450000762939453,18.593246459960938
17-04-2020,20.959999084472656,20.959999084472656,32800,22.46999931335449,22.06999969482422,20.0661563873291
20-04-2020,21.25,21.25,24600,23.3799991607666,21.530000686645508,19.57518768310547
21-04-2020,20.63999938964844,20.63999938964844,21800,21.61000061035156,21.239999771118164,19.3115177154541
22-04-2020,20.81999969482422,21.899999618530277,21200,22.18000030517578,21.13999938964844,19.22059440612793
23-04-2020,21.5,21.790000915527344,35400,24.11000061035156,23.82999992370605,21.666358947753903
24-04-2020,22.26000022888184,23.5,27600,23.5,22.84000015258789,20.76624298095703
27-04-2020,23.100000381469727,23.100000381469727,30100,25.709999084472656,25.100000381469727,22.821048736572266
28-04-2020,25.09000015258789,26.030000686645508,20500,26.049999237060547,25.489999771118164,23.17563819885254
29-04-2020,26.51000022888184,27.6299991607666,68500,31.299999237060547,29.440000534057617,26.766998291015625
30-04-2020,26.26000022888184,28.450000762939453,23600,28.450000762939453,26.75,24.32123374938965
01-05-2020,24.200000762939453,25.959999084472656,27900,26.989999771118164,25.43000030517578,23.12108421325684
04-05-2020,24.6200008392334,24.86000061035156,12500,25.75,25.489999771118164,23.17563819885254
05-05-2020,23.75,25.93000030517578,18000,26.399999618530277,23.75,21.593618392944336
06-05-2020,22.940000534057617,23.82999992370605,20900,26.280000686645508,23.56999969482422,21.42996597290039
07-05-2020,23.190000534057617,23.649999618530277,21900,24.5,23.700000762939453,21.54816055297852
08-05-2020,24.0,24.399999618530277,21300,25.549999237060547,25.290000915527344,22.993799209594727
11-05-2020,23.190000534057617,24.780000686645508,25700,25.56999969482422,23.190000534057617,21.0844669342041
12-05-2020,21.82999992370605,23.43000030517578,27600,23.5,22.309999465942383,20.28436279296875
13-05-2020,21.030000686645508,22.200000762939453,22700,22.739999771118164,21.93000030517578,19.938867568969727
14-05-2020,20.32999992370605,21.299999237060547,24300,22.149999618530277,22.149999618530277,20.138891220092773
15-05-2020,21.09000015258789,21.82999992370605,21400,22.36000061035156,21.82999992370605,19.847946166992188
18-05-2020,22.950000762939453,22.950000762939453,33000,24.799999237060547,24.729999542236328,22.48464012145996
19-05-2020,22.31999969482422,24.3799991607666,22700,24.3799991607666,22.540000915527344,20.49348258972168
20-05-2020,22.799999237060547,22.799999237060547,16200,25.43000030517578,24.350000381469727,22.139144897460938
21-05-2020,23.799999237060547,24.030000686645508,14400,24.790000915527344,24.309999465942383,22.10277366638184
22-05-2020,23.32999992370605,24.57999992370605,6000,24.57999992370605,23.6200008392334,21.47542381286621
26-05-2020,24.82999992370605,24.959999084472656,17500,26.36000061035156,25.31999969482422,23.02107048034668
27-05-2020,25.36000061035156,26.38999938964844,23400,27.5,27.229999542236328,24.75765609741211
28-05-2020,25.989999771118164,27.5,20600,27.51000022888184,25.989999771118164,23.630239486694336
29-05-2020,24.01000022888184,25.61000061035156,20800,25.61000061035156,24.86000061035156,22.60283660888672
01-06-2020,24.01000022888184,25.030000686645508,30600,25.1200008392334,24.600000381469727,22.36644554138184
02-06-2020,24.290000915527344,24.96999931335449,14800,25.450000762939453,24.8700008392334,22.61193084716797
03-06-2020,25.459999084472656,25.459999084472656,22100,26.5,26.049999237060547,23.684789657592773
04-06-2020,25.549999237060547,25.559999465942383,10300,26.399999618530277,26.09000015258789,23.969600677490234
05-06-2020,26.3700008392334,26.75,39200,28.600000381469727,28.0,25.724365234375
08-06-2020,28.26000022888184,28.75,14100,29.450000762939453,28.940000534057617,26.587974548339844
09-06-2020,26.799999237060547,28.170000076293945,14000,28.350000381469727,27.739999771118164,25.485496520996094
10-06-2020,25.3799991607666,27.489999771118164,20600,28.59000015258789,25.649999618530277,23.565359115600582
11-06-2020,23.0,24.149999618530277,27800,24.3700008392334,23.18000030517578,21.29610061645508
12-06-2020,23.06999969482422,24.649999618530277,26700,24.649999618530277,23.670000076293945,21.746278762817383
15-06-2020,22.899999618530277,23.0,14400,24.57999992370605,24.21999931335449,22.251577377319336
16-06-2020,24.040000915527344,25.440000534057617,22100,25.61000061035156,24.920000076293945,22.89468765258789
17-06-2020,23.6200008392334,25.209999084472656,19000,25.209999084472656,23.75,21.819774627685547
18-06-2020,23.229999542236328,23.299999237060547,16200,23.899999618530277,23.450000762939453,21.544158935546875
19-06-2020,22.61000061035156,23.11000061035156,58700,24.950000762939453,23.56999969482422,21.654407501220703
22-06-2020,23.15999984741211,23.15999984741211,27900,24.549999237060547,24.3700008392334,22.389385223388672
23-06-2020,23.950000762939453,24.56999969482422,22900,24.82999992370605,24.38999938964844,22.40776252746582
24-06-2020,22.51000022888184,24.200000762939453,25600,24.200000762939453,22.56999969482422,20.735675811767575
25-06-2020,22.209999084472656,22.459999084472656,25900,23.56999969482422,23.540000915527344,21.626840591430664
26-06-2020,22.0,23.06999969482422,80200,24.06999969482422,23.299999237060547,21.406347274780277
29-06-2020,23.229999542236328,23.600000381469727,25600,24.200000762939453,24.18000030517578,22.214828491210938
30-06-2020,24.200000762939453,24.200000762939453,16600,25.270000457763672,25.040000915527344,23.00493621826172
01-07-2020,23.520000457763672,25.15999984741211,24800,25.15999984741211,23.670000076293945,21.746278762817383
02-07-2020,23.149999618530277,24.280000686645508,12800,24.280000686645508,23.170000076293945,21.286911010742188
06-07-2020,23.299999237060547,23.420000076293945,18100,24.030000686645508,23.989999771118164,22.04026985168457
07-07-2020,22.38999938964844,23.520000457763672,17000,23.65999984741211,22.450000762939453,20.625431060791016
08-07-2020,22.020000457763672,22.43000030517578,20100,23.049999237060547,22.59000015258789,20.754051208496094
09-07-2020,21.420000076293945,22.81999969482422,26300,22.8799991607666,21.51000022888184,19.761823654174805
10-07-2020,22.21999931335449,23.770000457763672,16900,23.770000457763672,23.06999969482422,21.195039749145508
13-07-2020,22.75,23.40999984741211,12100,23.670000076293945,23.030000686645508,21.15829467773437
14-07-2020,22.729999542236328,23.11000061035156,11300,23.540000915527344,23.36000061035156,21.461471557617188
15-07-2020,23.479999542236328,23.81999969482422,30700,24.75,24.57999992370605,22.58231735229492
16-07-2020,23.5,24.399999618530277,16300,24.63999938964844,23.920000076293945,21.9759578704834
17-07-2020,23.63999938964844,23.63999938964844,10200,24.600000381469727,23.649999618530277,21.7279052734375
20-07-2020,22.549999237060547,23.350000381469727,11600,23.350000381469727,22.709999084472656,20.86429786682129
21-07-2020,23.209999084472656,23.209999084472656,24200,24.18000030517578,23.63999938964844,21.71871757507324
22-07-2020,22.75,23.13999938964844,9900,23.540000915527344,23.25,21.360410690307617
23-07-2020,23.07999992370605,23.26000022888184,10100,23.959999084472656,23.270000457763672,21.37878799438477
24-07-2020,22.979999542236328,22.979999542236328,12400,23.6200008392334,23.059999465942383,21.185853958129883
27-07-2020,22.520000457763672,23.09000015258789,11100,23.36000061035156,23.030000686645508,21.15829467773437
28-07-2020,22.51000022888184,22.809999465942383,14000,23.01000022888184,22.700000762939453,20.855112075805664
29-07-2020,22.780000686645508,22.93000030517578,58500,23.57999992370605,22.799999237060547,20.946985244750977
30-07-2020,22.100000381469727,22.68000030517578,17400,22.68000030517578,22.600000381469727,20.76323890686035
31-07-2020,21.440000534057617,22.38999938964844,19900,23.100000381469727,21.959999084472656,20.175254821777344
03-08-2020,22.170000076293945,22.209999084472656,14100,22.61000061035156,22.51000022888184,20.68055534362793
04-08-2020,21.6299991607666,22.229999542236328,12600,22.280000686645508,22.229999542236328,20.423311233520508
05-08-2020,22.0,22.36000061035156,13800,23.209999084472656,23.149999618530277,21.268537521362305
06-08-2020,22.420000076293945,22.649999618530277,7200,22.96999931335449,22.850000381469727,20.992921829223636
07-08-2020,22.82999992370605,23.65999984741211,18600,24.25,24.25,22.27914047241211
10-08-2020,23.690000534057617,24.32999992370605,7700,24.600000381469727,24.309999465942383,22.33426284790039
11-08-2020,22.489999771118164,24.8799991607666,22500,24.8799991607666,24.299999237060547,22.32507705688477
12-08-2020,24.299999237060547,24.84000015258789,9500,24.84000015258789,24.76000022888184,22.74768829345703
13-08-2020,23.61000061035156,24.420000076293945,5800,24.420000076293945,24.06999969482422,22.11376571655273
14-08-2020,23.71999931335449,23.71999931335449,10000,24.440000534057617,24.399999618530277,22.416954040527344
17-08-2020,23.71999931335449,24.32999992370605,13200,24.32999992370605,23.82999992370605,21.89327621459961
18-08-2020,23.0,23.6299991607666,9200,23.81999969482422,23.25,21.360410690307617
19-08-2020,23.15999984741211,23.450000762939453,8200,23.940000534057617,23.600000381469727,21.681968688964844
20-08-2020,22.700000762939453,23.520000457763672,3800,23.520000457763672,23.290000915527344,21.39716148376465
21-08-2020,22.13999938964844,23.18000030517578,13400,23.270000457763672,22.399999618530277,20.57949447631836
24-08-2020,22.0,22.549999237060547,12400,24.09000015258789,23.209999084472656,21.32366371154785
25-08-2020,23.07999992370605,23.63999938964844,7700,24.26000022888184,23.51000022888184,21.59928321838379
26-08-2020,22.6299991607666,23.3799991607666,16200,23.3799991607666,23.149999618530277,21.268537521362305
27-08-2020,23.0,23.15999984741211,9800,23.489999771118164,23.0,21.13072967529297
28-08-2020,23.040000915527344,23.200000762939453,9000,23.3799991607666,23.3799991607666,21.47984504699707
31-08-2020,22.51000022888184,23.440000534057617,19900,23.61000061035156,22.540000915527344,20.70811653137207
01-09-2020,22.440000534057617,22.6299991607666,14300,23.13999938964844,22.959999084472656,21.09398078918457
02-09-2020,22.709999084472656,22.799999237060547,13500,23.25,23.200000762939453,21.31447410583496
03-09-2020,22.0,23.040000915527344,25000,23.299999237060547,22.36000061035156,20.78463554382324
04-09-2020,22.6299991607666,22.76000022888184,9600,23.030000686645508,22.88999938964844,21.277292251586918
08-09-2020,22.200000762939453,22.5,13600,22.700000762939453,22.5,20.914770126342773
09-09-2020,22.36000061035156,22.690000534057617,11400,22.739999771118164,22.399999618530277,20.82181739807129
10-09-2020,21.450000762939453,22.309999465942383,17000,22.309999465942383,21.700000762939453,20.17113494873047
11-09-2020,21.709999084472656,21.780000686645508,18100,22.11000061035156,21.780000686645508,20.24549865722656
14-09-2020,21.93000030517578,21.93000030517578,6100,22.559999465942383,22.5,20.914770126342773
15-09-2020,21.920000076293945,22.149999618530277,6500,22.290000915527344,21.920000076293945,20.37563705444336
16-09-2020,22.0,22.040000915527344,25600,22.5,22.0,20.449995040893555
17-09-2020,21.700000762939453,21.709999084472656,9300,22.290000915527344,22.100000381469727,20.542953491210938
18-09-2020,21.799999237060547,22.40999984741211,56600,22.440000534057617,22.13999938964844,20.580135345458984
21-09-2020,20.549999237060547,21.75,31100,22.13999938964844,20.63999938964844,19.18581771850586
22-09-2020,20.020000457763672,20.81999969482422,17400,21.059999465942383,20.559999465942383,19.11145401000977
23-09-2020,19.5,20.40999984741211,27400,20.850000381469727,19.6299991607666,18.246976852416992
24-09-2020,19.40999984741211,19.81999969482422,20500,20.100000381469727,19.770000457763672,18.37711334228516
25-09-2020,19.57999992370605,19.75,13300,20.190000534057617,20.100000381469727,18.68385887145996
28-09-2020,20.56999969482422,20.809999465942383,7500,21.3799991607666,21.09000015258789,19.604114532470703
29-09-2020,19.75,20.88999938964844,8100,21.040000915527344,20.700000762939453,19.24159240722656
30-09-2020,20.920000076293945,21.0,5000,21.350000381469727,20.920000076293945,19.446088790893555
01-10-2020,20.540000915527344,21.11000061035156,7800,21.440000534057617,20.690000534057617,19.2322940826416
02-10-2020,20.51000022888184,20.51000022888184,10500,21.649999618530277,21.520000457763672,20.003816604614254
05-10-2020,21.0,21.0,9600,22.56999969482422,21.950000762939453,20.40352249145508
06-10-2020,22.020000457763672,22.38999938964844,21200,22.709999084472656,22.200000762939453,20.635906219482425
07-10-2020,22.15999984741211,22.280000686645508,19300,22.5,22.5,20.914770126342773
08-10-2020,22.059999465942383,22.549999237060547,17600,22.700000762939453,22.32999992370605,20.756750106811523
09-10-2020,22.11000061035156,22.209999084472656,16700,22.600000381469727,22.26000022888184,20.691680908203125
12-10-2020,22.149999618530277,22.18000030517578,23200,22.600000381469727,22.299999237060547,20.72886276245117
13-10-2020,21.850000381469727,22.350000381469727,14500,22.700000762939453,22.09000015258789,20.53365707397461
14-10-2020,22.1299991607666,22.1299991607666,12000,22.63999938964844,22.3700008392334,20.79393196105957
15-10-2020,22.309999465942383,22.399999618530277,20200,22.899999618530277,22.899999618530277,21.286584854125977
16-10-2020,22.420000076293945,22.59000015258789,11800,22.899999618530277,22.71999931335449,21.11927032470703
19-10-2020,22.51000022888184,22.979999542236328,14000,22.989999771118164,22.51000022888184,20.92406845092773
20-10-2020,22.5,22.5,10700,22.96999931335449,22.8799991607666,21.267995834350582
21-10-2020,22.18000030517578,22.18000030517578,17000,23.489999771118164,23.46999931335449,21.816429138183597
22-10-2020,23.239999771118164,23.239999771118164,31800,24.670000076293945,24.290000915527344,22.57865524291992
23-10-2020,23.950000762939453,24.299999237060547,10400,25.31999969482422,23.989999771118164,22.299793243408203
26-10-2020,22.8700008392334,23.899999618530277,8500,24.020000457763672,23.3799991607666,21.732770919799805
27-10-2020,22.399999618530277,23.25,8200,23.520000457763672,22.399999618530277,20.82181739807129
28-10-2020,22.030000686645508,22.239999771118164,12200,22.690000534057617,22.239999771118164,20.67309188842773
29-10-2020,21.950000762939453,22.020000457763672,7800,23.09000015258789,22.989999771118164,21.37024688720703
30-10-2020,22.290000915527344,23.06999969482422,13400,23.38999938964844,22.799999237060547,21.19363212585449
02-11-2020,22.88999938964844,23.0,23700,24.18000030517578,24.0,22.309091567993164
03-11-2020,23.93000030517578,24.38999938964844,25700,24.700000762939453,24.559999465942383,22.829633712768555
04-11-2020,22.51000022888184,23.979999542236328,9200,24.01000022888184,22.809999465942383,21.20293235778809
05-11-2020,22.68000030517578,22.68000030517578,11200,23.76000022888184,23.530000686645508,21.872203826904297
06-11-2020,23.0,23.690000534057617,15100,23.690000534057617,23.0,21.379545211791992
09-11-2020,23.649999618530277,24.700000762939453,89800,26.0,23.649999618530277,21.98375129699707
10-11-2020,24.3799991607666,24.3799991607666,67200,26.170000076293945,25.90999984741211,24.08452033996582
11-11-2020,25.299999237060547,25.75,52200,27.290000915527344,26.670000076293945,24.79097557067871
12-11-2020,25.3799991607666,26.26000022888184,40000,26.950000762939453,26.15999984741211,24.31690788269043
13-11-2020,25.290000915527344,26.36000061035156,43700,26.36000061035156,25.6299991607666,23.82424545288086
16-11-2020,26.420000076293945,26.420000076293945,42500,28.739999771118164,28.540000915527344,26.529224395751957
17-11-2020,27.65999984741211,28.100000381469727,33700,29.01000022888184,28.6299991607666,26.61288070678711
18-11-2020,27.030000686645508,28.82999992370605,21000,29.280000686645508,27.100000381469727,25.1906795501709
19-11-2020,26.520000457763672,27.290000915527344,12000,27.290000915527344,27.0,25.09772491455078
20-11-2020,26.049999237060547,26.600000381469727,32800,27.700000762939453,26.81999969482422,24.93040657043457
23-11-2020,26.61000061035156,27.15999984741211,31000,27.15999984741211,26.739999771118164,24.856040954589844
24-11-2020,27.030000686645508,27.030000686645508,27100,29.0,28.25,26.25965690612793
25-11-2020,27.31999969482422,28.0,13800,28.399999618530277,28.200000762939453,26.213180541992188
27-11-2020,26.959999084472656,27.700000762939453,11100,27.700000762939453,27.200000762939453,25.283634185791016
30-11-2020,25.979999542236328,26.920000076293945,40300,27.309999465942383,25.979999542236328,24.149587631225582
01-12-2020,26.1200008392334,26.299999237060547,12700,26.790000915527344,26.600000381469727,24.725908279418945
02-12-2020,26.56999969482422,26.670000076293945,15700,27.149999618530277,27.030000686645508,25.125612258911133
03-12-2020,26.34000015258789,26.6299991607666,12300,26.739999771118164,26.56999969482422,24.947216033935547
04-12-2020,27.01000022888184,27.149999618530277,9200,27.459999084472656,27.459999084472656,25.78285789489746
07-12-2020,27.100000381469727,27.280000686645508,9100,27.38999938964844,27.31999969482422,25.65140724182129
08-12-2020,26.530000686645508,27.299999237060547,26500,27.799999237060547,27.799999237060547,26.10209083557129
09-12-2020,27.11000061035156,28.09000015258789,28200,28.09000015258789,27.229999542236328,25.566904067993164
10-12-2020,26.93000030517578,27.21999931335449,15700,27.5,27.18000030517578,25.519962310791016
11-12-2020,26.549999237060547,26.979999542236328,17800,27.350000381469727,26.86000061035156,25.21950340270996
14-12-2020,26.5,26.940000534057617,14400,26.940000534057617,26.549999237060547,24.92843437194824
15-12-2020,26.540000915527344,26.700000762939453,19500,27.540000915527344,27.309999465942383,25.642019271850582
16-12-2020,27.21999931335449,27.549999237060547,18100,27.68000030517578,27.21999931335449,25.557518005371094
17-12-2020,27.030000686645508,27.290000915527344,16500,27.5,27.479999542236328,25.801637649536133
18-12-2020,26.809999465942383,27.76000022888184,84300,28.649999618530277,26.899999618530277,25.257061004638672
21-12-2020,26.15999984741211,26.75,30000,27.229999542236328,26.18000030517578,24.581037521362305
22-12-2020,26.13999938964844,26.13999938964844,15500,26.709999084472656,26.290000915527344,24.6843204498291
23-12-2020,26.649999618530277,26.649999618530277,4400,26.93000030517578,26.8799991607666,25.23828125
24-12-2020,26.21999931335449,26.700000762939453,9800,26.700000762939453,26.40999984741211,24.796987533569336
28-12-2020,26.549999237060547,26.68000030517578,9700,26.850000381469727,26.739999771118164,25.10683250427246
29-12-2020,26.15999984741211,26.239999771118164,12500,26.549999237060547,26.549999237060547,24.92843437194824
30-12-2020,26.399999618530277,26.649999618530277,10600,26.82999992370605,26.399999618530277,24.78759765625
31-12-2020,26.200000762939453,26.229999542236328,15100,26.780000686645508,26.209999084472656,24.60920143127441
04-01-2021,25.989999771118164,26.31999969482422,16400,26.649999618530277,26.11000061035156,24.515310287475582
05-01-2021,25.86000061035156,25.950000762939453,19500,27.200000762939453,26.75,25.1162223815918
06-01-2021,27.420000076293945,27.420000076293945,32200,29.270000457763672,28.520000457763672,26.77811622619629
07-01-2021,28.299999237060547,28.71999931335449,13200,29.270000457763672,29.049999237060547,27.275747299194336
08-01-2021,27.729999542236328,29.36000061035156,13100,29.36000061035156,28.40999984741211,26.67483901977539
11-01-2021,27.57999992370605,27.790000915527344,35100,28.290000915527344,27.850000381469727,26.149038314819336
12-01-2021,27.649999618530277,28.209999084472656,23500,28.61000061035156,28.43000030517578,26.6936149597168
13-01-2021,27.65999984741211,28.36000061035156,15900,28.36000061035156,27.809999465942383,26.111482620239254
14-01-2021,28.0,28.0,14700,28.96999931335449,28.739999771118164,26.98468017578125
15-01-2021,27.59000015258789,28.21999931335449,40300,28.59000015258789,27.809999465942383,26.111482620239254
19-01-2021,26.899999618530277,27.84000015258789,52400,28.350000381469727,27.549999237060547,25.867361068725582
20-01-2021,27.56999969482422,27.56999969482422,15700,27.90999984741211,27.82999992370605,26.130260467529297
21-01-2021,27.51000022888184,28.0,22600,28.06999969482422,27.51000022888184,25.829803466796875
22-01-2021,27.149999618530277,27.799999237060547,23700,28.0,27.979999542236328,26.27109909057617
25-01-2021,27.40999984741211,27.59000015258789,26500,28.6200008392334,28.34000015258789,26.609113693237305
26-01-2021,28.290000915527344,28.600000381469727,26900,28.989999771118164,28.290000915527344,26.562164306640625
27-01-2021,27.989999771118164,28.200000762939453,54600,28.88999938964844,28.61000061035156,26.86262321472168
28-01-2021,28.600000381469727,28.950000762939453,38200,30.01000022888184,28.6299991607666,26.881397247314453
29-01-2021,27.950000762939453,28.75,41600,28.920000076293945,27.950000762939453,26.242929458618164
01-02-2021,27.559999465942383,28.190000534057617,28000,28.850000381469727,28.209999084472656,26.48705101013184
02-02-2021,28.780000686645508,28.780000686645508,17100,29.3799991607666,29.190000534057617,27.407197952270508
03-02-2021,28.5,29.0,22200,29.07999992370605,28.950000762939453,27.181856155395508
04-02-2021,28.96999931335449,28.96999931335449,22500,29.459999084472656,29.32999992370605,27.53864479064941
05-02-2021,29.31999969482422,29.5,13300,29.790000915527344,29.3700008392334,27.576202392578125
08-02-2021,29.56999969482422,29.56999969482422,18600,30.25,30.25,28.402456283569336
09-02-2021,29.88999938964844,30.309999465942383,15700,30.479999542236328,30.21999931335449,28.374290466308597
10-02-2021,29.71999931335449,30.06999969482422,20600,30.229999542236328,29.76000022888184,27.942384719848636
11-02-2021,29.46999931335449,29.790000915527344,25600,30.170000076293945,29.700000762939453,27.886049270629883
12-02-2021,29.170000076293945,29.65999984741211,18000,29.989999771118164,29.43000030517578,27.63254165649414
16-02-2021,29.25,29.71999931335449,23700,29.88999938964844,29.25,27.463531494140625
17-02-2021,29.239999771118164,29.25,10600,29.799999237060547,29.280000686645508,27.4917049407959
18-02-2021,29.25,29.25,18000,29.5,29.36000061035156,27.56681632995605
19-02-2021,29.309999465942383,29.450000762939453,18200,29.700000762939453,29.479999542236328,27.67948341369629
22-02-2021,29.600000381469727,29.600000381469727,27800,30.229999542236328,29.76000022888184,27.942384719848636
23-02-2021,29.809999465942383,29.84000015258789,36100,30.25,30.040000915527344,28.20528221130371
24-02-2021,30.209999084472656,30.209999084472656,17900,32.540000915527344,32.220001220703125,30.252138137817383
25-02-2021,30.799999237060547,32.18000030517578,17800,32.5,31.170000076293945,29.266267776489254
26-02-2021,30.690000534057617,31.399999618530277,33300,31.920000076293945,31.0,29.106651306152344
01-03-2021,31.1299991607666,31.8700008392334,18300,32.7400016784668,32.7400016784668,30.74038314819336
02-03-2021,31.940000534057617,32.2400016784668,31100,33.08000183105469,31.940000534057617,29.989242553710938
03-03-2021,32.119998931884766,32.119998931884766,29700,33.689998626708984,32.70000076293945,30.70281982421875
04-03-2021,32.52000045776367,32.52000045776367,38600,33.7400016784668,32.68000030517578,30.93950462341309
05-03-2021,32.5,33.470001220703125,29700,34.0,34.0,32.189205169677734
08-03-2021,34.15999984741211,34.189998626708984,26500,35.09000015258789,34.7400016784668,32.88979721069336
09-03-2021,34.31999969482422,34.61000061035156,20700,35.060001373291016,34.91999816894531,33.060203552246094
10-03-2021,34.529998779296875,34.529998779296875,25900,36.08000183105469,35.84000015258789,33.93120574951172
11-03-2021,35.20000076293945,35.84000015258789,24700,35.849998474121094,35.81999969482422,33.91227722167969
12-03-2021,35.77000045776367,35.9900016784668,17500,36.5,36.5,34.55605697631836
15-03-2021,35.650001525878906,36.18000030517578,22200,36.18000030517578,35.939998626708984,34.025882720947266
16-03-2021,34.439998626708984,35.68000030517578,19100,35.68000030517578,34.81999969482422,32.96553039550781
17-03-2021,34.5,34.81999969482422,14500,35.9900016784668,34.7599983215332,32.90872573852539
18-03-2021,34.779998779296875,35.68000030517578,19400,35.9900016784668,34.79999923706055,32.94660186767578
19-03-2021,33.86000061035156,34.90999984741211,110600,35.33000183105469,35.31999969482422,33.438899993896484
22-03-2021,33.650001525878906,34.95000076293945,15700,35.40999984741211,34.2599983215332,32.43535614013672
23-03-2021,32.65999984741211,34.0,23800,34.0,33.36000061035156,31.58329391479492
24-03-2021,32.65999984741211,33.45000076293945,23300,34.88999938964844,32.66999816894531,30.930036544799805
25-03-2021,32.5,32.5,23700,34.459999084472656,33.2400016784668,31.469682693481445
26-03-2021,33.81999969482422,34.16999816894531,7600,34.2599983215332,34.2599983215332,32.43535614013672
29-03-2021,33.11000061035156,34.02000045776367,12900,34.02000045776367,33.130001068115234,31.36553955078125
30-03-2021,33.0099983215332,33.11000061035156,25800,34.369998931884766,33.619998931884766,31.82944679260254
31-03-2021,32.91999816894531,33.9900016784668,35800,33.9900016784668,33.06999969482422,31.30872917175293
01-04-2021,32.779998779296875,32.970001220703125,18300,33.79999923706055,33.650001525878906,31.85784721374512
05-04-2021,33.439998626708984,33.9900016784668,29800,34.4900016784668,34.209999084472656,32.388023376464844
06-04-2021,33.63999938964844,33.95000076293945,12400,34.68000030517578,33.63999938964844,31.848377227783203
07-04-2021,32.2400016784668,33.900001525878906,23500,33.900001525878906,32.31999969482422,30.598676681518555
08-04-2021,32.2599983215332,32.56999969482422,9100,32.88999938964844,32.88999938964844,31.138322830200195
09-04-2021,32.33000183105469,32.5,19000,32.95000076293945,32.56999969482422,30.83536148071289
12-04-2021,32.279998779296875,32.279998779296875,12800,32.810001373291016,32.709999084472656,30.96790885925293
13-04-2021,32.15999984741211,32.45000076293945,9500,32.470001220703125,32.15999984741211,30.44720268249512
14-04-2021,32.189998626708984,32.189998626708984,5800,32.939998626708984,32.5099983215332,30.7785587310791
15-04-2021,32.209999084472656,32.869998931884766,8900,32.869998931884766,32.650001525878906,30.911104202270508
16-04-2021,32.369998931884766,32.880001068115234,9900,32.880001068115234,32.369998931884766,30.64601325988769
19-04-2021,31.940000534057617,32.47999954223633,15800,32.5,32.02000045776367,30.314659118652344
20-04-2021,31.13999938964844,32.0099983215332,13700,32.2400016784668,31.18000030517578,29.51939392089844
21-04-2021,31.59000015258789,31.600000381469727,13900,31.920000076293945,31.690000534057617,30.00223159790039
22-04-2021,32.0,32.0,35900,32.91999816894531,32.310001373291016,30.589216232299805
23-04-2021,32.040000915527344,32.040000915527344,20100,33.83000183105469,33.2400016784668,31.469682693481445
26-04-2021,33.43000030517578,33.70000076293945,19100,33.77000045776367,33.720001220703125,31.924116134643555
27-04-2021,33.380001068115234,33.599998474121094,21200,34.11000061035156,34.029998779296875,32.21760559082031
28-04-2021,33.439998626708984,33.88999938964844,22200,34.27000045776367,34.040000915527344,32.22707748413086
29-04-2021,33.959999084472656,34.2400016784668,15000,34.5,34.15999984741211,32.34069061279297
30-04-2021,33.709999084472656,33.709999084472656,39900,34.540000915527344,34.029998779296875,32.21760559082031
03-05-2021,34.04999923706055,34.04999923706055,24900,34.810001373291016,34.599998474121094,32.75724411010742
04-05-2021,34.369998931884766,34.369998931884766,33500,35.060001373291016,34.529998779296875,32.690975189208984
05-05-2021,34.41999816894531,34.779998779296875,14000,35.099998474121094,34.41999816894531,32.58684158325195
06-05-2021,34.189998626708984,34.65999984741211,17100,35.06999969482422,34.81999969482422,32.96553039550781
07-05-2021,34.65999984741211,34.91999816894531,12700,35.09000015258789,35.040000915527344,33.1738166809082
10-05-2021,34.54999923706055,34.54999923706055,23300,35.25,34.849998474121094,32.993934631347656
11-05-2021,34.290000915527344,34.310001373291016,21600,35.0,34.75,32.89926528930664
12-05-2021,34.11000061035156,34.61000061035156,22500,35.06999969482422,34.20000076293945,32.37855911254883
13-05-2021,34.40999984741211,34.40999984741211,20800,35.4900016784668,35.4900016784668,33.59984588623047
14-05-2021,35.08000183105469,35.459999084472656,7300,35.70000076293945,35.33000183105469,33.4483757019043
17-05-2021,35.04999923706055,35.04999923706055,19500,35.52000045776367,35.369998931884766,33.48624038696289
18-05-2021,34.65999984741211,35.40999984741211,11200,35.5,34.65999984741211,32.81405258178711
19-05-2021,34.0,34.31999969482422,18200,35.08000183105469,34.88999938964844,33.03180313110352
20-05-2021,34.400001525878906,34.77000045776367,13000,34.970001220703125,34.68000030517578,32.832984924316406
21-05-2021,34.869998931884766,35.09000015258789,18100,35.45000076293945,35.369998931884766,33.48624038696289
24-05-2021,34.630001068115234,35.34000015258789,12100,35.380001068115234,34.7599983215332,32.90872573852539
25-05-2021,33.349998474121094,34.70000076293945,21800,34.720001220703125,33.349998474121094,31.57382202148437
26-05-2021,33.369998931884766,33.369998931884766,19000,34.47999954223633,34.209999084472656,32.388023376464844
27-05-2021,34.029998779296875,34.20000076293945,19100,34.81999969482422,34.72999954223633,32.88032150268555
28-05-2021,34.310001373291016,34.45000076293945,9700,34.77000045776367,34.68000030517578,32.832984924316406
01-06-2021,34.900001525878906,34.959999084472656,28900,35.5,35.150001525878906,33.277957916259766
02-06-2021,34.900001525878906,35.040000915527344,12400,35.33000183105469,35.22999954223633,33.35369873046875
03-06-2021,34.5099983215332,35.02000045776367,18800,35.97999954223633,34.900001525878906,33.29645156860352
04-06-2021,34.5099983215332,34.75,18000,35.02000045776367,34.59000015258789,33.000701904296875
07-06-2021,34.56999969482422,34.84000015258789,14200,35.040000915527344,35.0099983215332,33.40139389038086
08-06-2021,34.75,34.90999984741211,11300,35.18000030517578,34.7599983215332,33.16288375854492
09-06-2021,34.29999923706055,34.7599983215332,16800,34.779998779296875,34.29999923706055,32.72401428222656
10-06-2021,32.66999816894531,34.58000183105469,17200,34.58000183105469,32.75,31.2452392578125
11-06-2021,32.54999923706055,32.869998931884766,23000,33.41999816894531,32.93000030517578,31.416967391967773
14-06-2021,32.529998779296875,32.529998779296875,14500,33.25,33.209999084472656,31.68409919738769
15-06-2021,33.0,33.060001373291016,13700,33.63999938964844,33.619998931884766,32.07526779174805
16-06-2021,32.79999923706055,33.689998626708984,16400,33.9900016784668,33.79999923706055,32.24699020385742
17-06-2021,33.0099983215332,33.95000076293945,17800,33.95000076293945,33.0099983215332,31.49328994750977
18-06-2021,32.04999923706055,32.4900016784668,66300,33.15999984741211,32.880001068115234,31.3692684173584
21-06-2021,32.54999923706055,32.900001525878906,18600,33.5,33.16999816894531,31.645936965942383
22-06-2021,32.529998779296875,33.150001525878906,18200,33.310001373291016,33.11000061035156,31.58869743347168
23-06-2021,32.0099983215332,32.72999954223633,32000,33.189998626708984,32.400001525878906,30.91132354736328
24-06-2021,32.36000061035156,32.5099983215332,15800,33.439998626708984,32.939998626708984,31.42650985717773
25-06-2021,31.729999542236328,32.77000045776367,161700,33.45000076293945,32.099998474121094,30.62510108947754
28-06-2021,31.530000686645508,32.18000030517578,10600,32.209999084472656,31.670000076293945,30.214859008789062
29-06-2021,31.3799991607666,31.5,15100,31.84000015258789,31.479999542236328,30.03359031677246
30-06-2021,31.07999992370605,31.57999992370605,16600,31.76000022888184,31.09000015258789,29.661510467529297
01-07-2021,31.020000457763672,31.43000030517578,12700,31.799999237060547,31.690000534057617,30.23394012451172
02-07-2021,31.170000076293945,31.459999084472656,7200,31.459999084472656,31.280000686645508,29.8427791595459
06-07-2021,30.25,31.3799991607666,15500,31.3799991607666,30.31999969482422,28.926889419555664
07-07-2021,30.31999969482422,30.31999969482422,10000,31.0,30.43000030517578,29.031837463378903
08-07-2021,29.21999931335449,29.979999542236328,16800,30.11000061035156,29.940000534057617,28.56435203552246
09-07-2021,29.65999984741211,29.950000762939453,8500,30.76000022888184,30.76000022888184,29.3466739654541
12-07-2021,30.46999931335449,30.489999771118164,5600,31.100000381469727,31.100000381469727,29.671051025390625
13-07-2021,30.450000762939453,30.76000022888184,11600,31.09000015258789,30.459999084472656,29.060455322265625
14-07-2021,30.489999771118164,31.030000686645508,11900,31.13999938964844,30.850000381469727,29.432540893554688
15-07-2021,30.25,30.56999969482422,12100,31.0,30.899999618530277,29.48023796081543
16-07-2021,30.420000076293945,31.25,10600,31.25,30.6299991607666,29.22264671325684
19-07-2021,29.59000015258789,29.93000030517578,11300,31.239999771118164,29.770000457763672,28.402162551879883
20-07-2021,29.56999969482422,30.18000030517578,28900,30.96999931335449,29.56999969482422,28.211349487304688
21-07-2021,29.729999542236328,30.040000915527344,15400,30.649999618530277,30.5,29.098617553710938
22-07-2021,29.5,30.770000457763672,12000,30.770000457763672,29.700000762939453,28.335376739501957
23-07-2021,29.0,30.3700008392334,18000,30.3700008392334,29.40999984741211,28.058698654174805
26-07-2021,29.780000686645508,29.82999992370605,12600,31.38999938964844,31.38999938964844,29.947725296020508
27-07-2021,31.09000015258789,31.13999938964844,21100,32.36000061035156,32.31999969482422,30.83499526977539
28-07-2021,31.450000762939453,32.4900016784668,19700,32.4900016784668,31.5,30.05267333984375
29-07-2021,31.38999938964844,31.5,14700,31.940000534057617,31.700000762939453,30.243484497070312
30-07-2021,31.5,31.739999771118164,16900,32.2400016784668,31.59000015258789,30.13853645324707
02-08-2021,30.61000061035156,31.63999938964844,28500,32.2599983215332,30.729999542236328,29.318050384521484
03-08-2021,30.729999542236328,30.959999084472656,34500,32.349998474121094,32.15999984741211,30.682348251342773
04-08-2021,31.209999084472656,31.6299991607666,13800,31.700000762939453,31.59000015258789,30.13853645324707
05-08-2021,31.450000762939453,31.459999084472656,16100,32.15999984741211,32.0,30.52969741821289
06-08-2021,31.200000762939453,32.290000915527344,18400,32.75,32.459999084472656,30.968563079833984
09-08-2021,32.11000061035156,32.5,21100,32.93000030517578,32.38999938964844,30.90177726745605
10-08-2021,32.209999084472656,32.209999084472656,10100,33.099998474121094,33.08000183105469,31.56007957458496
11-08-2021,32.65999984741211,32.65999984741211,8600,33.25,33.189998626708984,31.665023803710938
12-08-2021,32.86000061035156,33.22999954223633,23400,33.650001525878906,33.369998931884766,31.83675575256348
13-08-2021,33.099998474121094,33.529998779296875,9200,33.650001525878906,33.099998474121094,31.57915496826172
16-08-2021,32.86000061035156,32.86000061035156,17000,33.75,33.470001220703125,31.932159423828125
17-08-2021,32.77000045776367,33.27000045776367,21000,33.7400016784668,32.77000045776367,31.26432037353516
18-08-2021,32.63999938964844,32.72999954223633,12200,34.0,32.70000076293945,31.197534561157227
19-08-2021,32.15999984741211,32.4900016784668,14200,32.529998779296875,32.43000030517578,30.939939498901367
20-08-2021,32.25,32.25,17300,33.189998626708984,32.90999984741211,31.397884368896484
23-08-2021,32.779998779296875,33.29999923706055,11100,33.29999923706055,33.150001525878906,31.626863479614254
24-08-2021,32.790000915527344,32.790000915527344,15200,33.58000183105469,33.310001373291016,31.77950859069824
25-08-2021,33.29999923706055,33.29999923706055,22500,34.25,34.0,32.43780899047852
26-08-2021,32.22999954223633,33.86000061035156,27000,34.25,33.709999084472656,32.161128997802734
27-08-2021,33.2400016784668,33.79999923706055,27300,34.970001220703125,34.72999954223633,33.13425827026367
30-08-2021,33.72999954223633,34.97999954223633,15800,34.97999954223633,33.72999954223633,32.180206298828125
31-08-2021,33.810001373291016,34.09000015258789,14900,34.18000030517578,34.18000030517578,32.60953140258789
01-09-2021,33.70000076293945,34.209999084472656,18200,34.540000915527344,34.310001373291016,32.73356246948242
02-09-2021,33.369998931884766,34.220001220703125,14700,34.34000015258789,33.81999969482422,32.52200698852539
03-09-2021,33.400001525878906,33.880001068115234,7600,33.880001068115234,33.61000061035156,32.320064544677734
07-09-2021,32.88999938964844,33.529998779296875,11300,33.650001525878906,33.130001068115234,31.85848617553711
08-09-2021,32.130001068115234,33.45000076293945,19600,33.45000076293945,32.56999969482422,31.319976806640625
09-09-2021,32.0,32.63999938964844,16700,32.970001220703125,32.0,30.77185440063477
10-09-2021,31.6299991607666,32.33000183105469,20000,32.849998474121094,31.670000076293945,30.454519271850582
13-09-2021,30.530000686645508,31.950000762939453,12500,33.369998931884766,31.899999618530277,30.675691604614254
14-09-2021,30.86000061035156,32.15999984741211,18500,32.15999984741211,31.01000022888184,29.819849014282227
15-09-2021,31.239999771118164,31.239999771118164,16600,32.220001220703125,32.06999969482422,30.839168548583984
16-09-2021,31.520000457763672,31.940000534057617,10100,31.940000534057617,31.739999771118164,30.521833419799805
17-09-2021,31.020000457763672,31.96999931335449,99500,34.0099983215332,32.150001525878906,30.91609764099121
20-09-2021,31.030000686645508,31.65999984741211,19500,31.989999771118164,31.59000015258789,30.37759017944336
21-09-2021,31.489999771118164,32.349998474121094,21300,32.349998474121094,31.57999992370605,30.36797523498535
22-09-2021,31.57999992370605,31.61000061035156,8500,32.189998626708984,31.850000381469727,30.627613067626957
23-09-2021,32.220001220703125,33.65999984741211,16100,33.65999984741211,32.689998626708984,31.43537139892578
24-09-2021,32.369998931884766,32.70000076293945,13200,33.15999984741211,32.470001220703125,31.22381591796875
27-09-2021,31.809999465942383,32.849998474121094,29800,33.939998626708984,32.709999084472656,31.45460700988769
28-09-2021,32.150001525878906,32.97999954223633,13900,32.97999954223633,32.220001220703125,30.983413696289062
29-09-2021,32.369998931884766,32.369998931884766,9600,32.95000076293945,32.849998474121094,31.5892333984375
30-09-2021,32.7599983215332,33.130001068115234,18100,33.33000183105469,33.040000915527344,31.771944046020508
01-10-2021,33.150001525878906,33.33000183105469,25100,34.72999954223633,34.529998779296875,33.20475387573242
04-10-2021,33.81999969482422,34.33000183105469,21100,34.72999954223633,34.04999923706055,32.74317169189453
05-10-2021,34.08000183105469,34.119998931884766,12100,34.77000045776367,34.310001373291016,32.99319839477539
06-10-2021,33.84000015258789,34.47999954223633,9000,34.47999954223633,34.189998626708984,32.87779998779297
07-10-2021,34.4900016784668,34.5099983215332,8200,34.720001220703125,34.599998474121094,33.272064208984375
08-10-2021,34.04999923706055,34.29999923706055,8300,34.86000061035156,34.75,33.416316986083984
11-10-2021,34.540000915527344,34.86000061035156,12200,35.0,34.540000915527344,33.214378356933594
12-10-2021,34.130001068115234,34.459999084472656,12800,34.689998626708984,34.2599983215332,32.94511413574219
13-10-2021,34.040000915527344,34.29999923706055,5800,34.29999923706055,34.20000076293945,32.88742446899414
14-10-2021,34.2400016784668,34.45000076293945,8000,34.58000183105469,34.31999969482422,33.002811431884766
15-10-2021,34.400001525878906,34.790000915527344,26400,34.84000015258789,34.41999816894531,33.09897994995117
18-10-2021,34.400001525878906,34.400001525878906,9900,34.84000015258789,34.59000015258789,33.26245880126953
19-10-2021,34.54999923706055,34.59000015258789,11100,34.959999084472656,34.66999816894531,33.33938217163086
20-10-2021,34.709999084472656,34.720001220703125,5700,34.869998931884766,34.84000015258789,33.50286102294922
21-10-2021,34.810001373291016,34.84000015258789,8500,35.0,34.900001525878906,33.56055450439453
22-10-2021,34.9900016784668,35.0,26000,36.34999847412109,36.209999084472656,34.82027816772461
25-10-2021,37.630001068115234,37.869998931884766,88700,40.34000015258789,39.0,37.50320053100586
26-10-2021,37.20000076293945,38.90999984741211,38300,38.90999984741211,37.290000915527344,35.85882568359375
27-10-2021,37.290000915527344,37.33000183105469,20100,37.95000076293945,37.52000045776367,36.08000564575195
28-10-2021,36.66999816894531,37.77000045776367,13700,37.77000045776367,37.0099983215332,35.58957290649414
29-10-2021,36.75,36.75,17400,37.5,37.09999847412109,35.676116943359375
01-11-2021,37.060001373291016,37.09999847412109,26600,37.77999877929688,37.65999984741211,36.214622497558594
02-11-2021,37.18999862670898,37.810001373291016,36800,38.54999923706055,37.56999969482422,36.12807846069336
03-11-2021,37.5099983215332,37.5099983215332,22300,38.34000015258789,38.06999969482422,36.60889053344727
04-11-2021,36.59000015258789,37.72999954223633,29200,37.72999954223633,37.33000183105469,35.89729690551758
05-11-2021,37.52000045776367,37.70000076293945,26300,39.09999847412109,39.09999847412109,37.59936141967773
08-11-2021,38.43999862670898,39.15999984741211,13900,39.20000076293945,39.0,37.50320053100586
09-11-2021,38.220001220703125,38.720001220703125,8400,38.7599983215332,38.65999984741211,37.176246643066406
10-11-2021,38.58000183105469,38.58000183105469,7100,39.06999969482422,38.790000915527344,37.30126190185547
11-11-2021,38.59999847412109,38.7599983215332,10800,39.2400016784668,38.70000076293945,37.21471405029297
12-11-2021,38.11000061035156,38.77999877929688,5900,38.77999877929688,38.47999954223633,37.00315475463867
15-11-2021,37.880001068115234,38.45000076293945,17400,38.86000061035156,38.70000076293945,37.21471405029297
16-11-2021,38.209999084472656,38.400001525878906,17700,38.68000030517578,38.65999984741211,37.176246643066406
17-11-2021,37.400001525878906,38.41999816894531,13400,38.41999816894531,37.90999984741211,36.45503234863281
18-11-2021,37.5099983215332,38.0099983215332,24300,38.709999084472656,38.59999847412109,37.11854934692383
19-11-2021,37.52000045776367,38.27999877929688,24100,38.47999954223633,37.90999984741211,36.45503234863281
22-11-2021,37.65999984741211,38.290000915527344,15800,38.7400016784668,37.84000015258789,36.3877182006836
23-11-2021,37.68999862670898,37.97999954223633,15600,38.7400016784668,38.72999954223633,37.243560791015625
24-11-2021,38.119998931884766,38.380001068115234,5700,38.79999923706055,38.650001525878906,37.16663360595703
26-11-2021,36.290000915527344,37.93999862670898,14900,37.970001220703125,37.08000183105469,35.656890869140625
29-11-2021,36.630001068115234,37.7599983215332,17400,37.7599983215332,36.81999969482422,35.406864166259766
30-11-2021,35.88999938964844,35.88999938964844,23100,37.27000045776367,36.58000183105469,35.17607879638672
01-12-2021,37.060001373291016,37.18999862670898,20500,38.5,37.08000183105469,35.656890869140625
02-12-2021,37.380001068115234,37.380001068115234,7800,38.27999877929688,37.84000015258789,36.66457748413086
03-12-2021,36.75,37.790000915527344,14200,38.040000915527344,37.16999816894531,36.01539611816406
06-12-2021,37.209999084472656,37.59000015258789,16800,38.380001068115234,37.380001068115234,36.2188720703125
07-12-2021,37.16999816894531,37.34000015258789,7900,38.04999923706055,37.290000915527344,36.13167190551758
08-12-2021,37.150001525878906,37.209999084472656,9000,37.400001525878906,37.20000076293945,36.04446029663086
09-12-2021,36.959999084472656,36.959999084472656,12700,37.59999847412109,37.0,35.85067367553711
10-12-2021,36.869998931884766,36.880001068115234,11700,37.52000045776367,37.15999984741211,36.005706787109375
13-12-2021,36.43000030517578,36.93000030517578,11500,37.18999862670898,36.72999954223633,35.58906173706055
14-12-2021,35.810001373291016,35.810001373291016,24900,37.77000045776367,36.0,34.88174057006836
15-12-2021,36.310001373291016,36.5,22000,37.65999984741211,36.70000076293945,35.55999755859375
16-12-2021,36.47999954223633,37.130001068115234,18200,37.81999969482422,37.52999877929688,36.36421203613281
17-12-2021,36.380001068115234,37.810001373291016,50300,37.9900016784668,37.470001220703125,36.30607986450195
20-12-2021,35.95000076293945,36.900001525878906,24400,37.060001373291016,36.900001525878906,35.753780364990234
21-12-2021,36.709999084472656,37.34999847412109,14200,38.0,37.88999938964844,36.71302795410156
22-12-2021,37.56999969482422,37.95000076293945,15100,38.54999923706055,38.13999938964844,36.955265045166016
23-12-2021,38.119998931884766,38.310001373291016,6100,38.66999816894531,38.5099983215332,37.31376647949219
27-12-2021,37.25,38.79999923706055,20600,39.20000076293945,38.91999816894531,37.71103286743164
28-12-2021,37.95000076293945,39.18999862670898,17800,39.97999954223633,38.70000076293945,37.49786758422852
29-12-2021,38.18999862670898,38.97999954223633,8600,39.18000030517578,39.09999847412109,37.88544464111328
30-12-2021,38.0099983215332,38.54999923706055,13600,38.83000183105469,38.0099983215332,36.82929992675781
31-12-2021,37.540000915527344,37.709999084472656,11800,38.0,37.68000030517578,36.50955581665039
03-01-2022,37.5099983215332,37.68999862670898,20000,38.720001220703125,38.18999862670898,37.00371170043945
04-01-2022,38.56999969482422,38.58000183105469,10800,39.36000061035156,38.79999923706055,37.59476089477539
05-01-2022,38.0,39.43999862670898,11500,39.43999862670898,38.52000045776367,37.32345962524414
06-01-2022,38.619998931884766,38.619998931884766,7800,39.88999938964844,39.36000061035156,38.13737106323242
07-01-2022,39.29999923706055,39.5,12400,39.9900016784668,39.59999847412109,38.369911193847656
10-01-2022,38.97999954223633,39.459999084472656,11800,39.720001220703125,39.5,38.27301788330078
11-01-2022,38.66999816894531,39.66999816894531,14900,39.900001525878906,39.02000045776367,37.80792999267578
12-01-2022,38.88999938964844,38.88999938964844,19200,39.470001220703125,39.15999984741211,37.94357681274414
13-01-2022,39.130001068115234,39.380001068115234,11500,39.5,39.45000076293945,38.22457504272461
14-01-2022,38.61000061035156,38.61000061035156,5200,39.52000045776367,39.52000045776367,38.29239654541016
18-01-2022,38.060001373291016,39.5,10400,39.5,38.060001373291016,36.87775421142578
19-01-2022,37.02000045776367,38.18000030517578,16400,38.18000030517578,37.41999816894531,36.25762939453125
20-01-2022,37.220001220703125,37.7599983215332,30900,38.959999084472656,37.52999877929688,36.36421203613281
21-01-2022,36.75,36.959999084472656,22200,38.54999923706055,37.41999816894531,36.25762939453125
24-01-2022,36.63999938964844,37.11000061035156,27300,39.380001068115234,39.040000915527344,37.82730865478516
25-01-2022,38.4900016784668,38.88999938964844,32200,39.68999862670898,39.400001525878906,38.17612838745117
26-01-2022,37.130001068115234,39.56999969482422,22800,39.66999816894531,38.09000015258789,36.90681457519531
27-01-2022,37.15999984741211,38.02000045776367,16800,38.47999954223633,37.54999923706055,36.38359451293945
28-01-2022,36.38999938964844,37.119998931884766,12300,37.27000045776367,37.27000045776367,36.1122932434082
31-01-2022,36.5,36.630001068115234,35800,37.810001373291016,37.79999923706055,36.62582778930664
01-02-2022,36.709999084472656,37.4900016784668,39400,37.97999954223633,37.54999923706055,36.38359451293945
02-02-2022,36.90999984741211,37.900001525878906,22700,37.970001220703125,37.68000030517578,36.50955581665039
03-02-2022,37.650001525878906,37.68000030517578,17200,38.13999938964844,37.72999954223633,36.55800247192383
04-02-2022,37.83000183105469,37.83000183105469,29400,38.540000915527344,38.369998931884766,37.17811584472656
07-02-2022,37.900001525878906,38.560001373291016,25900,39.09999847412109,38.72999954223633,37.52693557739258
08-02-2022,38.59999847412109,38.790000915527344,17500,39.5,38.86000061035156,37.65289688110352
09-02-2022,37.83000183105469,38.90999984741211,31900,39.0,37.959999084472656,36.78085708618164
10-02-2022,37.29999923706055,37.720001220703125,27900,37.9900016784668,37.470001220703125,36.30607986450195
11-02-2022,37.4900016784668,37.54999923706055,19700,38.18999862670898,37.869998931884766,36.69364929199219
14-02-2022,37.97999954223633,38.09000015258789,55300,39.119998931884766,38.380001068115234,37.18780899047852
15-02-2022,38.18999862670898,38.41999816894531,40600,39.0,38.5,37.304080963134766
16-02-2022,38.29999923706055,38.619998931884766,32000,39.0099983215332,38.40999984741211,37.21687698364258
17-02-2022,38.29999923706055,38.310001373291016,42800,39.45000076293945,38.91999816894531,37.71103286743164
18-02-2022,38.75,38.75,18400,39.5,38.91999816894531,37.71103286743164
22-02-2022,38.52000045776367,38.93999862670898,22300,39.130001068115234,38.68000030517578,37.47848892211914
23-02-2022,38.29999923706055,38.93000030517578,13800,39.209999084472656,38.310001373291016,37.1199836730957
24-02-2022,36.70000076293945,37.70000076293945,19500,37.70000076293945,37.290000915527344,36.13167190551758
25-02-2022,37.650001525878906,37.650001525878906,15300,38.77000045776367,38.59999847412109,37.400970458984375
28-02-2022,37.68999862670898,38.02000045776367,34800,39.119998931884766,38.59999847412109,37.400970458984375
01-03-2022,36.88999938964844,38.5,32300,38.5,37.470001220703125,36.30607986450195
02-03-2022,37.5099983215332,37.5099983215332,19400,39.06999969482422,38.65999984741211,37.459110260009766
03-03-2022,37.869998931884766,38.36000061035156,30500,38.70000076293945,38.06999969482422,37.15654754638672
04-03-2022,37.06999969482422,37.79999923706055,17000,38.119998931884766,37.52000045776367,36.619747161865234
07-03-2022,36.79999923706055,37.47999954223633,17800,37.560001373291016,36.869998931884766,35.9853401184082
08-03-2022,36.88999938964844,37.150001525878906,24500,37.58000183105469,37.060001373291016,36.17078399658203
09-03-2022,37.560001373291016,37.560001373291016,20600,38.060001373291016,37.810001373291016,36.90279006958008
10-03-2022,37.36000061035156,37.36000061035156,9300,37.79999923706055,37.77000045776367,36.863746643066406
11-03-2022,37.45000076293945,38.20000076293945,9000,38.20000076293945,37.52999877929688,36.6295051574707
14-03-2022,37.290000915527344,37.290000915527344,16400,37.97999954223633,37.58000183105469,36.67830657958984
15-03-2022,37.20000076293945,37.68000030517578,16800,37.77000045776367,37.43999862670898,36.54166412353516
16-03-2022,37.27999877929688,37.880001068115234,16300,37.959999084472656,37.7400016784668,36.83446502685547
17-03-2022,37.4900016784668,37.619998931884766,12500,37.75,37.59999847412109,36.69782638549805
18-03-2022,36.650001525878906,37.36000061035156,57600,37.68999862670898,37.040000915527344,36.15126800537109
21-03-2022,37.040000915527344,37.04999923706055,23700,37.58000183105469,37.52999877929688,36.6295051574707
22-03-2022,37.540000915527344,37.83000183105469,23800,38.560001373291016,38.0,37.088226318359375
23-03-2022,37.400001525878906,37.63999938964844,37700,37.97999954223633,37.7599983215332,36.85398483276367
24-03-2022,37.060001373291016,37.66999816894531,19700,38.29999923706055,37.58000183105469,36.67830657958984
25-03-2022,37.09000015258789,37.43999862670898,34800,38.79999923706055,38.70000076293945,37.77143096923828
28-03-2022,37.77000045776367,38.38999938964844,22100,38.61000061035156,38.22999954223633,37.31270980834961
29-03-2022,38.119998931884766,38.119998931884766,27000,38.84999847412109,38.470001220703125,37.54695510864258
30-03-2022,37.5,38.70000076293945,28400,38.70000076293945,37.650001525878906,36.74662780761719
31-03-2022,37.20000076293945,37.7599983215332,23000,37.900001525878906,37.68000030517578,36.775909423828125
01-04-2022,37.540000915527344,38.0,15900,38.2400016784668,37.75,36.8442268371582
04-04-2022,37.369998931884766,38.88999938964844,18800,38.88999938964844,37.470001220703125,36.57094955444336
05-04-2022,37.34999847412109,37.34999847412109,23000,37.77000045776367,37.77000045776367,36.863746643066406
06-04-2022,37.36000061035156,37.75,19900,37.900001525878906,37.5099983215332,36.609981536865234
07-04-2022,37.0,37.38999938964844,17900,37.400001525878906,37.29999923706055,36.40502166748047
08-04-2022,36.38999938964844,37.22999954223633,18000,37.22999954223633,36.4900016784668,35.61445999145508
11-04-2022,36.02999877929688,36.40999984741211,11400,36.560001373291016,36.22999954223633,35.360694885253906
12-04-2022,35.77000045776367,36.2400016784668,15300,36.369998931884766,35.88999938964844,35.02885437011719
13-04-2022,35.369998931884766,35.68000030517578,16900,36.0,35.900001525878906,35.03861618041992
14-04-2022,35.849998474121094,35.9900016784668,16600,36.45000076293945,36.209999084472656,35.3411750793457
18-04-2022,35.810001373291016,36.18999862670898,18400,37.0,36.56999969482422,35.69253921508789
19-04-2022,36.459999084472656,36.459999084472656,20800,38.06999969482422,37.310001373291016,36.4147834777832
20-04-2022,37.13999938964844,37.310001373291016,14700,37.70000076293945,37.560001373291016,36.65878677368164
21-04-2022,36.88999938964844,37.810001373291016,15400,37.810001373291016,37.33000183105469,36.434303283691406
22-04-2022,36.310001373291016,37.09000015258789,14600,37.31999969482422,36.560001373291016,35.68278121948242
25-04-2022,35.25,36.54999923706055,19600,36.54999923706055,35.720001220703125,34.86293411254883
26-04-2022,35.5,35.5,21700,36.09999847412109,35.61000061035156,34.75557327270508
27-04-2022,34.97999954223633,35.5,17200,35.79999923706055,34.97999954223633,34.14069366455078
28-04-2022,34.810001373291016,35.529998779296875,15400,35.7400016784668,35.349998474121094,34.501808166503906
29-04-2022,34.61000061035156,35.5,26000,35.5,34.7400016784668,33.90644836425781
02-05-2022,34.529998779296875,34.900001525878906,16400,35.34000015258789,34.810001373291016,33.97476959228516
03-05-2022,34.619998931884766,35.0099983215332,9600,35.34000015258789,35.15999984741211,34.316368103027344
04-05-2022,34.9900016784668,35.04999923706055,10900,35.90999984741211,35.810001373291016,34.95077896118164
05-05-2022,34.810001373291016,35.63999938964844,19400,35.779998779296875,35.33000183105469,34.482295989990234
06-05-2022,34.900001525878906,35.08000183105469,15000,35.599998474121094,35.20000076293945,34.355411529541016
09-05-2022,34.93000030517578,35.0,13500,35.5,35.36000061035156,34.511573791503906
10-05-2022,34.099998474121094,35.2400016784668,19500,35.79999923706055,35.47999954223633,34.628692626953125
11-05-2022,34.880001068115234,35.470001220703125,16500,35.529998779296875,35.18000030517578,34.33589172363281
12-05-2022,34.79999923706055,34.880001068115234,19600,35.2400016784668,35.18000030517578,34.33589172363281
13-05-2022,34.79999923706055,35.20000076293945,15600,35.34000015258789,34.79999923706055,33.96501159667969
16-05-2022,34.5,34.54999923706055,8100,34.75,34.52000045776367,33.69173049926758
17-05-2022,34.70000076293945,34.83000183105469,9900,35.45000076293945,35.209999084472656,34.36517333984375
18-05-2022,34.93000030517578,34.95000076293945,12900,35.119998931884766,34.959999084472656,34.12117004394531
19-05-2022,34.36000061035156,34.849998474121094,29500,35.09000015258789,34.36000061035156,33.53556823730469
20-05-2022,34.060001373291016,34.68000030517578,19700,34.7400016784668,34.560001373291016,33.73076629638672
23-05-2022,34.060001373291016,34.75,8300,35.18000030517578,35.0,34.16020965576172
24-05-2022,34.560001373291016,34.9900016784668,7800,34.9900016784668,34.79999923706055,33.96501159667969
25-05-2022,34.75,35.0,15300,35.25,34.95000076293945,34.111412048339844
26-05-2022,35.2599983215332,35.5,15100,35.849998474121094,35.310001373291016,34.46277618408203
27-05-2022,35.4900016784668,35.59000015258789,10300,35.90999984741211,35.650001525878906,34.79461669921875
31-05-2022,35.369998931884766,35.369998931884766,10800,36.27000045776367,35.61000061035156,34.75557327270508
01-06-2022,35.16999816894531,35.560001373291016,12400,35.560001373291016,35.40999984741211,34.56037521362305
02-06-2022,34.880001068115234,35.25,13000,36.209999084472656,36.209999084472656,35.622859954833984
03-06-2022,35.279998779296875,35.880001068115234,14500,35.880001068115234,35.58000183105469,35.00307846069336
06-06-2022,35.20000076293945,35.59000015258789,13200,35.970001220703125,35.650001525878906,35.07194519042969
07-06-2022,35.439998626708984,35.66999816894531,11300,36.34000015258789,36.0099983215332,35.42610549926758
08-06-2022,35.5099983215332,35.959999084472656,8400,35.959999084472656,35.650001525878906,35.07194519042969
09-06-2022,34.40999984741211,35.349998474121094,19100,36.13999938964844,34.70000076293945,34.13734817504883
10-06-2022,34.150001525878906,34.2400016784668,9200,34.63999938964844,34.220001220703125,33.66512680053711
13-06-2022,32.599998474121094,33.709999084472656,20200,34.20000076293945,33.52000045776367,32.97648239135742
14-06-2022,33.09000015258789,33.79999923706055,10300,33.83000183105469,33.18000030517578,32.64199447631836
15-06-2022,33.54999923706055,33.58000183105469,9700,34.209999084472656,33.79999923706055,33.25193786621094
16-06-2022,32.560001373291016,33.66999816894531,19800,33.810001373291016,33.61000061035156,33.06502151489258
17-06-2022,33.02000045776367,33.959999084472656,40500,34.810001373291016,34.189998626708984,33.635616302490234
21-06-2022,32.61000061035156,34.31999969482422,21400,35.56999969482422,35.029998779296875,34.46199417114258
22-06-2022,34.02000045776367,34.72999954223633,14200,35.38999938964844,35.08000183105469,34.51118469238281
23-06-2022,34.27000045776367,35.20000076293945,22900,35.619998931884766,34.41999816894531,33.86188507080078
24-06-2022,34.47999954223633,34.720001220703125,49800,35.220001220703125,34.97999954223633,34.41280746459961
27-06-2022,34.099998474121094,35.119998931884766,13400,35.119998931884766,34.86000061035156,34.29475402832031
28-06-2022,34.11000061035156,34.95000076293945,8200,35.040000915527344,34.119998931884766,33.566749572753906
29-06-2022,33.630001068115234,34.400001525878906,15600,34.7400016784668,34.560001373291016,33.99961471557617
30-06-2022,34.06999969482422,34.06999969482422,11500,34.79999923706055,34.61000061035156,34.048805236816406
01-07-2022,34.150001525878906,34.31999969482422,5700,34.7400016784668,34.65999984741211,34.097991943359375
05-07-2022,34.06999969482422,34.40999984741211,12400,34.7599983215332,34.7599983215332,34.19636917114258
06-07-2022,34.02000045776367,34.61000061035156,7900,34.95000076293945,34.220001220703125,33.66512680053711
07-07-2022,34.13999938964844,34.529998779296875,12200,34.540000915527344,34.15999984741211,33.606101989746094
08-07-2022,34.0099983215332,34.0099983215332,4800,34.599998474121094,34.40999984741211,33.852046966552734
11-07-2022,34.2400016784668,34.2400016784668,6900,34.54999923706055,34.33000183105469,33.773345947265625
12-07-2022,34.2599983215332,34.369998931884766,6400,34.599998474121094,34.2599983215332,33.7044792175293
13-07-2022,33.63999938964844,34.0099983215332,7300,34.130001068115234,34.0099983215332,33.458534240722656
14-07-2022,33.439998626708984,33.720001220703125,9300,33.959999084472656,33.83000183105469,33.281455993652344
15-07-2022,34.029998779296875,34.09000015258789,12400,34.7400016784668,34.709999084472656,34.14718246459961
18-07-2022,34.689998626708984,34.900001525878906,11500,35.13999938964844,34.75,34.1865348815918
19-07-2022,35.08000183105469,35.08000183105469,7300,35.7400016784668,35.599998474121094,35.02275085449219
20-07-2022,35.779998779296875,35.779998779296875,14700,36.41999816894531,36.119998931884766,35.53431701660156
21-07-2022,35.79999923706055,36.380001068115234,8200,36.380001068115234,35.9900016784668,35.40643310546875
22-07-2022,35.220001220703125,36.0,7600,36.0,35.279998779296875,34.70793914794922
25-07-2022,34.029998779296875,35.779998779296875,31300,35.790000915527344,34.65999984741211,34.097991943359375
26-07-2022,34.56999969482422,34.58000183105469,23600,35.189998626708984,35.04999923706055,34.48167037963867
27-07-2022,34.709999084472656,34.97999954223633,15900,35.65999984741211,35.529998779296875,34.95388412475586
28-07-2022,35.33000183105469,35.59000015258789,4900,35.689998626708984,35.45000076293945,34.875186920166016
29-07-2022,35.68000030517578,36.02999877929688,12700,36.4900016784668,36.290000915527344,35.70156478881836
01-08-2022,35.72999954223633,36.16999816894531,9200,36.5,35.77000045776367,35.18999481201172
02-08-2022,35.189998626708984,35.84000015258789,5900,35.849998474121094,35.43000030517578,34.855506896972656
03-08-2022,35.16999816894531,35.83000183105469,8300,35.83000183105469,35.16999816894531,34.5997200012207
04-08-2022,34.65999984741211,35.619998931884766,19100,35.619998931884766,35.029998779296875,34.46199417114258
05-08-2022,34.63999938964844,35.11000061035156,16600,35.220001220703125,34.849998474121094,34.284912109375
08-08-2022,34.7599983215332,35.060001373291016,12900,35.16999816894531,34.849998474121094,34.284912109375
09-08-2022,34.790000915527344,35.119998931884766,14100,35.15999984741211,34.81999969482422,34.25539779663086
10-08-2022,34.45000076293945,35.189998626708984,22400,35.439998626708984,34.560001373291016,33.99961471557617
11-08-2022,34.470001220703125,34.93000030517578,24300,35.38999938964844,35.0,34.43247985839844
12-08-2022,34.52000045776367,35.209999084472656,30900,35.58000183105469,35.56999969482422,34.99324035644531
15-08-2022,34.61000061035156,35.380001068115234,19700,35.7400016784668,35.58000183105469,35.00307846069336
16-08-2022,35.25,35.529998779296875,15500,36.09000015258789,35.88999938964844,35.308048248291016
17-08-2022,35.58000183105469,35.58000183105469,11500,36.150001525878906,35.90999984741211,35.327728271484375
18-08-2022,35.689998626708984,35.709999084472656,11200,36.02000045776367,36.0099983215332,35.42610549926758
19-08-2022,35.16999816894531,35.66999816894531,9200,35.66999816894531,35.16999816894531,34.5997200012207
22-08-2022,34.720001220703125,34.97999954223633,10600,35.4900016784668,34.720001220703125,34.15702438354492
23-08-2022,34.40999984741211,34.939998626708984,7900,34.939998626708984,34.40999984741211,33.852046966552734
24-08-2022,34.029998779296875,34.2599983215332,9000,34.38999938964844,34.38999938964844,33.83237075805664
25-08-2022,34.38999938964844,34.38999938964844,8200,34.7400016784668,34.599998474121094,34.03896713256836
26-08-2022,33.7599983215332,34.599998474121094,11400,34.599998474121094,33.81999969482422,33.27161407470703
29-08-2022,33.470001220703125,33.63999938964844,7300,33.93000030517578,33.560001373291016,33.015830993652344
30-08-2022,33.040000915527344,33.09000015258789,9000,33.400001525878906,33.34000015258789,32.799400329589844
31-08-2022,32.93000030517578,33.38999938964844,11500,33.7400016784668,32.93000030517578,32.39604568481445
01-09-2022,31.920000076293945,32.33000183105469,13100,32.56999969482422,32.540000915527344,32.286903381347656
02-09-2022,32.119998931884766,32.83000183105469,13700,33.09000015258789,32.2599983215332,32.00907897949219
06-09-2022,31.6200008392334,32.220001220703125,8300,32.369998931884766,31.86000061035156,31.612192153930664
07-09-2022,32.45000076293945,32.45000076293945,16000,32.91999816894531,32.7400016784668,32.485347747802734
08-09-2022,32.36000061035156,32.36000061035156,9700,33.0099983215332,33.0099983215332,32.75324630737305
09-09-2022,32.58000183105469,32.58000183105469,18000,33.650001525878906,33.560001373291016,33.29896926879883
12-09-2022,33.13999938964844,33.40999984741211,8300,33.630001068115234,33.13999938964844,32.88223648071289
13-09-2022,32.400001525878906,32.400001525878906,14100,32.97999954223633,32.75,32.495269775390625
14-09-2022,32.56999969482422,32.900001525878906,20500,33.150001525878906,32.959999084472656,32.703636169433594
15-09-2022,32.77000045776367,32.959999084472656,19000,33.349998474121094,33.099998474121094,32.84254455566406
16-09-2022,32.81999969482422,32.970001220703125,36200,34.810001373291016,34.189998626708984,33.924068450927734
19-09-2022,33.81999969482422,33.95000076293945,14000,34.849998474121094,34.060001373291016,33.79508209228516
20-09-2022,33.689998626708984,33.81999969482422,9500,34.2400016784668,33.83000183105469,33.566871643066406
21-09-2022,33.150001525878906,34.0099983215332,20400,34.0099983215332,33.369998931884766,33.11044692993164
22-09-2022,32.34000015258789,33.33000183105469,8600,33.33000183105469,33.150001525878906,32.89215850830078
23-09-2022,32.38999938964844,32.869998931884766,9700,32.869998931884766,32.70000076293945,32.44565963745117
26-09-2022,32.02000045776367,32.41999816894531,8600,32.720001220703125,32.52000045776367,32.267059326171875
27-09-2022,32.0,32.63999938964844,10300,32.709999084472656,32.0099983215332,31.761022567749023
28-09-2022,32.0,32.18000030517578,13800,33.06999969482422,32.220001220703125,31.969392776489254
29-09-2022,32.0,32.22999954223633,16700,32.599998474121094,32.33000183105469,32.07853698730469
30-09-2022,31.850000381469727,32.5,19900,32.66999816894531,31.950000762939453,31.701492309570312
03-10-2022,32.04999923706055,32.06999969482422,15400,32.849998474121094,32.849998474121094,32.59449005126953
04-10-2022,33.0,33.0,7800,33.619998931884766,33.470001220703125,33.20967102050781
05-10-2022,32.65999984741211,33.29999923706055,12600,33.41999816894531,33.099998474121094,32.84254455566406
06-10-2022,33.0099983215332,33.16999816894531,9200,33.29999923706055,33.20000076293945,32.941768646240234
07-10-2022,32.970001220703125,33.20000076293945,13200,33.43000030517578,33.209999084472656,32.951690673828125
10-10-2022,33.29999923706055,33.29999923706055,6500,33.849998474121094,33.56999969482422,33.30889129638672
11-10-2022,33.380001068115234,33.47999954223633,10600,33.959999084472656,33.40999984741211,33.1501350402832
12-10-2022,32.63999938964844,33.63999938964844,15500,33.650001525878906,33.0,32.74332427978516
13-10-2022,32.7400016784668,32.7400016784668,11500,34.900001525878906,34.900001525878906,34.62854766845703
14-10-2022,33.5099983215332,34.93000030517578,10200,34.959999084472656,34.220001220703125,33.953834533691406
17-10-2022,33.59000015258789,34.439998626708984,21700,34.900001525878906,34.70000076293945,34.43010330200195
18-10-2022,34.15999984741211,34.86000061035156,16400,35.470001220703125,34.52000045776367,34.251502990722656
19-10-2022,34.0,34.16999816894531,10100,34.70000076293945,34.439998626708984,34.172122955322266
20-10-2022,33.209999084472656,33.209999084472656,7300,33.720001220703125,33.529998779296875,33.26919937133789
21-10-2022,33.619998931884766,33.83000183105469,13400,34.900001525878906,34.79999923706055,34.52932357788086
24-10-2022,34.599998474121094,34.689998626708984,5000,35.18000030517578,35.18000030517578,34.906368255615234
25-10-2022,34.61000061035156,35.45000076293945,13200,35.790000915527344,35.27000045776367,34.99567031860352
26-10-2022,35.220001220703125,35.27000045776367,9100,35.650001525878906,35.220001220703125,34.94606018066406
27-10-2022,35.43000030517578,35.47999954223633,9600,36.38999938964844,35.56999969482422,35.2933349609375
28-10-2022,35.0,35.84000015258789,21700,36.68000030517578,36.68000030517578,36.39470291137695
31-10-2022,34.95000076293945,36.380001068115234,23800,37.41999816894531,36.56999969482422,36.28555679321289
01-11-2022,36.540000915527344,36.75,7700,37.25,37.150001525878906,36.86104583740234
02-11-2022,36.90999984741211,37.02999877929688,18900,37.88999938964844,37.41999816894531,37.128944396972656
03-11-2022,36.790000915527344,37.31999969482422,8900,37.31999969482422,37.27999877929688,36.99003219604492
04-11-2022,36.75,37.38999938964844,13300,37.900001525878906,37.75,37.45637893676758
07-11-2022,37.560001373291016,37.79999923706055,5700,37.970001220703125,37.68000030517578,37.38692474365234
08-11-2022,37.16999816894531,37.63999938964844,14800,38.08000183105469,37.34999847412109,37.05949020385742
09-11-2022,37.0,37.34999847412109,7100,37.41999816894531,37.0099983215332,36.72213363647461
10-11-2022,37.5,37.630001068115234,26000,38.4900016784668,38.34000015258789,38.04179000854492
11-11-2022,37.45000076293945,38.20000076293945,10800,38.2599983215332,37.45000076293945,37.1587142944336
14-11-2022,37.09999847412109,37.369998931884766,6900,37.9900016784668,37.09999847412109,36.811431884765625
15-11-2022,37.29999923706055,37.29999923706055,11000,38.27000045776367,38.16999816894531,37.87311172485352
16-11-2022,37.880001068115234,38.45000076293945,13100,38.45000076293945,38.209999084472656,37.91279983520508
17-11-2022,38.2599983215332,38.2599983215332,6700,38.5,38.5,38.20054626464844
18-11-2022,38.09999847412109,38.5,14000,38.5,38.220001220703125,37.92272567749024
21-11-2022,37.38999938964844,38.0,29800,38.7400016784668,38.02999877929688,37.73419952392578
22-11-2022,38.369998931884766,38.400001525878906,12200,38.83000183105469,38.68000030517578,38.37914657592773
23-11-2022,37.5099983215332,38.65999984741211,11700,38.70000076293945,38.20000076293945,37.90287780761719
25-11-2022,38.02000045776367,38.15999984741211,1700,38.15999984741211,38.02000045776367,37.72427749633789
28-11-2022,36.540000915527344,37.880001068115234,9500,38.77999877929688,37.18000030517578,36.890811920166016
29-11-2022,36.54999923706055,36.91999816894531,14200,37.61000061035156,37.2599983215332,36.97018814086914
30-11-2022,37.290000915527344,37.38999938964844,11700,38.59000015258789,38.56999969482422,38.27000045776367
01-12-2022,38.119998931884766,38.459999084472656,14600,38.77999877929688,38.720001220703125,38.720001220703125
02-12-2022,38.09999847412109,38.40999984741211,12100,38.79999923706055,38.52999877929688,38.52999877929688
05-12-2022,37.040000915527344,38.4900016784668,14600,38.5,37.220001220703125,37.220001220703125
06-12-2022,36.970001220703125,37.18999862670898,27200,37.70000076293945,37.400001525878906,37.400001525878906
07-12-2022,36.70000076293945,37.25,9700,37.41999816894531,36.79999923706055,36.79999923706055
08-12-2022,36.47999954223633,37.27000045776367,7400,37.27000045776367,37.2400016784668,37.2400016784668
09-12-2022,37.040000915527344,37.18000030517578,8700,37.45000076293945,37.33000183105469,37.33000183105469
12-12-2022,37.03730010986328,37.18000030517578,614,37.45000076293945,37.33000183105469,37.33000183105469
