Date,Low,Open,Volume,High,Close,Adjusted_Close
25-01-2013,27.5,27.75,9225700,28.940000534057617,28.31999969482422,28.31999969482422
28-01-2013,27.899999618530277,28.420000076293945,728700,28.6200008392334,28.25,28.25
29-01-2013,27.81999969482422,28.0,387700,28.81999969482422,28.75,28.75
30-01-2013,28.31999969482422,29.0,122300,29.0,28.6299991607666,28.6299991607666
31-01-2013,27.5,28.46999931335449,274500,28.6200008392334,28.0,28.0
01-02-2013,27.799999237060547,28.200000762939453,108600,28.6299991607666,28.299999237060547,28.299999237060547
04-02-2013,27.559999465942383,28.31999969482422,194700,28.670000076293945,28.040000915527344,28.040000915527344
05-02-2013,27.5,28.07999992370605,255800,28.299999237060547,27.86000061035156,27.86000061035156
06-02-2013,27.5,27.549999237060547,117300,27.649999618530277,27.5,27.5
07-02-2013,27.5,27.5,135200,28.899999618530277,28.5,28.5
08-02-2013,28.100000381469727,28.38999938964844,99800,29.790000915527344,29.5,29.5
11-02-2013,29.100000381469727,29.309999465942383,223800,30.96999931335449,30.15999984741211,30.15999984741211
12-02-2013,29.209999084472656,31.5,239900,31.5,29.25,29.25
13-02-2013,28.88999938964844,29.25,32600,29.299999237060547,29.01000022888184,29.01000022888184
14-02-2013,28.479999542236328,29.21999931335449,55900,29.479999542236328,28.700000762939453,28.700000762939453
15-02-2013,28.209999084472656,29.700000762939453,253400,29.989999771118164,28.59000015258789,28.59000015258789
19-02-2013,27.950000762939453,28.290000915527344,354100,28.96999931335449,28.549999237060547,28.549999237060547
20-02-2013,28.31999969482422,28.40999984741211,31600,29.75,29.09000015258789,29.09000015258789
21-02-2013,27.799999237060547,28.950000762939453,124300,28.950000762939453,28.350000381469727,28.350000381469727
22-02-2013,28.059999465942383,28.350000381469727,182000,28.350000381469727,28.18000030517578,28.18000030517578
25-02-2013,27.88999938964844,28.46999931335449,100400,28.46999931335449,28.0,28.0
26-02-2013,27.96999931335449,28.3799991607666,97200,28.3799991607666,27.979999542236328,27.979999542236328
27-02-2013,27.88999938964844,28.06999969482422,59900,28.06999969482422,27.96999931335449,27.96999931335449
28-02-2013,27.899999618530277,27.979999542236328,31400,28.049999237060547,27.959999084472656,27.959999084472656
01-03-2013,27.86000061035156,27.86000061035156,43700,28.020000457763672,27.989999771118164,27.989999771118164
04-03-2013,27.959999084472656,27.989999771118164,51400,28.059999465942383,28.0,28.0
05-03-2013,27.530000686645508,28.049999237060547,236300,29.549999237060547,28.350000381469727,28.350000381469727
06-03-2013,27.81999969482422,28.350000381469727,84300,28.479999542236328,28.030000686645508,28.030000686645508
07-03-2013,27.6200008392334,28.030000686645508,122800,28.25,27.950000762939453,27.950000762939453
08-03-2013,27.65999984741211,27.93000030517578,116800,28.51000022888184,28.07999992370605,28.07999992370605
11-03-2013,28.0,28.07999992370605,210000,29.25,28.989999771118164,28.989999771118164
12-03-2013,28.770000457763672,29.13999938964844,170800,30.8799991607666,30.559999465942383,30.559999465942383
13-03-2013,29.440000534057617,30.739999771118164,202800,31.43000030517578,30.0,30.0
14-03-2013,30.13999938964844,30.5,515500,33.4900016784668,33.040000915527344,33.040000915527344
15-03-2013,32.040000915527344,33.09000015258789,430500,33.380001068115234,32.150001525878906,32.150001525878906
18-03-2013,31.549999237060547,32.11000061035156,228100,33.849998474121094,32.790000915527344,32.790000915527344
19-03-2013,32.34000015258789,32.900001525878906,54900,33.95000076293945,33.66999816894531,33.66999816894531
20-03-2013,33.90999984741211,33.90999984741211,86000,35.130001068115234,34.7599983215332,34.7599983215332
21-03-2013,32.88999938964844,33.25,418100,36.18999862670898,35.5099983215332,35.5099983215332
22-03-2013,34.65999984741211,35.97999954223633,126800,36.2599983215332,34.849998474121094,34.849998474121094
25-03-2013,34.11000061035156,35.54999923706055,190200,35.959999084472656,34.5,34.5
26-03-2013,33.38999938964844,34.22999954223633,252400,34.560001373291016,34.380001068115234,34.380001068115234
27-03-2013,32.880001068115234,34.099998474121094,204400,34.099998474121094,33.650001525878906,33.650001525878906
28-03-2013,32.5,33.4900016784668,1195900,34.040000915527344,33.790000915527344,33.790000915527344
01-04-2013,33.08000183105469,33.790000915527344,196700,33.9900016784668,33.41999816894531,33.41999816894531
02-04-2013,32.93000030517578,33.619998931884766,145600,33.70000076293945,33.060001373291016,33.060001373291016
03-04-2013,32.0,33.150001525878906,146400,33.15999984741211,32.65999984741211,32.65999984741211
04-04-2013,32.650001525878906,32.779998779296875,177000,33.66999816894531,33.65999984741211,33.65999984741211
05-04-2013,32.77000045776367,33.2400016784668,118500,33.45000076293945,32.88999938964844,32.88999938964844
08-04-2013,32.54999923706055,33.029998779296875,33100,33.56999969482422,33.56999969482422,33.56999969482422
09-04-2013,32.27000045776367,33.54999923706055,68100,33.54999923706055,32.97999954223633,32.97999954223633
10-04-2013,32.68000030517578,32.95000076293945,187600,33.68000030517578,33.2400016784668,33.2400016784668
11-04-2013,32.619998931884766,33.2400016784668,84200,33.709999084472656,33.349998474121094,33.349998474121094
12-04-2013,33.189998626708984,33.310001373291016,134400,34.04999923706055,33.810001373291016,33.810001373291016
15-04-2013,32.36000061035156,33.58000183105469,106400,33.619998931884766,32.709999084472656,32.709999084472656
16-04-2013,32.689998626708984,33.04999923706055,285900,33.95000076293945,33.400001525878906,33.400001525878906
17-04-2013,32.709999084472656,33.59000015258789,217600,33.65999984741211,32.95000076293945,32.95000076293945
18-04-2013,32.86000061035156,32.93000030517578,170900,33.20000076293945,32.95000076293945,32.95000076293945
19-04-2013,32.56999969482422,32.9900016784668,59100,33.439998626708984,33.029998779296875,33.029998779296875
22-04-2013,32.130001068115234,33.130001068115234,68300,33.279998779296875,32.29999923706055,32.29999923706055
23-04-2013,31.88999938964844,32.380001068115234,191600,33.41999816894531,33.40999984741211,33.40999984741211
24-04-2013,32.41999816894531,33.290000915527344,51700,33.290000915527344,32.959999084472656,32.959999084472656
25-04-2013,32.369998931884766,32.970001220703125,38000,33.11000061035156,33.02000045776367,33.02000045776367
26-04-2013,31.739999771118164,33.0099983215332,75600,33.0099983215332,32.5,32.5
29-04-2013,32.439998626708984,32.63999938964844,117100,33.2400016784668,32.540000915527344,32.540000915527344
30-04-2013,32.0099983215332,32.41999816894531,83500,32.77000045776367,32.439998626708984,32.439998626708984
01-05-2013,31.51000022888184,32.400001525878906,92200,32.5,31.65999984741211,31.65999984741211
02-05-2013,31.6200008392334,31.76000022888184,218300,33.0,32.43000030517578,32.43000030517578
03-05-2013,32.279998779296875,32.720001220703125,247400,33.56999969482422,33.09000015258789,33.09000015258789
06-05-2013,32.650001525878906,33.189998626708984,98200,33.79999923706055,33.06999969482422,33.06999969482422
07-05-2013,32.810001373291016,33.060001373291016,162600,34.209999084472656,33.849998474121094,33.849998474121094
08-05-2013,33.61000061035156,33.61000061035156,78200,34.83000183105469,34.68000030517578,34.68000030517578
09-05-2013,34.18000030517578,34.599998474121094,121700,34.9900016784668,34.439998626708984,34.439998626708984
10-05-2013,33.650001525878906,34.279998779296875,111400,34.75,33.93000030517578,33.93000030517578
13-05-2013,33.22999954223633,33.630001068115234,108100,33.849998474121094,33.61000061035156,33.61000061035156
14-05-2013,33.5099983215332,33.5099983215332,67200,34.29999923706055,33.79999923706055,33.79999923706055
15-05-2013,33.630001068115234,33.70000076293945,67600,33.900001525878906,33.709999084472656,33.709999084472656
16-05-2013,33.619998931884766,33.720001220703125,81100,34.0099983215332,33.90999984741211,33.90999984741211
17-05-2013,33.75,33.959999084472656,106800,34.0,33.970001220703125,33.970001220703125
20-05-2013,33.61000061035156,33.93000030517578,184600,34.34000015258789,34.310001373291016,34.310001373291016
21-05-2013,34.2400016784668,34.2400016784668,95200,35.72999954223633,35.150001525878906,35.150001525878906
22-05-2013,34.5,35.06999969482422,71900,35.7400016784668,34.959999084472656,34.959999084472656
23-05-2013,33.540000915527344,34.65999984741211,80300,34.779998779296875,34.2599983215332,34.2599983215332
24-05-2013,33.2400016784668,34.189998626708984,54200,34.7599983215332,34.56999969482422,34.56999969482422
28-05-2013,34.38999938964844,34.79999923706055,77500,35.72999954223633,35.47999954223633,35.47999954223633
29-05-2013,34.7599983215332,35.400001525878906,79900,35.4900016784668,35.369998931884766,35.369998931884766
30-05-2013,35.7400016784668,35.7400016784668,252400,38.16999816894531,38.150001525878906,38.150001525878906
31-05-2013,35.880001068115234,38.06999969482422,211400,38.38999938964844,36.04999923706055,36.04999923706055
03-06-2013,34.04999923706055,36.16999816894531,144800,36.16999816894531,35.150001525878906,35.150001525878906
04-06-2013,34.52000045776367,35.27000045776367,94000,36.31999969482422,34.90999984741211,34.90999984741211
05-06-2013,34.58000183105469,34.970001220703125,73600,35.470001220703125,34.79999923706055,34.79999923706055
06-06-2013,34.70000076293945,34.849998474121094,39800,35.540000915527344,35.4900016784668,35.4900016784668
07-06-2013,35.939998626708984,35.9900016784668,54000,36.630001068115234,36.09999847412109,36.09999847412109
10-06-2013,35.56999969482422,35.56999969482422,50600,36.810001373291016,36.4900016784668,36.4900016784668
11-06-2013,34.349998474121094,35.790000915527344,116300,35.790000915527344,34.43000030517578,34.43000030517578
12-06-2013,32.869998931884766,34.439998626708984,358900,34.439998626708984,33.04999923706055,33.04999923706055
13-06-2013,32.75,33.45000076293945,3786500,33.54999923706055,33.5,33.5
14-06-2013,32.790000915527344,33.529998779296875,224700,33.529998779296875,33.18000030517578,33.18000030517578
17-06-2013,33.25,33.369998931884766,132800,33.689998626708984,33.2599983215332,33.2599983215332
18-06-2013,33.290000915527344,33.310001373291016,301000,34.06999969482422,34.0099983215332,34.0099983215332
19-06-2013,33.5,34.04999923706055,113900,34.08000183105469,33.59000015258789,33.59000015258789
20-06-2013,32.08000183105469,33.11000061035156,267800,33.27000045776367,32.369998931884766,32.369998931884766
21-06-2013,31.520000457763672,32.459999084472656,334500,32.650001525878906,31.63999938964844,31.63999938964844
24-06-2013,30.350000381469727,31.299999237060547,445800,32.33000183105469,31.899999618530277,31.899999618530277
25-06-2013,31.799999237060547,32.13999938964844,276000,32.619998931884766,32.29999923706055,32.29999923706055
26-06-2013,32.630001068115234,32.630001068115234,112000,33.7400016784668,33.689998626708984,33.689998626708984
27-06-2013,33.790000915527344,33.790000915527344,203200,34.970001220703125,34.11000061035156,34.11000061035156
28-06-2013,33.20000076293945,33.849998474121094,687900,35.029998779296875,34.709999084472656,34.709999084472656
01-07-2013,33.41999816894531,34.619998931884766,294700,34.619998931884766,33.4900016784668,33.4900016784668
02-07-2013,32.880001068115234,33.529998779296875,284900,33.61000061035156,33.20000076293945,33.20000076293945
03-07-2013,33.06999969482422,33.119998931884766,90800,33.47999954223633,33.439998626708984,33.439998626708984
05-07-2013,33.209999084472656,33.77000045776367,75800,34.04999923706055,34.040000915527344,34.040000915527344
08-07-2013,33.880001068115234,34.2599983215332,101400,34.2599983215332,34.09000015258789,34.09000015258789
09-07-2013,33.72999954223633,34.33000183105469,134900,34.439998626708984,33.79999923706055,33.79999923706055
10-07-2013,33.65999984741211,33.83000183105469,70700,34.779998779296875,34.77000045776367,34.77000045776367
11-07-2013,34.220001220703125,35.060001373291016,194700,35.060001373291016,34.77000045776367,34.77000045776367
12-07-2013,34.41999816894531,34.709999084472656,52900,35.099998474121094,34.869998931884766,34.869998931884766
15-07-2013,34.599998474121094,34.86000061035156,40200,35.040000915527344,35.0099983215332,35.0099983215332
16-07-2013,34.59000015258789,34.93000030517578,109800,34.9900016784668,34.93000030517578,34.93000030517578
17-07-2013,34.79999923706055,35.0,85100,35.83000183105469,35.0099983215332,35.0099983215332
18-07-2013,35.06999969482422,35.06999969482422,78700,35.88999938964844,35.4900016784668,35.4900016784668
19-07-2013,35.0099983215332,35.540000915527344,152100,35.77000045776367,35.189998626708984,35.189998626708984
22-07-2013,35.119998931884766,35.36000061035156,213700,35.77000045776367,35.34000015258789,35.34000015258789
23-07-2013,34.7400016784668,35.310001373291016,128700,35.599998474121094,35.04999923706055,35.04999923706055
24-07-2013,35.06999969482422,35.220001220703125,63500,35.900001525878906,35.349998474121094,35.349998474121094
25-07-2013,35.150001525878906,35.369998931884766,101700,36.119998931884766,35.93000030517578,35.93000030517578
26-07-2013,34.599998474121094,35.59000015258789,44600,35.59000015258789,35.4900016784668,35.4900016784668
29-07-2013,35.33000183105469,35.33000183105469,27300,35.630001068115234,35.4900016784668,35.4900016784668
30-07-2013,35.29999923706055,35.720001220703125,19900,35.810001373291016,35.7599983215332,35.7599983215332
31-07-2013,34.95000076293945,35.7599983215332,56500,35.7599983215332,35.40999984741211,35.40999984741211
01-08-2013,35.0,35.619998931884766,78500,35.97999954223633,35.939998626708984,35.939998626708984
02-08-2013,35.5099983215332,35.86000061035156,27600,35.86000061035156,35.79999923706055,35.79999923706055
05-08-2013,35.79999923706055,35.79999923706055,44300,36.68999862670898,36.630001068115234,36.630001068115234
06-08-2013,35.79999923706055,36.619998931884766,48300,36.70000076293945,36.560001373291016,36.560001373291016
07-08-2013,36.290000915527344,36.47999954223633,32600,36.75,36.720001220703125,36.720001220703125
08-08-2013,36.290000915527344,36.959999084472656,82600,36.959999084472656,36.7599983215332,36.7599983215332
09-08-2013,35.02000045776367,37.0099983215332,192400,37.400001525878906,36.54999923706055,36.54999923706055
12-08-2013,35.65999984741211,36.5099983215332,72800,36.93999862670898,36.369998931884766,36.369998931884766
13-08-2013,36.34000015258789,36.43999862670898,54900,37.11000061035156,37.060001373291016,37.060001373291016
14-08-2013,36.27999877929688,37.0,68300,37.0,36.7400016784668,36.7400016784668
15-08-2013,35.7400016784668,36.68000030517578,49500,36.68000030517578,35.900001525878906,35.900001525878906
16-08-2013,34.25,35.68000030517578,98400,36.2400016784668,35.540000915527344,35.540000915527344
19-08-2013,35.130001068115234,35.45000076293945,196900,35.95000076293945,35.70000076293945,35.70000076293945
20-08-2013,35.29999923706055,35.529998779296875,91300,36.41999816894531,36.11000061035156,36.11000061035156
21-08-2013,36.0,36.09000015258789,40600,36.91999816894531,36.5099983215332,36.5099983215332
22-08-2013,36.47999954223633,36.630001068115234,50000,36.869998931884766,36.790000915527344,36.790000915527344
23-08-2013,36.29999923706055,36.790000915527344,70100,36.84999847412109,36.790000915527344,36.790000915527344
26-08-2013,36.52999877929688,36.63999938964844,163900,37.22999954223633,37.0,37.0
27-08-2013,36.220001220703125,36.61000061035156,42200,36.97999954223633,36.380001068115234,36.380001068115234
28-08-2013,36.15999984741211,36.400001525878906,35000,36.650001525878906,36.2599983215332,36.2599983215332
29-08-2013,35.709999084472656,36.09000015258789,16700,36.90999984741211,36.43000030517578,36.43000030517578
30-08-2013,36.220001220703125,36.40999984741211,48000,36.59999847412109,36.40999984741211,36.40999984741211
03-09-2013,35.88999938964844,36.7599983215332,124500,36.7599983215332,36.25,36.25
04-09-2013,36.0,36.369998931884766,25900,37.0,36.88999938964844,36.88999938964844
05-09-2013,36.43000030517578,36.900001525878906,18400,36.91999816894531,36.709999084472656,36.709999084472656
06-09-2013,35.970001220703125,36.88999938964844,50600,36.88999938964844,36.18999862670898,36.18999862670898
09-09-2013,36.0,36.220001220703125,67300,36.5,36.220001220703125,36.220001220703125
10-09-2013,36.2400016784668,36.29999923706055,53900,36.790000915527344,36.72999954223633,36.72999954223633
11-09-2013,36.040000915527344,36.75,269400,36.79999923706055,36.70000076293945,36.70000076293945
12-09-2013,36.56999969482422,36.70000076293945,85700,37.02000045776367,37.0,37.0
13-09-2013,36.47999954223633,37.0,113500,37.0099983215332,36.77999877929688,36.77999877929688
16-09-2013,36.290000915527344,37.0,42200,37.0,36.560001373291016,36.560001373291016
17-09-2013,35.869998931884766,36.5,79500,37.0,36.68000030517578,36.68000030517578
18-09-2013,36.40999984741211,36.709999084472656,41500,37.0,36.810001373291016,36.810001373291016
19-09-2013,36.470001220703125,37.0,104000,37.0,36.75,36.75
20-09-2013,36.290000915527344,36.869998931884766,175200,36.97999954223633,36.369998931884766,36.369998931884766
23-09-2013,36.119998931884766,36.369998931884766,245000,36.959999084472656,36.709999084472656,36.709999084472656
24-09-2013,36.0,36.77999877929688,162000,37.0,36.83000183105469,36.83000183105469
25-09-2013,36.43999862670898,36.86000061035156,56000,37.15999984741211,37.0,37.0
26-09-2013,36.459999084472656,36.56999969482422,82200,37.220001220703125,36.63999938964844,36.63999938964844
27-09-2013,35.63999938964844,36.52999877929688,134200,36.83000183105469,36.20000076293945,36.20000076293945
30-09-2013,35.369998931884766,36.0099983215332,77500,36.02000045776367,35.83000183105469,35.83000183105469
01-10-2013,35.61000061035156,35.7599983215332,97000,36.369998931884766,36.02000045776367,36.02000045776367
02-10-2013,35.5099983215332,36.11000061035156,50700,36.11000061035156,35.7400016784668,35.7400016784668
03-10-2013,34.72999954223633,35.29999923706055,76800,35.58000183105469,35.33000183105469,35.33000183105469
04-10-2013,35.04999923706055,35.2400016784668,140500,37.18999862670898,36.4900016784668,36.4900016784668
07-10-2013,35.150001525878906,36.20000076293945,66900,36.77999877929688,35.349998474121094,35.349998474121094
08-10-2013,34.20000076293945,35.25,96400,35.58000183105469,34.220001220703125,34.220001220703125
09-10-2013,33.90999984741211,34.189998626708984,61900,34.779998779296875,34.61000061035156,34.61000061035156
10-10-2013,34.310001373291016,34.959999084472656,70700,35.97999954223633,35.91999816894531,35.91999816894531
11-10-2013,35.369998931884766,35.91999816894531,65500,36.43000030517578,36.38999938964844,36.38999938964844
14-10-2013,35.18000030517578,36.09000015258789,34000,36.40999984741211,36.40999984741211,36.40999984741211
15-10-2013,36.290000915527344,36.54999923706055,24600,36.56999969482422,36.31999969482422,36.31999969482422
16-10-2013,36.16999816894531,36.43000030517578,34200,36.63999938964844,36.27999877929688,36.27999877929688
17-10-2013,36.25,36.25,62700,36.810001373291016,36.68999862670898,36.68999862670898
18-10-2013,35.25,37.04999923706055,41600,37.04999923706055,36.810001373291016,36.810001373291016
21-10-2013,36.380001068115234,36.77000045776367,65500,36.84000015258789,36.68000030517578,36.68000030517578
22-10-2013,36.34999847412109,36.720001220703125,67300,36.720001220703125,36.47999954223633,36.47999954223633
23-10-2013,36.38999938964844,36.38999938964844,122200,36.77999877929688,36.45000076293945,36.45000076293945
24-10-2013,36.38999938964844,36.59999847412109,65800,36.68999862670898,36.4900016784668,36.4900016784668
25-10-2013,36.400001525878906,36.70000076293945,51600,37.75,37.75,37.75
28-10-2013,36.79999923706055,37.709999084472656,34400,37.75,37.75,37.75
29-10-2013,36.91999816894531,37.75,65200,37.75,37.08000183105469,37.08000183105469
30-10-2013,36.77999877929688,37.220001220703125,74600,37.709999084472656,37.59000015258789,37.59000015258789
31-10-2013,36.95000076293945,37.47999954223633,25000,37.47999954223633,37.25,37.25
01-11-2013,36.88999938964844,37.16999816894531,84300,37.43999862670898,37.16999816894531,37.16999816894531
04-11-2013,37.27999877929688,37.27999877929688,66700,37.95000076293945,37.75,37.75
05-11-2013,37.09000015258789,37.619998931884766,45800,37.97999954223633,37.75,37.75
06-11-2013,37.58000183105469,37.9900016784668,76500,37.9900016784668,37.68000030517578,37.68000030517578
07-11-2013,37.22999954223633,37.5,46600,37.720001220703125,37.619998931884766,37.619998931884766
08-11-2013,36.25,37.56999969482422,241100,37.77000045776367,36.380001068115234,36.380001068115234
11-11-2013,35.060001373291016,36.22999954223633,27900,36.22999954223633,35.36000061035156,35.36000061035156
12-11-2013,34.290000915527344,35.16999816894531,77000,35.5,35.20000076293945,35.20000076293945
13-11-2013,34.5,34.900001525878906,23700,35.34000015258789,35.34000015258789,35.34000015258789
14-11-2013,36.0,36.0,50100,36.97999954223633,36.27999877929688,36.27999877929688
15-11-2013,36.0099983215332,36.41999816894531,36800,36.90999984741211,36.38999938964844,36.38999938964844
18-11-2013,35.5099983215332,36.43000030517578,28000,36.43000030517578,35.779998779296875,35.779998779296875
19-11-2013,35.369998931884766,35.86000061035156,66800,36.7599983215332,36.7400016784668,36.7400016784668
20-11-2013,35.75,36.709999084472656,77500,36.7400016784668,35.97999954223633,35.97999954223633
21-11-2013,35.68000030517578,36.16999816894531,111100,36.2599983215332,36.0,36.0
22-11-2013,35.540000915527344,36.09000015258789,89700,36.25,36.0,36.0
25-11-2013,35.599998474121094,36.0,46800,36.0,35.880001068115234,35.880001068115234
26-11-2013,35.599998474121094,35.65999984741211,112700,35.959999084472656,35.86000061035156,35.86000061035156
27-11-2013,35.08000183105469,35.970001220703125,38700,35.970001220703125,35.41999816894531,35.41999816894531
29-11-2013,34.349998474121094,35.63999938964844,25700,35.63999938964844,34.849998474121094,34.849998474121094
02-12-2013,33.91999816894531,34.7599983215332,57200,35.31999969482422,34.36000061035156,34.36000061035156
03-12-2013,34.11000061035156,34.29999923706055,45900,34.68000030517578,34.310001373291016,34.310001373291016
04-12-2013,33.77000045776367,34.11000061035156,78500,34.54999923706055,34.29999923706055,34.29999923706055
05-12-2013,33.65999984741211,33.65999984741211,24800,34.40999984741211,33.939998626708984,33.939998626708984
06-12-2013,33.90999984741211,34.279998779296875,59900,34.65999984741211,34.380001068115234,34.380001068115234
09-12-2013,34.0,34.29999923706055,51100,34.63999938964844,34.349998474121094,34.349998474121094
10-12-2013,33.7400016784668,34.41999816894531,49700,34.650001525878906,34.11000061035156,34.11000061035156
11-12-2013,33.7599983215332,34.0099983215332,44300,34.41999816894531,33.869998931884766,33.869998931884766
12-12-2013,33.40999984741211,34.0,78500,34.27000045776367,34.2599983215332,34.2599983215332
13-12-2013,32.779998779296875,34.25,71100,34.25,33.68000030517578,33.68000030517578
16-12-2013,33.2400016784668,33.75,189800,34.5,34.33000183105469,34.33000183105469
17-12-2013,34.20000076293945,34.20000076293945,38200,34.95000076293945,34.79999923706055,34.79999923706055
18-12-2013,34.5099983215332,34.95000076293945,75200,35.7400016784668,35.59000015258789,35.59000015258789
19-12-2013,35.20000076293945,35.45000076293945,171200,36.0,35.689998626708984,35.689998626708984
20-12-2013,35.630001068115234,35.81999969482422,106100,36.95000076293945,36.869998931884766,36.869998931884766
23-12-2013,36.25,36.900001525878906,54700,36.90999984741211,36.56999969482422,36.56999969482422
24-12-2013,36.47999954223633,36.709999084472656,19200,36.83000183105469,36.65999984741211,36.65999984741211
26-12-2013,36.2599983215332,36.709999084472656,21800,36.84999847412109,36.33000183105469,36.33000183105469
27-12-2013,36.06999969482422,36.56999969482422,19600,36.9900016784668,36.75,36.75
30-12-2013,36.130001068115234,36.63999938964844,33500,36.970001220703125,36.36000061035156,36.36000061035156
31-12-2013,36.47999954223633,36.52000045776367,43500,36.900001525878906,36.7400016784668,36.7400016784668
02-01-2014,35.650001525878906,36.52999877929688,50300,36.68999862670898,35.939998626708984,35.939998626708984
03-01-2014,35.93000030517578,35.93000030517578,48700,36.54999923706055,36.52999877929688,36.52999877929688
06-01-2014,36.18000030517578,36.56999969482422,82400,36.77999877929688,36.290000915527344,36.290000915527344
07-01-2014,36.25,36.40999984741211,71700,36.93999862670898,36.84999847412109,36.84999847412109
08-01-2014,36.45000076293945,36.810001373291016,115900,37.220001220703125,37.0,37.0
09-01-2014,36.77000045776367,37.22999954223633,34000,37.34000015258789,37.290000915527344,37.290000915527344
10-01-2014,36.27000045776367,37.470001220703125,220000,37.7400016784668,37.150001525878906,37.150001525878906
13-01-2014,36.4900016784668,37.18000030517578,73600,37.34999847412109,37.290000915527344,37.290000915527344
14-01-2014,36.810001373291016,37.25,116300,37.540000915527344,37.13999938964844,37.13999938964844
15-01-2014,36.970001220703125,37.060001373291016,61500,37.27000045776367,37.150001525878906,37.150001525878906
16-01-2014,36.38999938964844,37.06999969482422,221800,37.33000183105469,37.2400016784668,37.2400016784668
17-01-2014,37.22999954223633,37.29999923706055,70100,37.59999847412109,37.34999847412109,37.34999847412109
21-01-2014,37.130001068115234,37.52999877929688,88300,37.93999862670898,37.84000015258789,37.84000015258789
22-01-2014,37.290000915527344,37.72999954223633,140000,37.970001220703125,37.7400016784668,37.7400016784668
23-01-2014,36.900001525878906,37.2400016784668,79400,37.75,37.2400016784668,37.2400016784668
24-01-2014,36.40999984741211,36.90999984741211,100100,37.310001373291016,37.130001068115234,37.130001068115234
27-01-2014,35.97999954223633,37.130001068115234,176500,37.41999816894531,36.40999984741211,36.40999984741211
28-01-2014,36.0099983215332,36.27000045776367,84000,37.18999862670898,37.09999847412109,37.09999847412109
29-01-2014,36.59999847412109,36.79999923706055,106000,37.33000183105469,37.06999969482422,37.06999969482422
30-01-2014,36.93999862670898,37.15999984741211,54000,37.290000915527344,37.2400016784668,37.2400016784668
31-01-2014,36.619998931884766,36.75,108900,37.25,36.75,36.75
03-02-2014,36.27000045776367,36.65999984741211,107600,37.220001220703125,36.52000045776367,36.52000045776367
04-02-2014,36.31999969482422,36.59000015258789,226500,37.2599983215332,37.2400016784668,37.2400016784668
05-02-2014,36.90999984741211,37.16999816894531,73500,37.5,37.290000915527344,37.290000915527344
06-02-2014,37.29999923706055,37.310001373291016,70800,37.75,37.630001068115234,37.630001068115234
07-02-2014,37.36000061035156,37.68000030517578,64900,37.95000076293945,37.7400016784668,37.7400016784668
10-02-2014,37.5,37.81999969482422,211800,38.0,37.93000030517578,37.93000030517578
11-02-2014,37.34999847412109,37.810001373291016,121100,38.0,37.900001525878906,37.900001525878906
12-02-2014,37.79999923706055,37.959999084472656,165800,38.75,38.5,38.5
13-02-2014,37.90999984741211,38.27000045776367,74000,38.77999877929688,38.25,38.25
14-02-2014,37.59000015258789,38.150001525878906,62100,38.58000183105469,38.33000183105469,38.33000183105469
18-02-2014,38.09999847412109,38.27999877929688,76100,38.619998931884766,38.34999847412109,38.34999847412109
19-02-2014,37.33000183105469,38.09999847412109,108000,38.20000076293945,37.93000030517578,37.93000030517578
20-02-2014,37.72999954223633,37.86000061035156,96800,38.310001373291016,37.91999816894531,37.91999816894531
21-02-2014,38.04999923706055,38.04999923706055,82700,38.970001220703125,38.75,38.75
24-02-2014,38.59000015258789,38.95000076293945,93900,39.150001525878906,38.66999816894531,38.66999816894531
25-02-2014,38.540000915527344,38.900001525878906,58200,39.09000015258789,39.060001373291016,39.060001373291016
26-02-2014,38.9900016784668,39.18000030517578,59500,39.459999084472656,39.18999862670898,39.18999862670898
27-02-2014,38.900001525878906,39.06999969482422,25800,39.56999969482422,39.459999084472656,39.459999084472656
28-02-2014,39.0,39.5,54900,39.7599983215332,39.470001220703125,39.470001220703125
03-03-2014,38.119998931884766,39.130001068115234,73500,39.29999923706055,38.93000030517578,38.93000030517578
04-03-2014,38.83000183105469,39.22999954223633,79600,39.810001373291016,39.150001525878906,39.150001525878906
05-03-2014,38.29999923706055,39.16999816894531,122900,39.4900016784668,39.2599983215332,39.2599983215332
06-03-2014,39.02999877929688,39.20000076293945,72900,39.7400016784668,39.61000061035156,39.61000061035156
07-03-2014,39.54999923706055,39.77999877929688,88600,40.0,39.77999877929688,39.77999877929688
10-03-2014,39.08000183105469,39.650001525878906,44700,40.0,40.0,40.0
11-03-2014,39.380001068115234,40.0,49300,40.0,39.63999938964844,39.63999938964844
12-03-2014,39.25,39.61000061035156,93600,39.880001068115234,39.84000015258789,39.84000015258789
13-03-2014,39.27999877929688,40.0,82900,40.0,39.56999969482422,39.56999969482422
14-03-2014,38.29999923706055,38.52999877929688,278600,40.04999923706055,39.47999954223633,39.47999954223633
17-03-2014,39.220001220703125,39.56999969482422,273200,39.869998931884766,39.27999877929688,39.27999877929688
18-03-2014,39.060001373291016,39.20000076293945,148600,39.84000015258789,39.25,39.25
19-03-2014,38.970001220703125,39.38999938964844,108200,39.77999877929688,39.65999984741211,39.65999984741211
20-03-2014,39.630001068115234,39.68000030517578,56100,40.040000915527344,39.97999954223633,39.97999954223633
21-03-2014,39.400001525878906,40.0,160900,40.0,39.43000030517578,39.43000030517578
24-03-2014,38.18999862670898,39.34999847412109,68200,39.4900016784668,38.95000076293945,38.95000076293945
25-03-2014,38.68999862670898,39.130001068115234,53400,39.59000015258789,39.09999847412109,39.09999847412109
26-03-2014,36.47999954223633,37.45000076293945,3025900,37.72999954223633,37.0,37.0
27-03-2014,36.630001068115234,37.0,627000,38.43000030517578,37.75,37.75
28-03-2014,37.7599983215332,38.0,187300,38.77000045776367,38.66999816894531,38.66999816894531
31-03-2014,38.54999923706055,38.77999877929688,517500,39.68000030517578,39.11000061035156,39.11000061035156
01-04-2014,39.95000076293945,40.0,613100,41.79999923706055,41.369998931884766,41.369998931884766
02-04-2014,41.380001068115234,41.470001220703125,316700,41.9900016784668,41.810001373291016,41.810001373291016
03-04-2014,41.2400016784668,41.93000030517578,320300,42.0,41.880001068115234,41.880001068115234
04-04-2014,40.810001373291016,41.93000030517578,317800,41.97999954223633,41.119998931884766,41.119998931884766
07-04-2014,40.060001373291016,41.0,130900,41.36000061035156,40.150001525878906,40.150001525878906
08-04-2014,39.290000915527344,40.06999969482422,193600,40.2400016784668,39.84000015258789,39.84000015258789
09-04-2014,39.68999862670898,39.68999862670898,85900,40.70000076293945,40.66999816894531,40.66999816894531
10-04-2014,39.810001373291016,40.75,211900,41.15999984741211,40.0,40.0
11-04-2014,38.47999954223633,39.68999862670898,191200,39.68999862670898,38.630001068115234,38.630001068115234
14-04-2014,38.27999877929688,38.93999862670898,114700,39.040000915527344,38.77999877929688,38.77999877929688
15-04-2014,37.630001068115234,38.790000915527344,133900,38.790000915527344,38.20000076293945,38.20000076293945
16-04-2014,38.130001068115234,38.34000015258789,58400,38.810001373291016,38.68999862670898,38.68999862670898
17-04-2014,38.560001373291016,38.560001373291016,126700,39.709999084472656,39.5,39.5
21-04-2014,39.310001373291016,39.43000030517578,81600,40.36000061035156,40.29999923706055,40.29999923706055
22-04-2014,39.959999084472656,40.11000061035156,75900,40.560001373291016,40.459999084472656,40.459999084472656
23-04-2014,40.25,40.43000030517578,102200,41.040000915527344,41.02000045776367,41.02000045776367
24-04-2014,40.22999954223633,41.27999877929688,122100,41.38999938964844,40.459999084472656,40.459999084472656
25-04-2014,40.2400016784668,40.41999816894531,186700,41.09999847412109,40.59000015258789,40.59000015258789
28-04-2014,39.84999847412109,40.81999969482422,644900,41.15999984741211,40.0099983215332,40.0099983215332
29-04-2014,39.66999816894531,40.25,260100,40.52999877929688,40.09999847412109,40.09999847412109
30-04-2014,39.66999816894531,39.959999084472656,248200,41.02000045776367,40.77999877929688,40.77999877929688
01-05-2014,39.84999847412109,40.70000076293945,226400,40.93999862670898,40.93999862670898,40.93999862670898
02-05-2014,40.22999954223633,41.20000076293945,267500,41.63999938964844,40.93000030517578,40.93000030517578
05-05-2014,39.47999954223633,40.34999847412109,270700,40.34999847412109,39.970001220703125,39.970001220703125
06-05-2014,39.290000915527344,39.7599983215332,174500,40.08000183105469,39.470001220703125,39.470001220703125
07-05-2014,39.119998931884766,39.52999877929688,199500,39.70000076293945,39.540000915527344,39.540000915527344
08-05-2014,38.650001525878906,39.369998931884766,198100,39.970001220703125,38.970001220703125,38.970001220703125
09-05-2014,38.38999938964844,38.77000045776367,187800,39.13999938964844,39.130001068115234,39.130001068115234
12-05-2014,39.130001068115234,39.18000030517578,178000,40.0099983215332,39.58000183105469,39.58000183105469
13-05-2014,39.04999923706055,39.56999969482422,186000,39.86000061035156,39.400001525878906,39.400001525878906
14-05-2014,38.34999847412109,39.25,275900,39.47999954223633,38.68000030517578,38.68000030517578
15-05-2014,36.97999954223633,38.47999954223633,618300,39.54999923706055,39.27000045776367,39.27000045776367
16-05-2014,38.9900016784668,39.27000045776367,130100,39.5,39.400001525878906,39.400001525878906
19-05-2014,39.09999847412109,39.209999084472656,164800,39.77999877929688,39.59000015258789,39.59000015258789
20-05-2014,38.9900016784668,39.5,124400,39.52000045776367,39.31999969482422,39.31999969482422
21-05-2014,39.290000915527344,39.540000915527344,139400,39.7400016784668,39.459999084472656,39.459999084472656
22-05-2014,39.220001220703125,39.5,88800,39.77000045776367,39.470001220703125,39.470001220703125
23-05-2014,39.08000183105469,39.27000045776367,276600,39.4900016784668,39.369998931884766,39.369998931884766
27-05-2014,39.22999954223633,39.5,111200,40.0,39.47999954223633,39.47999954223633
28-05-2014,38.9900016784668,39.38999938964844,100300,39.540000915527344,39.130001068115234,39.130001068115234
29-05-2014,38.880001068115234,39.220001220703125,98400,39.27999877929688,39.060001373291016,39.060001373291016
30-05-2014,38.93000030517578,39.15999984741211,154800,39.220001220703125,38.97999954223633,38.97999954223633
02-06-2014,38.130001068115234,38.84999847412109,105200,38.97999954223633,38.56999969482422,38.56999969482422
03-06-2014,38.09999847412109,38.4900016784668,138400,39.31999969482422,39.119998931884766,39.119998931884766
04-06-2014,38.91999816894531,38.91999816894531,250000,39.86000061035156,39.7400016784668,39.7400016784668
05-06-2014,39.63999938964844,39.72999954223633,359200,40.97999954223633,40.630001068115234,40.630001068115234
06-06-2014,40.81999969482422,40.81999969482422,350900,41.650001525878906,41.15999984741211,41.15999984741211
09-06-2014,40.81999969482422,41.0,163900,41.54999923706055,41.27999877929688,41.27999877929688
10-06-2014,41.04999923706055,41.290000915527344,99900,41.650001525878906,41.59000015258789,41.59000015258789
11-06-2014,41.02999877929688,41.52999877929688,122400,41.72999954223633,41.40999984741211,41.40999984741211
12-06-2014,40.97999954223633,41.47999954223633,114500,41.59000015258789,41.33000183105469,41.33000183105469
13-06-2014,40.59999847412109,41.31999969482422,102400,41.5099983215332,41.13999938964844,41.13999938964844
16-06-2014,41.20000076293945,41.22999954223633,330000,42.959999084472656,42.869998931884766,42.869998931884766
17-06-2014,42.04999923706055,42.5,303700,43.27999877929688,42.720001220703125,42.720001220703125
18-06-2014,42.209999084472656,42.61000061035156,202200,43.060001373291016,42.900001525878906,42.900001525878906
19-06-2014,41.970001220703125,42.86000061035156,175300,43.25,42.52000045776367,42.52000045776367
20-06-2014,42.27999877929688,42.720001220703125,231700,42.84000015258789,42.70000076293945,42.70000076293945
23-06-2014,42.5,42.59000015258789,216800,43.25,42.88999938964844,42.88999938964844
24-06-2014,42.52999877929688,42.81999969482422,260600,43.380001068115234,42.959999084472656,42.959999084472656
25-06-2014,42.560001373291016,42.7599983215332,209400,43.43999862670898,43.25,43.25
26-06-2014,42.790000915527344,43.15999984741211,164400,43.4900016784668,43.459999084472656,43.459999084472656
27-06-2014,43.09999847412109,43.2599983215332,1822400,44.15999984741211,43.4900016784668,43.4900016784668
30-06-2014,42.72999954223633,43.4900016784668,252700,43.59999847412109,42.93999862670898,42.93999862670898
01-07-2014,42.560001373291016,42.560001373291016,268400,43.77999877929688,43.18000030517578,43.18000030517578
02-07-2014,42.06999969482422,42.86000061035156,115900,43.16999816894531,42.15999984741211,42.15999984741211
03-07-2014,42.220001220703125,42.220001220703125,89500,42.68999862670898,42.380001068115234,42.380001068115234
07-07-2014,41.810001373291016,42.31999969482422,125900,42.31999969482422,42.09999847412109,42.09999847412109
08-07-2014,41.310001373291016,41.9900016784668,103400,41.9900016784668,41.650001525878906,41.650001525878906
09-07-2014,41.54999923706055,41.7400016784668,123600,42.16999816894531,42.130001068115234,42.130001068115234
10-07-2014,41.060001373291016,41.290000915527344,133300,42.060001373291016,42.0,42.0
11-07-2014,41.66999816894531,41.869998931884766,191400,42.209999084472656,42.11000061035156,42.11000061035156
14-07-2014,42.18000030517578,42.5099983215332,92700,42.68000030517578,42.43999862670898,42.43999862670898
15-07-2014,41.959999084472656,42.52999877929688,113500,42.77000045776367,42.0099983215332,42.0099983215332
16-07-2014,41.619998931884766,42.2400016784668,186600,42.310001373291016,42.0099983215332,42.0099983215332
17-07-2014,41.18000030517578,41.84000015258789,81800,42.08000183105469,41.2400016784668,41.2400016784668
18-07-2014,41.18000030517578,41.59999847412109,166100,42.709999084472656,42.68000030517578,42.68000030517578
21-07-2014,41.95000076293945,42.4900016784668,91100,42.619998931884766,42.310001373291016,42.310001373291016
22-07-2014,42.13999938964844,42.40999984741211,137000,43.18000030517578,43.0,43.0
23-07-2014,42.310001373291016,42.959999084472656,39600,43.04999923706055,42.34999847412109,42.34999847412109
24-07-2014,41.790000915527344,42.400001525878906,96600,42.47999954223633,42.08000183105469,42.08000183105469
25-07-2014,41.36000061035156,41.7599983215332,187500,43.06999969482422,42.7400016784668,42.7400016784668
28-07-2014,42.0,42.77999877929688,146800,43.02000045776367,42.75,42.75
29-07-2014,42.41999816894531,42.72999954223633,147600,43.25,43.13999938964844,43.13999938964844
30-07-2014,42.470001220703125,43.34000015258789,142700,43.709999084472656,42.560001373291016,42.560001373291016
31-07-2014,41.560001373291016,42.209999084472656,150900,42.209999084472656,41.56999969482422,41.56999969482422
01-08-2014,40.84000015258789,40.97999954223633,119900,41.66999816894531,41.369998931884766,41.369998931884766
04-08-2014,40.77000045776367,41.54999923706055,107900,41.77000045776367,41.68000030517578,41.68000030517578
05-08-2014,40.900001525878906,41.540000915527344,120400,41.970001220703125,41.790000915527344,41.790000915527344
06-08-2014,41.38999938964844,41.54999923706055,108000,42.08000183105469,41.68000030517578,41.68000030517578
07-08-2014,40.77999877929688,41.68999862670898,147700,41.91999816894531,41.04999923706055,41.04999923706055
08-08-2014,39.65999984741211,40.540000915527344,229500,41.04999923706055,40.75,40.75
11-08-2014,40.5,40.93999862670898,149300,41.06999969482422,40.9900016784668,40.9900016784668
12-08-2014,40.77000045776367,40.88999938964844,133000,41.09999847412109,40.91999816894531,40.91999816894531
13-08-2014,40.83000183105469,41.0,124900,41.97999954223633,41.959999084472656,41.959999084472656
14-08-2014,41.52000045776367,41.77999877929688,176000,42.20000076293945,42.18999862670898,42.18999862670898
15-08-2014,41.619998931884766,42.54999923706055,135400,42.59000015258789,42.08000183105469,42.08000183105469
18-08-2014,42.209999084472656,42.38999938964844,103600,42.75,42.75,42.75
19-08-2014,42.43999862670898,42.75,100500,43.0,42.68000030517578,42.68000030517578
20-08-2014,41.93999862670898,42.43000030517578,52600,42.43000030517578,42.20000076293945,42.20000076293945
21-08-2014,41.720001220703125,42.22999954223633,42600,42.47999954223633,42.16999816894531,42.16999816894531
22-08-2014,41.709999084472656,42.15999984741211,65800,42.59999847412109,42.13999938964844,42.13999938964844
25-08-2014,41.59999847412109,42.27000045776367,48900,42.7400016784668,41.630001068115234,41.630001068115234
26-08-2014,41.36000061035156,41.72999954223633,96300,42.25,41.900001525878906,41.900001525878906
27-08-2014,41.0,41.90999984741211,61200,41.90999984741211,41.09000015258789,41.09000015258789
28-08-2014,40.470001220703125,41.040000915527344,67600,41.11000061035156,40.560001373291016,40.560001373291016
29-08-2014,40.209999084472656,40.560001373291016,58300,40.7599983215332,40.66999816894531,40.66999816894531
02-09-2014,40.0099983215332,40.59999847412109,106200,40.7400016784668,40.4900016784668,40.4900016784668
03-09-2014,40.09000015258789,40.560001373291016,74600,40.86000061035156,40.34000015258789,40.34000015258789
04-09-2014,40.040000915527344,40.47999954223633,182000,40.86000061035156,40.20000076293945,40.20000076293945
05-09-2014,39.790000915527344,40.040000915527344,54500,40.45000076293945,40.18999862670898,40.18999862670898
08-09-2014,40.0,40.25,44200,40.43000030517578,40.310001373291016,40.310001373291016
09-09-2014,40.08000183105469,40.15999984741211,216000,40.970001220703125,40.65999984741211,40.65999984741211
10-09-2014,40.56999969482422,40.61000061035156,160300,41.09000015258789,41.02999877929688,41.02999877929688
11-09-2014,40.54999923706055,40.7599983215332,91400,41.70000076293945,41.400001525878906,41.400001525878906
12-09-2014,40.93000030517578,41.369998931884766,84000,41.52000045776367,41.220001220703125,41.220001220703125
15-09-2014,40.59000015258789,41.13999938964844,113300,41.369998931884766,40.970001220703125,40.970001220703125
16-09-2014,40.77999877929688,40.9900016784668,83000,41.36000061035156,41.20000076293945,41.20000076293945
17-09-2014,41.2400016784668,41.2400016784668,84000,41.90999984741211,41.5099983215332,41.5099983215332
18-09-2014,41.380001068115234,41.59999847412109,55900,42.22999954223633,42.150001525878906,42.150001525878906
19-09-2014,41.63999938964844,42.130001068115234,189200,42.470001220703125,42.119998931884766,42.119998931884766
22-09-2014,41.20000076293945,41.880001068115234,86800,42.06999969482422,41.81999969482422,41.81999969482422
23-09-2014,41.58000183105469,41.790000915527344,120300,42.09999847412109,41.70000076293945,41.70000076293945
24-09-2014,41.56999969482422,41.90999984741211,85100,42.38999938964844,42.22999954223633,42.22999954223633
25-09-2014,41.54999923706055,42.20000076293945,99100,42.27000045776367,41.65999984741211,41.65999984741211
26-09-2014,41.61000061035156,41.68000030517578,100300,42.720001220703125,42.56999969482422,42.56999969482422
29-09-2014,42.09999847412109,42.20000076293945,454500,42.5,42.34000015258789,42.34000015258789
30-09-2014,42.0,42.2599983215332,467400,42.459999084472656,42.060001373291016,42.060001373291016
01-10-2014,41.16999816894531,41.75,162500,42.06999969482422,41.2400016784668,41.2400016784668
02-10-2014,40.970001220703125,41.29999923706055,105600,42.060001373291016,41.9900016784668,41.9900016784668
03-10-2014,42.16999816894531,42.45000076293945,56400,42.720001220703125,42.18999862670898,42.18999862670898
06-10-2014,41.95000076293945,42.209999084472656,71000,42.33000183105469,42.02999877929688,42.02999877929688
07-10-2014,41.77000045776367,41.93999862670898,151800,42.16999816894531,41.810001373291016,41.810001373291016
08-10-2014,41.709999084472656,41.72999954223633,233300,42.27000045776367,42.02999877929688,42.02999877929688
09-10-2014,41.77000045776367,42.040000915527344,144200,42.20000076293945,41.880001068115234,41.880001068115234
10-10-2014,41.33000183105469,41.709999084472656,267200,42.33000183105469,41.380001068115234,41.380001068115234
13-10-2014,41.02000045776367,41.47999954223633,156400,42.36000061035156,41.060001373291016,41.060001373291016
14-10-2014,41.34999847412109,41.47999954223633,200000,42.25,41.59999847412109,41.59999847412109
15-10-2014,40.59999847412109,41.0,224600,42.22999954223633,41.970001220703125,41.970001220703125
16-10-2014,41.18999862670898,41.54999923706055,151700,42.880001068115234,42.56999969482422,42.56999969482422
17-10-2014,42.040000915527344,43.060001373291016,99600,43.150001525878906,42.41999816894531,42.41999816894531
20-10-2014,42.16999816894531,42.34999847412109,115000,42.720001220703125,42.459999084472656,42.459999084472656
21-10-2014,42.459999084472656,42.52999877929688,236500,43.880001068115234,43.2599983215332,43.2599983215332
22-10-2014,42.790000915527344,43.29999923706055,80800,43.790000915527344,42.84999847412109,42.84999847412109
23-10-2014,42.38999938964844,43.08000183105469,166600,43.16999816894531,42.70000076293945,42.70000076293945
24-10-2014,42.58000183105469,42.810001373291016,66200,43.43000030517578,43.27999877929688,43.27999877929688
27-10-2014,42.720001220703125,43.18000030517578,56200,43.22999954223633,42.91999816894531,42.91999816894531
28-10-2014,42.97999954223633,43.18999862670898,162100,44.220001220703125,44.16999816894531,44.16999816894531
29-10-2014,43.79999923706055,44.220001220703125,81500,44.540000915527344,43.959999084472656,43.959999084472656
30-10-2014,43.68999862670898,43.95000076293945,110200,44.5,44.400001525878906,44.400001525878906
31-10-2014,44.16999816894531,44.5,108600,44.95000076293945,44.560001373291016,44.560001373291016
03-11-2014,43.0,44.130001068115234,181700,44.36000061035156,44.25,44.25
04-11-2014,43.790000915527344,44.11000061035156,168100,44.84000015258789,44.77999877929688,44.77999877929688
05-11-2014,43.0099983215332,44.79999923706055,295000,44.79999923706055,43.68000030517578,43.68000030517578
06-11-2014,42.720001220703125,43.650001525878906,146400,43.75,43.04999923706055,43.04999923706055
07-11-2014,42.79999923706055,43.04999923706055,128100,43.45000076293945,43.43000030517578,43.43000030517578
10-11-2014,43.54999923706055,43.56999969482422,221600,44.77000045776367,44.40999984741211,44.40999984741211
11-11-2014,43.70000076293945,44.290000915527344,142700,44.41999816894531,43.91999816894531,43.91999816894531
12-11-2014,43.81999969482422,43.84000015258789,126900,44.13999938964844,44.0099983215332,44.0099983215332
13-11-2014,43.38999938964844,44.130001068115234,45300,44.27999877929688,43.47999954223633,43.47999954223633
14-11-2014,43.25,43.41999816894531,90200,43.77000045776367,43.59000015258789,43.59000015258789
17-11-2014,43.54999923706055,43.61000061035156,67800,43.72999954223633,43.59999847412109,43.59999847412109
18-11-2014,43.400001525878906,43.75,96500,44.20000076293945,44.040000915527344,44.040000915527344
19-11-2014,43.86000061035156,44.08000183105469,87400,44.34999847412109,43.93000030517578,43.93000030517578
20-11-2014,43.630001068115234,43.91999816894531,133700,44.7400016784668,44.18999862670898,44.18999862670898
21-11-2014,43.970001220703125,44.709999084472656,176700,44.709999084472656,44.08000183105469,44.08000183105469
24-11-2014,43.810001373291016,44.27000045776367,125700,44.5099983215332,44.470001220703125,44.470001220703125
25-11-2014,44.02999877929688,44.650001525878906,132100,44.66999816894531,44.630001068115234,44.630001068115234
26-11-2014,44.59999847412109,44.79999923706055,212300,45.060001373291016,44.91999816894531,44.91999816894531
28-11-2014,44.52999877929688,45.0,135500,45.2599983215332,44.70000076293945,44.70000076293945
01-12-2014,43.34000015258789,44.380001068115234,182700,44.68999862670898,44.22999954223633,44.22999954223633
02-12-2014,44.09000015258789,44.400001525878906,197100,45.02000045776367,44.810001373291016,44.810001373291016
03-12-2014,44.2400016784668,44.93000030517578,144500,45.40999984741211,45.09999847412109,45.09999847412109
04-12-2014,44.58000183105469,44.93999862670898,104200,45.38999938964844,44.86000061035156,44.86000061035156
05-12-2014,44.790000915527344,44.790000915527344,93300,45.7400016784668,45.220001220703125,45.220001220703125
08-12-2014,44.83000183105469,45.220001220703125,86900,45.790000915527344,44.88999938964844,44.88999938964844
09-12-2014,43.97999954223633,44.33000183105469,115500,45.83000183105469,45.59000015258789,45.59000015258789
10-12-2014,45.18000030517578,45.54999923706055,175700,45.9900016784668,45.709999084472656,45.709999084472656
11-12-2014,44.9900016784668,45.68999862670898,1135700,45.86000061035156,45.09000015258789,45.09000015258789
12-12-2014,44.66999816894531,44.66999816894531,254600,45.470001220703125,44.900001525878906,44.900001525878906
15-12-2014,44.79999923706055,45.2599983215332,224500,45.720001220703125,44.84999847412109,44.84999847412109
16-12-2014,44.54999923706055,44.84000015258789,128900,45.43999862670898,45.0099983215332,45.0099983215332
17-12-2014,44.650001525878906,45.209999084472656,201100,45.810001373291016,45.65999984741211,45.65999984741211
18-12-2014,45.45000076293945,46.0,330200,46.29999923706055,46.16999816894531,46.16999816894531
19-12-2014,46.13999938964844,46.27000045776367,489500,47.0,46.52000045776367,46.52000045776367
22-12-2014,46.15999984741211,46.65999984741211,55600,46.77999877929688,46.630001068115234,46.630001068115234
23-12-2014,46.68000030517578,46.720001220703125,83300,47.20000076293945,46.93999862670898,46.93999862670898
24-12-2014,46.72999954223633,47.0,33000,47.20000076293945,47.13999938964844,47.13999938964844
26-12-2014,46.81999969482422,47.20000076293945,56000,47.29999923706055,47.09000015258789,47.09000015258789
29-12-2014,46.63999938964844,47.2400016784668,67200,47.29999923706055,46.93000030517578,46.93000030517578
30-12-2014,46.369998931884766,46.7400016784668,64500,46.970001220703125,46.630001068115234,46.630001068115234
31-12-2014,46.790000915527344,46.81999969482422,118400,47.16999816894531,47.0099983215332,47.0099983215332
02-01-2015,43.84000015258789,46.86000061035156,287000,46.86000061035156,45.38999938964844,45.38999938964844
05-01-2015,43.77000045776367,45.0,139800,45.18999862670898,44.220001220703125,44.220001220703125
06-01-2015,43.900001525878906,44.36000061035156,216800,44.970001220703125,44.619998931884766,44.619998931884766
07-01-2015,44.77000045776367,45.060001373291016,247800,46.63999938964844,46.619998931884766,46.619998931884766
08-01-2015,46.72999954223633,47.040000915527344,147400,47.79999923706055,47.369998931884766,47.369998931884766
09-01-2015,46.470001220703125,47.290000915527344,96400,47.72999954223633,46.7400016784668,46.7400016784668
12-01-2015,46.52000045776367,46.880001068115234,281400,47.68999862670898,47.34999847412109,47.34999847412109
13-01-2015,46.709999084472656,47.75,212800,48.93999862670898,47.4900016784668,47.4900016784668
14-01-2015,47.11000061035156,47.130001068115234,235300,48.060001373291016,47.88999938964844,47.88999938964844
15-01-2015,47.34999847412109,47.959999084472656,141200,48.22999954223633,48.20000076293945,48.20000076293945
16-01-2015,47.70000076293945,47.9900016784668,163100,48.310001373291016,48.150001525878906,48.150001525878906
20-01-2015,47.58000183105469,48.09000015258789,124300,48.7599983215332,48.5,48.5
21-01-2015,47.630001068115234,48.369998931884766,110700,48.72999954223633,47.93000030517578,47.93000030517578
22-01-2015,47.93000030517578,48.2400016784668,92800,48.83000183105469,48.77000045776367,48.77000045776367
23-01-2015,48.22999954223633,48.84000015258789,78400,49.34999847412109,48.52000045776367,48.52000045776367
26-01-2015,48.400001525878906,48.630001068115234,164800,49.709999084472656,49.70000076293945,49.70000076293945
27-01-2015,48.56999969482422,49.459999084472656,101000,49.459999084472656,49.02999877929688,49.02999877929688
28-01-2015,48.0099983215332,49.15999984741211,130800,49.16999816894531,48.56999969482422,48.56999969482422
29-01-2015,48.02000045776367,48.7400016784668,64300,49.18000030517578,49.15999984741211,49.15999984741211
30-01-2015,48.290000915527344,48.97999954223633,153600,49.13999938964844,48.54999923706055,48.54999923706055
02-02-2015,47.7599983215332,48.470001220703125,114600,49.16999816894531,48.7400016784668,48.7400016784668
03-02-2015,48.68999862670898,48.86000061035156,155800,50.0,49.86000061035156,49.86000061035156
04-02-2015,49.119998931884766,49.58000183105469,100700,49.869998931884766,49.400001525878906,49.400001525878906
05-02-2015,49.2400016784668,49.5099983215332,97600,50.130001068115234,50.0099983215332,50.0099983215332
06-02-2015,49.0,49.900001525878906,90100,49.900001525878906,49.34999847412109,49.34999847412109
09-02-2015,48.63999938964844,49.2400016784668,72000,49.459999084472656,48.91999816894531,48.91999816894531
10-02-2015,48.220001220703125,49.08000183105469,93100,49.45000076293945,49.18000030517578,49.18000030517578
11-02-2015,48.90999984741211,49.11000061035156,92300,49.68000030517578,49.41999816894531,49.41999816894531
12-02-2015,49.0,49.68999862670898,161700,49.90999984741211,49.040000915527344,49.040000915527344
13-02-2015,49.16999816894531,49.16999816894531,332900,51.09999847412109,50.18999862670898,50.18999862670898
17-02-2015,48.959999084472656,50.33000183105469,154600,50.33000183105469,49.2400016784668,49.2400016784668
18-02-2015,49.040000915527344,49.34000015258789,258700,50.33000183105469,49.90999984741211,49.90999984741211
19-02-2015,49.93000030517578,49.959999084472656,158500,50.790000915527344,50.77999877929688,50.77999877929688
20-02-2015,50.15999984741211,50.7400016784668,92800,50.77999877929688,50.5,50.5
23-02-2015,49.869998931884766,50.34000015258789,182900,50.77000045776367,50.650001525878906,50.650001525878906
24-02-2015,50.13999938964844,50.52999877929688,162400,50.68000030517578,50.52000045776367,50.52000045776367
25-02-2015,50.22999954223633,50.61000061035156,117300,50.790000915527344,50.5,50.5
26-02-2015,50.27000045776367,50.34999847412109,141000,50.869998931884766,50.72999954223633,50.72999954223633
27-02-2015,50.11000061035156,50.52000045776367,200400,51.11000061035156,50.70000076293945,50.70000076293945
02-03-2015,50.18999862670898,50.43999862670898,154300,50.9900016784668,50.68999862670898,50.68999862670898
03-03-2015,49.65999984741211,50.41999816894531,275400,50.52999877929688,50.0,50.0
04-03-2015,49.58000183105469,49.68000030517578,195000,50.9900016784668,50.150001525878906,50.150001525878906
05-03-2015,49.7599983215332,50.29999923706055,128300,50.58000183105469,49.93000030517578,49.93000030517578
06-03-2015,49.0,49.43999862670898,142100,50.25,50.150001525878906,50.150001525878906
09-03-2015,50.11000061035156,50.209999084472656,223900,51.310001373291016,50.959999084472656,50.959999084472656
10-03-2015,50.02999877929688,50.7400016784668,238200,51.290000915527344,50.95000076293945,50.95000076293945
11-03-2015,50.90999984741211,50.95000076293945,115900,51.400001525878906,51.130001068115234,51.130001068115234
12-03-2015,51.560001373291016,51.90999984741211,297100,53.18999862670898,52.86000061035156,52.86000061035156
13-03-2015,51.709999084472656,52.900001525878906,153400,52.900001525878906,52.33000183105469,52.33000183105469
16-03-2015,52.33000183105469,52.709999084472656,126300,53.0,52.790000915527344,52.790000915527344
17-03-2015,51.56999969482422,52.75,195500,53.04999923706055,52.4900016784668,52.4900016784668
18-03-2015,51.959999084472656,52.38999938964844,111100,52.79999923706055,52.369998931884766,52.369998931884766
19-03-2015,52.0099983215332,52.0099983215332,126000,52.790000915527344,52.56999969482422,52.56999969482422
20-03-2015,51.9900016784668,52.75,637600,52.9900016784668,52.18999862670898,52.18999862670898
23-03-2015,51.72999954223633,51.91999816894531,248400,52.59999847412109,51.959999084472656,51.959999084472656
24-03-2015,51.7599983215332,52.09000015258789,125000,52.75,52.68999862670898,52.68999862670898
25-03-2015,51.13999938964844,52.5,116300,52.5,51.2599983215332,51.2599983215332
26-03-2015,50.77000045776367,51.16999816894531,130800,51.79999923706055,51.630001068115234,51.630001068115234
27-03-2015,50.97999954223633,51.52999877929688,196800,51.81999969482422,51.68999862670898,51.68999862670898
30-03-2015,51.43999862670898,51.720001220703125,167000,52.16999816894531,51.900001525878906,51.900001525878906
31-03-2015,51.04999923706055,51.70000076293945,321000,52.0,51.27000045776367,51.27000045776367
01-04-2015,50.27999877929688,50.790000915527344,120400,52.06999969482422,52.04999923706055,52.04999923706055
02-04-2015,51.900001525878906,52.150001525878906,82900,52.5099983215332,52.13999938964844,52.13999938964844
06-04-2015,51.77000045776367,51.77999877929688,73500,52.58000183105469,52.2599983215332,52.2599983215332
07-04-2015,51.88999938964844,52.130001068115234,81700,52.29999923706055,52.220001220703125,52.220001220703125
08-04-2015,51.93999862670898,51.93999862670898,76300,52.58000183105469,52.27999877929688,52.27999877929688
09-04-2015,51.77999877929688,52.400001525878906,101600,52.540000915527344,51.88999938964844,51.88999938964844
10-04-2015,51.79999923706055,52.13999938964844,109900,52.310001373291016,52.060001373291016,52.060001373291016
13-04-2015,51.59000015258789,52.13999938964844,70900,52.29999923706055,51.790000915527344,51.790000915527344
14-04-2015,51.0,51.560001373291016,73000,52.02999877929688,51.84999847412109,51.84999847412109
15-04-2015,51.45000076293945,51.77000045776367,93800,52.27000045776367,51.77000045776367,51.77000045776367
16-04-2015,51.0,51.86000061035156,111900,52.0,51.869998931884766,51.869998931884766
17-04-2015,50.77000045776367,51.540000915527344,271700,51.77000045776367,50.9900016784668,50.9900016784668
20-04-2015,51.0,51.119998931884766,113400,51.66999816894531,51.5,51.5
21-04-2015,51.29999923706055,51.5,136800,52.06999969482422,51.7599983215332,51.7599983215332
22-04-2015,51.220001220703125,51.68999862670898,126700,52.119998931884766,51.59999847412109,51.59999847412109
23-04-2015,51.34999847412109,51.61000061035156,185600,52.290000915527344,51.88999938964844,51.88999938964844
24-04-2015,51.130001068115234,51.77999877929688,201700,52.16999816894531,51.52000045776367,51.52000045776367
27-04-2015,50.77999877929688,51.5,157600,51.7400016784668,50.900001525878906,50.900001525878906
28-04-2015,50.720001220703125,51.060001373291016,229800,51.400001525878906,50.75,50.75
29-04-2015,50.68000030517578,50.75,184100,51.2599983215332,50.84000015258789,50.84000015258789
30-04-2015,50.040000915527344,50.75,159800,50.959999084472656,50.27999877929688,50.27999877929688
01-05-2015,48.88999938964844,48.900001525878906,369300,54.459999084472656,54.04999923706055,54.04999923706055
04-05-2015,53.29999923706055,53.630001068115234,152400,54.5,53.88999938964844,53.88999938964844
05-05-2015,53.54999923706055,54.52000045776367,202200,54.560001373291016,53.95000076293945,53.95000076293945
06-05-2015,53.36000061035156,53.61000061035156,154200,54.2599983215332,54.18999862670898,54.18999862670898
07-05-2015,53.310001373291016,54.310001373291016,143100,54.54999923706055,53.43000030517578,53.43000030517578
08-05-2015,53.0099983215332,53.93000030517578,144100,54.310001373291016,53.25,53.25
11-05-2015,53.130001068115234,53.18999862670898,151800,53.869998931884766,53.18000030517578,53.18000030517578
12-05-2015,52.13999938964844,52.83000183105469,99400,53.29999923706055,52.84000015258789,52.84000015258789
13-05-2015,52.209999084472656,52.93000030517578,71300,53.11000061035156,52.79999923706055,52.79999923706055
14-05-2015,52.38999938964844,52.790000915527344,162100,53.22999954223633,53.11000061035156,53.11000061035156
15-05-2015,52.720001220703125,53.220001220703125,115300,53.619998931884766,53.09000015258789,53.09000015258789
18-05-2015,52.959999084472656,53.130001068115234,117600,53.81999969482422,53.810001373291016,53.810001373291016
19-05-2015,53.18000030517578,53.900001525878906,159900,54.5,54.470001220703125,54.470001220703125
20-05-2015,54.08000183105469,54.5,198600,55.27000045776367,55.0099983215332,55.0099983215332
21-05-2015,54.36000061035156,55.0099983215332,127700,55.22999954223633,54.79999923706055,54.79999923706055
22-05-2015,54.52999877929688,54.54999923706055,183400,54.97999954223633,54.880001068115234,54.880001068115234
26-05-2015,54.02000045776367,54.4900016784668,173900,54.869998931884766,54.7400016784668,54.7400016784668
27-05-2015,54.290000915527344,54.75,222900,55.90999984741211,55.869998931884766,55.869998931884766
28-05-2015,55.09999847412109,55.77999877929688,640700,55.84999847412109,55.47999954223633,55.47999954223633
29-05-2015,55.58000183105469,55.75,210600,55.88999938964844,55.66999816894531,55.66999816894531
01-06-2015,55.650001525878906,55.95000076293945,187500,56.0,55.84999847412109,55.84999847412109
02-06-2015,55.4900016784668,55.84000015258789,148700,55.9900016784668,55.88999938964844,55.88999938964844
03-06-2015,55.72999954223633,55.88999938964844,102200,56.75,56.45000076293945,56.45000076293945
04-06-2015,55.83000183105469,56.13999938964844,113800,56.43000030517578,56.06999969482422,56.06999969482422
05-06-2015,55.869998931884766,56.02000045776367,165100,56.369998931884766,56.11000061035156,56.11000061035156
08-06-2015,55.90999984741211,55.959999084472656,235400,56.72999954223633,56.650001525878906,56.650001525878906
09-06-2015,56.2599983215332,56.720001220703125,139100,56.81999969482422,56.5,56.5
10-06-2015,56.619998931884766,56.790000915527344,98400,57.29999923706055,56.97999954223633,56.97999954223633
11-06-2015,56.869998931884766,57.13999938964844,77300,57.43000030517578,57.2599983215332,57.2599983215332
12-06-2015,56.560001373291016,57.09999847412109,72400,57.41999816894531,57.18000030517578,57.18000030517578
15-06-2015,56.36000061035156,57.0099983215332,102900,57.16999816894531,57.119998931884766,57.119998931884766
16-06-2015,56.83000183105469,57.040000915527344,266100,57.880001068115234,57.7400016784668,57.7400016784668
17-06-2015,58.0,58.02999877929688,179800,58.470001220703125,58.20000076293945,58.20000076293945
18-06-2015,58.29999923706055,58.29999923706055,259500,59.63999938964844,59.40999984741211,59.40999984741211
19-06-2015,58.93000030517578,59.54999923706055,320600,59.54999923706055,59.310001373291016,59.310001373291016
22-06-2015,59.45000076293945,59.65999984741211,151500,60.0,60.0,60.0
23-06-2015,59.41999816894531,60.0,181100,60.0,59.90999984741211,59.90999984741211
24-06-2015,58.91999816894531,59.93999862670898,156300,59.959999084472656,59.34000015258789,59.34000015258789
25-06-2015,58.560001373291016,59.34999847412109,177600,59.58000183105469,58.95000076293945,58.95000076293945
26-06-2015,58.09999847412109,58.9900016784668,798300,59.2400016784668,58.36000061035156,58.36000061035156
29-06-2015,57.11000061035156,57.90999984741211,242900,58.5,57.38999938964844,57.38999938964844
30-06-2015,57.5,57.900001525878906,193700,58.02000045776367,57.79999923706055,57.79999923706055
01-07-2015,57.65999984741211,58.18999862670898,182500,58.40999984741211,57.790000915527344,57.790000915527344
02-07-2015,57.09999847412109,58.04999923706055,123300,58.04999923706055,57.630001068115234,57.630001068115234
06-07-2015,56.7599983215332,56.97999954223633,172100,58.16999816894531,57.84999847412109,57.84999847412109
07-07-2015,57.02000045776367,58.09999847412109,141500,58.09999847412109,57.95000076293945,57.95000076293945
08-07-2015,57.459999084472656,57.59000015258789,187400,58.119998931884766,57.91999816894531,57.91999816894531
09-07-2015,57.86000061035156,58.290000915527344,123200,58.90999984741211,57.91999816894531,57.91999816894531
10-07-2015,58.27000045776367,58.5,116100,59.290000915527344,59.09000015258789,59.09000015258789
13-07-2015,58.97999954223633,59.59000015258789,84700,59.81999969482422,59.02999877929688,59.02999877929688
14-07-2015,58.72999954223633,59.150001525878906,114600,59.27000045776367,59.130001068115234,59.130001068115234
15-07-2015,58.88999938964844,59.34999847412109,111600,60.18999862670898,60.02000045776367,60.02000045776367
16-07-2015,60.29999923706055,60.380001068115234,96400,61.0,60.77000045776367,60.77000045776367
17-07-2015,59.7400016784668,60.84999847412109,76300,60.84999847412109,60.63999938964844,60.63999938964844
20-07-2015,60.34000015258789,60.869998931884766,101600,60.93000030517578,60.41999816894531,60.41999816894531
21-07-2015,59.52000045776367,60.36000061035156,97900,60.54999923706055,59.7599983215332,59.7599983215332
22-07-2015,59.52000045776367,59.65999984741211,168000,60.0,59.630001068115234,59.630001068115234
23-07-2015,58.81999969482422,59.81999969482422,90500,59.97999954223633,59.06999969482422,59.06999969482422
24-07-2015,58.130001068115234,58.93000030517578,156100,59.16999816894531,58.25,58.25
27-07-2015,57.33000183105469,58.13999938964844,114100,58.91999816894531,58.63999938964844,58.63999938964844
28-07-2015,58.08000183105469,58.59000015258789,160100,59.16999816894531,58.709999084472656,58.709999084472656
29-07-2015,58.52000045776367,58.65999984741211,98100,60.09999847412109,59.81999969482422,59.81999969482422
30-07-2015,59.34999847412109,59.61000061035156,88300,60.38999938964844,60.06999969482422,60.06999969482422
31-07-2015,60.06999969482422,60.310001373291016,86200,60.97999954223633,60.2400016784668,60.2400016784668
03-08-2015,59.43999862670898,60.31999969482422,98400,60.77999877929688,60.27000045776367,60.27000045776367
04-08-2015,59.869998931884766,60.29999923706055,186300,61.43999862670898,61.25,61.25
05-08-2015,62.20000076293945,63.40999984741211,220000,66.05999755859375,63.29999923706055,63.29999923706055
06-08-2015,61.150001525878906,63.02999877929688,250800,64.05000305175781,62.59999847412109,62.59999847412109
07-08-2015,61.119998931884766,62.27000045776367,138300,62.470001220703125,61.97999954223633,61.97999954223633
10-08-2015,60.79999923706055,62.04999923706055,268100,62.56999969482422,62.08000183105469,62.08000183105469
11-08-2015,60.810001373291016,61.34000015258789,787300,61.72999954223633,61.45000076293945,61.45000076293945
12-08-2015,60.84000015258789,61.119998931884766,308700,62.220001220703125,62.02000045776367,62.02000045776367
13-08-2015,61.7400016784668,62.40999984741211,162400,62.630001068115234,62.04999923706055,62.04999923706055
14-08-2015,61.310001373291016,61.77000045776367,216400,62.540000915527344,62.4900016784668,62.4900016784668
17-08-2015,61.45000076293945,62.470001220703125,175000,62.86000061035156,62.810001373291016,62.810001373291016
18-08-2015,62.34999847412109,62.86000061035156,179700,63.0099983215332,62.77000045776367,62.77000045776367
19-08-2015,62.38999938964844,62.56999969482422,126000,63.11000061035156,62.68999862670898,62.68999862670898
20-08-2015,61.52000045776367,62.11000061035156,117100,62.43000030517578,61.970001220703125,61.970001220703125
21-08-2015,60.29999923706055,60.9900016784668,190400,62.369998931884766,61.43999862670898,61.43999862670898
24-08-2015,58.18999862670898,59.43000030517578,324100,60.06999969482422,59.34000015258789,59.34000015258789
25-08-2015,59.68000030517578,60.77000045776367,227400,61.02999877929688,59.970001220703125,59.970001220703125
26-08-2015,59.4900016784668,60.34999847412109,164400,61.400001525878906,61.220001220703125,61.220001220703125
27-08-2015,60.630001068115234,61.459999084472656,135900,61.97999954223633,61.93000030517578,61.93000030517578
28-08-2015,60.86000061035156,61.81999969482422,110900,61.86000061035156,61.790000915527344,61.790000915527344
31-08-2015,61.04999923706055,61.52999877929688,103300,62.43000030517578,61.119998931884766,61.119998931884766
01-09-2015,60.18000030517578,60.22999954223633,200800,61.18000030517578,60.40999984741211,60.40999984741211
02-09-2015,60.70000076293945,61.220001220703125,150200,61.91999816894531,61.77999877929688,61.77999877929688
03-09-2015,61.36000061035156,61.77999877929688,349800,64.5199966430664,64.06999969482422,64.06999969482422
04-09-2015,63.13999938964844,63.43999862670898,114300,63.93000030517578,63.47999954223633,63.47999954223633
08-09-2015,63.77999877929688,64.36000061035156,177400,65.18000030517578,65.0,65.0
09-09-2015,64.2699966430664,65.30000305175781,246400,66.16999816894531,64.9000015258789,64.9000015258789
10-09-2015,63.97999954223633,64.9000015258789,164100,65.0199966430664,64.52999877929688,64.52999877929688
11-09-2015,62.869998931884766,64.16999816894531,188600,65.41999816894531,64.87999725341797,64.87999725341797
14-09-2015,64.2300033569336,65.04000091552734,98900,65.33999633789062,64.5,64.5
15-09-2015,64.87000274658203,65.0199966430664,199400,66.29000091552734,65.91000366210938,65.91000366210938
16-09-2015,65.26000213623047,66.22000122070312,163200,66.38999938964844,65.55000305175781,65.55000305175781
17-09-2015,64.66000366210938,65.68000030517578,215400,66.30999755859375,64.77999877929688,64.77999877929688
18-09-2015,63.900001525878906,64.1500015258789,213900,65.62000274658203,64.31999969482422,64.31999969482422
21-09-2015,64.52999877929688,64.88999938964844,98700,65.91000366210938,65.0999984741211,65.0999984741211
22-09-2015,63.84999847412109,64.54000091552734,109000,64.88999938964844,64.51000213623047,64.51000213623047
23-09-2015,64.16999816894531,64.7300033569336,76100,65.05000305175781,64.77999877929688,64.77999877929688
24-09-2015,64.08999633789062,64.18000030517578,207300,65.18000030517578,64.7699966430664,64.7699966430664
25-09-2015,65.0199966430664,65.0999984741211,276500,66.5199966430664,65.26000213623047,65.26000213623047
28-09-2015,64.3499984741211,65.0199966430664,207600,65.25,64.51000213623047,64.51000213623047
29-09-2015,63.41999816894531,64.76000213623047,180400,64.8499984741211,63.68999862670898,63.68999862670898
30-09-2015,63.13999938964844,64.22000122070312,381400,64.4800033569336,64.23999786376953,64.23999786376953
01-10-2015,63.220001220703125,64.2300033569336,102700,64.4000015258789,63.91999816894531,63.91999816894531
02-10-2015,62.130001068115234,63.560001373291016,129300,63.65999984741211,63.5099983215332,63.5099983215332
05-10-2015,63.900001525878906,64.0,99900,65.0,64.80000305175781,64.80000305175781
06-10-2015,63.63999938964844,64.87000274658203,88200,64.94999694824219,63.900001525878906,63.900001525878906
07-10-2015,64.06999969482422,64.18000030517578,99000,65.27999877929688,65.18000030517578,65.18000030517578
08-10-2015,64.38999938964844,64.88999938964844,153700,65.0,64.47000122070312,64.47000122070312
09-10-2015,63.630001068115234,64.52999877929688,154700,64.86000061035156,63.84999847412109,63.84999847412109
12-10-2015,63.95000076293945,64.0199966430664,381700,64.87999725341797,64.23999786376953,64.23999786376953
13-10-2015,63.54999923706055,63.93000030517578,132800,64.02999877929688,63.65999984741211,63.65999984741211
14-10-2015,62.70000076293945,63.59999847412109,131800,64.22000122070312,62.810001373291016,62.810001373291016
15-10-2015,62.59999847412109,63.0099983215332,172700,64.5199966430664,64.4800033569336,64.4800033569336
16-10-2015,63.869998931884766,64.58999633789062,102900,65.0,64.7300033569336,64.7300033569336
19-10-2015,62.93999862670898,64.54000091552734,82700,64.5999984741211,64.12000274658203,64.12000274658203
20-10-2015,63.9900016784668,63.9900016784668,108100,64.73999786376953,64.63999938964844,64.63999938964844
21-10-2015,62.2599983215332,64.80000305175781,128200,64.8499984741211,62.400001525878906,62.400001525878906
22-10-2015,61.310001373291016,62.40999984741211,172700,63.040000915527344,62.959999084472656,62.959999084472656
23-10-2015,62.900001525878906,63.29999923706055,123700,65.0199966430664,65.0199966430664,65.0199966430664
26-10-2015,64.33999633789062,65.0,101900,65.62000274658203,64.44000244140625,64.44000244140625
27-10-2015,63.43999862670898,64.29000091552734,101100,64.63999938964844,63.59000015258789,63.59000015258789
28-10-2015,63.5099983215332,63.79999923706055,159200,64.80999755859375,64.52999877929688,64.52999877929688
29-10-2015,63.869998931884766,64.31999969482422,69300,64.81999969482422,64.54000091552734,64.54000091552734
30-10-2015,63.619998931884766,64.41999816894531,85400,64.93000030517578,64.0199966430664,64.0199966430664
02-11-2015,63.630001068115234,64.12000274658203,103200,64.72000122070312,63.93000030517578,63.93000030517578
03-11-2015,61.97999954223633,63.79999923706055,360900,63.79999923706055,62.060001373291016,62.060001373291016
04-11-2015,61.150001525878906,62.310001373291016,590700,62.33000183105469,61.970001220703125,61.970001220703125
05-11-2015,60.959999084472656,62.060001373291016,303900,62.4900016784668,61.31999969482422,61.31999969482422
06-11-2015,59.84999847412109,60.09999847412109,468500,66.0,64.54000091552734,64.54000091552734
09-11-2015,62.77000045776367,64.63999938964844,195100,64.7699966430664,63.290000915527344,63.290000915527344
10-11-2015,62.88999938964844,63.13999938964844,146500,64.25,63.84999847412109,63.84999847412109
11-11-2015,63.31999969482422,64.0,59800,64.23999786376953,63.33000183105469,63.33000183105469
12-11-2015,62.33000183105469,63.18999862670898,130100,64.13999938964844,62.4900016784668,62.4900016784668
13-11-2015,61.47999954223633,62.16999816894531,135500,62.75,61.97999954223633,61.97999954223633
16-11-2015,61.75,61.959999084472656,93700,62.72999954223633,62.58000183105469,62.58000183105469
17-11-2015,61.93999862670898,62.61000061035156,216400,63.900001525878906,63.810001373291016,63.810001373291016
18-11-2015,63.29999923706055,64.0,163100,65.02999877929688,64.87999725341797,64.87999725341797
19-11-2015,63.02999877929688,63.29999923706055,1150900,65.37999725341797,65.30000305175781,65.30000305175781
20-11-2015,64.61000061035156,65.62999725341797,174700,66.30999755859375,64.98999786376953,64.98999786376953
23-11-2015,64.3499984741211,65.0,288000,66.37000274658203,66.0,66.0
24-11-2015,65.11000061035156,65.55999755859375,193200,67.0,66.94000244140625,66.94000244140625
25-11-2015,66.94000244140625,67.0,301800,69.08999633789062,68.58000183105469,68.58000183105469
27-11-2015,67.93000030517578,68.62999725341797,406400,68.9000015258789,67.98999786376953,67.98999786376953
30-11-2015,66.08999633789062,68.19000244140625,295200,68.25,66.33000183105469,66.33000183105469
01-12-2015,66.11000061035156,66.66000366210938,137500,66.91999816894531,66.69999694824219,66.69999694824219
02-12-2015,65.87999725341797,66.73999786376953,127900,66.87000274658203,65.95999908447266,65.95999908447266
03-12-2015,65.13999938964844,66.18000030517578,236000,66.62999725341797,65.37999725341797,65.37999725341797
04-12-2015,65.04000091552734,65.37999725341797,176400,66.12999725341797,66.08999633789062,66.08999633789062
07-12-2015,65.29000091552734,66.08999633789062,154500,66.12000274658203,65.62999725341797,65.62999725341797
08-12-2015,64.86000061035156,65.33999633789062,77500,65.80000305175781,65.27999877929688,65.27999877929688
09-12-2015,63.970001220703125,65.02999877929688,131200,65.16999816894531,64.7699966430664,64.7699966430664
10-12-2015,64.26000213623047,64.72000122070312,131200,66.05000305175781,65.37999725341797,65.37999725341797
11-12-2015,63.79999923706055,64.36000061035156,101400,65.37000274658203,64.1500015258789,64.1500015258789
14-12-2015,63.54999923706055,63.880001068115234,170500,64.6500015258789,64.23999786376953,64.23999786376953
15-12-2015,64.11000061035156,64.5999984741211,197600,65.2300033569336,64.31999969482422,64.31999969482422
16-12-2015,63.93000030517578,64.68000030517578,191200,65.62000274658203,65.29000091552734,65.29000091552734
17-12-2015,64.66999816894531,65.5199966430664,143300,65.68000030517578,64.76000213623047,64.76000213623047
18-12-2015,62.880001068115234,64.43000030517578,374300,64.43000030517578,63.459999084472656,63.459999084472656
21-12-2015,63.0,63.790000915527344,197000,64.19000244140625,63.45000076293945,63.45000076293945
22-12-2015,62.9900016784668,63.66999816894531,197100,63.66999816894531,63.18999862670898,63.18999862670898
23-12-2015,63.380001068115234,63.380001068115234,274900,67.19999694824219,66.94999694824219,66.94999694824219
24-12-2015,65.27999877929688,67.4000015258789,131000,67.56999969482422,66.80000305175781,66.80000305175781
28-12-2015,66.13999938964844,66.47000122070312,127300,67.44999694824219,67.31999969482422,67.31999969482422
29-12-2015,67.2699966430664,67.62999725341797,199900,68.69000244140625,68.37000274658203,68.37000274658203
30-12-2015,67.51000213623047,68.19999694824219,124000,68.69000244140625,67.58000183105469,67.58000183105469
31-12-2015,66.62999725341797,67.26000213623047,244000,67.5999984741211,66.80000305175781,66.80000305175781
04-01-2016,64.51000213623047,65.5999984741211,266000,65.75,64.76000213623047,64.76000213623047
05-01-2016,64.62999725341797,64.91000366210938,150400,65.88999938964844,65.25,65.25
06-01-2016,64.55999755859375,64.58000183105469,167300,66.06999969482422,64.86000061035156,64.86000061035156
07-01-2016,62.34000015258789,64.0199966430664,157700,64.16999816894531,62.52000045776367,62.52000045776367
08-01-2016,61.720001220703125,62.77999877929688,220700,62.93000030517578,61.880001068115234,61.880001068115234
11-01-2016,61.9900016784668,62.27999877929688,154100,63.22999954223633,62.83000183105469,62.83000183105469
12-01-2016,61.900001525878906,63.380001068115234,238700,63.380001068115234,62.209999084472656,62.209999084472656
13-01-2016,60.18000030517578,62.209999084472656,163400,62.40999984741211,60.59000015258789,60.59000015258789
14-01-2016,60.77000045776367,60.77000045776367,278600,63.77999877929688,63.59999847412109,63.59999847412109
15-01-2016,61.72999954223633,62.34000015258789,304800,63.5099983215332,63.18999862670898,63.18999862670898
19-01-2016,62.9900016784668,63.52999877929688,224900,64.18000030517578,63.459999084472656,63.459999084472656
20-01-2016,62.34000015258789,62.34000015258789,411400,65.01000213623047,64.51000213623047,64.51000213623047
21-01-2016,63.56999969482422,64.66000366210938,247400,64.75,63.970001220703125,63.970001220703125
22-01-2016,64.52999877929688,64.56999969482422,286500,66.55999755859375,66.54000091552734,66.54000091552734
25-01-2016,65.52999877929688,66.58000183105469,246000,66.76000213623047,66.5,66.5
26-01-2016,65.30999755859375,66.66999816894531,208700,66.88999938964844,66.20999908447266,66.20999908447266
27-01-2016,65.62999725341797,65.91999816894531,192700,67.4000015258789,66.0199966430664,66.0199966430664
28-01-2016,65.91999816894531,66.5999984741211,175100,67.36000061035156,66.2699966430664,66.2699966430664
29-01-2016,66.30000305175781,66.58000183105469,442900,70.25,70.16999816894531,70.16999816894531
01-02-2016,69.04000091552734,70.20999908447266,234500,70.58999633789062,69.62000274658203,69.62000274658203
02-02-2016,67.97000122070312,69.05999755859375,267200,69.86000061035156,68.44000244140625,68.44000244140625
03-02-2016,66.87999725341797,69.5999984741211,220200,69.5999984741211,67.91999816894531,67.91999816894531
04-02-2016,65.7699966430664,67.58000183105469,196400,67.83000183105469,66.23999786376953,66.23999786376953
05-02-2016,63.900001525878906,66.02999877929688,439900,66.80000305175781,64.02999877929688,64.02999877929688
08-02-2016,61.540000915527344,63.81999969482422,688800,64.31999969482422,62.29999923706055,62.29999923706055
09-02-2016,60.72999954223633,62.93999862670898,681800,66.19000244140625,61.84000015258789,61.84000015258789
10-02-2016,61.59000015258789,62.15999984741211,455200,63.68000030517578,62.060001373291016,62.060001373291016
11-02-2016,61.33000183105469,61.47999954223633,347800,63.5,63.0099983215332,63.0099983215332
12-02-2016,62.09000015258789,63.43999862670898,228100,64.2699966430664,62.65999984741211,62.65999984741211
16-02-2016,62.68999862670898,63.0099983215332,346200,64.94999694824219,64.18000030517578,64.18000030517578
17-02-2016,63.90999984741211,64.55000305175781,315300,64.97000122070312,64.61000061035156,64.61000061035156
18-02-2016,63.13999938964844,64.54000091552734,142600,64.76000213623047,63.290000915527344,63.290000915527344
19-02-2016,62.959999084472656,63.22999954223633,283200,64.9000015258789,64.18000030517578,64.18000030517578
22-02-2016,63.5099983215332,64.62999725341797,153200,64.95999908447266,63.869998931884766,63.869998931884766
23-02-2016,62.52999877929688,63.38999938964844,137700,63.59999847412109,63.08000183105469,63.08000183105469
24-02-2016,61.959999084472656,62.369998931884766,155700,64.19000244140625,63.720001220703125,63.720001220703125
25-02-2016,63.68999862670898,64.0,111300,64.87999725341797,64.55000305175781,64.55000305175781
26-02-2016,63.47999954223633,64.66000366210938,194400,64.77999877929688,63.900001525878906,63.900001525878906
29-02-2016,63.18999862670898,63.810001373291016,174500,63.97999954223633,63.369998931884766,63.369998931884766
01-03-2016,63.5099983215332,63.84999847412109,220500,64.45999908447266,64.25,64.25
02-03-2016,63.970001220703125,64.12999725341797,191000,65.16000366210938,64.66000366210938,64.66000366210938
03-03-2016,63.65999984741211,64.58000183105469,163900,64.72000122070312,64.37000274658203,64.37000274658203
04-03-2016,63.5,64.4000015258789,124600,64.55000305175781,64.55000305175781,64.55000305175781
07-03-2016,63.86000061035156,64.06999969482422,230900,64.9000015258789,64.69000244140625,64.69000244140625
08-03-2016,63.66999816894531,64.37999725341797,184600,65.08000183105469,64.0999984741211,64.0999984741211
09-03-2016,63.90999984741211,64.27999877929688,145800,64.98999786376953,64.16999816894531,64.16999816894531
10-03-2016,63.29999923706055,64.16999816894531,206600,64.72000122070312,64.2300033569336,64.2300033569336
11-03-2016,63.61000061035156,64.86000061035156,219100,65.0999984741211,63.9900016784668,63.9900016784668
14-03-2016,63.18999862670898,63.66999816894531,146800,64.33000183105469,63.790000915527344,63.790000915527344
15-03-2016,63.08000183105469,63.34999847412109,327500,65.38999938964844,64.2300033569336,64.2300033569336
16-03-2016,63.95000076293945,63.95000076293945,150100,65.29000091552734,65.0,65.0
17-03-2016,64.4800033569336,64.83999633789062,229800,65.37000274658203,64.94999694824219,64.94999694824219
18-03-2016,63.7599983215332,65.2699966430664,266700,65.31999969482422,63.93000030517578,63.93000030517578
21-03-2016,63.38999938964844,63.52000045776367,200200,64.26000213623047,63.86000061035156,63.86000061035156
22-03-2016,63.060001373291016,63.380001068115234,142500,64.1500015258789,63.31999969482422,63.31999969482422
23-03-2016,62.970001220703125,63.27999877929688,133300,63.68999862670898,63.33000183105469,63.33000183105469
24-03-2016,63.150001525878906,63.2400016784668,139400,64.04000091552734,63.97999954223633,63.97999954223633
28-03-2016,62.29999923706055,63.790000915527344,215800,63.90999984741211,62.630001068115234,62.630001068115234
29-03-2016,62.63999938964844,62.720001220703125,233400,63.619998931884766,63.5,63.5
30-03-2016,62.63999938964844,63.540000915527344,267500,63.93999862670898,63.25,63.25
31-03-2016,62.91999816894531,63.15999984741211,515100,64.86000061035156,64.77999877929688,64.77999877929688
01-04-2016,63.90999984741211,64.1500015258789,168100,64.97000122070312,64.66999816894531,64.66999816894531
04-04-2016,64.0199966430664,64.83000183105469,137600,64.83000183105469,64.16000366210938,64.16000366210938
05-04-2016,63.209999084472656,63.560001373291016,179500,64.08000183105469,63.41999816894531,63.41999816894531
06-04-2016,63.34000015258789,63.34000015258789,169000,64.7699966430664,64.63999938964844,64.63999938964844
07-04-2016,63.47999954223633,64.44000244140625,156600,64.44000244140625,63.869998931884766,63.869998931884766
08-04-2016,63.70000076293945,64.08000183105469,90000,64.66000366210938,64.1500015258789,64.1500015258789
11-04-2016,63.72999954223633,64.25,140800,64.44000244140625,63.79999923706055,63.79999923706055
12-04-2016,63.72999954223633,63.79999923706055,100100,64.41000366210938,64.04000091552734,64.04000091552734
13-04-2016,64.05000305175781,64.37999725341797,91000,64.97000122070312,64.93000030517578,64.93000030517578
14-04-2016,64.47000122070312,65.19000244140625,161400,65.25,65.18000030517578,65.18000030517578
15-04-2016,64.54000091552734,65.04000091552734,232800,65.4000015258789,65.0999984741211,65.0999984741211
18-04-2016,64.80999755859375,64.80999755859375,179400,65.4000015258789,65.31999969482422,65.31999969482422
19-04-2016,64.4800033569336,65.44000244140625,197700,65.44000244140625,64.83999633789062,64.83999633789062
20-04-2016,63.43999862670898,64.68000030517578,124500,64.7300033569336,64.44999694824219,64.44999694824219
21-04-2016,63.77999877929688,64.25,114300,64.5999984741211,64.5,64.5
22-04-2016,64.01000213623047,64.2300033569336,208500,65.05999755859375,64.62999725341797,64.62999725341797
25-04-2016,64.08000183105469,64.41999816894531,293200,64.62999725341797,64.55000305175781,64.55000305175781
26-04-2016,64.5199966430664,64.55000305175781,193400,65.83999633789062,65.62999725341797,65.62999725341797
27-04-2016,65.44000244140625,65.5,147800,66.4800033569336,66.26000213623047,66.26000213623047
28-04-2016,65.7300033569336,66.12000274658203,152200,66.52999877929688,65.98999786376953,65.98999786376953
29-04-2016,65.16999816894531,66.0999984741211,139100,66.27999877929688,65.62000274658203,65.62000274658203
02-05-2016,65.37000274658203,65.72000122070312,145100,66.22000122070312,66.18000030517578,66.18000030517578
03-05-2016,65.11000061035156,65.62000274658203,187600,66.56999969482422,65.30000305175781,65.30000305175781
04-05-2016,64.7300033569336,64.91000366210938,279900,67.0,66.0,66.0
05-05-2016,64.6500015258789,66.0199966430664,268500,66.36000061035156,64.79000091552734,64.79000091552734
06-05-2016,64.0199966430664,64.69000244140625,326000,65.3499984741211,64.54000091552734,64.54000091552734
09-05-2016,64.11000061035156,64.7300033569336,230700,66.87999725341797,65.76000213623047,65.76000213623047
10-05-2016,65.4000015258789,66.12000274658203,151900,66.52999877929688,65.81999969482422,65.81999969482422
11-05-2016,65.13999938964844,65.41999816894531,110100,66.27999877929688,65.22000122070312,65.22000122070312
12-05-2016,65.04000091552734,65.55999755859375,118900,66.0999984741211,65.75,65.75
13-05-2016,64.13999938964844,66.05000305175781,889500,66.11000061035156,65.81999969482422,65.81999969482422
16-05-2016,65.06999969482422,65.9000015258789,302200,66.05000305175781,65.56999969482422,65.56999969482422
17-05-2016,63.38999938964844,65.58999633789062,314000,65.58999633789062,63.79999923706055,63.79999923706055
18-05-2016,63.63999938964844,63.7400016784668,192900,64.66999816894531,64.41000366210938,64.41000366210938
19-05-2016,63.150001525878906,64.18000030517578,159200,64.75,64.5,64.5
20-05-2016,64.13999938964844,64.72000122070312,156100,65.06999969482422,64.44000244140625,64.44000244140625
23-05-2016,64.16000366210938,64.26000213623047,187800,64.88999938964844,64.20999908447266,64.20999908447266
24-05-2016,64.25,64.25,188700,65.33999633789062,65.18000030517578,65.18000030517578
25-05-2016,64.0199966430664,65.1500015258789,264600,65.37000274658203,64.38999938964844,64.38999938964844
26-05-2016,63.84000015258789,64.37000274658203,229700,64.55000305175781,64.2699966430664,64.2699966430664
27-05-2016,64.13999938964844,64.13999938964844,122600,65.18000030517578,65.08000183105469,65.08000183105469
31-05-2016,64.48999786376953,64.87000274658203,179900,65.29000091552734,64.79000091552734,64.79000091552734
01-06-2016,64.4000015258789,64.63999938964844,224700,65.18000030517578,65.16999816894531,65.16999816894531
02-06-2016,64.86000061035156,64.86000061035156,148800,65.6500015258789,65.4000015258789,65.4000015258789
03-06-2016,64.31999969482422,65.2699966430664,166300,65.69999694824219,65.43000030517578,65.43000030517578
06-06-2016,65.33000183105469,65.72000122070312,120300,66.0,65.66000366210938,65.66000366210938
07-06-2016,64.87000274658203,65.44999694824219,174900,65.88999938964844,65.30000305175781,65.30000305175781
08-06-2016,64.41000366210938,65.1500015258789,226300,65.41999816894531,65.20999908447266,65.20999908447266
09-06-2016,65.0,65.0,191000,65.6500015258789,65.33000183105469,65.33000183105469
10-06-2016,64.73999786376953,64.98999786376953,224600,65.97000122070312,64.94000244140625,64.94000244140625
13-06-2016,64.83999633789062,65.02999877929688,227500,65.77999877929688,64.98999786376953,64.98999786376953
14-06-2016,64.66000366210938,64.93000030517578,308500,65.5,65.12000274658203,65.12000274658203
15-06-2016,64.62999725341797,65.0199966430664,230400,65.58000183105469,65.37000274658203,65.37000274658203
16-06-2016,64.80999755859375,65.3499984741211,190300,65.86000061035156,65.80000305175781,65.80000305175781
17-06-2016,64.79000091552734,65.94000244140625,468100,65.94000244140625,64.80999755859375,64.80999755859375
20-06-2016,65.11000061035156,65.12000274658203,357900,67.11000061035156,67.0999984741211,67.0999984741211
21-06-2016,66.83000183105469,66.91000366210938,146000,67.44000244140625,67.08999633789062,67.08999633789062
22-06-2016,65.81999969482422,67.19999694824219,180900,67.19999694824219,65.95999908447266,65.95999908447266
23-06-2016,65.41000366210938,66.0,304500,66.22000122070312,66.19000244140625,66.19000244140625
24-06-2016,63.369998931884766,64.20999908447266,1034200,65.9000015258789,64.9800033569336,64.9800033569336
27-06-2016,63.34000015258789,64.69999694824219,251600,64.69999694824219,64.23999786376953,64.23999786376953
28-06-2016,63.790000915527344,64.97000122070312,263200,65.11000061035156,64.48999786376953,64.48999786376953
29-06-2016,64.22000122070312,65.06999969482422,189500,65.27999877929688,64.62000274658203,64.62000274658203
30-06-2016,64.38999938964844,64.5199966430664,281300,66.33000183105469,66.30999755859375,66.30999755859375
01-07-2016,65.83000183105469,66.0,238000,66.94000244140625,66.37000274658203,66.37000274658203
05-07-2016,66.01000213623047,66.02999877929688,199100,67.04000091552734,66.75,66.75
06-07-2016,66.36000061035156,66.56999969482422,275900,67.0999984741211,66.5999984741211,66.5999984741211
07-07-2016,66.41999816894531,66.63999938964844,237600,67.18000030517578,66.41999816894531,66.41999816894531
08-07-2016,66.58000183105469,66.76000213623047,362500,68.0,67.45999908447266,67.45999908447266
11-07-2016,67.27999877929688,67.73999786376953,201800,68.02999877929688,67.33999633789062,67.33999633789062
12-07-2016,67.22000122070312,67.5999984741211,227900,68.06999969482422,67.8499984741211,67.8499984741211
13-07-2016,67.18000030517578,67.76000213623047,173500,68.22000122070312,67.27999877929688,67.27999877929688
14-07-2016,67.27999877929688,67.27999877929688,163800,68.26000213623047,67.66999816894531,67.66999816894531
15-07-2016,67.16999816894531,67.98999786376953,86900,67.98999786376953,67.41999816894531,67.41999816894531
18-07-2016,67.58000183105469,67.58000183105469,145800,67.94000244140625,67.72000122070312,67.72000122070312
19-07-2016,67.55999755859375,67.58999633789062,127800,68.08999633789062,67.91999816894531,67.91999816894531
20-07-2016,67.75,67.80000305175781,138500,68.20999908447266,67.8499984741211,67.8499984741211
21-07-2016,67.19000244140625,67.94000244140625,115300,68.0,67.30000305175781,67.30000305175781
22-07-2016,67.51000213623047,67.56999969482422,129700,68.05000305175781,67.83000183105469,67.83000183105469
25-07-2016,67.20999908447266,67.83000183105469,131500,68.05000305175781,67.29000091552734,67.29000091552734
26-07-2016,66.9800033569336,67.37000274658203,180100,67.94000244140625,67.8499984741211,67.8499984741211
27-07-2016,66.81999969482422,67.69000244140625,81000,67.69000244140625,67.48999786376953,67.48999786376953
28-07-2016,67.16999816894531,67.58000183105469,116700,67.87000274658203,67.5999984741211,67.5999984741211
29-07-2016,67.0,67.62999725341797,271200,67.88999938964844,67.06999969482422,67.06999969482422
01-08-2016,66.4000015258789,67.01000213623047,244500,67.43000030517578,66.6500015258789,66.6500015258789
02-08-2016,65.2300033569336,66.55999755859375,315400,66.55999755859375,65.52999877929688,65.52999877929688
03-08-2016,65.1500015258789,65.69000244140625,236100,65.7300033569336,65.19999694824219,65.19999694824219
04-08-2016,63.400001525878906,64.0,803800,65.3499984741211,63.900001525878906,63.900001525878906
05-08-2016,63.68000030517578,63.900001525878906,641400,67.54000091552734,65.91999816894531,65.91999816894531
08-08-2016,65.58000183105469,65.93000030517578,234300,66.51000213623047,65.87000274658203,65.87000274658203
09-08-2016,65.41000366210938,65.75,217600,66.6500015258789,66.30000305175781,66.30000305175781
10-08-2016,65.0999984741211,66.25,217500,66.3499984741211,65.23999786376953,65.23999786376953
11-08-2016,64.98999786376953,65.25,151400,65.55000305175781,65.38999938964844,65.38999938964844
12-08-2016,65.0199966430664,65.30999755859375,114500,65.38999938964844,65.31999969482422,65.31999969482422
15-08-2016,66.23999786376953,67.0,433400,68.30000305175781,68.27999877929688,68.27999877929688
16-08-2016,67.45999908447266,68.22000122070312,366300,68.3499984741211,67.5,67.5
17-08-2016,66.8499984741211,67.27999877929688,190800,67.81999969482422,67.30000305175781,67.30000305175781
18-08-2016,67.05999755859375,67.38999938964844,198100,67.69000244140625,67.27999877929688,67.27999877929688
19-08-2016,66.83999633789062,67.22000122070312,169700,67.80000305175781,67.62000274658203,67.62000274658203
22-08-2016,67.31999969482422,67.33000183105469,259200,69.2300033569336,69.11000061035156,69.11000061035156
23-08-2016,69.05000305175781,69.36000061035156,310100,69.94999694824219,69.80999755859375,69.80999755859375
24-08-2016,68.44999694824219,69.7300033569336,353500,69.7300033569336,68.81999969482422,68.81999969482422
25-08-2016,68.33000183105469,68.48999786376953,144100,69.11000061035156,68.69999694824219,68.69999694824219
26-08-2016,68.08999633789062,68.44000244140625,153800,69.0999984741211,68.44000244140625,68.44000244140625
29-08-2016,68.41000366210938,68.7699966430664,114300,68.91000366210938,68.55000305175781,68.55000305175781
30-08-2016,67.66999816894531,68.68000030517578,119000,68.68000030517578,68.05999755859375,68.05999755859375
31-08-2016,67.63999938964844,68.16000366210938,166400,68.5,68.16000366210938,68.16000366210938
01-09-2016,67.58999633789062,67.91999816894531,146800,68.29000091552734,68.02999877929688,68.02999877929688
02-09-2016,67.7699966430664,68.38999938964844,183500,68.58999633789062,68.4800033569336,68.4800033569336
06-09-2016,68.08000183105469,68.79000091552734,98000,68.79000091552734,68.37000274658203,68.37000274658203
07-09-2016,68.08000183105469,68.3499984741211,284300,69.0199966430664,68.7699966430664,68.7699966430664
08-09-2016,68.1500015258789,68.72000122070312,102800,68.72000122070312,68.23999786376953,68.23999786376953
09-09-2016,67.44999694824219,68.0,186100,68.37999725341797,68.01000213623047,68.01000213623047
12-09-2016,67.58999633789062,67.93000030517578,139300,68.55000305175781,68.54000091552734,68.54000091552734
13-09-2016,67.20999908447266,67.94000244140625,156700,68.66999816894531,67.6500015258789,67.6500015258789
14-09-2016,67.47000122070312,67.7300033569336,112800,68.2699966430664,67.6500015258789,67.6500015258789
15-09-2016,66.4800033569336,67.6500015258789,116300,68.36000061035156,68.33999633789062,68.33999633789062
16-09-2016,67.5199966430664,68.45999908447266,298300,68.45999908447266,67.76000213623047,67.76000213623047
19-09-2016,67.0,67.73999786376953,167400,67.94999694824219,67.33999633789062,67.33999633789062
20-09-2016,66.73999786376953,67.58999633789062,152100,67.72000122070312,66.8499984741211,66.8499984741211
21-09-2016,66.3499984741211,67.0199966430664,169800,67.66000366210938,67.47000122070312,67.47000122070312
22-09-2016,67.52999877929688,67.7699966430664,137000,68.5,68.25,68.25
23-09-2016,67.6500015258789,68.25,255500,68.58999633789062,67.76000213623047,67.76000213623047
26-09-2016,66.94000244140625,67.79000091552734,137000,67.86000061035156,66.95999908447266,66.95999908447266
27-09-2016,66.58999633789062,66.75,240200,67.0,66.68000030517578,66.68000030517578
28-09-2016,66.37999725341797,66.55999755859375,99100,66.79000091552734,66.54000091552734,66.54000091552734
29-09-2016,65.9800033569336,66.75,133600,66.75,66.08999633789062,66.08999633789062
30-09-2016,65.98999786376953,66.37999725341797,313100,67.25,66.88999938964844,66.88999938964844
03-10-2016,66.61000061035156,66.62999725341797,187700,67.18000030517578,66.69000244140625,66.69000244140625
04-10-2016,66.33999633789062,66.68000030517578,69000,66.94999694824219,66.62000274658203,66.62000274658203
05-10-2016,66.2300033569336,66.77999877929688,120900,67.11000061035156,66.26000213623047,66.26000213623047
06-10-2016,65.98999786376953,66.1500015258789,105700,66.66999816894531,66.08000183105469,66.08000183105469
07-10-2016,65.16000366210938,65.97000122070312,119300,66.08000183105469,65.30999755859375,65.30999755859375
10-10-2016,65.54000091552734,65.66000366210938,117600,66.06999969482422,65.9800033569336,65.9800033569336
11-10-2016,65.81999969482422,65.98999786376953,139900,66.30000305175781,66.0199966430664,66.0199966430664
12-10-2016,65.7699966430664,66.08000183105469,102800,66.43000030517578,66.18000030517578,66.18000030517578
13-10-2016,65.16000366210938,65.7699966430664,151300,66.37000274658203,66.04000091552734,66.04000091552734
14-10-2016,65.18000030517578,65.7699966430664,202400,66.23999786376953,65.20999908447266,65.20999908447266
17-10-2016,64.54000091552734,65.0,195100,65.18000030517578,64.61000061035156,64.61000061035156
18-10-2016,64.93000030517578,64.9800033569336,115600,65.37999725341797,65.2300033569336,65.2300033569336
19-10-2016,65.73999786376953,65.81999969482422,173200,66.95999908447266,66.80000305175781,66.80000305175781
20-10-2016,65.51000213623047,66.26000213623047,124500,66.51000213623047,66.18000030517578,66.18000030517578
21-10-2016,65.62000274658203,65.62000274658203,91200,66.83000183105469,66.58999633789062,66.58999633789062
24-10-2016,66.87000274658203,67.0,294200,67.81999969482422,67.30000305175781,67.30000305175781
25-10-2016,67.0199966430664,67.2699966430664,326500,67.94000244140625,67.19000244140625,67.19000244140625
26-10-2016,66.62000274658203,66.9800033569336,257900,67.25,66.98999786376953,66.98999786376953
27-10-2016,66.48999786376953,67.37000274658203,136300,67.37000274658203,66.95999908447266,66.95999908447266
28-10-2016,66.44000244140625,66.80000305175781,103100,67.23999786376953,66.52999877929688,66.52999877929688
31-10-2016,66.19999694824219,66.66999816894531,208100,67.08999633789062,66.91000366210938,66.91000366210938
01-11-2016,65.93000030517578,66.72000122070312,185300,66.80000305175781,66.19000244140625,66.19000244140625
02-11-2016,59.0,59.0,1439100,64.0199966430664,62.7400016784668,62.7400016784668
03-11-2016,62.52999877929688,62.68000030517578,504300,63.56999969482422,62.77000045776367,62.77000045776367
04-11-2016,62.650001525878906,62.93000030517578,484900,64.16999816894531,63.09999847412109,63.09999847412109
07-11-2016,62.88999938964844,63.63999938964844,393200,64.0199966430664,63.630001068115234,63.630001068115234
08-11-2016,63.20000076293945,63.459999084472656,374500,64.08000183105469,63.86000061035156,63.86000061035156
09-11-2016,62.54999923706055,63.25,361600,66.54000091552734,66.37000274658203,66.37000274658203
10-11-2016,67.3499984741211,68.0,610600,69.98999786376953,69.88999938964844,69.88999938964844
11-11-2016,69.87000274658203,70.0,582800,72.05999755859375,71.72000122070312,71.72000122070312
14-11-2016,71.5,72.0,275100,72.80000305175781,71.86000061035156,71.86000061035156
15-11-2016,70.56999969482422,71.80000305175781,201400,71.80000305175781,70.75,70.75
16-11-2016,70.11000061035156,70.58999633789062,281600,71.27999877929688,70.80000305175781,70.80000305175781
17-11-2016,69.91999816894531,70.79000091552734,313000,71.51000213623047,70.12000274658203,70.12000274658203
18-11-2016,70.27999877929688,70.27999877929688,153900,71.41999816894531,71.33000183105469,71.33000183105469
21-11-2016,71.0,71.6500015258789,350300,72.30000305175781,72.30000305175781,72.30000305175781
22-11-2016,69.80000305175781,70.45999908447266,1008800,71.08999633789062,69.83000183105469,69.83000183105469
23-11-2016,69.66999816894531,69.98999786376953,243500,70.33000183105469,70.11000061035156,70.11000061035156
25-11-2016,69.76000213623047,70.30000305175781,226600,70.93000030517578,70.16000366210938,70.16000366210938
28-11-2016,69.72000122070312,70.04000091552734,187300,70.4000015258789,69.91999816894531,69.91999816894531
29-11-2016,69.54000091552734,70.2300033569336,267200,70.4800033569336,69.80000305175781,69.80000305175781
30-11-2016,68.79000091552734,69.94999694824219,221400,70.22000122070312,68.81999969482422,68.81999969482422
01-12-2016,67.3499984741211,68.5199966430664,319300,68.75,67.6500015258789,67.6500015258789
02-12-2016,66.98999786376953,67.7300033569336,453700,68.54000091552734,68.33000183105469,68.33000183105469
05-12-2016,68.33999633789062,68.44999694824219,332500,69.31999969482422,69.0199966430664,69.0199966430664
06-12-2016,68.51000213623047,68.94000244140625,206900,69.63999938964844,69.19999694824219,69.19999694824219
07-12-2016,69.05999755859375,69.06999969482422,164000,70.12000274658203,69.86000061035156,69.86000061035156
08-12-2016,69.70999908447266,70.0,305400,71.31999969482422,71.19000244140625,71.19000244140625
09-12-2016,70.63999938964844,71.19999694824219,322500,71.3499984741211,70.9000015258789,70.9000015258789
12-12-2016,69.88999938964844,70.58000183105469,292200,70.58000183105469,70.16000366210938,70.16000366210938
13-12-2016,69.43000030517578,70.23999786376953,356600,70.69999694824219,69.4800033569336,69.4800033569336
14-12-2016,69.04000091552734,69.54000091552734,197100,69.86000061035156,69.0999984741211,69.0999984741211
15-12-2016,68.61000061035156,69.30999755859375,254900,70.0199966430664,69.20999908447266,69.20999908447266
16-12-2016,69.08000183105469,69.55000305175781,576400,69.75,69.13999938964844,69.13999938964844
19-12-2016,69.51000213623047,69.51000213623047,184000,70.25,70.23999786376953,70.23999786376953
20-12-2016,69.87999725341797,70.47000122070312,242400,70.52999877929688,70.52999877929688,70.52999877929688
21-12-2016,69.81999969482422,70.33000183105469,312200,70.75,69.81999969482422,69.81999969482422
22-12-2016,69.22000122070312,70.1500015258789,104200,70.1500015258789,69.44999694824219,69.44999694824219
23-12-2016,68.94999694824219,69.27999877929688,83800,69.69000244140625,69.1500015258789,69.1500015258789
27-12-2016,69.08000183105469,69.58999633789062,113100,69.73999786376953,69.45999908447266,69.45999908447266
28-12-2016,69.16999816894531,69.33999633789062,211600,70.37999725341797,69.66999816894531,69.66999816894531
29-12-2016,69.75,69.88999938964844,276500,70.13999938964844,70.06999969482422,70.06999969482422
30-12-2016,69.69000244140625,70.16000366210938,254100,70.29000091552734,70.0199966430664,70.0199966430664
03-01-2017,68.7699966430664,70.0199966430664,346900,70.27999877929688,69.18000030517578,69.18000030517578
04-01-2017,69.1500015258789,69.1500015258789,219100,70.4800033569336,70.30000305175781,70.30000305175781
05-01-2017,70.12000274658203,70.36000061035156,796900,70.83000183105469,70.69000244140625,70.69000244140625
06-01-2017,70.0,70.25,359100,71.55000305175781,70.91000366210938,70.91000366210938
09-01-2017,70.36000061035156,70.58000183105469,444800,71.11000061035156,71.01000213623047,71.01000213623047
10-01-2017,71.08000183105469,71.08000183105469,191400,71.76000213623047,71.27999877929688,71.27999877929688
11-01-2017,70.5999984741211,71.0999984741211,169000,71.41999816894531,71.20999908447266,71.20999908447266
12-01-2017,70.5199966430664,71.19999694824219,205300,71.2699966430664,70.83000183105469,70.83000183105469
13-01-2017,71.01000213623047,71.01000213623047,169600,71.83999633789062,71.12000274658203,71.12000274658203
17-01-2017,70.1500015258789,70.62000274658203,180400,70.75,70.5,70.5
18-01-2017,70.1500015258789,70.48999786376953,220400,70.86000061035156,70.7699966430664,70.7699966430664
19-01-2017,69.16000366210938,70.77999877929688,266900,70.77999877929688,69.19999694824219,69.19999694824219
20-01-2017,69.19999694824219,69.19999694824219,359600,70.0999984741211,69.70999908447266,69.70999908447266
23-01-2017,69.41999816894531,69.80999755859375,241700,70.19000244140625,69.63999938964844,69.63999938964844
24-01-2017,69.44000244140625,69.69000244140625,186000,71.0199966430664,70.44000244140625,70.44000244140625
25-01-2017,70.18000030517578,70.9000015258789,194400,71.43000030517578,71.16000366210938,71.16000366210938
26-01-2017,70.38999938964844,70.93000030517578,239000,71.62999725341797,70.41000366210938,70.41000366210938
27-01-2017,70.05000305175781,70.75,103400,70.75,70.30000305175781,70.30000305175781
30-01-2017,69.25,70.01000213623047,177500,70.16000366210938,69.63999938964844,69.63999938964844
31-01-2017,69.12999725341797,69.2300033569336,312700,70.91000366210938,70.86000061035156,70.86000061035156
01-02-2017,70.4800033569336,71.0199966430664,178000,71.3499984741211,70.80000305175781,70.80000305175781
02-02-2017,70.4000015258789,70.81999969482422,227200,71.0199966430664,70.7300033569336,70.7300033569336
03-02-2017,71.12999725341797,71.4000015258789,129300,71.95999908447266,71.83999633789062,71.83999633789062
06-02-2017,71.01000213623047,71.43000030517578,213900,71.52999877929688,71.25,71.25
07-02-2017,70.5999984741211,71.5,131000,71.69000244140625,70.73999786376953,70.73999786376953
08-02-2017,70.43000030517578,70.44999694824219,192300,71.0199966430664,70.7300033569336,70.7300033569336
09-02-2017,70.7300033569336,70.81999969482422,265400,71.87999725341797,71.47000122070312,71.47000122070312
10-02-2017,65.0,65.0,1124400,70.0,68.4000015258789,68.4000015258789
13-02-2017,67.68000030517578,68.93000030517578,451400,69.08000183105469,68.12999725341797,68.12999725341797
14-02-2017,67.77999877929688,68.44000244140625,613000,68.44000244140625,68.01000213623047,68.01000213623047
15-02-2017,67.56999969482422,67.9000015258789,194000,68.91999816894531,68.76000213623047,68.76000213623047
16-02-2017,68.02999877929688,68.9000015258789,211700,68.9000015258789,68.76000213623047,68.76000213623047
17-02-2017,68.55000305175781,68.70999908447266,207200,69.38999938964844,69.37000274658203,69.37000274658203
21-02-2017,69.04000091552734,69.36000061035156,168600,69.80000305175781,69.16000366210938,69.16000366210938
22-02-2017,68.55000305175781,69.01000213623047,171600,69.27999877929688,69.11000061035156,69.11000061035156
23-02-2017,68.94000244140625,69.2300033569336,186900,69.37999725341797,69.05999755859375,69.05999755859375
24-02-2017,68.11000061035156,68.52999877929688,228300,69.22000122070312,69.13999938964844,69.13999938964844
27-02-2017,68.98999786376953,69.16000366210938,231600,69.62999725341797,69.30000305175781,69.30000305175781
28-02-2017,68.7699966430664,69.11000061035156,301900,69.37000274658203,69.11000061035156,69.11000061035156
01-03-2017,69.06999969482422,69.91000366210938,355600,70.0,69.30000305175781,69.30000305175781
02-03-2017,68.98999786376953,69.29000091552734,209900,69.87999725341797,69.33999633789062,69.33999633789062
03-03-2017,69.08999633789062,69.5999984741211,304900,69.7300033569336,69.62000274658203,69.62000274658203
06-03-2017,69.04000091552734,69.18000030517578,318800,69.6500015258789,69.54000091552734,69.54000091552734
07-03-2017,69.31999969482422,69.56999969482422,186800,69.8499984741211,69.52999877929688,69.52999877929688
08-03-2017,69.25,69.81999969482422,196200,69.81999969482422,69.36000061035156,69.36000061035156
09-03-2017,69.01000213623047,69.31999969482422,154500,69.63999938964844,69.30000305175781,69.30000305175781
10-03-2017,68.98999786376953,69.58000183105469,213300,69.91999816894531,69.41000366210938,69.41000366210938
13-03-2017,69.30999755859375,69.30999755859375,145700,69.72000122070312,69.55999755859375,69.55999755859375
14-03-2017,68.86000061035156,69.37999725341797,148400,69.5199966430664,69.04000091552734,69.04000091552734
15-03-2017,68.62000274658203,69.19000244140625,316500,69.27999877929688,68.66000366210938,68.66000366210938
16-03-2017,68.31999969482422,69.06999969482422,213000,69.47000122070312,68.7300033569336,68.7300033569336
17-03-2017,68.52999877929688,68.55999755859375,264200,70.0,69.91999816894531,69.91999816894531
20-03-2017,69.61000061035156,69.61000061035156,209600,69.87000274658203,69.86000061035156,69.86000061035156
21-03-2017,69.36000061035156,70.0,285700,70.0,69.5,69.5
22-03-2017,68.87000274658203,69.23999786376953,151500,69.33000183105469,69.16000366210938,69.16000366210938
23-03-2017,69.16999816894531,69.16999816894531,190000,70.19999694824219,69.87999725341797,69.87999725341797
24-03-2017,69.75,70.01000213623047,189000,70.61000061035156,70.30999755859375,70.30999755859375
27-03-2017,69.44000244140625,69.62999725341797,254600,70.80999755859375,70.69000244140625,70.69000244140625
28-03-2017,70.36000061035156,70.66000366210938,329200,72.08999633789062,71.93000030517578,71.93000030517578
29-03-2017,71.38999938964844,71.8499984741211,301100,72.13999938964844,71.76000213623047,71.76000213623047
30-03-2017,71.7699966430664,71.77999877929688,198900,72.33999633789062,72.18000030517578,72.18000030517578
31-03-2017,71.79000091552734,72.2300033569336,312600,72.51000213623047,72.48999786376953,72.48999786376953
03-04-2017,69.9800033569336,72.18000030517578,728800,72.51000213623047,70.04000091552734,70.04000091552734
04-04-2017,70.12999725341797,70.12999725341797,228800,70.87999725341797,70.55999755859375,70.55999755859375
05-04-2017,69.9800033569336,70.87999725341797,232400,71.30000305175781,70.06999969482422,70.06999969482422
06-04-2017,69.48999786376953,70.08000183105469,262500,71.31999969482422,71.04000091552734,71.04000091552734
07-04-2017,70.83999633789062,70.83999633789062,200800,71.4800033569336,70.86000061035156,70.86000061035156
10-04-2017,70.79000091552734,70.93000030517578,155100,71.61000061035156,71.33999633789062,71.33999633789062
11-04-2017,70.93000030517578,70.94999694824219,343800,72.27999877929688,72.2699966430664,72.2699966430664
12-04-2017,71.52999877929688,72.12999725341797,240100,72.30000305175781,71.69999694824219,71.69999694824219
13-04-2017,71.3499984741211,71.56999969482422,187300,71.83000183105469,71.52999877929688,71.52999877929688
17-04-2017,71.08000183105469,72.08000183105469,217300,72.30999755859375,72.12000274658203,72.12000274658203
18-04-2017,71.61000061035156,71.94999694824219,161600,72.30999755859375,72.0999984741211,72.0999984741211
19-04-2017,72.23999786376953,72.23999786376953,178400,72.77999877929688,72.69999694824219,72.69999694824219
20-04-2017,72.77999877929688,72.77999877929688,178500,73.48999786376953,73.44999694824219,73.44999694824219
21-04-2017,73.31999969482422,73.43000030517578,340200,74.9000015258789,74.56999969482422,74.56999969482422
24-04-2017,74.47000122070312,75.0,197400,75.5199966430664,74.62999725341797,74.62999725341797
25-04-2017,74.31999969482422,75.05000305175781,214900,75.30000305175781,75.06999969482422,75.06999969482422
26-04-2017,74.88999938964844,74.88999938964844,254700,76.05999755859375,75.48999786376953,75.48999786376953
27-04-2017,75.5199966430664,75.62999725341797,152800,76.25,76.08999633789062,76.08999633789062
28-04-2017,75.7300033569336,75.87999725341797,229900,76.26000213623047,76.12000274658203,76.12000274658203
01-05-2017,74.94999694824219,76.20999908447266,227600,76.23999786376953,75.98999786376953,75.98999786376953
02-05-2017,75.86000061035156,75.86000061035156,252000,76.97000122070312,76.38999938964844,76.38999938964844
03-05-2017,75.4000015258789,76.20999908447266,163700,76.33000183105469,75.91000366210938,75.91000366210938
04-05-2017,75.61000061035156,76.08999633789062,246500,76.61000061035156,76.04000091552734,76.04000091552734
05-05-2017,76.97000122070312,77.5,551900,79.45999908447266,79.44000244140625,79.44000244140625
08-05-2017,79.02999877929688,79.16999816894531,229700,81.2300033569336,80.04000091552734,80.04000091552734
09-05-2017,79.7699966430664,79.7699966430664,212600,80.94999694824219,80.76000213623047,80.76000213623047
10-05-2017,80.12999725341797,80.87000274658203,256300,81.0,80.61000061035156,80.61000061035156
11-05-2017,78.0,78.98999786376953,1615400,79.06999969482422,78.6500015258789,78.6500015258789
12-05-2017,77.5999984741211,77.97000122070312,411100,78.8499984741211,78.19000244140625,78.19000244140625
15-05-2017,78.01000213623047,78.01000213623047,265600,79.13999938964844,78.55999755859375,78.55999755859375
16-05-2017,77.36000061035156,78.7300033569336,448400,78.81999969482422,77.61000061035156,77.61000061035156
17-05-2017,76.08000183105469,77.05000305175781,529400,77.45999908447266,76.37999725341797,76.37999725341797
18-05-2017,76.33000183105469,76.37000274658203,261500,77.25,76.76000213623047,76.76000213623047
19-05-2017,76.20999908447266,76.94999694824219,536500,76.94999694824219,76.2300033569336,76.2300033569336
22-05-2017,75.94000244140625,76.30999755859375,312200,76.87999725341797,76.80000305175781,76.80000305175781
23-05-2017,75.91000366210938,77.30999755859375,397600,77.30999755859375,76.01000213623047,76.01000213623047
24-05-2017,76.0,76.0,207300,76.98999786376953,76.45999908447266,76.45999908447266
25-05-2017,76.36000061035156,76.55999755859375,226100,77.05999755859375,76.37000274658203,76.37000274658203
26-05-2017,76.25,76.45999908447266,180800,76.95999908447266,76.62000274658203,76.62000274658203
30-05-2017,76.0,76.43000030517578,400100,77.12999725341797,76.9800033569336,76.9800033569336
31-05-2017,76.5,77.04000091552734,226000,77.38999938964844,76.72000122070312,76.72000122070312
01-06-2017,75.55000305175781,76.87000274658203,403700,78.0999984741211,77.98999786376953,77.98999786376953
02-06-2017,77.6500015258789,78.30999755859375,275000,78.45999908447266,77.83999633789062,77.83999633789062
05-06-2017,77.12999725341797,77.61000061035156,151500,77.95999908447266,77.19000244140625,77.19000244140625
06-06-2017,76.5999984741211,76.69000244140625,372900,77.23999786376953,76.94999694824219,76.94999694824219
07-06-2017,76.76000213623047,77.02999877929688,255700,77.13999938964844,77.0199966430664,77.0199966430664
08-06-2017,76.22000122070312,76.8499984741211,200100,76.88999938964844,76.56999969482422,76.56999969482422
09-06-2017,76.08000183105469,76.41999816894531,396000,76.8499984741211,76.27999877929688,76.27999877929688
12-06-2017,75.73999786376953,76.23999786376953,364400,76.38999938964844,76.38999938964844,76.38999938964844
13-06-2017,76.13999938964844,76.38999938964844,263200,77.0,76.81999969482422,76.81999969482422
14-06-2017,76.37999725341797,76.69999694824219,215200,76.87999725341797,76.5999984741211,76.5999984741211
15-06-2017,75.83000183105469,75.86000061035156,618000,77.5,76.88999938964844,76.88999938964844
16-06-2017,76.44000244140625,76.62000274658203,737200,77.30000305175781,77.0199966430664,77.0199966430664
19-06-2017,76.72000122070312,77.0,759300,77.48999786376953,77.0,77.0
20-06-2017,76.83000183105469,77.13999938964844,659300,78.47000122070312,77.55000305175781,77.55000305175781
21-06-2017,77.79000091552734,78.0,543700,79.33000183105469,79.23999786376953,79.23999786376953
22-06-2017,78.16000366210938,79.25,391600,79.30999755859375,78.27999877929688,78.27999877929688
23-06-2017,77.94999694824219,78.3499984741211,4563800,78.91999816894531,78.01000213623047,78.01000213623047
26-06-2017,77.5199966430664,78.41000366210938,357400,78.81999969482422,77.76000213623047,77.76000213623047
27-06-2017,76.97000122070312,77.5,391700,78.20999908447266,77.23999786376953,77.23999786376953
28-06-2017,76.4800033569336,77.5199966430664,589700,77.94000244140625,76.80999755859375,76.80999755859375
29-06-2017,76.80999755859375,76.94000244140625,351700,77.37999725341797,77.12000274658203,77.12000274658203
30-06-2017,77.16999816894531,77.5199966430664,205000,77.69999694824219,77.20999908447266,77.20999908447266
03-07-2017,76.86000061035156,77.2300033569336,175800,77.6500015258789,76.87000274658203,76.87000274658203
05-07-2017,76.12999725341797,76.80000305175781,324900,77.11000061035156,76.91000366210938,76.91000366210938
06-07-2017,75.6500015258789,76.6500015258789,321200,76.72000122070312,75.83999633789062,75.83999633789062
07-07-2017,75.91999816894531,75.93000030517578,189300,76.69999694824219,76.55999755859375,76.55999755859375
10-07-2017,76.05000305175781,76.72000122070312,253600,77.08999633789062,76.22000122070312,76.22000122070312
11-07-2017,75.8499984741211,76.37000274658203,291000,76.5999984741211,76.45999908447266,76.45999908447266
12-07-2017,76.61000061035156,76.61000061035156,148500,77.44000244140625,76.97000122070312,76.97000122070312
13-07-2017,76.52999877929688,76.87000274658203,147700,77.7699966430664,77.05000305175781,77.05000305175781
14-07-2017,76.86000061035156,76.97000122070312,192100,77.6500015258789,77.33000183105469,77.33000183105469
17-07-2017,76.94999694824219,77.25,315700,77.98999786376953,77.6500015258789,77.6500015258789
18-07-2017,77.66999816894531,78.94000244140625,356900,79.66000366210938,79.30000305175781,79.30000305175781
19-07-2017,79.36000061035156,79.37000274658203,399800,80.02999877929688,79.69999694824219,79.69999694824219
20-07-2017,79.4800033569336,79.69999694824219,142200,80.0,79.68000030517578,79.68000030517578
21-07-2017,79.41000366210938,79.69000244140625,168300,79.80999755859375,79.55000305175781,79.55000305175781
24-07-2017,79.27999877929688,79.5199966430664,249900,80.19000244140625,79.58999633789062,79.58999633789062
25-07-2017,79.23999786376953,79.4800033569336,196300,80.01000213623047,79.44999694824219,79.44999694824219
26-07-2017,79.11000061035156,79.43000030517578,149100,80.66999816894531,79.18000030517578,79.18000030517578
27-07-2017,78.72000122070312,79.55000305175781,242700,79.75,78.91999816894531,78.91999816894531
28-07-2017,78.22000122070312,78.80999755859375,170900,79.38999938964844,79.19999694824219,79.19999694824219
31-07-2017,78.94999694824219,79.16999816894531,195600,79.66000366210938,79.01000213623047,79.01000213623047
01-08-2017,79.18000030517578,79.62999725341797,395600,81.16000366210938,79.8499984741211,79.8499984741211
02-08-2017,78.06999969482422,81.9000015258789,415700,82.0,78.48999786376953,78.48999786376953
03-08-2017,78.27999877929688,78.54000091552734,215800,79.80000305175781,78.91000366210938,78.91000366210938
04-08-2017,78.37999725341797,79.2300033569336,119600,79.25,78.70999908447266,78.70999908447266
07-08-2017,78.3499984741211,78.80000305175781,162600,79.22000122070312,79.16999816894531,79.16999816894531
08-08-2017,78.58999633789062,78.77999877929688,241300,79.62999725341797,79.41999816894531,79.41999816894531
09-08-2017,79.08999633789062,79.18000030517578,201600,79.76000213623047,79.5999984741211,79.5999984741211
10-08-2017,79.18000030517578,79.44000244140625,262500,79.88999938964844,79.29000091552734,79.29000091552734
11-08-2017,77.7300033569336,78.66999816894531,242100,80.0,79.16000366210938,79.16000366210938
14-08-2017,79.68000030517578,79.68000030517578,184200,80.30000305175781,80.18000030517578,80.18000030517578
15-08-2017,79.6500015258789,80.37999725341797,174600,80.37999725341797,79.87999725341797,79.87999725341797
16-08-2017,79.62000274658203,79.93000030517578,146400,80.41000366210938,79.80999755859375,79.80999755859375
17-08-2017,79.41999816894531,79.69999694824219,214300,80.16999816894531,79.80999755859375,79.80999755859375
18-08-2017,79.05000305175781,79.58000183105469,156700,79.88999938964844,79.5,79.5
21-08-2017,78.98999786376953,79.41999816894531,104700,79.80000305175781,79.72000122070312,79.72000122070312
22-08-2017,79.94000244140625,80.0,160300,80.76000213623047,80.7300033569336,80.7300033569336
23-08-2017,80.0199966430664,80.4800033569336,174600,80.7300033569336,80.33000183105469,80.33000183105469
24-08-2017,79.02999877929688,80.5,286700,80.5,79.05999755859375,79.05999755859375
25-08-2017,79.12000274658203,79.33999633789062,116200,79.87999725341797,79.41999816894531,79.41999816894531
28-08-2017,79.02999877929688,79.58000183105469,142400,79.9000015258789,79.66000366210938,79.66000366210938
29-08-2017,79.0199966430664,79.37000274658203,100100,79.80999755859375,79.05999755859375,79.05999755859375
30-08-2017,78.8499984741211,79.05000305175781,72500,79.2699966430664,79.16999816894531,79.16999816894531
31-08-2017,79.12999725341797,79.33999633789062,112600,79.94999694824219,79.93000030517578,79.93000030517578
01-09-2017,79.61000061035156,79.8499984741211,73500,80.26000213623047,79.87999725341797,79.87999725341797
05-09-2017,79.55000305175781,79.8499984741211,115500,80.62000274658203,79.91999816894531,79.91999816894531
06-09-2017,78.37000274658203,79.87999725341797,277400,80.0,78.76000213623047,78.76000213623047
07-09-2017,77.69000244140625,78.80999755859375,174300,79.12000274658203,78.04000091552734,78.04000091552734
08-09-2017,77.75,78.0999984741211,206000,79.33000183105469,79.22000122070312,79.22000122070312
11-09-2017,79.38999938964844,79.76000213623047,172600,80.48999786376953,80.36000061035156,80.36000061035156
12-09-2017,79.91000366210938,80.12000274658203,134700,80.73999786376953,80.7300033569336,80.7300033569336
13-09-2017,80.51000213623047,80.8499984741211,161200,81.05000305175781,80.86000061035156,80.86000061035156
14-09-2017,80.29000091552734,80.5999984741211,194600,81.68000030517578,81.29000091552734,81.29000091552734
15-09-2017,80.61000061035156,81.08999633789062,200200,81.08999633789062,80.95999908447266,80.95999908447266
18-09-2017,80.91000366210938,81.18000030517578,127300,81.44999694824219,81.38999938964844,81.38999938964844
19-09-2017,81.01000213623047,81.33000183105469,129100,81.66000366210938,81.36000061035156,81.36000061035156
20-09-2017,81.23999786376953,81.44000244140625,165800,82.41000366210938,82.3499984741211,82.3499984741211
21-09-2017,81.5,82.36000061035156,151000,82.41999816894531,81.76000213623047,81.76000213623047
22-09-2017,81.69000244140625,81.83000183105469,106400,82.25,81.98999786376953,81.98999786376953
25-09-2017,81.41000366210938,81.93000030517578,85900,82.2300033569336,82.19999694824219,82.19999694824219
26-09-2017,82.0,82.0,275500,84.04000091552734,83.91000366210938,83.91000366210938
27-09-2017,83.33999633789062,84.16999816894531,241000,84.47000122070312,84.30999755859375,84.30999755859375
28-09-2017,83.87999725341797,84.19000244140625,223300,85.80999755859375,85.73999786376953,85.73999786376953
29-09-2017,85.01000213623047,85.63999938964844,345100,86.30000305175781,86.20999908447266,86.20999908447266
02-10-2017,86.16999816894531,86.20999908447266,315400,87.41999816894531,87.0999984741211,87.0999984741211
03-10-2017,86.62000274658203,87.5,263300,88.12999725341797,87.20999908447266,87.20999908447266
04-10-2017,85.52999877929688,87.4000015258789,188800,87.4800033569336,85.58000183105469,85.58000183105469
05-10-2017,85.08000183105469,85.77999877929688,125400,85.97000122070312,85.31999969482422,85.31999969482422
06-10-2017,85.16000366210938,85.16000366210938,98500,85.98999786376953,85.83999633789062,85.83999633789062
09-10-2017,84.77999877929688,85.75,102600,85.75,85.33999633789062,85.33999633789062
10-10-2017,85.1500015258789,85.33999633789062,84500,85.88999938964844,85.48999786376953,85.48999786376953
11-10-2017,85.0199966430664,85.55999755859375,75100,85.94000244140625,85.29000091552734,85.29000091552734
12-10-2017,85.12999725341797,85.44999694824219,98400,85.62000274658203,85.23999786376953,85.23999786376953
13-10-2017,84.62999725341797,85.33999633789062,120300,85.33999633789062,85.1500015258789,85.1500015258789
16-10-2017,84.6500015258789,85.18000030517578,154000,85.37999725341797,85.20999908447266,85.20999908447266
17-10-2017,84.91000366210938,85.0999984741211,235000,85.58000183105469,85.06999969482422,85.06999969482422
18-10-2017,84.83999633789062,85.18000030517578,159800,85.56999969482422,84.91000366210938,84.91000366210938
19-10-2017,84.37999725341797,84.62000274658203,79300,85.38999938964844,85.19000244140625,85.19000244140625
20-10-2017,84.97000122070312,85.31999969482422,106000,86.06999969482422,86.04000091552734,86.04000091552734
23-10-2017,85.3499984741211,86.5199966430664,62000,86.5199966430664,85.62999725341797,85.62999725341797
24-10-2017,85.41000366210938,85.5999984741211,425400,86.66999816894531,86.47000122070312,86.47000122070312
25-10-2017,85.3499984741211,86.37000274658203,178200,86.83000183105469,85.91000366210938,85.91000366210938
26-10-2017,85.20999908447266,85.69999694824219,135600,86.45999908447266,85.5999984741211,85.5999984741211
27-10-2017,85.41000366210938,85.83999633789062,94100,86.4800033569336,86.44999694824219,86.44999694824219
30-10-2017,85.0199966430664,86.26000213623047,212800,86.44999694824219,85.69000244140625,85.69000244140625
31-10-2017,85.83999633789062,85.83999633789062,107700,86.66999816894531,86.30000305175781,86.30000305175781
01-11-2017,85.61000061035156,86.66000366210938,142900,86.66000366210938,86.58999633789062,86.58999633789062
02-11-2017,88.31999969482422,91.75,463100,93.12999725341795,88.68000030517578,88.68000030517578
03-11-2017,87.41999816894531,88.48999786376953,192700,89.20999908447266,89.11000061035156,89.11000061035156
06-11-2017,88.70999908447266,89.04000091552734,163400,90.5199966430664,89.52999877929688,89.52999877929688
07-11-2017,88.12999725341797,89.51000213623047,169000,90.02999877929688,89.5199966430664,89.5199966430664
08-11-2017,89.29000091552734,89.47000122070312,164300,90.80999755859376,89.95999908447266,89.95999908447266
09-11-2017,85.55000305175781,86.5999984741211,1163700,87.2300033569336,86.58999633789062,86.58999633789062
10-11-2017,86.5,86.7300033569336,255200,87.2699966430664,86.66000366210938,86.66000366210938
13-11-2017,85.98999786376953,86.41000366210938,460100,87.54000091552734,86.7300033569336,86.7300033569336
14-11-2017,86.25,86.69000244140625,270400,87.25,86.58000183105469,86.58000183105469
15-11-2017,85.58000183105469,86.2699966430664,273600,86.61000061035156,86.19000244140625,86.19000244140625
16-11-2017,86.62000274658203,86.63999938964844,355200,87.6500015258789,87.61000061035156,87.61000061035156
17-11-2017,87.2699966430664,87.73999786376953,289200,88.0,87.55000305175781,87.55000305175781
20-11-2017,86.80000305175781,87.72000122070312,217100,87.98999786376953,87.66999816894531,87.66999816894531
21-11-2017,87.5999984741211,87.66999816894531,191700,88.13999938964844,88.04000091552734,88.04000091552734
22-11-2017,87.7699966430664,88.0199966430664,134700,88.29000091552734,88.08000183105469,88.08000183105469
24-11-2017,87.83000183105469,88.23999786376953,203600,88.81999969482422,87.91999816894531,87.91999816894531
27-11-2017,87.12999725341797,88.27999877929688,176400,88.58999633789062,87.41999816894531,87.41999816894531
28-11-2017,87.29000091552734,87.62000274658203,237500,88.12999725341797,88.06999969482422,88.06999969482422
29-11-2017,88.26000213623047,88.36000061035156,177600,88.81999969482422,88.68000030517578,88.68000030517578
30-11-2017,88.44999694824219,88.69999694824219,231400,89.18000030517578,88.94999694824219,88.94999694824219
01-12-2017,87.83999633789062,88.77999877929688,453400,89.66000366210938,88.94000244140625,88.94000244140625
04-12-2017,89.16000366210938,89.51000213623047,394700,90.33999633789062,89.9000015258789,89.9000015258789
05-12-2017,89.95999908447266,90.0999984741211,368900,90.5,90.1500015258789,90.1500015258789
06-12-2017,89.22000122070312,90.05000305175781,415700,90.5,90.41999816894533,90.41999816894533
07-12-2017,90.27999877929688,90.37999725341795,320200,92.06999969482422,92.0500030517578,92.0500030517578
08-12-2017,91.52999877929688,92.2699966430664,363600,92.41999816894533,91.55999755859376,91.55999755859376
11-12-2017,91.37000274658205,91.76000213623048,184600,91.91000366210938,91.7699966430664,91.7699966430664
12-12-2017,91.05999755859376,91.63999938964844,251600,91.80999755859376,91.2699966430664,91.2699966430664
13-12-2017,90.73999786376952,91.1999969482422,346900,91.68000030517578,90.8499984741211,90.8499984741211
14-12-2017,90.80999755859376,90.94000244140624,154100,91.45999908447266,91.3499984741211,91.3499984741211
15-12-2017,91.1999969482422,91.4499969482422,353900,93.76000213623048,93.6500015258789,93.6500015258789
18-12-2017,93.91000366210938,93.91000366210938,309300,94.7699966430664,94.56999969482422,94.56999969482422
19-12-2017,94.0500030517578,94.56999969482422,267200,94.77999877929688,94.70999908447266,94.70999908447266
20-12-2017,94.5199966430664,94.70999908447266,237800,95.4000015258789,94.69000244140624,94.69000244140624
21-12-2017,93.79000091552734,94.72000122070312,333800,95.81999969482422,94.22000122070312,94.22000122070312
22-12-2017,93.87999725341795,94.22000122070312,177300,94.73999786376952,94.4800033569336,94.4800033569336
26-12-2017,94.11000061035156,94.41999816894533,126300,94.72000122070312,94.33999633789062,94.33999633789062
27-12-2017,94.04000091552734,94.38999938964844,112900,94.6999969482422,94.18000030517578,94.18000030517578
28-12-2017,93.4800033569336,94.44000244140624,163100,94.58000183105467,94.27999877929688,94.27999877929688
29-12-2017,93.9000015258789,94.33999633789062,159800,94.43000030517578,94.0,94.0
02-01-2018,93.13999938964844,94.0,240500,94.41000366210938,94.02999877929688,94.02999877929688
03-01-2018,93.54000091552734,94.25,281000,94.48999786376952,94.16000366210938,94.16000366210938
04-01-2018,93.91000366210938,94.0199966430664,171800,95.1999969482422,94.58999633789062,94.58999633789062
05-01-2018,94.47000122070312,94.4800033569336,237500,95.77999877929688,95.75,95.75
08-01-2018,94.54000091552734,94.6500015258789,166400,95.5,95.0500030517578,95.0500030517578
09-01-2018,94.72000122070312,94.7300033569336,192600,95.27999877929688,94.97000122070312,94.97000122070312
10-01-2018,93.91000366210938,94.66000366210938,136100,94.95999908447266,94.87999725341795,94.87999725341795
11-01-2018,94.54000091552734,94.83000183105467,96200,95.43000030517578,95.43000030517578,95.43000030517578
12-01-2018,94.5199966430664,95.0,137100,95.91000366210938,95.44000244140624,95.44000244140624
16-01-2018,95.3499984741211,95.3499984741211,208500,96.43000030517578,95.58000183105467,95.58000183105467
17-01-2018,95.12000274658205,96.16999816894533,196800,96.2699966430664,95.68000030517578,95.68000030517578
18-01-2018,95.54000091552734,95.93000030517578,164100,96.45999908447266,96.18000030517578,96.18000030517578
19-01-2018,96.6500015258789,96.6500015258789,165200,98.16000366210938,97.51000213623048,97.51000213623048
22-01-2018,97.16999816894533,97.5199966430664,141500,98.22000122070312,97.56999969482422,97.56999969482422
23-01-2018,97.16999816894533,97.6999969482422,210100,98.25,98.08999633789062,98.08999633789062
24-01-2018,96.62999725341795,98.27999877929688,147300,98.4800033569336,97.16999816894533,97.16999816894533
25-01-2018,96.80999755859376,97.5999984741211,138600,97.87999725341795,97.31999969482422,97.31999969482422
26-01-2018,96.7699966430664,97.4499969482422,223500,98.23999786376952,97.8000030517578,97.8000030517578
29-01-2018,96.5999984741211,97.4499969482422,103000,97.8000030517578,96.75,96.75
30-01-2018,95.98999786376952,96.48999786376952,118000,97.27999877929688,97.01000213623048,97.01000213623048
31-01-2018,96.7699966430664,97.12999725341795,197100,98.25,98.1999969482422,98.1999969482422
01-02-2018,97.48999786376952,98.04000091552734,221400,98.83999633789062,98.75,98.75
02-02-2018,96.61000061035156,98.25,232400,98.80999755859376,97.20999908447266,97.20999908447266
05-02-2018,93.66999816894533,96.4800033569336,250000,96.73999786376952,94.36000061035156,94.36000061035156
06-02-2018,92.5500030517578,92.83999633789062,239500,94.76000213623048,94.3499984741211,94.3499984741211
07-02-2018,93.76000213623048,94.36000061035156,204400,94.97000122070312,93.91999816894533,93.91999816894533
08-02-2018,91.54000091552734,94.04000091552734,329100,94.43000030517578,91.77999877929688,91.77999877929688
09-02-2018,92.72000122070312,94.68000030517578,456900,96.6500015258789,93.55999755859376,93.55999755859376
12-02-2018,92.61000061035156,93.66000366210938,402100,94.4499969482422,93.08000183105467,93.08000183105467
13-02-2018,92.6999969482422,93.0199966430664,354100,95.16999816894533,95.16000366210938,95.16000366210938
14-02-2018,94.31999969482422,95.08000183105467,135400,96.0,95.94000244140624,95.94000244140624
15-02-2018,95.12999725341795,96.0,210400,96.0999984741211,96.0,96.0
16-02-2018,95.80999755859376,95.80999755859376,167000,97.58999633789062,97.3499984741211,97.3499984741211
20-02-2018,96.02999877929688,97.05999755859376,128600,97.58999633789062,96.08999633789062,96.08999633789062
21-02-2018,96.0999984741211,96.0999984741211,129400,98.0,96.66000366210938,96.66000366210938
22-02-2018,95.56999969482422,97.06999969482422,192300,98.02999877929688,95.97000122070312,95.97000122070312
23-02-2018,95.4000015258789,96.0,186200,96.7699966430664,96.45999908447266,96.45999908447266
26-02-2018,95.81999969482422,96.5,229700,97.18000030517578,96.58999633789062,96.58999633789062
27-02-2018,95.87000274658205,96.5999984741211,162600,96.93000030517578,96.12000274658205,96.12000274658205
28-02-2018,95.56999969482422,96.2699966430664,160200,97.30999755859376,95.56999969482422,95.56999969482422
01-03-2018,94.38999938964844,95.54000091552734,171200,95.8499984741211,95.16999816894533,95.16999816894533
02-03-2018,94.30999755859376,95.06999969482422,138000,96.22000122070312,95.83000183105467,95.83000183105467
05-03-2018,95.08999633789062,95.5,157600,96.91000366210938,96.26000213623048,96.26000213623048
06-03-2018,95.55999755859376,96.16999816894533,227800,97.06999969482422,96.56999969482422,96.56999969482422
07-03-2018,96.29000091552734,96.29000091552734,180300,98.5,98.33999633789062,98.33999633789062
08-03-2018,98.23999786376952,98.5,226500,99.87000274658205,98.51000213623048,98.51000213623048
09-03-2018,98.37999725341795,99.11000061035156,234600,100.5500030517578,100.3000030517578,100.3000030517578
12-03-2018,99.70999908447266,100.41000366210938,225200,100.83000183105467,100.3499984741211,100.3499984741211
13-03-2018,99.4000015258789,100.3499984741211,285100,100.9499969482422,99.4800033569336,99.4800033569336
14-03-2018,98.6999969482422,99.8499984741211,196900,100.01000213623048,99.98999786376952,99.98999786376952
15-03-2018,98.87999725341795,99.80999755859376,166700,100.26000213623048,100.0999984741211,100.0999984741211
16-03-2018,99.7300033569336,100.19000244140624,350300,101.47000122070312,101.16999816894533,101.16999816894533
19-03-2018,100.73999786376952,100.81999969482422,189200,101.41999816894533,101.20999908447266,101.20999908447266
20-03-2018,100.66000366210938,101.23999786376952,159000,102.41999816894533,102.29000091552734,102.29000091552734
21-03-2018,101.68000030517578,102.41999816894533,190900,102.9499969482422,102.30999755859376,102.30999755859376
22-03-2018,101.73999786376952,102.0,296700,102.73999786376952,101.87999725341795,101.87999725341795
23-03-2018,102.13999938964844,102.13999938964844,388300,103.5199966430664,102.83999633789062,102.83999633789062
26-03-2018,102.9000015258789,103.5999984741211,518400,105.04000091552734,104.66999816894533,104.66999816894533
27-03-2018,97.70999908447266,103.47000122070312,1651500,103.47000122070312,97.86000061035156,97.86000061035156
28-03-2018,96.86000061035156,98.0,791000,99.72000122070312,97.69000244140624,97.69000244140624
29-03-2018,98.06999969482422,98.48999786376952,776700,100.3499984741211,99.72000122070312,99.72000122070312
02-04-2018,97.55999755859376,99.66000366210938,401300,100.11000061035156,97.79000091552734,97.79000091552734
03-04-2018,95.0,95.81999969482422,399000,97.23999786376952,96.97000122070312,96.97000122070312
04-04-2018,95.37999725341795,95.61000061035156,403200,97.6500015258789,97.55999755859376,97.55999755859376
05-04-2018,97.77999877929688,97.77999877929688,452900,99.98999786376952,99.0999984741211,99.0999984741211
06-04-2018,96.08000183105467,98.55999755859376,582500,99.26000213623048,96.0999984741211,96.0999984741211
09-04-2018,96.37999725341795,96.83000183105467,479100,97.48999786376952,96.47000122070312,96.47000122070312
10-04-2018,97.38999938964844,97.38999938964844,325700,99.05999755859376,98.88999938964844,98.88999938964844
11-04-2018,98.0199966430664,98.87000274658205,242600,99.13999938964844,98.2300033569336,98.2300033569336
12-04-2018,98.38999938964844,98.62000274658205,343900,99.58999633789062,98.6999969482422,98.6999969482422
13-04-2018,98.2699966430664,99.41999816894533,231700,99.41999816894533,98.8000030517578,98.8000030517578
16-04-2018,98.91999816894533,98.93000030517578,237400,100.16999816894533,99.58999633789062,99.58999633789062
17-04-2018,98.47000122070312,99.87000274658205,252000,99.87999725341795,98.98999786376952,98.98999786376952
18-04-2018,98.93000030517578,98.98999786376952,259400,99.88999938964844,99.4800033569336,99.4800033569336
19-04-2018,98.18000030517578,99.22000122070312,242300,99.52999877929688,98.38999938964844,98.38999938964844
20-04-2018,97.8499984741211,98.6999969482422,187400,99.0,98.7699966430664,98.7699966430664
23-04-2018,98.4499969482422,98.88999938964844,136200,99.51000213623048,98.83999633789062,98.83999633789062
24-04-2018,96.55999755859376,99.0999984741211,375800,99.44000244140624,96.9499969482422,96.9499969482422
25-04-2018,95.66999816894533,96.86000061035156,312400,97.37000274658205,95.88999938964844,95.88999938964844
26-04-2018,95.5,96.2699966430664,200800,97.1500015258789,96.0500030517578,96.0500030517578
27-04-2018,95.0,96.0,333000,96.30999755859376,96.0,96.0
30-04-2018,94.8000030517578,96.47000122070312,523100,96.83999633789062,94.87999725341795,94.87999725341795
01-05-2018,91.29000091552734,93.0,720000,95.52999877929688,95.02999877929688,95.02999877929688
02-05-2018,94.38999938964844,94.9800033569336,548700,96.87999725341795,96.5,96.5
03-05-2018,95.87999725341795,96.16000366210938,231000,96.9800033569336,96.72000122070312,96.72000122070312
04-05-2018,95.37000274658205,96.52999877929688,427300,98.0999984741211,98.0999984741211,98.0999984741211
07-05-2018,97.37999725341795,98.1999969482422,285600,99.02999877929688,98.8499984741211,98.8499984741211
08-05-2018,98.3499984741211,98.37000274658205,292800,98.98999786376952,98.80999755859376,98.80999755859376
09-05-2018,97.16000366210938,99.0199966430664,313600,99.0199966430664,97.5,97.5
10-05-2018,97.0999984741211,97.5199966430664,164200,98.55999755859376,98.12999725341795,98.12999725341795
11-05-2018,97.63999938964844,98.45999908447266,213400,99.2300033569336,99.1999969482422,99.1999969482422
14-05-2018,98.12999725341795,99.26000213623048,145800,99.27999877929688,98.5,98.5
15-05-2018,97.73999786376952,98.04000091552734,109400,98.5500030517578,98.23999786376952,98.23999786376952
16-05-2018,98.08000183105467,98.5500030517578,321500,99.3000030517578,98.9800033569336,98.9800033569336
17-05-2018,98.5500030517578,98.6999969482422,136800,99.58999633789062,99.43000030517578,99.43000030517578
18-05-2018,99.16000366210938,99.37000274658205,145600,99.62999725341795,99.41000366210938,99.41000366210938
21-05-2018,98.87000274658205,99.72000122070312,173800,99.91999816894533,99.76000213623048,99.76000213623048
22-05-2018,99.5,100.0500030517578,235400,100.41000366210938,99.7300033569336,99.7300033569336
23-05-2018,99.18000030517578,99.5500030517578,153300,99.7300033569336,99.44000244140624,99.44000244140624
24-05-2018,99.29000091552734,99.56999969482422,166700,100.81999969482422,100.58000183105467,100.58000183105467
25-05-2018,100.5500030517578,100.62000274658205,144000,101.83999633789062,101.04000091552734,101.04000091552734
29-05-2018,99.41000366210938,100.44000244140624,152200,100.68000030517578,100.0500030517578,100.0500030517578
30-05-2018,99.8499984741211,100.11000061035156,188100,101.81999969482422,101.37000274658205,101.37000274658205
31-05-2018,101.08999633789062,101.38999938964844,197300,102.0,101.1999969482422,101.1999969482422
01-06-2018,100.94000244140624,101.30999755859376,275900,101.75,101.70999908447266,101.70999908447266
04-06-2018,101.8499984741211,102.04000091552734,295000,103.41000366210938,103.26000213623048,103.26000213623048
05-06-2018,102.36000061035156,103.41999816894533,250700,104.45999908447266,103.01000213623048,103.01000213623048
06-06-2018,103.20999908447266,103.20999908447266,403800,105.93000030517578,105.7699966430664,105.7699966430664
07-06-2018,104.8499984741211,105.69000244140624,322600,106.23999786376952,106.2300033569336,106.2300033569336
08-06-2018,106.20999908447266,106.2699966430664,224700,107.56999969482422,107.48999786376952,107.48999786376952
11-06-2018,107.08999633789062,107.9000015258789,266600,107.94000244140624,107.44000244140624,107.44000244140624
12-06-2018,107.45999908447266,107.58000183105467,202200,108.4000015258789,108.08999633789062,108.08999633789062
13-06-2018,105.9000015258789,108.29000091552734,285100,108.31999969482422,106.16999816894533,106.16999816894533
14-06-2018,105.33999633789062,106.29000091552734,211700,106.37000274658205,105.7699966430664,105.7699966430664
15-06-2018,104.5199966430664,104.52999877929688,433700,105.36000061035156,105.12000274658205,105.12000274658205
18-06-2018,104.58000183105467,105.20999908447266,242500,105.8000030517578,105.4800033569336,105.4800033569336
19-06-2018,104.20999908447266,105.18000030517578,222800,106.08000183105467,106.0,106.0
20-06-2018,105.0999984741211,106.08000183105467,220800,106.5500030517578,105.75,105.75
21-06-2018,104.1500015258789,105.37000274658205,161800,105.73999786376952,105.0999984741211,105.0999984741211
22-06-2018,104.79000091552734,105.73999786376952,343500,105.73999786376952,105.45999908447266,105.45999908447266
25-06-2018,102.83999633789062,104.97000122070312,359200,104.97000122070312,103.2300033569336,103.2300033569336
26-06-2018,102.13999938964844,103.12999725341795,286800,103.5199966430664,102.47000122070312,102.47000122070312
27-06-2018,100.55999755859376,103.0199966430664,240900,103.0199966430664,100.83000183105467,100.83000183105467
28-06-2018,100.12000274658205,100.83999633789062,228200,102.2300033569336,102.02999877929688,102.02999877929688
29-06-2018,102.43000030517578,102.77999877929688,373900,103.12000274658205,102.5199966430664,102.5199966430664
02-07-2018,101.27999877929688,101.68000030517578,256900,103.55999755859376,103.54000091552734,103.54000091552734
03-07-2018,103.0999984741211,103.56999969482422,123600,104.33999633789062,104.0999984741211,104.0999984741211
05-07-2018,103.6999969482422,104.3000030517578,300900,104.79000091552734,104.79000091552734,104.79000091552734
06-07-2018,104.87000274658205,104.87000274658205,242400,106.66000366210938,106.11000061035156,106.11000061035156
09-07-2018,106.44000244140624,106.68000030517578,157700,107.41000366210938,107.01000213623048,107.01000213623048
10-07-2018,106.48999786376952,107.0500030517578,129500,107.43000030517578,107.33999633789062,107.33999633789062
11-07-2018,106.83000183105467,106.83000183105467,126100,107.93000030517578,107.61000061035156,107.61000061035156
12-07-2018,107.91000366210938,108.1500015258789,135400,108.86000061035156,108.5999984741211,108.5999984741211
13-07-2018,107.7300033569336,108.5500030517578,161600,109.16000366210938,108.83999633789062,108.83999633789062
16-07-2018,108.0199966430664,108.83999633789062,165400,108.91999816894533,108.56999969482422,108.56999969482422
17-07-2018,108.18000030517578,108.66000366210938,97900,108.9000015258789,108.8499984741211,108.8499984741211
18-07-2018,108.80999755859376,108.80999755859376,247900,110.36000061035156,110.13999938964844,110.13999938964844
19-07-2018,109.19000244140624,110.04000091552734,173300,110.8499984741211,109.80999755859376,109.80999755859376
20-07-2018,109.1500015258789,109.76000213623048,256900,110.87999725341795,110.3000030517578,110.3000030517578
23-07-2018,109.58999633789062,110.37999725341795,142400,110.47000122070312,110.11000061035156,110.11000061035156
24-07-2018,108.44000244140624,110.1999969482422,148400,110.52999877929688,109.31999969482422,109.31999969482422
25-07-2018,108.45999908447266,109.56999969482422,150100,110.58000183105467,110.4499969482422,110.4499969482422
26-07-2018,109.6500015258789,110.08999633789062,136400,111.0199966430664,110.9499969482422,110.9499969482422
27-07-2018,108.7699966430664,111.19000244140624,203700,111.29000091552734,109.13999938964844,109.13999938964844
30-07-2018,106.68000030517578,109.55999755859376,222400,109.55999755859376,106.87999725341795,106.87999725341795
31-07-2018,106.56999969482422,107.0500030517578,182200,107.8499984741211,106.98999786376952,106.98999786376952
01-08-2018,106.48999786376952,107.0,246000,108.1500015258789,107.69000244140624,107.69000244140624
02-08-2018,107.02999877929688,107.33000183105467,209600,108.73999786376952,108.27999877929688,108.27999877929688
03-08-2018,107.02999877929688,107.33000183105467,450300,112.68000030517578,110.33000183105467,110.33000183105467
06-08-2018,109.41000366210938,110.0,228000,111.2300033569336,110.69000244140624,110.69000244140624
07-08-2018,109.04000091552734,110.25,306200,110.7699966430664,109.2699966430664,109.2699966430664
08-08-2018,109.01000213623048,109.0999984741211,211100,110.3000030517578,109.66000366210938,109.66000366210938
09-08-2018,109.45999908447266,109.63999938964844,206400,110.45999908447266,110.16999816894533,110.16999816894533
10-08-2018,109.56999969482422,109.9800033569336,186700,111.0999984741211,110.33000183105467,110.33000183105467
13-08-2018,109.76000213623048,110.06999969482422,215900,111.93000030517578,111.52999877929688,111.52999877929688
14-08-2018,111.55999755859376,111.55999755859376,312500,114.0999984741211,113.8499984741211,113.8499984741211
15-08-2018,112.61000061035156,113.19000244140624,236600,114.20999908447266,114.1999969482422,114.1999969482422
16-08-2018,114.52999877929688,114.62999725341795,192500,115.86000061035156,115.4499969482422,115.4499969482422
17-08-2018,114.5500030517578,115.23999786376952,133800,116.2699966430664,116.12000274658205,116.12000274658205
20-08-2018,115.9000015258789,116.52999877929688,246900,117.08999633789062,116.63999938964844,116.63999938964844
21-08-2018,116.58999633789062,116.58999633789062,149100,117.5,117.19000244140624,117.19000244140624
22-08-2018,116.26000213623048,116.91999816894533,302100,117.08000183105467,116.5500030517578,116.5500030517578
23-08-2018,116.18000030517578,116.5500030517578,142500,117.3499984741211,116.4800033569336,116.4800033569336
24-08-2018,116.3499984741211,116.9499969482422,151100,117.73999786376952,117.27999877929688,117.27999877929688
27-08-2018,117.18000030517578,117.69000244140624,271300,119.0199966430664,118.9000015258789,118.9000015258789
28-08-2018,118.41999816894533,118.86000061035156,333600,119.91999816894533,119.36000061035156,119.36000061035156
29-08-2018,118.5500030517578,119.6500015258789,188300,120.06999969482422,118.97000122070312,118.97000122070312
30-08-2018,117.98999786376952,118.68000030517578,92300,119.5199966430664,119.23999786376952,119.23999786376952
31-08-2018,118.8000030517578,119.0,159200,119.7699966430664,119.43000030517578,119.43000030517578
04-09-2018,118.72000122070312,119.83000183105467,129800,119.83000183105467,119.43000030517578,119.43000030517578
05-09-2018,117.51000213623048,118.87000274658205,118000,118.91000366210938,118.1999969482422,118.1999969482422
06-09-2018,117.2699966430664,118.37000274658205,184900,118.62000274658205,118.0199966430664,118.0199966430664
07-09-2018,117.33000183105467,117.7699966430664,135300,119.08999633789062,117.83999633789062,117.83999633789062
10-09-2018,116.6999969482422,117.8499984741211,239500,117.8499984741211,116.77999877929688,116.77999877929688
11-09-2018,115.43000030517578,115.97000122070312,155800,118.06999969482422,116.31999969482422,116.31999969482422
12-09-2018,114.62999725341795,116.1500015258789,176500,116.45999908447266,116.04000091552734,116.04000091552734
13-09-2018,116.08000183105467,116.27999877929688,72200,117.2300033569336,116.51000213623048,116.51000213623048
14-09-2018,116.16000366210938,116.8499984741211,117100,117.51000213623048,116.16000366210938,116.16000366210938
17-09-2018,114.12999725341795,115.75,176200,116.12999725341795,115.11000061035156,115.11000061035156
18-09-2018,114.77999877929688,115.37000274658205,161900,116.1999969482422,115.87000274658205,115.87000274658205
19-09-2018,113.81999969482422,116.0500030517578,143300,116.0500030517578,114.54000091552734,114.54000091552734
20-09-2018,114.77999877929688,114.77999877929688,114800,115.95999908447266,115.4499969482422,115.4499969482422
21-09-2018,115.22000122070312,115.4800033569336,324800,116.47000122070312,116.36000061035156,116.36000061035156
24-09-2018,115.91000366210938,116.1500015258789,198900,117.3000030517578,116.68000030517578,116.68000030517578
25-09-2018,116.22000122070312,116.76000213623048,169400,118.55999755859376,118.23999786376952,118.23999786376952
26-09-2018,116.72000122070312,118.47000122070312,153800,118.5,116.87999725341795,116.87999725341795
27-09-2018,116.29000091552734,117.0999984741211,180500,117.91999816894533,116.97000122070312,116.97000122070312
28-09-2018,116.1999969482422,116.75,368600,118.3499984741211,117.83999633789062,117.83999633789062
01-10-2018,116.33999633789062,118.36000061035156,158500,118.91000366210938,117.1999969482422,117.1999969482422
02-10-2018,115.51000213623048,117.29000091552734,352100,117.29000091552734,116.01000213623048,116.01000213623048
03-10-2018,115.48999786376952,116.55999755859376,187300,117.23999786376952,116.43000030517578,116.43000030517578
04-10-2018,113.12999725341795,116.41999816894533,146900,116.41999816894533,113.76000213623048,113.76000213623048
05-10-2018,113.18000030517578,113.33999633789062,279300,116.27999877929688,115.38999938964844,115.38999938964844
08-10-2018,113.27999877929688,115.3000030517578,287700,115.5999984741211,114.8000030517578,114.8000030517578
09-10-2018,114.08999633789062,114.38999938964844,174000,116.41999816894533,115.68000030517578,115.68000030517578
10-10-2018,112.2300033569336,115.33999633789062,168300,116.3499984741211,112.36000061035156,112.36000061035156
11-10-2018,110.2300033569336,112.16999816894533,287200,112.8499984741211,111.13999938964844,111.13999938964844
12-10-2018,111.62000274658205,113.0199966430664,264900,113.66000366210938,112.77999877929688,112.77999877929688
15-10-2018,112.0,112.83000183105467,128700,114.4000015258789,112.19000244140624,112.19000244140624
16-10-2018,112.26000213623048,112.72000122070312,172600,116.0199966430664,115.95999908447266,115.95999908447266
17-10-2018,114.12000274658205,116.0,138900,116.41999816894533,114.86000061035156,114.86000061035156
18-10-2018,114.0500030517578,114.63999938964844,96600,115.3000030517578,114.38999938964844,114.38999938964844
19-10-2018,112.68000030517578,114.72000122070312,98900,114.83000183105467,113.7300033569336,113.7300033569336
22-10-2018,113.79000091552734,114.0500030517578,193100,115.75,114.16999816894533,114.16999816894533
23-10-2018,111.31999969482422,112.0999984741211,253300,113.37999725341795,112.9000015258789,112.9000015258789
24-10-2018,109.8499984741211,112.75,262800,114.08999633789062,109.9499969482422,109.9499969482422
25-10-2018,110.75,110.86000061035156,170200,113.38999938964844,113.0,113.0
26-10-2018,111.12999725341795,111.5500030517578,140600,113.3499984741211,112.69000244140624,112.69000244140624
29-10-2018,109.33999633789062,113.68000030517578,322600,114.41999816894533,110.3499984741211,110.3499984741211
30-10-2018,109.97000122070312,110.25,220700,113.83999633789062,113.5999984741211,113.5999984741211
31-10-2018,114.77999877929688,114.79000091552734,255300,116.63999938964844,114.91000366210938,114.91000366210938
01-11-2018,114.5999984741211,115.18000030517578,364900,116.9000015258789,115.5500030517578,115.5500030517578
02-11-2018,112.0,112.8000030517578,479300,117.93000030517578,115.93000030517578,115.93000030517578
05-11-2018,113.1500015258789,115.54000091552734,222700,116.37000274658205,115.47000122070312,115.47000122070312
06-11-2018,114.3499984741211,115.58000183105467,151000,116.93000030517578,116.31999969482422,116.31999969482422
07-11-2018,116.30999755859376,117.0,286600,118.76000213623048,117.93000030517578,117.93000030517578
08-11-2018,116.87000274658205,117.41000366210938,292900,118.6500015258789,118.3000030517578,118.3000030517578
09-11-2018,117.0,119.0,222300,120.88999938964844,120.80999755859376,120.80999755859376
12-11-2018,117.0,121.4499969482422,346100,122.01000213623048,117.3499984741211,117.3499984741211
13-11-2018,117.25,117.66000366210938,150300,120.04000091552734,118.20999908447266,118.20999908447266
14-11-2018,117.16000366210938,118.52999877929688,272200,119.68000030517578,117.45999908447266,117.45999908447266
15-11-2018,116.0,116.47000122070312,136500,117.8499984741211,117.80999755859376,117.80999755859376
16-11-2018,116.87000274658205,117.0,169300,120.22000122070312,120.1999969482422,120.1999969482422
19-11-2018,118.37000274658205,120.36000061035156,375600,121.63999938964844,119.0,119.0
20-11-2018,117.1999969482422,117.91999816894533,279700,118.77999877929688,117.29000091552734,117.29000091552734
21-11-2018,117.8000030517578,118.12999725341795,230500,119.43000030517578,117.83999633789062,117.83999633789062
23-11-2018,117.4000015258789,117.4000015258789,60200,119.0500030517578,118.13999938964844,118.13999938964844
26-11-2018,117.51000213623048,119.08999633789062,252600,119.08999633789062,118.02999877929688,118.02999877929688
27-11-2018,117.4499969482422,117.4499969482422,270700,118.4000015258789,117.9000015258789,117.9000015258789
28-11-2018,117.54000091552734,118.30999755859376,567100,118.88999938964844,118.12000274658205,118.12000274658205
29-11-2018,117.72000122070312,118.11000061035156,616500,122.62999725341795,121.3499984741211,121.3499984741211
30-11-2018,121.29000091552734,121.5199966430664,186700,122.76000213623048,121.68000030517578,121.68000030517578
03-12-2018,121.80999755859376,122.98999786376952,357300,123.93000030517578,123.75,123.75
04-12-2018,120.87000274658205,123.66999816894533,154000,123.87999725341795,121.16999816894533,121.16999816894533
06-12-2018,116.6999969482422,120.0,210200,120.3499984741211,119.26000213623048,119.26000213623048
07-12-2018,115.3499984741211,119.01000213623048,207100,120.30999755859376,116.26000213623048,116.26000213623048
10-12-2018,114.04000091552734,115.66000366210938,228800,115.66000366210938,114.9000015258789,114.9000015258789
11-12-2018,113.30999755859376,116.0,250700,116.95999908447266,113.37000274658205,113.37000274658205
12-12-2018,114.83999633789062,115.2699966430664,235500,116.66999816894533,115.36000061035156,115.36000061035156
13-12-2018,113.83999633789062,115.33999633789062,276200,115.87000274658205,114.0,114.0
14-12-2018,111.73999786376952,113.61000061035156,303900,114.30999755859376,111.88999938964844,111.88999938964844
17-12-2018,109.87999725341795,111.66000366210938,335900,113.4800033569336,110.12000274658205,110.12000274658205
18-12-2018,110.5,110.5,276500,112.08999633789062,111.33999633789062,111.33999633789062
19-12-2018,109.54000091552734,111.2300033569336,309000,112.66999816894533,110.1500015258789,110.1500015258789
20-12-2018,108.18000030517578,109.4499969482422,362200,110.4800033569336,108.9499969482422,108.9499969482422
21-12-2018,107.02999877929688,109.30999755859376,376000,110.16000366210938,107.1500015258789,107.1500015258789
24-12-2018,105.1500015258789,106.91999816894533,136500,107.02999877929688,105.38999938964844,105.38999938964844
26-12-2018,106.08000183105467,106.45999908447266,307700,109.33000183105467,109.33000183105467,109.33000183105467
27-12-2018,107.22000122070312,107.22000122070312,230300,111.06999969482422,111.0,111.0
28-12-2018,109.91999816894533,111.41999816894533,164600,112.61000061035156,111.38999938964844,111.38999938964844
31-12-2018,110.29000091552734,111.9499969482422,202500,112.2699966430664,111.4499969482422,111.4499969482422
02-01-2019,108.0999984741211,110.0199966430664,378800,110.31999969482422,110.2300033569336,110.2300033569336
03-01-2019,107.41999816894533,109.62000274658205,195300,109.93000030517578,107.48999786376952,107.48999786376952
04-01-2019,108.02999877929688,108.18000030517578,189500,110.11000061035156,110.0199966430664,110.0199966430664
07-01-2019,109.55999755859376,109.55999755859376,158800,111.5500030517578,110.75,110.75
08-01-2019,110.37000274658205,111.36000061035156,284800,112.3000030517578,111.06999969482422,111.06999969482422
09-01-2019,110.9800033569336,111.48999786376952,225700,112.43000030517578,111.44000244140624,111.44000244140624
10-01-2019,110.83000183105467,111.05999755859376,195500,111.8499984741211,111.45999908447266,111.45999908447266
11-01-2019,110.36000061035156,110.86000061035156,203800,111.43000030517578,110.56999969482422,110.56999969482422
14-01-2019,109.23999786376952,110.18000030517578,196200,110.7300033569336,110.06999969482422,110.06999969482422
15-01-2019,109.76000213623048,110.12999725341795,214500,113.80999755859376,112.55999755859376,112.55999755859376
16-01-2019,112.5999984741211,112.83999633789062,161500,114.1500015258789,113.8499984741211,113.8499984741211
17-01-2019,113.33999633789062,113.33999633789062,160500,114.88999938964844,114.38999938964844,114.38999938964844
18-01-2019,114.56999969482422,114.7699966430664,244700,117.87999725341795,117.05999755859376,117.05999755859376
22-01-2019,114.33999633789062,116.5500030517578,211600,117.27999877929688,114.98999786376952,114.98999786376952
23-01-2019,114.3000030517578,115.3499984741211,160400,115.94000244140624,115.27999877929688,115.27999877929688
24-01-2019,114.87000274658205,115.13999938964844,201500,115.86000061035156,115.1999969482422,115.1999969482422
25-01-2019,114.30999755859376,115.9000015258789,139500,115.9000015258789,114.47000122070312,114.47000122070312
28-01-2019,113.27999877929688,113.47000122070312,125400,114.4499969482422,113.87000274658205,113.87000274658205
29-01-2019,113.2699966430664,113.9499969482422,247600,114.56999969482422,113.94000244140624,113.94000244140624
30-01-2019,113.36000061035156,114.37999725341795,111300,116.04000091552734,114.08000183105467,114.08000183105467
31-01-2019,114.16999816894533,114.45999908447266,176900,116.66000366210938,115.79000091552734,115.79000091552734
01-02-2019,114.8499984741211,115.5,192900,116.27999877929688,116.11000061035156,116.11000061035156
04-02-2019,115.1999969482422,115.5500030517578,118600,116.52999877929688,116.11000061035156,116.11000061035156
05-02-2019,115.87000274658205,116.3000030517578,158000,117.12000274658205,116.9800033569336,116.9800033569336
06-02-2019,116.62000274658205,117.37999725341795,168400,117.6500015258789,117.3000030517578,117.3000030517578
07-02-2019,116.88999938964844,117.0,216000,120.51000213623048,117.83000183105467,117.83000183105467
08-02-2019,116.9499969482422,117.02999877929688,177500,118.12000274658205,117.91999816894533,117.91999816894533
11-02-2019,117.18000030517578,118.0,242900,118.48999786376952,117.91999816894533,117.91999816894533
12-02-2019,117.19000244140624,119.08000183105467,368400,119.16999816894533,117.47000122070312,117.47000122070312
13-02-2019,118.51000213623048,120.0,585900,123.61000061035156,120.9800033569336,120.9800033569336
14-02-2019,117.91999816894533,120.25,397600,120.6999969482422,119.66999816894533,119.66999816894533
15-02-2019,119.69000244140624,119.6999969482422,208200,121.81999969482422,121.13999938964844,121.13999938964844
19-02-2019,120.29000091552734,121.0,164700,122.05999755859376,121.66999816894533,121.66999816894533
20-02-2019,120.91000366210938,122.1500015258789,351800,122.77999877929688,122.56999969482422,122.56999969482422
21-02-2019,121.56999969482422,122.6999969482422,293100,124.1999969482422,121.9499969482422,121.9499969482422
22-02-2019,122.2699966430664,122.29000091552734,208400,123.6500015258789,123.0999984741211,123.0999984741211
25-02-2019,122.05999755859376,123.12000274658205,189000,123.63999938964844,122.44000244140624,122.44000244140624
26-02-2019,122.16000366210938,122.45999908447266,160400,123.0,122.54000091552734,122.54000091552734
27-02-2019,122.0199966430664,122.0999984741211,177900,123.4499969482422,123.4000015258789,123.4000015258789
28-02-2019,123.1999969482422,123.1999969482422,216100,125.0,124.0,124.0
01-03-2019,123.7300033569336,124.30999755859376,188300,125.0199966430664,124.63999938964844,124.63999938964844
04-03-2019,123.9499969482422,125.20999908447266,262200,125.3000030517578,124.98999786376952,124.98999786376952
05-03-2019,124.48999786376952,125.52999877929688,235500,125.52999877929688,124.91999816894533,124.91999816894533
06-03-2019,124.41999816894533,125.1999969482422,200200,125.30999755859376,124.54000091552734,124.54000091552734
07-03-2019,122.83999633789062,124.06999969482422,194800,124.4499969482422,123.2300033569336,123.2300033569336
08-03-2019,121.4800033569336,122.12999725341795,241500,123.5999984741211,122.56999969482422,122.56999969482422
11-03-2019,121.43000030517578,123.11000061035156,154100,124.5999984741211,124.44000244140624,124.44000244140624
12-03-2019,123.4499969482422,124.44000244140624,169600,125.7300033569336,125.06999969482422,125.06999969482422
13-03-2019,125.20999908447266,125.20999908447266,270600,126.4800033569336,125.8499984741211,125.8499984741211
14-03-2019,124.37000274658205,125.8000030517578,211900,126.16999816894533,125.08999633789062,125.08999633789062
15-03-2019,124.68000030517578,125.44000244140624,121700,126.41999816894533,125.5500030517578,125.5500030517578
18-03-2019,124.83000183105467,125.66999816894533,314100,126.31999969482422,125.86000061035156,125.86000061035156
19-03-2019,125.83999633789062,126.0999984741211,210100,127.23999786376952,126.58000183105467,126.58000183105467
20-03-2019,123.6500015258789,126.41999816894533,199200,126.5199966430664,123.9499969482422,123.9499969482422
21-03-2019,123.4000015258789,123.4000015258789,222200,125.62000274658205,125.37000274658205,125.37000274658205
22-03-2019,123.68000030517578,125.3499984741211,177800,125.3499984741211,123.9000015258789,123.9000015258789
25-03-2019,122.68000030517578,123.62000274658205,248900,124.12000274658205,123.1500015258789,123.1500015258789
26-03-2019,123.19000244140624,124.04000091552734,142300,124.56999969482422,124.22000122070312,124.22000122070312
27-03-2019,123.18000030517578,123.81999969482422,95900,124.41999816894533,124.13999938964844,124.13999938964844
28-03-2019,124.37999725341795,124.37999725341795,151200,126.19000244140624,126.0999984741211,126.0999984741211
29-03-2019,126.18000030517578,126.56999969482422,165800,127.31999969482422,127.11000061035156,127.11000061035156
01-04-2019,124.58000183105467,127.16000366210938,275100,127.75,125.75,125.75
02-04-2019,124.1999969482422,125.9000015258789,208000,126.52999877929688,126.4800033569336,126.4800033569336
03-04-2019,126.5,127.12999725341795,168400,128.22000122070312,127.86000061035156,127.86000061035156
04-04-2019,127.0500030517578,127.93000030517578,150100,128.0,127.5999984741211,127.5999984741211
05-04-2019,127.72000122070312,128.35000610351562,152200,128.77999877929688,128.42999267578125,128.42999267578125
08-04-2019,126.66999816894533,128.0800018310547,131500,128.25,127.72000122070312,127.72000122070312
09-04-2019,127.19000244140624,127.19000244140624,111500,128.58999633789062,127.47000122070312,127.47000122070312
10-04-2019,127.56999969482422,127.76000213623048,86400,128.7899932861328,128.25999450683594,128.25999450683594
11-04-2019,127.68000030517578,128.27999877929688,129600,128.77000427246094,128.1999969482422,128.1999969482422
12-04-2019,127.88999938964844,128.4199981689453,129000,129.24000549316406,128.52000427246094,128.52000427246094
15-04-2019,127.22000122070312,127.83999633789062,176300,128.85000610351562,128.05999755859375,128.05999755859375
16-04-2019,127.05999755859376,128.5399932861328,127400,129.32000732421875,127.18000030517578,127.18000030517578
17-04-2019,125.1999969482422,127.4499969482422,270500,127.80999755859376,126.1500015258789,126.1500015258789
18-04-2019,125.41000366210938,126.70999908447266,255100,127.37000274658205,125.4800033569336,125.4800033569336
22-04-2019,124.88999938964844,125.08999633789062,152100,125.86000061035156,125.70999908447266,125.70999908447266
23-04-2019,125.75,125.75,203100,128.47999572753906,128.07000732421875,128.07000732421875
24-04-2019,127.05999755859376,128.02000427246094,141500,128.66000366210938,127.61000061035156,127.61000061035156
25-04-2019,126.38999938964844,127.41999816894533,111100,128.27999877929688,127.5,127.5
26-04-2019,127.0999984741211,128.0800018310547,109900,128.44000244140625,128.14999389648438,128.14999389648438
29-04-2019,128.02999877929688,128.47999572753906,259400,128.9499969482422,128.63999938964844,128.63999938964844
30-04-2019,127.56999969482422,127.69000244140624,253300,128.97000122070312,128.14999389648438,128.14999389648438
01-05-2019,128.27000427246094,130.25,279500,132.41000366210938,129.42999267578125,129.42999267578125
02-05-2019,128.02000427246094,128.6699981689453,246900,130.4199981689453,130.41000366210938,130.41000366210938
03-05-2019,129.57000732421875,129.77000427246094,179500,131.02000427246094,130.2899932861328,130.2899932861328
06-05-2019,128.27999877929688,128.27999877929688,146000,131.08999633789062,130.47000122070312,130.47000122070312
07-05-2019,129.14999389648438,130.1699981689453,156600,130.77999877929688,129.9600067138672,129.9600067138672
08-05-2019,127.94000244140624,129.52000427246094,235200,130.52000427246094,130.2899932861328,130.2899932861328
09-05-2019,128.74000549316406,129.69000244140625,180200,131.27000427246094,131.0500030517578,131.0500030517578
10-05-2019,130.22999572753906,131.16000366210938,290700,132.7899932861328,132.27000427246094,132.27000427246094
13-05-2019,128.0,130.5500030517578,142100,130.5500030517578,128.4600067138672,128.4600067138672
14-05-2019,128.64999389648438,128.64999389648438,175900,131.75999450683594,131.05999755859375,131.05999755859375
15-05-2019,130.17999267578125,130.17999267578125,183200,132.4199981689453,131.89999389648438,131.89999389648438
16-05-2019,131.75999450683594,131.97000122070312,197500,134.64999389648438,134.2100067138672,134.2100067138672
17-05-2019,132.77999877929688,133.44000244140625,210800,135.17999267578125,134.19000244140625,134.19000244140625
20-05-2019,132.25,133.47999572753906,191100,133.77000427246094,132.55999755859375,132.55999755859375
21-05-2019,133.33999633789062,133.33999633789062,102300,134.35000610351562,133.47000122070312,133.47000122070312
22-05-2019,132.92999267578125,132.94000244140625,115600,134.6300048828125,133.8800048828125,133.8800048828125
23-05-2019,132.6199951171875,133.1199951171875,167500,134.66000366210938,134.50999450683594,134.50999450683594
24-05-2019,135.00999450683594,135.00999450683594,266700,136.99000549316406,136.07000732421875,136.07000732421875
28-05-2019,135.6300048828125,136.49000549316406,211800,138.0,136.24000549316406,136.24000549316406
29-05-2019,134.66000366210938,136.00999450683594,124500,136.5,135.36000061035156,135.36000061035156
30-05-2019,134.99000549316406,135.33999633789062,92600,136.72000122070312,136.02000427246094,136.02000427246094
31-05-2019,134.17999267578125,135.0800018310547,216700,137.5,137.05999755859375,137.05999755859375
03-06-2019,135.61000061035156,137.05999755859375,211600,137.35000610351562,136.57000732421875,136.57000732421875
04-06-2019,135.97000122070312,137.6300048828125,123600,137.6699981689453,137.49000549316406,137.49000549316406
05-06-2019,137.14999389648438,137.66000366210938,159400,139.0399932861328,138.47000122070312,138.47000122070312
06-06-2019,137.9199981689453,138.57000732421875,167900,139.75,139.25999450683594,139.25999450683594
07-06-2019,138.8699951171875,139.77000427246094,156400,140.3800048828125,140.10000610351562,140.10000610351562
10-06-2019,139.33999633789062,140.75999450683594,118700,141.14999389648438,139.75999450683594,139.75999450683594
11-06-2019,137.47000122070312,140.22999572753906,102900,140.2899932861328,138.3300018310547,138.3300018310547
12-06-2019,138.27999877929688,138.5399932861328,133200,139.89999389648438,139.38999938964844,139.38999938964844
13-06-2019,139.07000732421875,139.88999938964844,141100,140.14999389648438,140.0,140.0
14-06-2019,139.22999572753906,139.99000549316406,95500,140.4600067138672,140.0,140.0
17-06-2019,139.00999450683594,139.55999755859375,102000,140.13999938964844,139.82000732421875,139.82000732421875
18-06-2019,139.36000061035156,140.5,132700,140.5,139.52000427246094,139.52000427246094
19-06-2019,138.85000610351562,139.47999572753906,187700,141.4199981689453,141.1999969482422,141.1999969482422
20-06-2019,143.83999633789062,146.83999633789062,284800,146.83999633789062,146.1999969482422,146.1999969482422
21-06-2019,145.6699981689453,145.89999389648438,402200,149.5,148.24000549316406,148.24000549316406
24-06-2019,147.35000610351562,148.49000549316406,242700,150.14999389648438,149.83999633789062,149.83999633789062
25-06-2019,148.32000732421875,149.82000732421875,299900,150.47000122070312,148.82000732421875,148.82000732421875
26-06-2019,148.08999633789062,149.4199981689453,233000,150.02000427246094,148.9600067138672,148.9600067138672
27-06-2019,148.88999938964844,149.1999969482422,290900,150.25,150.0,150.0
28-06-2019,149.7100067138672,149.75,655900,151.72999572753906,150.8699951171875,150.8699951171875
01-07-2019,151.2100067138672,151.83999633789062,374100,153.88999938964844,153.7899932861328,153.7899932861328
02-07-2019,151.9600067138672,153.7899932861328,211800,154.3699951171875,153.0399932861328,153.0399932861328
03-07-2019,152.97999572753906,153.82000732421875,114000,155.0,154.8300018310547,154.8300018310547
05-07-2019,151.99000549316406,153.60000610351562,185400,154.8000030517578,154.8000030517578,154.8000030517578
08-07-2019,150.61000061035156,154.5500030517578,396600,154.6300048828125,152.2100067138672,152.2100067138672
09-07-2019,150.5399932861328,151.80999755859375,386200,151.80999755859375,151.6199951171875,151.6199951171875
10-07-2019,150.66000366210938,152.22000122070312,261500,153.7899932861328,150.91000366210938,150.91000366210938
11-07-2019,151.10000610351562,151.41000366210938,305500,153.5,152.99000549316406,152.99000549316406
12-07-2019,152.3800048828125,153.1199951171875,277200,154.07000732421875,153.08999633789062,153.08999633789062
15-07-2019,152.14999389648438,153.10000610351562,190000,155.0,154.67999267578125,154.67999267578125
16-07-2019,154.27999877929688,154.27999877929688,232700,155.77999877929688,155.05999755859375,155.05999755859375
17-07-2019,153.9199981689453,154.9499969482422,165400,155.6999969482422,154.13999938964844,154.13999938964844
18-07-2019,153.0399932861328,153.9199981689453,212700,154.1699981689453,153.91000366210938,153.91000366210938
19-07-2019,151.0399932861328,154.25999450683594,286000,154.63999938964844,151.10000610351562,151.10000610351562
22-07-2019,151.2899932861328,151.2899932861328,199500,153.33999633789062,152.3000030517578,152.3000030517578
23-07-2019,152.05999755859375,153.25,283800,155.50999450683594,155.4600067138672,155.4600067138672
24-07-2019,153.3300018310547,155.17999267578125,204100,156.05999755859375,155.57000732421875,155.57000732421875
25-07-2019,154.1999969482422,155.57000732421875,151800,155.85000610351562,154.60000610351562,154.60000610351562
26-07-2019,154.58999633789062,155.16000366210938,130200,157.1199951171875,156.85000610351562,156.85000610351562
29-07-2019,153.86000061035156,156.35000610351562,264500,157.30999755859375,153.99000549316406,153.99000549316406
30-07-2019,152.72999572753906,153.4499969482422,299900,155.0500030517578,154.1300048828125,154.1300048828125
31-07-2019,151.11000061035156,153.89999389648438,363100,154.2100067138672,152.07000732421875,152.07000732421875
01-08-2019,149.27000427246094,152.47999572753906,448200,153.5399932861328,149.91000366210938,149.91000366210938
02-08-2019,146.36000061035156,148.60000610351562,376700,150.8300018310547,149.55999755859375,149.55999755859375
05-08-2019,146.6999969482422,148.6699981689453,422100,148.8800048828125,147.8000030517578,147.8000030517578
06-08-2019,148.49000549316406,149.14999389648438,380500,151.3699951171875,150.91000366210938,150.91000366210938
07-08-2019,148.25,149.83999633789062,287500,153.00999450683594,152.1300048828125,152.1300048828125
08-08-2019,152.42999267578125,153.4600067138672,205600,155.77999877929688,155.25,155.25
09-08-2019,152.77000427246094,154.0,320400,155.5800018310547,154.67999267578125,154.67999267578125
12-08-2019,153.7100067138672,154.50999450683594,154300,156.36000061035156,154.08999633789062,154.08999633789062
13-08-2019,153.86000061035156,154.52000427246094,160400,156.6199951171875,155.9600067138672,155.9600067138672
14-08-2019,153.25,154.72000122070312,345900,156.75999450683594,156.22000122070312,156.22000122070312
15-08-2019,156.0399932861328,156.75,362700,158.35000610351562,158.19000244140625,158.19000244140625
16-08-2019,158.02000427246094,158.67999267578125,283600,160.72999572753906,160.61000061035156,160.61000061035156
19-08-2019,160.85000610351562,162.49000549316406,268200,162.77000427246094,161.22999572753906,161.22999572753906
20-08-2019,160.3000030517578,161.22000122070312,417600,164.02000427246094,163.1300048828125,163.1300048828125
21-08-2019,163.9600067138672,164.22000122070312,224300,165.8300018310547,165.05999755859375,165.05999755859375
22-08-2019,163.52999877929688,165.2100067138672,244700,167.02000427246094,166.75,166.75
23-08-2019,162.44000244140625,166.52999877929688,249100,166.72000122070312,162.82000732421875,162.82000732421875
26-08-2019,162.86000061035156,163.5,121700,164.42999267578125,163.8699951171875,163.8699951171875
27-08-2019,162.99000549316406,164.80999755859375,272900,166.3699951171875,164.7899932861328,164.7899932861328
28-08-2019,163.35000610351562,164.27000427246094,134600,165.85000610351562,165.5399932861328,165.5399932861328
29-08-2019,165.16000366210938,167.0500030517578,175800,167.0500030517578,165.47999572753906,165.47999572753906
30-08-2019,163.88999938964844,166.10000610351562,193800,167.50999450683594,165.0500030517578,165.0500030517578
03-09-2019,162.89999389648438,164.1999969482422,185900,165.0399932861328,163.36000061035156,163.36000061035156
04-09-2019,163.2899932861328,164.6999969482422,260300,165.1199951171875,163.82000732421875,163.82000732421875
05-09-2019,164.3300018310547,165.0,360200,166.33999633789062,165.33999633789062,165.33999633789062
06-09-2019,165.25,165.8800048828125,161400,168.27999877929688,165.35000610351562,165.35000610351562
09-09-2019,158.13999938964844,165.52999877929688,325500,165.52999877929688,158.69000244140625,158.69000244140625
10-09-2019,148.50999450683594,156.5399932861328,885300,156.97000122070312,150.02000427246094,150.02000427246094
11-09-2019,149.88999938964844,151.6300048828125,563400,153.47000122070312,151.5800018310547,151.5800018310547
12-09-2019,152.22999572753906,152.74000549316406,502200,155.22000122070312,154.0399932861328,154.0399932861328
13-09-2019,152.44000244140625,154.16000366210938,572400,155.83999633789062,155.39999389648438,155.39999389648438
16-09-2019,153.97999572753906,154.24000549316406,379100,158.2100067138672,157.9199981689453,157.9199981689453
17-09-2019,157.6999969482422,157.6999969482422,291600,160.94000244140625,159.41000366210938,159.41000366210938
18-09-2019,158.55999755859375,159.60000610351562,349600,160.4600067138672,160.2100067138672,160.2100067138672
19-09-2019,156.6699981689453,160.2100067138672,278500,160.63999938964844,157.74000549316406,157.74000549316406
20-09-2019,154.94000244140625,158.02999877929688,376700,158.4600067138672,155.07000732421875,155.07000732421875
23-09-2019,154.2899932861328,154.6300048828125,182200,157.02999877929688,155.80999755859375,155.80999755859375
24-09-2019,155.47999572753906,156.0,185800,158.2100067138672,157.5800018310547,157.5800018310547
25-09-2019,154.8699951171875,157.41000366210938,224800,158.3699951171875,155.22999572753906,155.22999572753906
26-09-2019,151.1300048828125,155.11000061035156,324700,155.9600067138672,151.8000030517578,151.8000030517578
27-09-2019,148.00999450683594,152.02999877929688,281100,152.02999877929688,148.50999450683594,148.50999450683594
30-09-2019,148.63999938964844,149.0,357500,152.77000427246094,152.5,152.5
01-10-2019,151.42999267578125,152.27999877929688,227100,153.6999969482422,151.8300018310547,151.8300018310547
02-10-2019,149.16000366210938,150.97000122070312,271800,151.99000549316406,150.94000244140625,150.94000244140625
03-10-2019,149.74000549316406,150.5800018310547,240800,153.86000061035156,153.55999755859375,153.55999755859375
04-10-2019,151.75,154.27000427246094,182700,154.5399932861328,154.0500030517578,154.0500030517578
07-10-2019,152.9499969482422,153.49000549316406,117300,153.91000366210938,153.30999755859375,153.30999755859375
08-10-2019,150.75,152.27000427246094,148700,153.2899932861328,151.08999633789062,151.08999633789062
09-10-2019,150.8300018310547,151.58999633789062,165200,153.69000244140625,152.91000366210938,152.91000366210938
10-10-2019,152.24000549316406,152.52000427246094,156100,155.30999755859375,154.33999633789062,154.33999633789062
11-10-2019,153.88999938964844,155.66000366210938,145200,156.7100067138672,154.63999938964844,154.63999938964844
14-10-2019,152.44000244140625,154.33999633789062,200900,155.64999389648438,152.52999877929688,152.52999877929688
15-10-2019,152.3300018310547,152.88999938964844,155200,154.5399932861328,152.8000030517578,152.8000030517578
16-10-2019,150.47999572753906,152.1300048828125,232600,153.3000030517578,152.17999267578125,152.17999267578125
17-10-2019,150.49000549316406,153.02999877929688,220900,154.4199981689453,150.7899932861328,150.7899932861328
18-10-2019,147.92999267578125,149.99000549316406,323800,151.3699951171875,149.60000610351562,149.60000610351562
21-10-2019,149.2899932861328,150.16000366210938,205600,151.3000030517578,149.52999877929688,149.52999877929688
22-10-2019,149.2100067138672,149.99000549316406,217200,151.89999389648438,149.3000030517578,149.3000030517578
23-10-2019,147.39999389648438,149.1300048828125,152200,150.00999450683594,147.8300018310547,147.8300018310547
24-10-2019,147.9600067138672,148.32000732421875,141400,150.36000061035156,149.38999938964844,149.38999938964844
25-10-2019,148.58999633789062,149.1199951171875,116600,150.72000122070312,149.6999969482422,149.6999969482422
28-10-2019,146.7100067138672,149.74000549316406,250900,150.8300018310547,146.85000610351562,146.85000610351562
29-10-2019,146.02999877929688,146.6199951171875,229800,148.2100067138672,147.1199951171875,147.1199951171875
30-10-2019,145.2899932861328,147.00999450683594,411200,147.25,147.22999572753906,147.22999572753906
31-10-2019,146.5399932861328,148.41000366210938,394500,155.52000427246094,148.52000427246094,148.52000427246094
01-11-2019,144.0500030517578,148.9600067138672,228000,149.13999938964844,144.83999633789062,144.83999633789062
04-11-2019,142.3800048828125,145.10000610351562,173300,145.1999969482422,142.92999267578125,142.92999267578125
05-11-2019,142.80999755859375,143.10000610351562,453600,145.88999938964844,145.02000427246094,145.02000427246094
06-11-2019,144.57000732421875,144.75999450683594,446900,146.9499969482422,146.38999938964844,146.38999938964844
07-11-2019,144.57000732421875,146.52999877929688,270700,147.66000366210938,145.4600067138672,145.4600067138672
08-11-2019,142.32000732421875,145.10000610351562,452400,146.89999389648438,143.24000549316406,143.24000549316406
11-11-2019,142.86000061035156,142.86000061035156,413700,145.14999389648438,143.97999572753906,143.97999572753906
12-11-2019,144.44000244140625,144.44000244140625,316400,146.19000244140625,145.4600067138672,145.4600067138672
13-11-2019,143.7899932861328,145.5500030517578,168200,146.1300048828125,145.3000030517578,145.3000030517578
14-11-2019,144.14999389648438,145.07000732421875,468700,148.50999450683594,148.05999755859375,148.05999755859375
15-11-2019,147.92999267578125,148.6699981689453,226400,149.47999572753906,149.35000610351562,149.35000610351562
18-11-2019,150.08999633789062,150.08999633789062,348000,151.97000122070312,151.33999633789062,151.33999633789062
19-11-2019,150.86000061035156,151.3800048828125,184700,153.0,152.05999755859375,152.05999755859375
20-11-2019,151.5,151.5,304400,152.99000549316406,152.42999267578125,152.42999267578125
21-11-2019,148.41000366210938,152.14999389648438,438300,152.14999389648438,148.7100067138672,148.7100067138672
22-11-2019,148.14999389648438,149.7100067138672,201100,151.2899932861328,150.86000061035156,150.86000061035156
25-11-2019,149.86000061035156,151.67999267578125,244000,152.55999755859375,150.72999572753906,150.72999572753906
26-11-2019,150.92999267578125,150.92999267578125,256200,152.83999633789062,151.47000122070312,151.47000122070312
27-11-2019,151.69000244140625,151.6999969482422,127300,152.8699951171875,152.27000427246094,152.27000427246094
29-11-2019,150.10000610351562,151.57000732421875,110200,152.66000366210938,150.52000427246094,150.52000427246094
02-12-2019,150.36000061035156,150.89999389648438,314900,152.0,151.97000122070312,151.97000122070312
03-12-2019,148.0800018310547,150.49000549316406,180300,151.66000366210938,148.33999633789062,148.33999633789062
04-12-2019,148.1199951171875,148.85000610351562,415700,151.8699951171875,151.64999389648438,151.64999389648438
05-12-2019,149.67999267578125,152.27999877929688,211800,153.80999755859375,150.8300018310547,150.8300018310547
06-12-2019,150.91000366210938,151.3699951171875,231900,152.75,151.66000366210938,151.66000366210938
09-12-2019,148.3000030517578,151.49000549316406,389100,152.30999755859375,149.83999633789062,149.83999633789062
10-12-2019,149.72000122070312,150.25,367700,151.42999267578125,151.22999572753906,151.22999572753906
11-12-2019,150.44000244140625,151.47000122070312,148800,152.55999755859375,151.1999969482422,151.1999969482422
12-12-2019,149.08999633789062,151.0,270600,151.30999755859375,149.88999938964844,149.88999938964844
13-12-2019,147.89999389648438,149.0,298500,150.5500030517578,150.5500030517578,150.5500030517578
16-12-2019,150.55999755859375,151.35000610351562,208500,152.8800048828125,151.83999633789062,151.83999633789062
17-12-2019,150.6199951171875,152.27999877929688,333700,152.9199981689453,151.07000732421875,151.07000732421875
18-12-2019,149.80999755859375,151.35000610351562,385800,151.5399932861328,150.82000732421875,150.82000732421875
19-12-2019,149.99000549316406,151.02999877929688,237600,152.36000061035156,151.22999572753906,151.22999572753906
20-12-2019,149.9600067138672,151.58999633789062,738400,153.07000732421875,153.07000732421875,153.07000732421875
23-12-2019,151.3300018310547,153.50999450683594,228900,153.72999572753906,153.0,153.0
24-12-2019,150.8000030517578,153.0,79400,153.35000610351562,151.27999877929688,151.27999877929688
26-12-2019,149.7899932861328,151.3800048828125,104600,152.3300018310547,152.0500030517578,152.0500030517578
27-12-2019,150.5500030517578,152.0,152100,152.3800048828125,150.88999938964844,150.88999938964844
30-12-2019,149.1300048828125,150.9600067138672,238100,151.0,149.9499969482422,149.9499969482422
31-12-2019,149.63999938964844,149.92999267578125,321600,150.9499969482422,150.2899932861328,150.2899932861328
02-01-2020,150.64999389648438,151.3800048828125,490600,153.86000061035156,153.86000061035156,153.86000061035156
03-01-2020,152.27999877929688,153.1699981689453,271400,155.4499969482422,155.39999389648438,155.39999389648438
06-01-2020,153.77999877929688,154.66000366210938,391800,157.3800048828125,157.02000427246094,157.02000427246094
07-01-2020,155.7899932861328,156.77000427246094,291100,158.36000061035156,157.14999389648438,157.14999389648438
08-01-2020,156.5500030517578,157.14999389648438,272500,158.7100067138672,158.5,158.5
09-01-2020,159.00999450683594,159.3699951171875,219700,161.89999389648438,160.74000549316406,160.74000549316406
10-01-2020,160.85000610351562,161.38999938964844,248400,162.5500030517578,162.32000732421875,162.32000732421875
13-01-2020,162.32000732421875,162.85000610351562,282300,163.7899932861328,163.5500030517578,163.5500030517578
14-01-2020,161.1999969482422,163.33999633789062,282200,163.33999633789062,161.5800018310547,161.5800018310547
15-01-2020,161.1300048828125,161.5,189900,163.1199951171875,161.82000732421875,161.82000732421875
16-01-2020,161.55999755859375,162.38999938964844,151300,163.24000549316406,162.67999267578125,162.67999267578125
17-01-2020,161.9499969482422,163.1699981689453,203500,163.1699981689453,162.25,162.25
21-01-2020,161.44000244140625,161.60000610351562,224300,163.0399932861328,162.47999572753906,162.47999572753906
22-01-2020,162.61000061035156,163.24000549316406,308200,164.8699951171875,164.36000061035156,164.36000061035156
23-01-2020,163.1300048828125,163.64999389648438,145500,164.9199981689453,164.02000427246094,164.02000427246094
24-01-2020,162.4199981689453,164.3800048828125,141100,165.22999572753906,162.8699951171875,162.8699951171875
27-01-2020,158.99000549316406,159.82000732421875,346100,163.11000061035156,162.3699951171875,162.3699951171875
28-01-2020,161.14999389648438,162.8000030517578,180000,163.99000549316406,161.60000610351562,161.60000610351562
29-01-2020,161.58999633789062,161.9199981689453,114000,163.35000610351562,162.5500030517578,162.5500030517578
30-01-2020,161.2899932861328,161.6300048828125,149200,164.16000366210938,164.08999633789062,164.08999633789062
31-01-2020,163.36000061035156,164.32000732421875,195900,165.1300048828125,163.72999572753906,163.72999572753906
03-02-2020,162.6300048828125,163.07000732421875,259800,166.38999938964844,165.36000061035156,165.36000061035156
04-02-2020,166.4600067138672,166.5399932861328,233200,168.55999755859375,168.52000427246094,168.52000427246094
05-02-2020,167.5399932861328,169.5399932861328,272900,169.72000122070312,168.16000366210938,168.16000366210938
06-02-2020,167.58999633789062,168.91000366210938,203600,169.16000366210938,169.0800018310547,169.0800018310547
07-02-2020,167.22000122070312,168.9499969482422,223800,169.44000244140625,167.75999450683594,167.75999450683594
10-02-2020,167.30999755859375,167.30999755859375,168500,170.55999755859375,170.30999755859375,170.30999755859375
11-02-2020,170.05999755859375,170.97000122070312,149900,171.77999877929688,170.92999267578125,170.92999267578125
12-02-2020,170.74000549316406,171.36000061035156,339400,172.25,171.9600067138672,171.9600067138672
13-02-2020,170.4199981689453,171.39999389648438,330000,175.0,173.74000549316406,173.74000549316406
14-02-2020,164.14999389648438,174.80999755859375,638900,176.97999572753906,172.32000732421875,172.32000732421875
18-02-2020,171.3300018310547,172.32000732421875,273900,174.05999755859375,172.11000061035156,172.11000061035156
19-02-2020,172.72000122070312,172.72000122070312,233600,175.47000122070312,174.80999755859375,174.80999755859375
20-02-2020,172.42999267578125,174.8000030517578,153600,175.30999755859375,174.27999877929688,174.27999877929688
21-02-2020,172.82000732421875,173.77999877929688,233500,174.64999389648438,174.4199981689453,174.4199981689453
24-02-2020,169.66000366210938,170.89999389648438,227800,172.8699951171875,169.8699951171875,169.8699951171875
25-02-2020,167.0399932861328,170.5399932861328,266700,170.60000610351562,167.25,167.25
26-02-2020,162.50999450683594,167.02999877929688,362900,169.22000122070312,164.25,164.25
27-02-2020,155.16000366210938,161.4499969482422,721300,161.86000061035156,155.5500030517578,155.5500030517578
28-02-2020,149.66000366210938,152.66000366210938,620800,157.2100067138672,157.14999389648438,157.14999389648438
02-03-2020,155.1199951171875,157.41000366210938,631500,162.89999389648438,159.3699951171875,159.3699951171875
03-03-2020,154.89999389648438,159.07000732421875,461500,161.6300048828125,156.77000427246094,156.77000427246094
04-03-2020,154.47999572753906,159.07000732421875,626900,159.72999572753906,157.16000366210938,157.16000366210938
05-03-2020,150.66000366210938,154.6199951171875,391600,154.83999633789062,152.3699951171875,152.3699951171875
06-03-2020,146.55999755859375,148.69000244140625,566500,152.1300048828125,151.67999267578125,151.67999267578125
09-03-2020,136.0,145.52000427246094,444500,146.42999267578125,136.39999389648438,136.39999389648438
10-03-2020,133.3699951171875,139.10000610351562,682500,139.99000549316406,136.02999877929688,136.02999877929688
11-03-2020,128.8699951171875,133.13999938964844,744900,135.8800048828125,132.0,132.0
12-03-2020,110.94000244140624,123.4000015258789,1157800,125.47000122070312,117.54000091552734,117.54000091552734
13-03-2020,120.37000274658205,122.13999938964844,756000,126.33000183105467,124.83999633789062,124.83999633789062
16-03-2020,92.95999908447266,113.52999877929688,946900,114.69000244140624,94.30999755859376,94.30999755859376
17-03-2020,94.36000061035156,95.86000061035156,851800,98.83999633789062,98.43000030517578,98.43000030517578
18-03-2020,73.41999816894531,92.4499969482422,2480300,92.4499969482422,76.31999969482422,76.31999969482422
19-03-2020,64.2300033569336,76.54000091552734,2605000,81.58999633789062,69.94999694824219,69.94999694824219
20-03-2020,68.12999725341797,71.13999938964844,1767700,85.9000015258789,83.95999908447266,83.95999908447266
23-03-2020,78.13999938964844,82.91999816894531,1624000,90.30999755859376,85.48999786376953,85.48999786376953
24-03-2020,87.16000366210938,90.58000183105467,652800,93.2300033569336,92.02999877929688,92.02999877929688
25-03-2020,92.12000274658205,92.98999786376952,1191600,99.86000061035156,94.16000366210938,94.16000366210938
26-03-2020,94.2300033569336,95.5999984741211,933400,101.08999633789062,100.87000274658205,100.87000274658205
27-03-2020,95.83999633789062,97.6500015258789,688500,106.26000213623048,103.01000213623048,103.01000213623048
30-03-2020,95.1999969482422,101.76000213623048,906000,102.69000244140624,99.30999755859376,99.30999755859376
31-03-2020,96.31999969482422,98.77999877929688,1033400,104.29000091552734,102.0,102.0
01-04-2020,91.47000122070312,98.41000366210938,965300,98.41000366210938,93.0,93.0
02-04-2020,92.02999877929688,93.0999984741211,433500,96.72000122070312,96.0199966430664,96.0199966430664
03-04-2020,89.7300033569336,95.12000274658205,515300,97.4000015258789,91.0999984741211,91.0999984741211
06-04-2020,90.87000274658205,94.93000030517578,672300,99.48999786376952,97.5,97.5
07-04-2020,101.79000091552734,104.98999786376952,971800,111.93000030517578,102.87000274658205,102.87000274658205
08-04-2020,102.9800033569336,103.8000030517578,688000,111.87000274658205,111.37999725341795,111.37999725341795
09-04-2020,112.70999908447266,112.70999908447266,968300,120.0,117.04000091552734,117.04000091552734
13-04-2020,113.29000091552734,117.43000030517578,630600,118.88999938964844,116.58999633789062,116.58999633789062
14-04-2020,118.18000030517578,119.52999877929688,506500,121.3499984741211,119.72000122070312,119.72000122070312
15-04-2020,114.31999969482422,116.08999633789062,651300,116.83999633789062,115.33999633789062,115.33999633789062
16-04-2020,108.37999725341795,115.05999755859376,805900,115.7300033569336,111.31999969482422,111.31999969482422
17-04-2020,114.69000244140624,114.69000244140624,722300,122.58999633789062,121.51000213623048,121.51000213623048
20-04-2020,116.87000274658205,118.5500030517578,697600,124.62000274658205,120.0,120.0
21-04-2020,111.25,113.3000030517578,918800,116.86000061035156,112.38999938964844,112.38999938964844
22-04-2020,110.81999969482422,112.88999938964844,364200,114.98999786376952,110.9499969482422,110.9499969482422
23-04-2020,108.54000091552734,110.55999755859376,544400,112.4800033569336,109.33000183105467,109.33000183105467
24-04-2020,105.05999755859376,109.9499969482422,925100,109.9499969482422,107.6500015258789,107.6500015258789
27-04-2020,108.52999877929688,109.2699966430664,916800,113.44000244140624,111.29000091552734,111.29000091552734
28-04-2020,112.12999725341795,113.81999969482422,871600,117.70999908447266,116.20999908447266,116.20999908447266
29-04-2020,117.37999725341795,118.95999908447266,671400,125.16000366210938,122.0999984741211,122.0999984741211
30-04-2020,115.91999816894533,119.91999816894533,407700,119.91999816894533,116.4499969482422,116.4499969482422
01-05-2020,111.4499969482422,113.2699966430664,409700,116.33000183105467,115.95999908447266,115.95999908447266
04-05-2020,113.0,114.27999877929688,378000,115.20999908447266,115.06999969482422,115.06999969482422
05-05-2020,116.83000183105467,116.95999908447266,546500,122.43000030517578,121.1500015258789,121.1500015258789
06-05-2020,119.2300033569336,122.16000366210938,977200,122.86000061035156,120.6999969482422,120.6999969482422
07-05-2020,112.33999633789062,123.11000061035156,1138800,123.11000061035156,112.61000061035156,112.61000061035156
08-05-2020,112.18000030517578,114.2300033569336,410300,116.1500015258789,112.36000061035156,112.36000061035156
11-05-2020,110.80999755859376,112.56999969482422,1139000,114.86000061035156,113.08999633789062,113.08999633789062
12-05-2020,106.4800033569336,114.5,512700,114.5,106.5,106.5
13-05-2020,97.66000366210938,105.80999755859376,1085800,106.80999755859376,100.33000183105467,100.33000183105467
14-05-2020,97.2300033569336,98.88999938964844,844800,101.0500030517578,100.93000030517578,100.93000030517578
15-05-2020,99.01000213623048,100.66000366210938,542900,102.1500015258789,99.12999725341795,99.12999725341795
18-05-2020,102.68000030517578,102.88999938964844,624800,109.05999755859376,108.4800033569336,108.4800033569336
19-05-2020,105.23999786376952,108.08000183105467,598200,109.44000244140624,105.41000366210938,105.41000366210938
20-05-2020,105.20999908447266,107.3499984741211,534300,107.9800033569336,105.8000030517578,105.8000030517578
21-05-2020,104.6500015258789,106.30999755859376,361400,108.47000122070312,106.02999877929688,106.02999877929688
22-05-2020,104.54000091552734,107.0500030517578,479500,107.13999938964844,106.04000091552734,106.04000091552734
26-05-2020,108.7300033569336,111.06999969482422,544300,111.2699966430664,108.9800033569336,108.9800033569336
27-05-2020,109.37000274658205,111.79000091552734,1186700,117.9499969482422,117.58000183105467,117.58000183105467
28-05-2020,112.22000122070312,117.63999938964844,732800,118.5,112.68000030517578,112.68000030517578
29-05-2020,109.6500015258789,111.86000061035156,607500,113.55999755859376,111.87999725341795,111.87999725341795
01-06-2020,112.2699966430664,112.2699966430664,414500,115.5,114.91999816894533,114.91999816894533
02-06-2020,115.41999816894533,116.52999877929688,519900,118.22000122070312,118.16999816894533,118.16999816894533
03-06-2020,120.51000213623048,120.62999725341795,875800,128.27999877929688,128.05999755859375,128.05999755859375
04-06-2020,126.37000274658205,127.4000015258789,741200,128.85000610351562,128.02999877929688,128.02999877929688
05-06-2020,132.4600067138672,132.4600067138672,996100,139.49000549316406,136.33999633789062,136.33999633789062
08-06-2020,133.77000427246094,138.0,1573800,139.5,136.25,136.25
09-06-2020,128.6300048828125,132.75999450683594,587200,133.25,129.94000244140625,129.94000244140625
10-06-2020,125.1500015258789,129.41000366210938,501400,131.49000549316406,128.5,128.5
11-06-2020,119.0,120.86000061035156,692000,123.37000274658205,119.7699966430664,119.7699966430664
12-06-2020,118.4800033569336,125.31999969482422,395600,126.5500030517578,121.55999755859376,121.55999755859376
15-06-2020,116.97000122070312,117.4000015258789,453000,122.55999755859376,121.20999908447266,121.20999908447266
16-06-2020,122.94000244140624,125.88999938964844,424900,127.5500030517578,124.81999969482422,124.81999969482422
17-06-2020,120.94000244140624,124.9499969482422,308500,125.08000183105467,121.36000061035156,121.36000061035156
18-06-2020,120.01000213623048,120.06999969482422,296600,122.87999725341795,120.47000122070312,120.47000122070312
19-06-2020,115.06999969482422,122.41999816894533,392300,122.41999816894533,115.0999984741211,115.0999984741211
22-06-2020,112.97000122070312,115.2300033569336,640400,117.27999877929688,117.0,117.0
23-06-2020,116.9000015258789,119.36000061035156,487000,119.36000061035156,117.66999816894533,117.66999816894533
24-06-2020,111.2699966430664,116.81999969482422,1033500,117.12000274658205,113.7300033569336,113.7300033569336
25-06-2020,111.63999938964844,113.2300033569336,624500,115.63999938964844,115.31999969482422,115.31999969482422
26-06-2020,110.13999938964844,114.95999908447266,1178900,115.38999938964844,110.26000213623048,110.26000213623048
29-06-2020,109.79000091552734,110.75,324700,115.76000213623048,115.54000091552734,115.54000091552734
30-06-2020,113.44000244140624,114.97000122070312,479500,117.9499969482422,117.1999969482422,117.1999969482422
01-07-2020,117.06999969482422,117.06999969482422,643200,121.13999938964844,118.01000213623048,118.01000213623048
02-07-2020,114.73999786376952,119.86000061035156,669800,121.0199966430664,114.83000183105467,114.83000183105467
06-07-2020,114.7300033569336,117.05999755859376,435300,117.88999938964844,116.70999908447266,116.70999908447266
07-07-2020,110.0199966430664,115.48999786376952,1072700,115.48999786376952,110.75,110.75
08-07-2020,109.43000030517578,111.31999969482422,665600,113.68000030517578,111.33000183105467,111.33000183105467
09-07-2020,105.91000366210938,111.62999725341795,559400,112.0,107.1999969482422,107.1999969482422
10-07-2020,106.30999755859376,107.19000244140624,427800,110.2300033569336,110.12000274658205,110.12000274658205
13-07-2020,107.87999725341795,111.79000091552734,717900,112.41999816894533,109.18000030517578,109.18000030517578
14-07-2020,106.66999816894533,108.94000244140624,352500,109.20999908447266,109.0999984741211,109.0999984741211
15-07-2020,110.66999816894533,111.80999755859376,600800,115.76000213623048,115.69000244140624,115.69000244140624
16-07-2020,113.51000213623048,114.68000030517578,477300,117.08999633789062,115.56999969482422,115.56999969482422
17-07-2020,114.43000030517578,116.0,425900,117.1500015258789,115.91999816894533,115.91999816894533
20-07-2020,112.37000274658205,115.55999755859376,559400,117.5999984741211,113.08999633789062,113.08999633789062
21-07-2020,110.73999786376952,114.62999725341795,580200,116.16999816894533,111.20999908447266,111.20999908447266
22-07-2020,108.54000091552734,111.41000366210938,615500,113.77999877929688,113.27999877929688,113.27999877929688
23-07-2020,109.5,113.01000213623048,783900,113.01000213623048,110.6500015258789,110.6500015258789
24-07-2020,109.63999938964844,110.91000366210938,270500,111.76000213623048,110.97000122070312,110.97000122070312
27-07-2020,109.83000183105467,110.95999908447266,381700,112.08000183105467,111.81999969482422,111.81999969482422
28-07-2020,110.26000213623048,111.58000183105467,247500,112.55999755859376,110.47000122070312,110.47000122070312
29-07-2020,110.45999908447266,111.58999633789062,354400,113.20999908447266,110.63999938964844,110.63999938964844
30-07-2020,108.4499969482422,109.5,467000,110.33999633789062,109.5,109.5
31-07-2020,105.86000061035156,109.5,533700,110.41999816894533,107.23999786376952,107.23999786376952
03-08-2020,106.22000122070312,107.6500015258789,449800,109.08000183105467,106.70999908447266,106.70999908447266
04-08-2020,106.2699966430664,107.1500015258789,705200,111.98999786376952,111.5,111.5
05-08-2020,110.62000274658205,112.30999755859376,509100,113.3499984741211,112.97000122070312,112.97000122070312
06-08-2020,121.16999816894533,126.12999725341795,1514500,129.0,123.5500030517578,123.5500030517578
07-08-2020,120.69000244140624,122.33000183105467,642700,123.68000030517578,121.6500015258789,121.6500015258789
10-08-2020,118.98999786376952,121.83999633789062,767000,122.8499984741211,120.30999755859376,120.30999755859376
11-08-2020,121.1999969482422,121.51000213623048,726400,128.17999267578125,126.25,126.25
12-08-2020,124.4499969482422,126.75,563900,126.75,126.0,126.0
13-08-2020,125.02999877929688,125.02999877929688,704500,128.6999969482422,128.27999877929688,128.27999877929688
14-08-2020,127.0500030517578,127.75,446100,130.8000030517578,130.30999755859375,130.30999755859375
17-08-2020,129.72000122070312,131.9199981689453,929100,132.35000610351562,130.1199951171875,130.1199951171875
18-08-2020,126.91999816894533,130.5399932861328,522700,130.5399932861328,127.6500015258789,127.6500015258789
19-08-2020,126.7699966430664,127.61000061035156,397500,128.17999267578125,126.9800033569336,126.9800033569336
20-08-2020,125.9499969482422,126.0500030517578,377400,127.48999786376952,127.20999908447266,127.20999908447266
21-08-2020,127.20999908447266,127.2699966430664,462900,129.36000061035156,128.57000732421875,128.57000732421875
24-08-2020,127.7699966430664,129.47000122070312,479900,129.47000122070312,129.35000610351562,129.35000610351562
25-08-2020,128.0500030517578,129.5500030517578,609600,131.67999267578125,131.4600067138672,131.4600067138672
26-08-2020,128.36000061035156,131.4600067138672,500600,131.4600067138672,128.7100067138672,128.7100067138672
27-08-2020,129.0,129.0,877200,135.50999450683594,134.1199951171875,134.1199951171875
28-08-2020,133.1699981689453,135.0,531800,137.42999267578125,135.99000549316406,135.99000549316406
31-08-2020,130.0,135.3300018310547,528400,135.74000549316406,133.00999450683594,133.00999450683594
01-09-2020,132.10000610351562,132.69000244140625,362600,135.74000549316406,135.74000549316406,135.74000549316406
02-09-2020,134.0399932861328,137.00999450683594,502700,137.25,135.0500030517578,135.0500030517578
03-09-2020,133.3000030517578,135.32000732421875,892700,137.6300048828125,137.1300048828125,137.1300048828125
04-09-2020,133.5500030517578,138.1699981689453,436300,138.66000366210938,136.25999450683594,136.25999450683594
08-09-2020,132.69000244140625,134.75,564600,137.55999755859375,135.30999755859375,135.30999755859375
09-09-2020,132.97000122070312,134.77000427246094,399500,136.22999572753906,135.97999572753906,135.97999572753906
10-09-2020,134.39999389648438,135.86000061035156,934300,137.60000610351562,135.97999572753906,135.97999572753906
11-09-2020,133.75999450683594,137.0,346600,137.77000427246094,134.67999267578125,134.67999267578125
14-09-2020,135.3000030517578,135.72999572753906,713200,137.94000244140625,136.6300048828125,136.6300048828125
15-09-2020,136.8000030517578,136.91000366210938,538100,140.32000732421875,139.63999938964844,139.63999938964844
16-09-2020,139.17999267578125,140.05999755859375,723800,145.44000244140625,143.05999755859375,143.05999755859375
17-09-2020,140.39999389648438,141.44000244140625,758900,143.44000244140625,141.3800048828125,141.3800048828125
18-09-2020,138.41000366210938,141.1999969482422,576500,142.3300018310547,139.4600067138672,139.4600067138672
21-09-2020,133.00999450683594,135.4199981689453,912700,138.38999938964844,138.1999969482422,138.1999969482422
22-09-2020,137.41000366210938,137.8300018310547,535900,142.52000427246094,142.5,142.5
23-09-2020,142.3800048828125,143.27999877929688,865700,145.92999267578125,142.57000732421875,142.57000732421875
24-09-2020,138.72999572753906,141.3699951171875,470500,142.25,140.97000122070312,140.97000122070312
25-09-2020,140.6300048828125,140.6300048828125,274200,144.4199981689453,144.36000061035156,144.36000061035156
28-09-2020,146.19000244140625,146.30999755859375,370200,149.4600067138672,148.52999877929688,148.52999877929688
29-09-2020,145.5399932861328,148.5500030517578,541300,149.8800048828125,149.75,149.75
30-09-2020,149.1999969482422,149.1999969482422,657800,152.55999755859375,152.0399932861328,152.0399932861328
01-10-2020,149.92999267578125,153.50999450683594,455400,155.0,155.0,155.0
02-10-2020,152.22000122070312,152.63999938964844,374100,156.80999755859375,154.94000244140625,154.94000244140625
05-10-2020,155.13999938964844,156.07000732421875,435500,157.99000549316406,157.99000549316406,157.99000549316406
06-10-2020,149.4199981689453,157.30999755859375,657500,157.4600067138672,149.9199981689453,149.9199981689453
07-10-2020,151.0800018310547,151.49000549316406,322400,153.47000122070312,152.58999633789062,152.58999633789062
08-10-2020,153.22999572753906,153.4600067138672,252500,155.6699981689453,153.7899932861328,153.7899932861328
09-10-2020,153.5399932861328,154.02999877929688,257500,155.91000366210938,154.60000610351562,154.60000610351562
12-10-2020,154.9499969482422,155.4600067138672,278100,157.8699951171875,155.85000610351562,155.85000610351562
13-10-2020,152.75999450683594,155.6300048828125,461000,156.50999450683594,152.82000732421875,152.82000732421875
14-10-2020,153.3000030517578,153.52999877929688,210200,155.91000366210938,154.69000244140625,154.69000244140625
15-10-2020,152.22000122070312,153.3800048828125,178000,158.07000732421875,157.25999450683594,157.25999450683594
16-10-2020,157.41000366210938,157.89999389648438,177400,160.8300018310547,158.27999877929688,158.27999877929688
19-10-2020,155.7100067138672,159.85000610351562,429700,162.0500030517578,156.05999755859375,156.05999755859375
20-10-2020,157.1199951171875,157.61000061035156,612400,164.55999755859375,163.25,163.25
21-10-2020,162.77000427246094,163.82000732421875,655200,167.86000061035156,165.75,165.75
22-10-2020,162.7899932861328,166.19000244140625,417600,166.47000122070312,164.7899932861328,164.7899932861328
23-10-2020,161.67999267578125,164.4600067138672,233400,165.3699951171875,162.5,162.5
26-10-2020,158.14999389648438,160.02000427246094,225500,162.1199951171875,161.75999450683594,161.75999450683594
27-10-2020,158.94000244140625,161.50999450683594,373500,163.83999633789062,159.99000549316406,159.99000549316406
28-10-2020,154.85000610351562,157.6999969482422,380300,158.97000122070312,157.64999389648438,157.64999389648438
29-10-2020,155.60000610351562,157.64999389648438,285300,161.72000122070312,160.9600067138672,160.9600067138672
30-10-2020,155.3000030517578,159.8800048828125,295100,160.91000366210938,158.0500030517578,158.0500030517578
02-11-2020,152.05999755859375,155.25,479400,157.25999450683594,156.05999755859375,156.05999755859375
03-11-2020,156.5399932861328,159.08999633789062,347200,160.47999572753906,157.5399932861328,157.5399932861328
04-11-2020,156.50999450683594,158.63999938964844,569300,162.47000122070312,157.99000549316406,157.99000549316406
05-11-2020,160.4199981689453,160.4199981689453,346300,164.00999450683594,163.3300018310547,163.3300018310547
06-11-2020,153.39999389648438,162.0,873200,163.11000061035156,154.5500030517578,154.5500030517578
09-11-2020,163.14999389648438,163.14999389648438,1083100,177.16000366210938,173.00999450683594,173.00999450683594
10-11-2020,166.52000427246094,171.75999450683594,754300,174.0,167.10000610351562,167.10000610351562
11-11-2020,166.99000549316406,168.8300018310547,433700,169.97999572753906,168.02000427246094,168.02000427246094
12-11-2020,161.35000610351562,167.57000732421875,535900,168.9600067138672,163.5800018310547,163.5800018310547
13-11-2020,163.5800018310547,164.39999389648438,232900,166.97000122070312,166.5500030517578,166.5500030517578
16-11-2020,165.7899932861328,169.6999969482422,498100,170.35000610351562,170.22000122070312,170.22000122070312
17-11-2020,166.0800018310547,169.44000244140625,223200,169.44000244140625,168.49000549316406,168.49000549316406
18-11-2020,167.85000610351562,168.0,246800,171.67999267578125,168.3300018310547,168.3300018310547
19-11-2020,165.88999938964844,167.19000244140625,260900,169.05999755859375,167.75,167.75
20-11-2020,164.0399932861328,166.89999389648438,196100,168.5399932861328,167.1199951171875,167.1199951171875
23-11-2020,167.10000610351562,169.3699951171875,263500,171.08999633789062,167.7899932861328,167.7899932861328
24-11-2020,168.17999267578125,169.19000244140625,216100,172.7100067138672,171.99000549316406,171.99000549316406
25-11-2020,170.8300018310547,172.25,187700,173.7899932861328,173.02000427246094,173.02000427246094
27-11-2020,170.72999572753906,172.6999969482422,91500,174.02000427246094,171.27999877929688,171.27999877929688
30-11-2020,168.1199951171875,170.4600067138672,306900,172.05999755859375,170.11000061035156,170.11000061035156
01-12-2020,168.6300048828125,172.39999389648438,221000,173.69000244140625,169.02000427246094,169.02000427246094
02-12-2020,165.17999267578125,168.5399932861328,213800,168.55999755859375,165.24000549316406,165.24000549316406
03-12-2020,164.13999938964844,165.3800048828125,276500,166.8699951171875,164.8800048828125,164.8800048828125
04-12-2020,164.58999633789062,166.4499969482422,407100,166.82000732421875,166.0,166.0
07-12-2020,165.1999969482422,166.52999877929688,549400,167.30999755859375,166.39999389648438,166.39999389648438
08-12-2020,165.2899932861328,165.2899932861328,180100,169.02999877929688,168.60000610351562,168.60000610351562
09-12-2020,165.4600067138672,169.38999938964844,216300,169.38999938964844,166.3000030517578,166.3000030517578
10-12-2020,165.25,165.77999877929688,243100,167.2899932861328,166.32000732421875,166.32000732421875
11-12-2020,163.83999633789062,166.1999969482422,225700,167.86000061035156,164.64999389648438,164.64999389648438
14-12-2020,165.91000366210938,166.16000366210938,352600,169.5399932861328,168.52000427246094,168.52000427246094
15-12-2020,167.25,168.41000366210938,298600,172.4199981689453,170.9600067138672,170.9600067138672
16-12-2020,169.86000061035156,172.27000427246094,269100,172.7899932861328,170.1699981689453,170.1699981689453
17-12-2020,165.3300018310547,170.47000122070312,340500,170.63999938964844,166.57000732421875,166.57000732421875
18-12-2020,166.64999389648438,168.9199981689453,531000,168.9499969482422,168.6199951171875,168.6199951171875
21-12-2020,163.86000061035156,165.89999389648438,308400,168.10000610351562,167.1699981689453,167.1699981689453
22-12-2020,161.00999450683594,167.30999755859375,362300,167.47999572753906,161.94000244140625,161.94000244140625
23-12-2020,162.1199951171875,163.49000549316406,323800,166.13999938964844,165.2899932861328,165.2899932861328
24-12-2020,164.8800048828125,166.3800048828125,42200,166.3800048828125,165.33999633789062,165.33999633789062
28-12-2020,164.72999572753906,166.47999572753906,192000,168.6199951171875,168.32000732421875,168.32000732421875
29-12-2020,168.1300048828125,169.3800048828125,206900,170.67999267578125,170.44000244140625,170.44000244140625
30-12-2020,169.3699951171875,170.7899932861328,166200,171.7899932861328,169.80999755859375,169.80999755859375
31-12-2020,168.61000061035156,168.92999267578125,179500,173.3000030517578,172.99000549316406,172.99000549316406
04-01-2021,161.4499969482422,167.8699951171875,296700,170.9600067138672,164.42999267578125,164.42999267578125
05-01-2021,164.30999755859375,164.4600067138672,174000,168.22000122070312,167.72999572753906,167.72999572753906
06-01-2021,165.57000732421875,168.4600067138672,368200,170.7100067138672,166.10000610351562,166.10000610351562
07-01-2021,166.36000061035156,166.94000244140625,267000,169.10000610351562,167.27999877929688,167.27999877929688
08-01-2021,160.5,168.99000549316406,460500,168.99000549316406,161.7899932861328,161.7899932861328
11-01-2021,160.2100067138672,160.2100067138672,252800,165.6999969482422,161.6699981689453,161.6699981689453
12-01-2021,158.9199981689453,163.72999572753906,426000,163.72999572753906,159.69000244140625,159.69000244140625
13-01-2021,155.6999969482422,159.1999969482422,341000,159.5500030517578,156.24000549316406,156.24000549316406
14-01-2021,154.64999389648438,158.19000244140625,237400,159.0800018310547,155.86000061035156,155.86000061035156
15-01-2021,155.82000732421875,156.11000061035156,413000,160.0,158.35000610351562,158.35000610351562
19-01-2021,157.83999633789062,158.61000061035156,248300,161.02000427246094,159.1699981689453,159.1699981689453
20-01-2021,157.3000030517578,159.02999877929688,276600,160.82000732421875,159.63999938964844,159.63999938964844
21-01-2021,157.82000732421875,160.64999389648438,230900,161.5800018310547,159.36000061035156,159.36000061035156
22-01-2021,156.35000610351562,158.13999938964844,198900,159.00999450683594,156.38999938964844,156.38999938964844
25-01-2021,151.02999877929688,156.02000427246094,354100,156.3000030517578,151.77000427246094,151.77000427246094
26-01-2021,152.41000366210938,153.5399932861328,313300,158.7100067138672,157.4600067138672,157.4600067138672
27-01-2021,154.5500030517578,155.72000122070312,587200,159.8800048828125,157.69000244140625,157.69000244140625
28-01-2021,154.1199951171875,157.30999755859375,615000,158.3800048828125,155.99000549316406,155.99000549316406
29-01-2021,151.22000122070312,155.02000427246094,713600,155.61000061035156,151.97000122070312,151.97000122070312
01-02-2021,152.55999755859375,154.47999572753906,410300,158.0,157.35000610351562,157.35000610351562
02-02-2021,157.64999389648438,157.7899932861328,472000,161.27999877929688,159.60000610351562,159.60000610351562
03-02-2021,158.8800048828125,160.0,293900,163.4199981689453,163.1300048828125,163.1300048828125
04-02-2021,162.36000061035156,163.25,382000,167.85000610351562,166.8300018310547,166.8300018310547
05-02-2021,168.2100067138672,168.92999267578125,318500,171.9600067138672,171.1300048828125,171.1300048828125
08-02-2021,171.1699981689453,172.02999877929688,404600,172.7100067138672,172.60000610351562,172.60000610351562
09-02-2021,170.44000244140625,173.57000732421875,544300,175.08999633789062,173.4499969482422,173.4499969482422
10-02-2021,172.75999450683594,174.63999938964844,387100,176.69000244140625,174.32000732421875,174.32000732421875
11-02-2021,171.57000732421875,174.69000244140625,415200,175.92999267578125,172.72999572753906,172.72999572753906
12-02-2021,170.82000732421875,171.6999969482422,298500,178.33999633789062,178.17999267578125,178.17999267578125
16-02-2021,176.0500030517578,179.57000732421875,390100,182.4900054931641,181.69000244140625,181.69000244140625
17-02-2021,179.3000030517578,181.66000366210935,353100,182.1300048828125,179.74000549316406,179.74000549316406
18-02-2021,163.11000061035156,172.0,634300,174.11000061035156,164.97999572753906,164.97999572753906
19-02-2021,164.55999755859375,165.6199951171875,347800,172.61000061035156,169.69000244140625,169.69000244140625
22-02-2021,165.85000610351562,169.5,274400,171.19000244140625,166.1300048828125,166.1300048828125
23-02-2021,162.77999877929688,165.57000732421875,449500,169.57000732421875,169.05999755859375,169.05999755859375
24-02-2021,166.00999450683594,169.91000366210938,296900,171.25999450683594,170.75999450683594,170.75999450683594
25-02-2021,160.6699981689453,169.9499969482422,296200,171.6999969482422,160.6999969482422,160.6999969482422
26-02-2021,157.13999938964844,160.16000366210938,305400,161.69000244140625,159.66000366210938,159.66000366210938
01-03-2021,159.8699951171875,161.94000244140625,258900,163.82000732421875,162.83999633789062,162.83999633789062
02-03-2021,160.89999389648438,163.8000030517578,488400,167.32000732421875,164.9499969482422,164.9499969482422
03-03-2021,161.35000610351562,165.6300048828125,305000,165.6999969482422,163.97000122070312,163.97000122070312
04-03-2021,157.88999938964844,164.33999633789062,431400,165.02999877929688,160.38999938964844,160.38999938964844
05-03-2021,158.60000610351562,160.7899932861328,435300,163.07000732421875,161.5,161.5
08-03-2021,160.52999877929688,162.00999450683594,431200,164.10000610351562,162.39999389648438,162.39999389648438
09-03-2021,160.88999938964844,164.1199951171875,489800,165.99000549316406,162.69000244140625,162.69000244140625
10-03-2021,161.22999572753906,162.19000244140625,355200,167.3800048828125,164.0,164.0
11-03-2021,164.27999877929688,165.50999450683594,314200,172.0800018310547,170.83999633789062,170.83999633789062
12-03-2021,169.60000610351562,170.8000030517578,226300,173.74000549316406,169.60000610351562,169.60000610351562
15-03-2021,166.16000366210938,168.8800048828125,249500,169.82000732421875,169.39999389648438,169.39999389648438
16-03-2021,166.69000244140625,170.13999938964844,128600,170.94000244140625,167.02000427246094,167.02000427246094
17-03-2021,165.8000030517578,166.39999389648438,207700,170.16000366210938,169.6999969482422,169.6999969482422
18-03-2021,167.66000366210938,169.60000610351562,247000,172.82000732421875,169.36000061035156,169.36000061035156
19-03-2021,165.77000427246094,169.9199981689453,327200,169.9199981689453,167.36000061035156,167.36000061035156
22-03-2021,163.39999389648438,165.94000244140625,312100,167.50999450683594,163.4499969482422,163.4499969482422
23-03-2021,159.0500030517578,162.00999450683594,296700,163.72000122070312,159.0500030517578,159.0500030517578
24-03-2021,159.10000610351562,160.41000366210938,256400,164.99000549316406,163.42999267578125,163.42999267578125
25-03-2021,161.39999389648438,162.97999572753906,179200,166.5,165.7100067138672,165.7100067138672
26-03-2021,164.42999267578125,166.5500030517578,151900,167.77999877929688,167.5800018310547,167.5800018310547
29-03-2021,164.1300048828125,167.11000061035156,222600,168.9600067138672,165.16000366210938,165.16000366210938
30-03-2021,164.6199951171875,164.8800048828125,179700,170.7100067138672,169.08999633789062,169.08999633789062
31-03-2021,167.8699951171875,169.1999969482422,304700,173.2899932861328,171.4499969482422,171.4499969482422
01-04-2021,173.05999755859375,173.0800018310547,270400,177.0,176.75999450683594,176.75999450683594
05-04-2021,177.8300018310547,178.64999389648438,539700,182.5,180.3999938964844,180.3999938964844
06-04-2021,177.13999938964844,180.0,479800,180.30999755859372,178.2899932861328,178.2899932861328
07-04-2021,157.55999755859375,172.66000366210938,711000,173.1999969482422,158.99000549316406,158.99000549316406
08-04-2021,157.89999389648438,159.60000610351562,533600,165.25999450683594,164.5399932861328,164.5399932861328
09-04-2021,162.3000030517578,165.25999450683594,536200,165.6199951171875,164.7899932861328,164.7899932861328
12-04-2021,163.05999755859375,164.82000732421875,328600,167.27000427246094,166.50999450683594,166.50999450683594
13-04-2021,161.7100067138672,165.49000549316406,330900,166.16000366210938,162.27999877929688,162.27999877929688
14-04-2021,163.0,163.25,233100,166.6699981689453,164.75,164.75
15-04-2021,165.57000732421875,166.3300018310547,149400,167.77999877929688,166.25999450683594,166.25999450683594
16-04-2021,165.47000122070312,167.52000427246094,153000,167.52000427246094,167.08999633789062,167.08999633789062
19-04-2021,163.38999938964844,168.25,301900,168.89999389648438,164.66000366210938,164.66000366210938
20-04-2021,162.9199981689453,164.86000061035156,250100,167.75,163.25999450683594,163.25999450683594
21-04-2021,162.50999450683594,162.6999969482422,238700,165.27999877929688,164.1999969482422,164.1999969482422
22-04-2021,163.75999450683594,164.61000061035156,214500,167.11000061035156,165.2100067138672,165.2100067138672
23-04-2021,162.8800048828125,165.36000061035156,357300,165.77999877929688,163.49000549316406,163.49000549316406
26-04-2021,162.57000732421875,164.50999450683594,631500,164.6999969482422,162.6699981689453,162.6699981689453
27-04-2021,154.8000030517578,163.27000427246094,977200,163.2899932861328,156.41000366210938,156.41000366210938
28-04-2021,153.0399932861328,155.4499969482422,711800,156.64999389648438,155.16000366210938,155.16000366210938
29-04-2021,151.57000732421875,157.08999633789062,487400,157.2899932861328,151.86000061035156,151.86000061035156
30-04-2021,144.80999755859375,150.5399932861328,1071700,151.10000610351562,144.8300018310547,144.8300018310547
03-05-2021,146.10000610351562,146.89999389648438,509700,148.69000244140625,148.0399932861328,148.0399932861328
04-05-2021,144.38999938964844,147.49000549316406,555700,148.64999389648438,146.07000732421875,146.07000732421875
05-05-2021,145.11000061035156,147.22000122070312,482200,148.5399932861328,148.14999389648438,148.14999389648438
06-05-2021,137.4600067138672,146.55999755859375,747800,148.47000122070312,137.5,137.5
07-05-2021,135.0,138.77000427246094,984900,138.77000427246094,136.0,136.0
10-05-2021,136.36000061035156,138.3000030517578,597600,140.80999755859375,139.0,139.0
11-05-2021,132.6300048828125,136.27999877929688,770200,136.89999389648438,133.69000244140625,133.69000244140625
12-05-2021,132.4499969482422,132.4499969482422,1304000,135.5,134.2899932861328,134.2899932861328
13-05-2021,131.00999450683594,135.02000427246094,490300,136.5399932861328,132.38999938964844,132.38999938964844
14-05-2021,132.36000061035156,132.36000061035156,608100,136.2100067138672,134.91000366210938,134.91000366210938
17-05-2021,132.49000549316406,133.6999969482422,739400,136.55999755859375,134.8699951171875,134.8699951171875
18-05-2021,135.0,135.25999450683594,732400,138.25,136.61000061035156,136.61000061035156
19-05-2021,132.30999755859375,134.02000427246094,583000,135.9600067138672,134.2100067138672,134.2100067138672
20-05-2021,133.5500030517578,134.66000366210938,600100,137.3699951171875,136.5399932861328,136.5399932861328
21-05-2021,135.6199951171875,137.8300018310547,405500,140.13999938964844,135.74000549316406,135.74000549316406
24-05-2021,133.64999389648438,135.3300018310547,343900,135.5500030517578,134.19000244140625,134.19000244140625
25-05-2021,134.19000244140625,134.63999938964844,514500,136.4499969482422,135.75999450683594,135.75999450683594
26-05-2021,135.89999389648438,136.63999938964844,573800,139.22000122070312,136.8000030517578,136.8000030517578
27-05-2021,133.75,136.3000030517578,888400,137.99000549316406,134.9199981689453,134.9199981689453
28-05-2021,134.4600067138672,135.35000610351562,744100,138.85000610351562,138.22999572753906,138.22999572753906
01-06-2021,138.10000610351562,140.0,507000,140.63999938964844,138.32000732421875,138.32000732421875
02-06-2021,137.42999267578125,138.16000366210938,639600,142.0399932861328,141.75,141.75
03-06-2021,138.8300018310547,140.47000122070312,556000,141.10000610351562,140.14999389648438,140.14999389648438
04-06-2021,140.4600067138672,140.7899932861328,459400,143.97000122070312,143.9600067138672,143.9600067138672
07-06-2021,143.07000732421875,143.47000122070312,624500,145.0800018310547,144.1699981689453,144.1699981689453
08-06-2021,143.35000610351562,144.05999755859375,477600,146.60000610351562,146.3000030517578,146.3000030517578
09-06-2021,146.25,147.0800018310547,513700,148.52999877929688,147.02999877929688,147.02999877929688
10-06-2021,146.10000610351562,148.4600067138672,340900,148.52999877929688,147.72000122070312,147.72000122070312
11-06-2021,146.6300048828125,146.8699951171875,241200,148.1699981689453,147.7899932861328,147.7899932861328
14-06-2021,146.97999572753906,148.0399932861328,303200,148.50999450683594,147.55999755859375,147.55999755859375
15-06-2021,146.88999938964844,148.33999633789062,357600,148.50999450683594,147.4499969482422,147.4499969482422
16-06-2021,147.00999450683594,147.3000030517578,420700,149.4199981689453,149.1300048828125,149.1300048828125
17-06-2021,148.6300048828125,148.97999572753906,370700,152.38999938964844,152.0800018310547,152.0800018310547
18-06-2021,150.4600067138672,150.8699951171875,592400,152.55999755859375,152.1300048828125,152.1300048828125
21-06-2021,151.13999938964844,152.72999572753906,500200,155.13999938964844,154.6300048828125,154.6300048828125
22-06-2021,149.94000244140625,154.69000244140625,565600,155.89999389648438,150.07000732421875,150.07000732421875
23-06-2021,148.52999877929688,150.3300018310547,499400,150.97000122070312,149.47000122070312,149.47000122070312
24-06-2021,148.3699951171875,149.8300018310547,477500,150.61000061035156,149.08999633789062,149.08999633789062
25-06-2021,147.19000244140625,149.86000061035156,936100,150.0399932861328,147.5500030517578,147.5500030517578
28-06-2021,141.3699951171875,147.33999633789062,706600,147.33999633789062,144.14999389648438,144.14999389648438
29-06-2021,144.50999450683594,144.61000061035156,429700,146.74000549316406,146.02000427246094,146.02000427246094
30-06-2021,145.52999877929688,146.0500030517578,529700,147.60000610351562,147.11000061035156,147.11000061035156
01-07-2021,147.16000366210938,147.16000366210938,282200,149.9499969482422,148.86000061035156,148.86000061035156
02-07-2021,148.52000427246094,149.4199981689453,222000,149.69000244140625,148.7899932861328,148.7899932861328
06-07-2021,150.39999389648438,151.99000549316406,595600,155.58999633789062,155.25999450683594,155.25999450683594
07-07-2021,153.02000427246094,155.0,217700,156.47000122070312,154.24000549316406,154.24000549316406
08-07-2021,148.66000366210938,151.49000549316406,282600,153.33999633789062,151.77000427246094,151.77000427246094
09-07-2021,152.27999877929688,153.02999877929688,164100,154.3300018310547,154.24000549316406,154.24000549316406
12-07-2021,152.72999572753906,154.13999938964844,207700,154.13999938964844,153.6999969482422,153.6999969482422
13-07-2021,152.07000732421875,152.82000732421875,344200,153.8300018310547,152.5800018310547,152.5800018310547
14-07-2021,148.5800018310547,152.8800048828125,376700,152.88999938964844,149.1199951171875,149.1199951171875
15-07-2021,148.13999938964844,148.13999938964844,165900,150.60000610351562,150.41000366210938,150.41000366210938
16-07-2021,150.14999389648438,151.3699951171875,368900,152.52000427246094,151.1300048828125,151.1300048828125
19-07-2021,149.02000427246094,149.02000427246094,498400,153.13999938964844,152.82000732421875,152.82000732421875
20-07-2021,149.91000366210938,153.60000610351562,458200,155.13999938964844,151.2100067138672,151.2100067138672
21-07-2021,150.83999633789062,151.39999389648438,215400,153.42999267578125,152.7100067138672,152.7100067138672
22-07-2021,150.61000061035156,153.11000061035156,354700,153.3300018310547,152.5500030517578,152.5500030517578
23-07-2021,152.5,153.0,143900,154.5399932861328,154.24000549316406,154.24000549316406
26-07-2021,152.13999938964844,153.80999755859375,156300,154.22000122070312,152.5800018310547,152.5800018310547
27-07-2021,150.50999450683594,152.1999969482422,194100,153.2899932861328,152.99000549316406,152.99000549316406
28-07-2021,152.1999969482422,154.14999389648438,188000,154.97000122070312,154.14999389648438,154.14999389648438
29-07-2021,152.57000732421875,154.7100067138672,180900,154.72999572753906,152.72999572753906,152.72999572753906
30-07-2021,149.08999633789062,151.8699951171875,270900,153.4600067138672,149.5,149.5
02-08-2021,148.8000030517578,150.5399932861328,198500,151.32000732421875,149.1300048828125,149.1300048828125
03-08-2021,144.7899932861328,148.80999755859375,443400,149.3300018310547,147.13999938964844,147.13999938964844
04-08-2021,141.33999633789062,145.55999755859375,370100,147.05999755859375,142.22999572753906,142.22999572753906
05-08-2021,139.6699981689453,142.2100067138672,425600,146.35000610351562,145.74000549316406,145.74000549316406
06-08-2021,143.64999389648438,145.88999938964844,231000,146.88999938964844,143.86000061035156,143.86000061035156
09-08-2021,142.1699981689453,143.0,178200,145.47000122070312,145.00999450683594,145.00999450683594
10-08-2021,144.5500030517578,145.66000366210938,207100,146.80999755859375,144.99000549316406,144.99000549316406
11-08-2021,143.5500030517578,144.5800018310547,160700,145.2100067138672,144.52999877929688,144.52999877929688
12-08-2021,143.42999267578125,144.17999267578125,157700,144.8699951171875,144.82000732421875,144.82000732421875
13-08-2021,144.00999450683594,146.02000427246094,109600,146.08999633789062,145.32000732421875,145.32000732421875
16-08-2021,141.42999267578125,143.22999572753906,210900,144.77000427246094,143.5500030517578,143.5500030517578
17-08-2021,141.3699951171875,142.85000610351562,236700,143.52000427246094,143.36000061035156,143.36000061035156
18-08-2021,142.0500030517578,142.9499969482422,162400,144.10000610351562,142.1300048828125,142.1300048828125
19-08-2021,138.88999938964844,141.30999755859375,170600,143.02999877929688,139.82000732421875,139.82000732421875
20-08-2021,138.91000366210938,139.8699951171875,155600,142.5500030517578,141.50999450683594,141.50999450683594
23-08-2021,141.17999267578125,142.0,105400,143.6300048828125,143.02999877929688,143.02999877929688
24-08-2021,142.69000244140625,143.64999389648438,175700,144.5800018310547,143.5500030517578,143.5500030517578
25-08-2021,142.7100067138672,143.67999267578125,176900,145.50999450683594,145.50999450683594,145.50999450683594
26-08-2021,143.4600067138672,145.9199981689453,128800,146.41000366210938,143.63999938964844,143.63999938964844
27-08-2021,142.8699951171875,143.5500030517578,152100,145.75999450683594,145.52999877929688,145.52999877929688
30-08-2021,143.94000244140625,146.19000244140625,146900,146.19000244140625,143.97000122070312,143.97000122070312
31-08-2021,143.58999633789062,143.58999633789062,180200,147.33999633789062,145.75999450683594,145.75999450683594
01-09-2021,144.05999755859375,145.75,208600,147.1300048828125,144.3000030517578,144.3000030517578
02-09-2021,144.1199951171875,145.1199951171875,138700,146.1300048828125,145.17999267578125,145.17999267578125
03-09-2021,142.85000610351562,145.00999450683594,135700,145.9499969482422,144.77999877929688,144.77999877929688
07-09-2021,144.02000427246094,144.1699981689453,151900,145.99000549316406,144.75,144.75
08-09-2021,143.5,144.74000549316406,146500,146.1999969482422,144.32000732421875,144.32000732421875
09-09-2021,140.7899932861328,144.0800018310547,175900,144.63999938964844,141.85000610351562,141.85000610351562
10-09-2021,140.47999572753906,142.64999389648438,239700,143.05999755859375,141.05999755859375,141.05999755859375
13-09-2021,140.69000244140625,142.47999572753906,188900,144.38999938964844,144.3300018310547,144.3300018310547
14-09-2021,141.0800018310547,145.3800048828125,278900,145.97000122070312,142.3699951171875,142.3699951171875
15-09-2021,139.3300018310547,141.67999267578125,252500,142.41000366210938,140.33999633789062,140.33999633789062
16-09-2021,138.80999755859375,140.2100067138672,281400,142.97000122070312,142.47999572753906,142.47999572753906
17-09-2021,142.5399932861328,143.0,557200,144.6699981689453,144.50999450683594,144.50999450683594
20-09-2021,142.8800048828125,144.0,302100,145.1300048828125,144.92999267578125,144.92999267578125
21-09-2021,145.22000122070312,145.22000122070312,235100,148.2100067138672,147.14999389648438,147.14999389648438
22-09-2021,146.61000061035156,147.58999633789062,357500,149.47000122070312,148.8699951171875,148.8699951171875
23-09-2021,144.2100067138672,146.4499969482422,716600,149.10000610351562,145.99000549316406,145.99000549316406
24-09-2021,142.99000549316406,145.66000366210938,271100,146.50999450683594,143.35000610351562,143.35000610351562
27-09-2021,143.58999633789062,143.61000061035156,187900,146.27999877929688,145.10000610351562,145.10000610351562
28-09-2021,143.64999389648438,144.2899932861328,349300,148.3000030517578,146.5500030517578,146.5500030517578
29-09-2021,143.5500030517578,147.1199951171875,400500,147.39999389648438,144.08999633789062,144.08999633789062
30-09-2021,139.3300018310547,144.60000610351562,302200,145.42999267578125,139.4199981689453,139.4199981689453
01-10-2021,137.52999877929688,139.1199951171875,424800,146.25999450683594,145.75999450683594,145.75999450683594
04-10-2021,145.88999938964844,145.88999938964844,412300,152.27999877929688,151.27999877929688,151.27999877929688
05-10-2021,150.5500030517578,150.75,414300,154.61000061035156,153.10000610351562,153.10000610351562
06-10-2021,151.14999389648438,152.0399932861328,226700,154.66000366210938,154.42999267578125,154.42999267578125
07-10-2021,154.6300048828125,155.11000061035156,267200,157.1699981689453,157.08999633789062,157.08999633789062
08-10-2021,155.42999267578125,156.8000030517578,176100,157.75,156.8000030517578,156.8000030517578
11-10-2021,155.83999633789062,155.83999633789062,175700,158.22999572753906,156.35000610351562,156.35000610351562
12-10-2021,155.49000549316406,156.94000244140625,239600,157.22000122070312,156.80999755859375,156.80999755859375
13-10-2021,156.6699981689453,156.6699981689453,176100,159.25,158.97999572753906,158.97999572753906
14-10-2021,159.52000427246094,159.6199951171875,137000,161.91000366210938,161.33999633789062,161.33999633789062
15-10-2021,162.0,162.0,147700,164.63999938964844,163.82000732421875,163.82000732421875
18-10-2021,160.9199981689453,163.36000061035156,179100,164.16000366210938,160.99000549316406,160.99000549316406
19-10-2021,159.6699981689453,160.14999389648438,262200,161.60000610351562,159.7899932861328,159.7899932861328
20-10-2021,157.7100067138672,160.25,270200,160.75999450683594,158.02999877929688,158.02999877929688
21-10-2021,158.11000061035156,158.11000061035156,202000,165.72999572753906,165.67999267578125,165.67999267578125
22-10-2021,164.6999969482422,165.05999755859375,143600,167.58999633789062,164.8000030517578,164.8000030517578
25-10-2021,162.89999389648438,165.1199951171875,131500,166.08999633789062,163.25,163.25
26-10-2021,160.8699951171875,163.00999450683594,133000,163.97999572753906,161.11000061035156,161.11000061035156
27-10-2021,160.1999969482422,162.3000030517578,182400,163.30999755859375,160.2100067138672,160.2100067138672
28-10-2021,160.72000122070312,160.72000122070312,130300,163.6199951171875,163.24000549316406,163.24000549316406
29-10-2021,162.94000244140625,162.94000244140625,218500,166.5800018310547,166.0,166.0
01-11-2021,165.32000732421875,166.0,313900,171.00999450683594,169.72999572753906,169.72999572753906
02-11-2021,166.14999389648438,168.10000610351562,511000,171.91000366210938,169.22000122070312,169.22000122070312
03-11-2021,144.2100067138672,151.1300048828125,805200,155.57000732421875,148.63999938964844,148.63999938964844
04-11-2021,143.33999633789062,148.30999755859375,699600,149.36000061035156,143.91000366210938,143.91000366210938
05-11-2021,145.44000244140625,146.49000549316406,394300,150.36000061035156,148.6999969482422,148.6999969482422
08-11-2021,145.6300048828125,148.66000366210938,311100,149.63999938964844,146.72999572753906,146.72999572753906
09-11-2021,142.30999755859375,146.5,313700,147.38999938964844,143.3699951171875,143.3699951171875
10-11-2021,141.52000427246094,144.39999389648438,286200,144.39999389648438,141.74000549316406,141.74000549316406
11-11-2021,138.05999755859375,141.19000244140625,253100,142.75,138.10000610351562,138.10000610351562
12-11-2021,137.10000610351562,138.0,244200,139.19000244140625,138.27999877929688,138.27999877929688
15-11-2021,136.3699951171875,138.9600067138672,223100,139.2899932861328,136.4499969482422,136.4499969482422
16-11-2021,134.60000610351562,136.11000061035156,563400,137.0,135.7899932861328,135.7899932861328
17-11-2021,131.22999572753906,135.52000427246094,318200,136.33999633789062,131.4499969482422,131.4499969482422
18-11-2021,128.05999755859375,132.0500030517578,258000,132.67999267578125,128.35000610351562,128.35000610351562
19-11-2021,125.1500015258789,127.56999969482422,547000,129.0,126.18000030517578,126.18000030517578
22-11-2021,123.45999908447266,126.5199966430664,513500,127.0,123.9000015258789,123.9000015258789
23-11-2021,122.4499969482422,124.5500030517578,537600,125.87000274658205,124.55999755859376,124.55999755859376
24-11-2021,122.8000030517578,124.05999755859376,355300,127.0999984741211,125.23999786376952,125.23999786376952
26-11-2021,119.88999938964844,122.36000061035156,452800,127.02999877929688,125.3499984741211,125.3499984741211
29-11-2021,124.44000244140624,126.22000122070312,680700,127.44000244140624,124.66000366210938,124.66000366210938
30-11-2021,122.29000091552734,123.58999633789062,431200,125.0,122.9499969482422,122.9499969482422
01-12-2021,119.05999755859376,124.12000274658205,472900,125.43000030517578,119.05999755859376,119.05999755859376
02-12-2021,118.95999908447266,119.0500030517578,611900,123.1999969482422,121.37999725341795,121.37999725341795
03-12-2021,118.44000244140624,120.86000061035156,398500,122.1999969482422,119.36000061035156,119.36000061035156
06-12-2021,119.16999816894533,120.91999816894533,468800,125.13999938964844,123.66000366210938,123.66000366210938
07-12-2021,121.7300033569336,124.5199966430664,375700,125.6999969482422,121.83000183105467,121.83000183105467
08-12-2021,121.1500015258789,122.4800033569336,405500,125.06999969482422,123.54000091552734,123.54000091552734
09-12-2021,122.3000030517578,123.1500015258789,779900,124.11000061035156,123.5,123.5
10-12-2021,116.04000091552734,123.69000244140624,381400,124.33999633789062,116.87999725341795,116.87999725341795
13-12-2021,115.01000213623048,115.63999938964844,458600,119.9000015258789,118.98999786376952,118.98999786376952
14-12-2021,115.0999984741211,118.73999786376952,443300,120.01000213623048,116.38999938964844,116.38999938964844
15-12-2021,116.1500015258789,116.1500015258789,670900,119.4000015258789,118.38999938964844,118.38999938964844
16-12-2021,113.41000366210938,117.4000015258789,479800,118.33999633789062,114.69000244140624,114.69000244140624
17-12-2021,114.23999786376952,114.83000183105467,602000,119.12999725341795,117.97000122070312,117.97000122070312
20-12-2021,115.4800033569336,115.98999786376952,496500,117.9000015258789,115.5999984741211,115.5999984741211
21-12-2021,115.7300033569336,115.7300033569336,471900,118.91999816894533,118.86000061035156,118.86000061035156
22-12-2021,118.11000061035156,119.16999816894533,274100,120.0,119.05999755859376,119.05999755859376
23-12-2021,118.9800033569336,119.43000030517578,291700,123.87000274658205,123.20999908447266,123.20999908447266
27-12-2021,121.54000091552734,123.12000274658205,273500,124.75,124.08000183105467,124.08000183105467
28-12-2021,123.2699966430664,123.94000244140624,323600,125.45999908447266,124.70999908447266,124.70999908447266
29-12-2021,123.98999786376952,125.37000274658205,278200,126.37999725341795,125.20999908447266,125.20999908447266
30-12-2021,124.93000030517578,124.93000030517578,293900,127.3000030517578,126.16999816894533,126.16999816894533
31-12-2021,124.98999786376952,125.48999786376952,270800,127.04000091552734,125.87999725341795,125.87999725341795
03-01-2022,125.01000213623048,126.19000244140624,421700,128.9499969482422,127.93000030517578,127.93000030517578
04-01-2022,127.4800033569336,128.6300048828125,339800,129.57000732421875,128.0800018310547,128.0800018310547
05-01-2022,123.68000030517578,127.0999984741211,341600,128.97000122070312,123.83999633789062,123.83999633789062
06-01-2022,123.48999786376952,124.58000183105467,426100,126.55999755859376,124.02999877929688,124.02999877929688
07-01-2022,124.0500030517578,124.05999755859376,605500,128.47000122070312,126.38999938964844,126.38999938964844
10-01-2022,123.56999969482422,126.3000030517578,932300,129.8699951171875,129.6999969482422,129.6999969482422
11-01-2022,126.73999786376952,129.6699981689453,395600,130.92999267578125,129.8300018310547,129.8300018310547
12-01-2022,128.41000366210938,130.2100067138672,414400,131.49000549316406,128.5399932861328,128.5399932861328
13-01-2022,125.19000244140624,128.77999877929688,346800,129.63999938964844,125.66999816894533,125.66999816894533
14-01-2022,124.29000091552734,125.27999877929688,373600,129.61000061035156,129.42999267578125,129.42999267578125
18-01-2022,126.98999786376952,128.97999572753906,500400,129.6699981689453,128.6199951171875,128.6199951171875
19-01-2022,127.47000122070312,128.8800048828125,267300,130.82000732421875,127.5500030517578,127.5500030517578
20-01-2022,127.12000274658205,129.17999267578125,317300,131.1199951171875,127.5,127.5
21-01-2022,125.0500030517578,126.9800033569336,358200,128.63999938964844,126.27999877929688,126.27999877929688
24-01-2022,122.38999938964844,123.97000122070312,618200,128.50999450683594,128.4499969482422,128.4499969482422
25-01-2022,120.9000015258789,127.56999969482422,470200,129.86000061035156,122.93000030517578,122.93000030517578
26-01-2022,119.93000030517578,123.91000366210938,672800,125.58000183105467,120.19000244140624,120.19000244140624
27-01-2022,118.0999984741211,121.30999755859376,299800,123.86000061035156,118.33999633789062,118.33999633789062
28-01-2022,117.62000274658205,118.5,271100,122.83000183105467,122.6500015258789,122.6500015258789
31-01-2022,122.95999908447266,122.95999908447266,727600,129.24000549316406,128.41000366210938,128.41000366210938
01-02-2022,125.04000091552734,128.25,414600,129.10000610351562,127.76000213623048,127.76000213623048
02-02-2022,126.2300033569336,127.5,417900,128.4499969482422,128.35000610351562,128.35000610351562
03-02-2022,125.6999969482422,129.0800018310547,427200,129.35000610351562,126.19000244140624,126.19000244140624
04-02-2022,125.22000122070312,125.22000122070312,442100,130.66000366210938,130.22999572753906,130.22999572753906
07-02-2022,129.5500030517578,130.25999450683594,383100,132.74000549316406,130.66000366210938,130.66000366210938
08-02-2022,129.9600067138672,130.25999450683594,535000,135.25999450683594,134.27000427246094,134.27000427246094
09-02-2022,135.0399932861328,135.0399932861328,561300,138.3800048828125,137.66000366210938,137.66000366210938
10-02-2022,131.52000427246094,134.4499969482422,400800,136.80999755859375,132.49000549316406,132.49000549316406
11-02-2022,129.42999267578125,133.27999877929688,428900,135.05999755859375,131.1300048828125,131.1300048828125
14-02-2022,130.6199951171875,131.07000732421875,438100,133.89999389648438,132.64999389648438,132.64999389648438
15-02-2022,131.64999389648438,134.72000122070312,268100,135.97999572753906,133.02000427246094,133.02000427246094
16-02-2022,129.7899932861328,132.75999450683594,338900,132.75999450683594,131.86000061035156,131.86000061035156
17-02-2022,119.30999755859376,123.75,755900,132.30999755859375,128.75,128.75
18-02-2022,126.45999908447266,126.45999908447266,454900,131.83999633789062,131.27999877929688,131.27999877929688
22-02-2022,128.57000732421875,129.97000122070312,431900,130.72000122070312,129.88999938964844,129.88999938964844
23-02-2022,128.1699981689453,131.22000122070312,322200,132.30999755859375,128.6300048828125,128.6300048828125
24-02-2022,125.04000091552734,125.4499969482422,640300,128.13999938964844,127.9499969482422,127.9499969482422
25-02-2022,126.6500015258789,129.22000122070312,437600,129.60000610351562,128.80999755859375,128.80999755859375
28-02-2022,125.20999908447266,127.4499969482422,577900,131.30999755859375,130.63999938964844,130.63999938964844
01-03-2022,127.80999755859376,130.8000030517578,251400,130.8000030517578,129.22000122070312,129.22000122070312
02-03-2022,128.13999938964844,129.52999877929688,263400,131.4499969482422,130.3300018310547,130.3300018310547
03-03-2022,128.25999450683594,131.1699981689453,175000,131.80999755859375,128.86000061035156,128.86000061035156
04-03-2022,126.12000274658205,127.95999908447266,443900,129.57000732421875,129.2899932861328,129.2899932861328
07-03-2022,127.0199966430664,128.55999755859375,370400,130.0800018310547,127.2300033569336,127.2300033569336
08-03-2022,127.26000213623048,128.07000732421875,284000,131.75999450683594,129.42999267578125,129.42999267578125
09-03-2022,130.14999389648438,130.14999389648438,187800,133.63999938964844,130.8800048828125,130.8800048828125
10-03-2022,127.86000061035156,129.14999389648438,205700,131.0,129.4499969482422,129.4499969482422
11-03-2022,127.33000183105467,130.82000732421875,144500,130.82000732421875,128.66000366210938,128.66000366210938
14-03-2022,125.22000122070312,129.0800018310547,309900,129.57000732421875,126.97000122070312,126.97000122070312
15-03-2022,126.8499984741211,127.22000122070312,395300,133.2100067138672,132.92999267578125,132.92999267578125
16-03-2022,132.14999389648438,134.2899932861328,353900,136.6999969482422,134.4600067138672,134.4600067138672
17-03-2022,133.0,133.3800048828125,283800,135.88999938964844,135.88999938964844,135.88999938964844
18-03-2022,134.86000061035156,134.86000061035156,255000,137.5399932861328,137.22999572753906,137.22999572753906
21-03-2022,134.5399932861328,137.91000366210938,280800,137.91000366210938,135.97999572753906,135.97999572753906
22-03-2022,135.2899932861328,136.10000610351562,239500,137.25,136.2100067138672,136.2100067138672
23-03-2022,133.4199981689453,136.27000427246094,239700,136.27000427246094,133.8699951171875,133.8699951171875
24-03-2022,131.7100067138672,134.02999877929688,544500,135.9499969482422,134.9499969482422,134.9499969482422
25-03-2022,135.14999389648438,135.9499969482422,387300,138.02000427246094,136.97000122070312,136.97000122070312
28-03-2022,134.0399932861328,136.74000549316406,399600,138.0399932861328,134.6999969482422,134.6999969482422
29-03-2022,134.10000610351562,135.0500030517578,342300,137.1300048828125,136.07000732421875,136.07000732421875
30-03-2022,133.4199981689453,135.19000244140625,302000,135.77000427246094,134.32000732421875,134.32000732421875
31-03-2022,132.69000244140625,134.72999572753906,394500,135.66000366210938,132.69000244140625,132.69000244140625
01-04-2022,132.6699981689453,133.72000122070312,258700,135.60000610351562,135.60000610351562,135.60000610351562
04-04-2022,133.72999572753906,135.60000610351562,348900,137.6300048828125,137.5399932861328,137.5399932861328
05-04-2022,136.75999450683594,138.22999572753906,319200,140.02000427246094,137.13999938964844,137.13999938964844
06-04-2022,134.3800048828125,136.08999633789062,366000,136.41000366210938,135.4199981689453,135.4199981689453
07-04-2022,134.36000061035156,136.3800048828125,371200,137.10000610351562,135.86000061035156,135.86000061035156
08-04-2022,132.61000061035156,135.8800048828125,201300,136.4600067138672,132.80999755859375,132.80999755859375
11-04-2022,130.80999755859375,132.30999755859375,244000,133.88999938964844,131.17999267578125,131.17999267578125
12-04-2022,129.4600067138672,131.75,203700,133.0500030517578,130.19000244140625,130.19000244140625
13-04-2022,129.08999633789062,130.1300048828125,455500,131.82000732421875,130.9199981689453,130.9199981689453
14-04-2022,131.41000366210938,131.58999633789062,207900,134.94000244140625,132.39999389648438,132.39999389648438
18-04-2022,129.0500030517578,132.16000366210938,207700,133.25,130.7100067138672,130.7100067138672
19-04-2022,130.07000732421875,130.07000732421875,153600,132.72999572753906,131.85000610351562,131.85000610351562
20-04-2022,131.7100067138672,132.6199951171875,310300,135.02999877929688,132.97999572753906,132.97999572753906
21-04-2022,130.08999633789062,134.72999572753906,559600,135.27999877929688,131.2899932861328,131.2899932861328
22-04-2022,125.62000274658205,131.66000366210938,309200,133.32000732421875,125.6999969482422,125.6999969482422
25-04-2022,124.20999908447266,124.55999755859376,367200,127.18000030517578,127.1500015258789,127.1500015258789
26-04-2022,121.97000122070312,126.94000244140624,387200,127.05999755859376,122.3499984741211,122.3499984741211
27-04-2022,121.1999969482422,122.55999755859376,320000,123.77999877929688,121.8499984741211,121.8499984741211
28-04-2022,119.48999786376952,122.5999984741211,490000,123.56999969482422,120.45999908447266,120.45999908447266
29-04-2022,114.13999938964844,120.25,503400,120.95999908447266,114.23999786376952,114.23999786376952
02-05-2022,110.73999786376952,114.63999938964844,488700,115.45999908447266,112.08000183105467,112.08000183105467
03-05-2022,107.37000274658205,112.16000366210938,817900,112.16000366210938,109.0999984741211,109.0999984741211
04-05-2022,95.6500015258789,105.81999969482422,1346500,105.94000244140624,100.73999786376952,100.73999786376952
05-05-2022,91.66000366210938,99.0199966430664,942400,100.11000061035156,91.94000244140624,91.94000244140624
06-05-2022,85.58000183105469,92.1500015258789,701700,92.1500015258789,86.20999908447266,86.20999908447266
09-05-2022,79.31999969482422,85.2300033569336,907400,86.12999725341797,79.76000213623047,79.76000213623047
10-05-2022,78.98999786376953,81.19999694824219,1263900,83.13999938964844,80.31999969482422,80.31999969482422
11-05-2022,78.1500015258789,81.06999969482422,880700,83.30999755859375,78.29000091552734,78.29000091552734
12-05-2022,76.20999908447266,78.0,786200,80.5999984741211,79.05999755859375,79.05999755859375
13-05-2022,79.3499984741211,80.0,643200,82.79000091552734,82.61000061035156,82.61000061035156
16-05-2022,78.70999908447266,82.30000305175781,442400,82.6500015258789,79.05000305175781,79.05000305175781
17-05-2022,78.9800033569336,79.79000091552734,412300,81.30999755859375,81.29000091552734,81.29000091552734
18-05-2022,80.41999816894531,80.41999816894531,855400,83.36000061035156,81.3499984741211,81.3499984741211
19-05-2022,81.19000244140625,81.19000244140625,612600,84.52999877929688,84.0999984741211,84.0999984741211
20-05-2022,82.37000274658203,84.81999969482422,643600,86.05000305175781,84.7300033569336,84.7300033569336
23-05-2022,83.01000213623047,85.3499984741211,667500,87.98999786376953,87.94000244140625,87.94000244140625
24-05-2022,85.12999725341797,87.37999725341797,659600,89.41999816894531,86.1500015258789,86.1500015258789
25-05-2022,84.7300033569336,85.38999938964844,508600,89.37999725341797,86.19999694824219,86.19999694824219
26-05-2022,86.62999725341797,86.62999725341797,716100,89.69999694824219,88.0,88.0
27-05-2022,88.4000015258789,88.4000015258789,417300,90.9499969482422,90.91999816894533,90.91999816894533
31-05-2022,88.9800033569336,90.88999938964844,585800,91.9000015258789,90.5500030517578,90.5500030517578
01-06-2022,88.43000030517578,90.73999786376952,429800,91.18000030517578,88.63999938964844,88.63999938964844
02-06-2022,88.70999908447266,88.70999908447266,336000,90.70999908447266,90.47000122070312,90.47000122070312
03-06-2022,87.86000061035156,89.4000015258789,267700,89.81999969482422,88.68000030517578,88.68000030517578
06-06-2022,86.36000061035156,88.27999877929688,348800,88.69999694824219,86.63999938964844,86.63999938964844
07-06-2022,85.12000274658203,85.80000305175781,478300,88.77999877929688,88.19999694824219,88.19999694824219
08-06-2022,86.3499984741211,88.18000030517578,282100,88.7300033569336,86.73999786376953,86.73999786376953
09-06-2022,82.37999725341797,86.33000183105469,326200,86.33000183105469,82.44000244140625,82.44000244140625
10-06-2022,80.01000213623047,80.72000122070312,284500,81.62000274658203,81.26000213623047,81.26000213623047
13-06-2022,76.54000091552734,79.5199966430664,504300,79.8499984741211,77.37999725341797,77.37999725341797
14-06-2022,75.44999694824219,77.91999816894531,513100,78.66999816894531,77.44999694824219,77.44999694824219
15-06-2022,75.94999694824219,78.0199966430664,270600,79.12000274658203,77.5999984741211,77.5999984741211
16-06-2022,71.37999725341797,75.83999633789062,539600,75.83999633789062,72.2699966430664,72.2699966430664
17-06-2022,72.04000091552734,72.93000030517578,984900,74.36000061035156,74.30999755859375,74.30999755859375
21-06-2022,72.5,75.33999633789062,823700,76.08000183105469,74.56999969482422,74.56999969482422
22-06-2022,73.26000213623047,73.93000030517578,619100,77.33000183105469,77.01000213623047,77.01000213623047
23-06-2022,77.88999938964844,78.0,685700,81.02999877929688,80.41000366210938,80.41000366210938
24-06-2022,80.72000122070312,81.6500015258789,1135600,84.2300033569336,84.02999877929688,84.02999877929688
27-06-2022,82.6500015258789,83.6500015258789,521000,84.58999633789062,83.51000213623047,83.51000213623047
28-06-2022,83.0199966430664,84.45999908447266,611700,87.27999877929688,83.48999786376953,83.48999786376953
29-06-2022,82.98999786376953,83.5,522500,86.72000122070312,84.66999816894531,84.66999816894531
30-06-2022,82.9000015258789,83.91000366210938,560900,86.11000061035156,84.5199966430664,84.5199966430664
01-07-2022,84.18000030517578,84.44000244140625,452400,88.7699966430664,88.75,88.75
05-07-2022,87.0999984741211,87.58000183105469,480600,89.68000030517578,89.58999633789062,89.58999633789062
06-07-2022,86.51000213623047,89.88999938964844,590000,90.63999938964844,87.0,87.0
07-07-2022,85.7300033569336,87.12999725341797,401300,88.27999877929688,86.26000213623047,86.26000213623047
08-07-2022,85.41000366210938,85.41000366210938,344000,87.05000305175781,85.88999938964844,85.88999938964844
11-07-2022,83.62999725341797,85.08999633789062,415900,86.1500015258789,83.95999908447266,83.95999908447266
12-07-2022,83.93000030517578,84.75,401300,85.86000061035156,84.37000274658203,84.37000274658203
13-07-2022,81.68000030517578,82.62000274658203,451400,85.0999984741211,84.27999877929688,84.27999877929688
14-07-2022,82.47000122070312,83.55000305175781,684100,84.25,82.83999633789062,82.83999633789062
15-07-2022,83.33000183105469,84.38999938964844,650100,86.33999633789062,85.5,85.5
18-07-2022,84.80000305175781,85.94000244140625,567000,87.31999969482422,85.12000274658203,85.12000274658203
19-07-2022,85.38999938964844,86.02999877929688,772000,89.05000305175781,88.80999755859375,88.80999755859375
20-07-2022,87.4000015258789,88.19999694824219,343600,90.80999755859376,90.25,90.25
21-07-2022,89.05000305175781,89.73999786376953,589500,91.31999969482422,90.62999725341795,90.62999725341795
22-07-2022,89.75,90.66999816894533,472800,92.30999755859376,90.4800033569336,90.4800033569336
25-07-2022,89.33000183105469,90.62999725341795,488900,90.81999969482422,90.31999969482422,90.31999969482422
26-07-2022,88.8499984741211,90.06999969482422,584200,91.20999908447266,90.9499969482422,90.9499969482422
27-07-2022,90.5199966430664,91.7699966430664,381000,92.94000244140624,92.79000091552734,92.79000091552734
28-07-2022,92.3499984741211,93.37000274658205,338200,94.80999755859376,94.05999755859376,94.05999755859376
29-07-2022,92.68000030517578,94.0500030517578,473300,94.7699966430664,93.66999816894533,93.66999816894533
01-08-2022,91.22000122070312,92.70999908447266,623900,94.3000030517578,93.79000091552734,93.79000091552734
02-08-2022,93.31999969482422,93.48999786376952,570300,94.87000274658205,94.51000213623048,94.51000213623048
03-08-2022,80.7699966430664,89.76000213623047,1390800,89.76000213623047,82.41999816894531,82.41999816894531
04-08-2022,79.47000122070312,82.69999694824219,657100,84.37999725341797,79.7699966430664,79.7699966430664
05-08-2022,78.37999725341797,79.87000274658203,546100,81.13999938964844,78.51000213623047,78.51000213623047
08-08-2022,78.9800033569336,78.9800033569336,660400,81.05000305175781,79.97000122070312,79.97000122070312
09-08-2022,76.3499984741211,80.4800033569336,469500,81.79000091552734,76.41999816894531,76.41999816894531
10-08-2022,76.9000015258789,77.36000061035156,438000,78.16000366210938,77.70999908447266,77.70999908447266
11-08-2022,75.98999786376953,77.77999877929688,428600,78.41999816894531,76.91000366210938,76.91000366210938
12-08-2022,77.06999969482422,77.87000274658203,321800,78.3499984741211,78.0199966430664,78.0199966430664
15-08-2022,77.30000305175781,77.4000015258789,327300,79.83999633789062,78.95999908447266,78.95999908447266
16-08-2022,78.05000305175781,78.66999816894531,277400,79.6500015258789,79.16999816894531,79.16999816894531
17-08-2022,76.02999877929688,78.45999908447266,471100,79.0999984741211,76.08999633789062,76.08999633789062
18-08-2022,74.7699966430664,76.11000061035156,348300,76.1500015258789,76.12000274658203,76.12000274658203
19-08-2022,73.25,75.83999633789062,338400,75.83999633789062,73.26000213623047,73.26000213623047
22-08-2022,72.08999633789062,72.5999984741211,539000,73.7699966430664,73.45999908447266,73.45999908447266
23-08-2022,71.94000244140625,73.08000183105469,556200,74.08999633789062,72.37000274658203,72.37000274658203
24-08-2022,71.63999938964844,71.79000091552734,431000,73.62999725341797,73.36000061035156,73.36000061035156
25-08-2022,72.87999725341797,73.72000122070312,364000,73.91000366210938,73.87999725341797,73.87999725341797
26-08-2022,70.98999786376953,74.25,334700,74.25,70.98999786376953,70.98999786376953
29-08-2022,69.5,70.38999938964844,273900,71.01000213623047,69.5,69.5
30-08-2022,68.55000305175781,69.87999725341797,301800,69.87999725341797,68.8499984741211,68.8499984741211
31-08-2022,67.73999786376953,69.23999786376953,317200,69.54000091552734,68.19999694824219,68.19999694824219
01-09-2022,66.48999786376953,67.69000244140625,389000,67.95999908447266,67.2300033569336,67.2300033569336
02-09-2022,65.87000274658203,67.9000015258789,385900,68.18000030517578,65.9000015258789,65.9000015258789
06-09-2022,65.38999938964844,66.0999984741211,370100,66.9800033569336,66.23999786376953,66.23999786376953
07-09-2022,66.22000122070312,66.26000213623047,435800,68.0199966430664,68.0199966430664,68.0199966430664
08-09-2022,67.2300033569336,67.51000213623047,244800,68.63999938964844,68.45999908447266,68.45999908447266
09-09-2022,68.08999633789062,68.80999755859375,494000,70.51000213623047,70.26000213623047,70.26000213623047
12-09-2022,70.58000183105469,71.04000091552734,441100,72.19000244140625,70.9000015258789,70.9000015258789
13-09-2022,67.47000122070312,69.25,291900,71.04000091552734,67.56999969482422,67.56999969482422
14-09-2022,65.13999938964844,67.20999908447266,366400,67.27999877929688,66.16000366210938,66.16000366210938
15-09-2022,64.95999908447266,65.94000244140625,451500,67.22000122070312,65.0,65.0
16-09-2022,62.41999816894531,64.41000366210938,1025100,64.5,63.2400016784668,63.2400016784668
19-09-2022,62.59999847412109,62.59999847412109,478800,63.5,63.060001373291016,63.060001373291016
20-09-2022,61.47999954223633,62.68000030517578,632500,63.040000915527344,63.0,63.0
21-09-2022,60.93999862670898,63.20000076293945,594900,63.22999954223633,61.25,61.25
22-09-2022,58.54999923706055,60.93999862670898,601700,60.93999862670898,58.81999969482422,58.81999969482422
23-09-2022,57.58000183105469,58.290000915527344,532100,58.869998931884766,58.40999984741211,58.40999984741211
26-09-2022,56.810001373291016,58.41999816894531,493900,59.060001373291016,57.34000015258789,57.34000015258789
27-09-2022,56.150001525878906,57.33000183105469,677800,58.310001373291016,56.9900016784668,56.9900016784668
28-09-2022,56.9900016784668,57.34999847412109,553700,59.4900016784668,59.130001068115234,59.130001068115234
29-09-2022,56.77000045776367,57.91999816894531,405200,58.869998931884766,58.33000183105469,58.33000183105469
30-09-2022,57.56999969482422,58.209999084472656,519600,59.2400016784668,57.650001525878906,57.650001525878906
03-10-2022,57.02000045776367,58.4900016784668,482300,59.04999923706055,58.5,58.5
04-10-2022,59.04999923706055,59.52000045776367,490600,61.119998931884766,60.52999877929688,60.52999877929688
05-10-2022,58.31999969482422,59.77999877929688,357400,60.15999984741211,59.27000045776367,59.27000045776367
06-10-2022,58.310001373291016,58.959999084472656,307200,59.81999969482422,58.61000061035156,58.61000061035156
07-10-2022,56.45000076293945,57.86000061035156,422700,58.209999084472656,56.58000183105469,56.58000183105469
10-10-2022,55.54999923706055,56.630001068115234,363400,56.77999877929688,55.75,55.75
11-10-2022,54.18999862670898,55.650001525878906,443900,56.72999954223633,55.93000030517578,55.93000030517578
12-10-2022,55.27999877929688,56.130001068115234,557300,58.52000045776367,58.36000061035156,58.36000061035156
13-10-2022,56.22999954223633,57.22999954223633,531800,59.54999923706055,58.709999084472656,58.709999084472656
14-10-2022,57.68000030517578,59.52000045776367,330000,59.790000915527344,58.0099983215332,58.0099983215332
17-10-2022,59.11000061035156,59.52000045776367,528800,60.369998931884766,59.47999954223633,59.47999954223633
18-10-2022,58.86000061035156,60.54999923706055,487900,61.06999969482422,59.0099983215332,59.0099983215332
19-10-2022,58.18000030517578,58.72999954223633,388000,59.560001373291016,58.34999847412109,58.34999847412109
20-10-2022,58.2400016784668,58.58000183105469,726700,60.220001220703125,59.47999954223633,59.47999954223633
21-10-2022,58.43000030517578,59.4900016784668,568100,59.86000061035156,59.2400016784668,59.2400016784668
24-10-2022,58.59999847412109,59.08000183105469,488400,60.0,59.630001068115234,59.630001068115234
25-10-2022,60.09000015258789,60.09000015258789,616500,64.08000183105469,64.05000305175781,64.05000305175781
26-10-2022,63.63999938964844,64.16999816894531,491100,65.76000213623047,64.04000091552734,64.04000091552734
27-10-2022,63.27000045776367,64.41999816894531,342900,65.47000122070312,63.52000045776367,63.52000045776367
28-10-2022,63.15999984741211,63.459999084472656,381300,64.45999908447266,64.38999938964844,64.38999938964844
31-10-2022,63.470001220703125,63.470001220703125,390600,65.3499984741211,65.31999969482422,65.31999969482422
01-11-2022,64.79000091552734,66.79000091552734,485400,66.80000305175781,65.38999938964844,65.38999938964844
02-11-2022,60.52999877929688,63.27000045776367,1311100,68.22000122070312,66.06999969482422,66.06999969482422
03-11-2022,63.2400016784668,64.63999938964844,651400,65.19999694824219,64.37000274658203,64.37000274658203
04-11-2022,62.27000045776367,65.0999984741211,551300,65.55999755859375,65.45999908447266,65.45999908447266
07-11-2022,65.45999908447266,66.0199966430664,622800,69.08999633789062,68.41000366210938,68.41000366210938
08-11-2022,67.88999938964844,68.3499984741211,548900,70.56999969482422,69.0199966430664,69.0199966430664
09-11-2022,66.43000030517578,67.83000183105469,629000,68.41999816894531,68.11000061035156,68.11000061035156
10-11-2022,71.30999755859375,71.48999786376953,639700,75.0199966430664,74.7300033569336,74.7300033569336
11-11-2022,74.77999877929688,75.38999938964844,479200,76.5,76.02999877929688,76.02999877929688
14-11-2022,74.06999969482422,75.30000305175781,555400,76.86000061035156,74.33999633789062,74.33999633789062
15-11-2022,74.72000122070312,75.7300033569336,522700,76.83000183105469,75.5199966430664,75.5199966430664
16-11-2022,73.91999816894531,74.68000030517578,408900,75.81999969482422,74.23999786376953,74.23999786376953
17-11-2022,71.95999908447266,72.72000122070312,388800,74.12000274658203,72.3499984741211,72.3499984741211
18-11-2022,71.54000091552734,73.4800033569336,359600,73.4800033569336,72.31999969482422,72.31999969482422
21-11-2022,71.38999938964844,71.7300033569336,489200,74.08999633789062,73.91000366210938,73.91000366210938
22-11-2022,68.91999816894531,73.77999877929688,1487400,73.93000030517578,72.16000366210938,72.16000366210938
23-11-2022,71.44000244140625,72.30000305175781,442300,73.33999633789062,72.48999786376953,72.48999786376953
25-11-2022,71.93000030517578,72.25,133500,72.88999938964844,72.2300033569336,72.2300033569336
28-11-2022,70.20999908447266,71.55000305175781,519000,71.75,71.18000030517578,71.18000030517578
29-11-2022,70.33999633789062,71.16000366210938,441400,71.62999725341797,70.70999908447266,70.70999908447266
30-11-2022,70.0199966430664,70.94999694824219,443100,74.20999908447266,74.19999694824219,74.19999694824219
01-12-2022,73.69999694824219,74.55999755859375,361100,76.04000091552734,74.83999633789062,74.83999633789062
02-12-2022,70.12000274658203,72.5999984741211,332400,73.19000244140625,70.16000366210938,70.16000366210938
05-12-2022,66.19999694824219,69.37000274658203,599200,69.79000091552734,66.76000213623047,66.76000213623047
06-12-2022,66.18000030517578,67.36000061035156,396700,68.05999755859375,66.79000091552734,66.79000091552734
07-12-2022,64.51000213623047,66.43000030517578,408900,67.05000305175781,64.55999755859375,64.55999755859375
08-12-2022,64.43000030517578,64.93000030517578,341200,66.18000030517578,65.91000366210938,65.91000366210938
09-12-2022,64.81999969482422,65.48999786376953,283800,66.20999908447266,65.25,65.25
12-12-2022,63.69359970092773,65.08999633789062,71106,66.11000061035156,66.11000061035156,66.11000061035156
