Date,Low,Open,Volume,High,Close,Adjusted_Close
06-06-2002,10.963000297546388,10.963000297546388,0,10.963000297546388,10.963000297546388,6.803492069244385
07-06-2002,10.963000297546388,10.963000297546388,0,10.963000297546388,10.963000297546388,6.803492069244385
10-06-2002,10.963000297546388,10.963000297546388,0,10.963000297546388,10.963000297546388,6.803492069244385
11-06-2002,10.963000297546388,10.963000297546388,0,10.963000297546388,10.963000297546388,6.803492069244385
12-06-2002,10.963000297546388,10.963000297546388,0,10.963000297546388,10.963000297546388,6.803492069244385
13-06-2002,10.963000297546388,10.963000297546388,0,10.963000297546388,10.963000297546388,6.803492069244385
14-06-2002,10.963000297546388,10.963000297546388,0,10.963000297546388,10.963000297546388,6.803492069244385
17-06-2002,10.963000297546388,10.963000297546388,0,10.963000297546388,10.963000297546388,6.803492069244385
18-06-2002,10.963000297546388,10.963000297546388,0,10.963000297546388,10.963000297546388,6.803492069244385
19-06-2002,10.963000297546388,10.963000297546388,0,10.963000297546388,10.963000297546388,6.803492069244385
20-06-2002,10.963000297546388,10.963000297546388,0,10.963000297546388,10.963000297546388,6.803492069244385
21-06-2002,10.963000297546388,10.963000297546388,0,10.963000297546388,10.963000297546388,6.803492069244385
24-06-2002,10.963000297546388,10.963000297546388,0,10.963000297546388,10.963000297546388,6.803492069244385
25-06-2002,10.963000297546388,10.963000297546388,0,10.963000297546388,10.963000297546388,6.803492069244385
26-06-2002,10.963000297546388,10.963000297546388,0,10.963000297546388,10.963000297546388,6.803492069244385
27-06-2002,10.963000297546388,10.963000297546388,0,10.963000297546388,10.963000297546388,6.803492069244385
28-06-2002,10.963000297546388,10.963000297546388,0,10.963000297546388,10.963000297546388,6.803492069244385
01-07-2002,10.963000297546388,10.963000297546388,0,10.963000297546388,10.963000297546388,6.803492069244385
02-07-2002,10.963000297546388,10.963000297546388,0,10.963000297546388,10.963000297546388,6.803492069244385
03-07-2002,10.963000297546388,10.963000297546388,0,10.963000297546388,10.963000297546388,6.803492069244385
05-07-2002,10.963000297546388,10.963000297546388,0,10.963000297546388,10.963000297546388,6.803492069244385
08-07-2002,10.963000297546388,10.963000297546388,0,10.963000297546388,10.963000297546388,6.803492069244385
09-07-2002,10.963000297546388,10.963000297546388,0,10.963000297546388,10.963000297546388,6.803492069244385
10-07-2002,10.963000297546388,10.963000297546388,0,10.963000297546388,10.963000297546388,6.803492069244385
11-07-2002,10.963000297546388,10.963000297546388,0,10.963000297546388,10.963000297546388,6.803492069244385
12-07-2002,10.963000297546388,10.963000297546388,0,10.963000297546388,10.963000297546388,6.803492069244385
15-07-2002,10.963000297546388,10.963000297546388,0,10.963000297546388,10.963000297546388,6.803492069244385
16-07-2002,10.963000297546388,10.963000297546388,0,10.963000297546388,10.963000297546388,6.803492069244385
17-07-2002,10.963000297546388,10.963000297546388,0,10.963000297546388,10.963000297546388,6.803492069244385
18-07-2002,10.963000297546388,10.963000297546388,0,10.963000297546388,10.963000297546388,6.803492069244385
19-07-2002,10.963000297546388,10.963000297546388,0,10.963000297546388,10.963000297546388,6.803492069244385
22-07-2002,10.963000297546388,10.963000297546388,0,10.963000297546388,10.963000297546388,6.803492069244385
23-07-2002,10.963000297546388,10.963000297546388,0,10.963000297546388,10.963000297546388,6.803492069244385
24-07-2002,10.963000297546388,10.963000297546388,0,10.963000297546388,10.963000297546388,6.803492069244385
25-07-2002,10.963000297546388,10.963000297546388,0,10.963000297546388,10.963000297546388,6.803492069244385
26-07-2002,10.963000297546388,10.963000297546388,0,10.963000297546388,10.963000297546388,6.803492069244385
29-07-2002,10.963000297546388,10.963000297546388,0,10.963000297546388,10.963000297546388,6.803492069244385
30-07-2002,10.963000297546388,10.963000297546388,0,10.963000297546388,10.963000297546388,6.803492069244385
31-07-2002,10.963000297546388,10.963000297546388,0,10.963000297546388,10.963000297546388,6.803492069244385
01-08-2002,10.963000297546388,10.963000297546388,0,10.963000297546388,10.963000297546388,6.803492069244385
02-08-2002,10.963000297546388,10.963000297546388,0,10.963000297546388,10.963000297546388,6.803492069244385
05-08-2002,10.963000297546388,10.963000297546388,0,10.963000297546388,10.963000297546388,6.803492069244385
06-08-2002,10.963000297546388,10.963000297546388,0,10.963000297546388,10.963000297546388,6.803492069244385
07-08-2002,10.963000297546388,10.963000297546388,0,10.963000297546388,10.963000297546388,6.803492069244385
08-08-2002,10.963000297546388,10.963000297546388,0,10.963000297546388,10.963000297546388,6.803492069244385
09-08-2002,10.963000297546388,10.963000297546388,0,10.963000297546388,10.963000297546388,6.803492069244385
12-08-2002,10.963000297546388,10.963000297546388,0,10.963000297546388,10.963000297546388,6.803492069244385
13-08-2002,10.963000297546388,10.963000297546388,0,10.963000297546388,10.963000297546388,6.803492069244385
14-08-2002,10.963000297546388,10.963000297546388,0,10.963000297546388,10.963000297546388,6.803492069244385
15-08-2002,10.963000297546388,10.963000297546388,0,10.963000297546388,10.963000297546388,6.803492069244385
16-08-2002,10.963000297546388,10.963000297546388,0,10.963000297546388,10.963000297546388,6.803492069244385
19-08-2002,10.963000297546388,10.963000297546388,0,10.963000297546388,10.963000297546388,6.803492069244385
20-08-2002,10.963000297546388,10.963000297546388,0,10.963000297546388,10.963000297546388,6.803492069244385
21-08-2002,10.963000297546388,10.963000297546388,0,10.963000297546388,10.963000297546388,6.803492069244385
22-08-2002,10.963000297546388,10.963000297546388,0,10.963000297546388,10.963000297546388,6.803492069244385
23-08-2002,10.963000297546388,10.963000297546388,0,10.963000297546388,10.963000297546388,6.803492069244385
26-08-2002,10.963000297546388,10.963000297546388,0,10.963000297546388,10.963000297546388,6.803492069244385
27-08-2002,10.963000297546388,10.963000297546388,0,10.963000297546388,10.963000297546388,6.803492069244385
28-08-2002,10.963000297546388,10.963000297546388,0,10.963000297546388,10.963000297546388,6.803492069244385
29-08-2002,10.963000297546388,10.963000297546388,0,10.963000297546388,10.963000297546388,6.803492069244385
30-08-2002,10.963000297546388,10.963000297546388,0,10.963000297546388,10.963000297546388,6.803492069244385
03-09-2002,10.963000297546388,10.963000297546388,0,10.963000297546388,10.963000297546388,6.803492069244385
04-09-2002,10.963000297546388,10.963000297546388,0,10.963000297546388,10.963000297546388,6.803492069244385
05-09-2002,10.963000297546388,10.963000297546388,0,10.963000297546388,10.963000297546388,6.803492069244385
06-09-2002,10.963000297546388,10.963000297546388,0,10.963000297546388,10.963000297546388,6.803492069244385
09-09-2002,10.963000297546388,10.963000297546388,0,10.963000297546388,10.963000297546388,6.803492069244385
10-09-2002,10.963000297546388,10.963000297546388,0,10.963000297546388,10.963000297546388,6.803492069244385
11-09-2002,10.963000297546388,10.963000297546388,0,10.963000297546388,10.963000297546388,6.803492069244385
12-09-2002,10.963000297546388,10.963000297546388,0,10.963000297546388,10.963000297546388,6.803492069244385
13-09-2002,10.963000297546388,10.963000297546388,0,10.963000297546388,10.963000297546388,6.803492069244385
16-09-2002,10.963000297546388,10.963000297546388,0,10.963000297546388,10.963000297546388,6.803492069244385
17-09-2002,10.963000297546388,10.963000297546388,0,10.963000297546388,10.963000297546388,6.803492069244385
18-09-2002,10.963000297546388,10.963000297546388,0,10.963000297546388,10.963000297546388,6.803492069244385
19-09-2002,10.963000297546388,10.963000297546388,0,10.963000297546388,10.963000297546388,6.803492069244385
20-09-2002,10.963000297546388,10.963000297546388,0,10.963000297546388,10.963000297546388,6.803492069244385
23-09-2002,10.963000297546388,10.963000297546388,0,10.963000297546388,10.963000297546388,6.803492069244385
24-09-2002,10.963000297546388,10.963000297546388,0,10.963000297546388,10.963000297546388,6.803492069244385
25-09-2002,10.963000297546388,10.963000297546388,0,10.963000297546388,10.963000297546388,6.803492069244385
26-09-2002,10.963000297546388,10.963000297546388,0,10.963000297546388,10.963000297546388,6.803492069244385
27-09-2002,10.963000297546388,10.963000297546388,0,10.963000297546388,10.963000297546388,6.803492069244385
30-09-2002,10.963000297546388,10.963000297546388,0,10.963000297546388,10.963000297546388,6.803492069244385
01-10-2002,10.963000297546388,10.963000297546388,0,10.963000297546388,10.963000297546388,6.803492069244385
02-10-2002,10.963000297546388,10.963000297546388,0,10.963000297546388,10.963000297546388,6.803492069244385
03-10-2002,10.963000297546388,10.963000297546388,0,10.963000297546388,10.963000297546388,6.803492069244385
04-10-2002,10.963000297546388,10.963000297546388,0,10.963000297546388,10.963000297546388,6.803492069244385
07-10-2002,10.963000297546388,10.963000297546388,0,10.963000297546388,10.963000297546388,6.803492069244385
08-10-2002,10.963000297546388,10.963000297546388,0,10.963000297546388,10.963000297546388,6.803492069244385
09-10-2002,10.963000297546388,10.963000297546388,0,10.963000297546388,10.963000297546388,6.803492069244385
10-10-2002,10.963000297546388,10.963000297546388,0,10.963000297546388,10.963000297546388,6.803492069244385
11-10-2002,10.963000297546388,10.963000297546388,0,10.963000297546388,10.963000297546388,6.803492069244385
14-10-2002,10.963000297546388,10.963000297546388,0,10.963000297546388,10.963000297546388,6.803492069244385
15-10-2002,10.963000297546388,10.963000297546388,0,10.963000297546388,10.963000297546388,6.803492069244385
16-10-2002,10.963000297546388,10.963000297546388,0,10.963000297546388,10.963000297546388,6.803492069244385
17-10-2002,10.963000297546388,10.963000297546388,0,10.963000297546388,10.963000297546388,6.803492069244385
18-10-2002,10.963000297546388,10.963000297546388,0,10.963000297546388,10.963000297546388,6.803492069244385
21-10-2002,10.963000297546388,10.963000297546388,0,10.963000297546388,10.963000297546388,6.803492069244385
22-10-2002,10.963000297546388,10.963000297546388,0,10.963000297546388,10.963000297546388,6.803492069244385
23-10-2002,10.963000297546388,10.963000297546388,0,10.963000297546388,10.963000297546388,6.803492069244385
24-10-2002,10.963000297546388,10.963000297546388,0,10.963000297546388,10.963000297546388,6.803492069244385
25-10-2002,10.963000297546388,10.963000297546388,0,10.963000297546388,10.963000297546388,6.803492069244385
28-10-2002,10.963000297546388,10.963000297546388,0,10.963000297546388,10.963000297546388,6.803492069244385
29-10-2002,10.963000297546388,10.963000297546388,0,10.963000297546388,10.963000297546388,6.803492069244385
30-10-2002,10.963000297546388,10.963000297546388,0,10.963000297546388,10.963000297546388,6.803492069244385
31-10-2002,10.963000297546388,10.963000297546388,0,10.963000297546388,10.963000297546388,6.803492069244385
01-11-2002,10.963000297546388,10.963000297546388,0,10.963000297546388,10.963000297546388,6.803492069244385
04-11-2002,10.963000297546388,10.963000297546388,0,10.963000297546388,10.963000297546388,6.803492069244385
05-11-2002,10.963000297546388,10.963000297546388,0,10.963000297546388,10.963000297546388,6.803492069244385
06-11-2002,10.963000297546388,10.963000297546388,0,10.963000297546388,10.963000297546388,6.803492069244385
07-11-2002,10.963000297546388,10.963000297546388,0,10.963000297546388,10.963000297546388,6.803492069244385
08-11-2002,10.963000297546388,10.963000297546388,0,10.963000297546388,10.963000297546388,6.803492069244385
11-11-2002,10.963000297546388,10.963000297546388,0,10.963000297546388,10.963000297546388,6.803492069244385
12-11-2002,10.963000297546388,10.963000297546388,0,10.963000297546388,10.963000297546388,6.803492069244385
13-11-2002,10.963000297546388,10.963000297546388,0,10.963000297546388,10.963000297546388,6.803492069244385
14-11-2002,10.963000297546388,10.963000297546388,0,10.963000297546388,10.963000297546388,6.803492069244385
15-11-2002,10.963000297546388,10.963000297546388,0,10.963000297546388,10.963000297546388,6.803492069244385
18-11-2002,10.963000297546388,10.963000297546388,0,10.963000297546388,10.963000297546388,6.803492069244385
19-11-2002,10.963000297546388,10.963000297546388,0,10.963000297546388,10.963000297546388,6.803492069244385
20-11-2002,10.963000297546388,10.963000297546388,0,10.963000297546388,10.963000297546388,6.803492069244385
21-11-2002,10.963000297546388,10.963000297546388,0,10.963000297546388,10.963000297546388,6.803492069244385
22-11-2002,10.963000297546388,10.963000297546388,0,10.963000297546388,10.963000297546388,6.803492069244385
25-11-2002,10.963000297546388,10.963000297546388,0,10.963000297546388,10.963000297546388,6.803492069244385
26-11-2002,10.963000297546388,10.963000297546388,0,10.963000297546388,10.963000297546388,6.803492069244385
27-11-2002,10.963000297546388,10.963000297546388,0,10.963000297546388,10.963000297546388,6.803492069244385
29-11-2002,10.963000297546388,10.963000297546388,0,10.963000297546388,10.963000297546388,6.803492069244385
02-12-2002,10.963000297546388,10.963000297546388,0,10.963000297546388,10.963000297546388,6.803492069244385
03-12-2002,10.963000297546388,10.963000297546388,0,10.963000297546388,10.963000297546388,6.803492069244385
04-12-2002,10.963000297546388,10.963000297546388,0,10.963000297546388,10.963000297546388,6.803492069244385
05-12-2002,10.963000297546388,10.963000297546388,0,10.963000297546388,10.963000297546388,6.803492069244385
06-12-2002,10.963000297546388,10.963000297546388,0,10.963000297546388,10.963000297546388,6.803492069244385
09-12-2002,10.963000297546388,10.963000297546388,0,10.963000297546388,10.963000297546388,6.803492069244385
10-12-2002,10.963000297546388,10.963000297546388,0,10.963000297546388,10.963000297546388,6.803492069244385
11-12-2002,10.963000297546388,10.963000297546388,0,10.963000297546388,10.963000297546388,6.803492069244385
12-12-2002,10.963000297546388,10.963000297546388,0,10.963000297546388,10.963000297546388,6.803492069244385
13-12-2002,10.963000297546388,10.963000297546388,0,10.963000297546388,10.963000297546388,6.803492069244385
16-12-2002,10.963000297546388,10.963000297546388,0,10.963000297546388,10.963000297546388,6.803492069244385
17-12-2002,10.963000297546388,10.963000297546388,0,10.963000297546388,10.963000297546388,6.803492069244385
18-12-2002,10.963000297546388,10.963000297546388,0,10.963000297546388,10.963000297546388,6.803492069244385
19-12-2002,10.963000297546388,10.963000297546388,0,10.963000297546388,10.963000297546388,6.803492069244385
20-12-2002,10.963000297546388,10.963000297546388,0,10.963000297546388,10.963000297546388,6.803492069244385
23-12-2002,10.963000297546388,10.963000297546388,0,10.963000297546388,10.963000297546388,6.803492069244385
24-12-2002,10.963000297546388,10.963000297546388,0,10.963000297546388,10.963000297546388,6.803492069244385
26-12-2002,10.963000297546388,10.963000297546388,0,10.963000297546388,10.963000297546388,6.803492069244385
27-12-2002,10.963000297546388,10.963000297546388,0,10.963000297546388,10.963000297546388,6.803492069244385
30-12-2002,10.963000297546388,10.963000297546388,0,10.963000297546388,10.963000297546388,6.803492069244385
31-12-2002,10.963000297546388,10.963000297546388,0,10.963000297546388,10.963000297546388,6.803492069244385
02-01-2003,10.963000297546388,10.963000297546388,0,10.963000297546388,10.963000297546388,6.803492069244385
03-01-2003,10.963000297546388,10.963000297546388,0,10.963000297546388,10.963000297546388,6.803492069244385
06-01-2003,10.963000297546388,10.963000297546388,0,10.963000297546388,10.963000297546388,6.803492069244385
07-01-2003,10.963000297546388,10.963000297546388,0,10.963000297546388,10.963000297546388,6.803492069244385
08-01-2003,10.963000297546388,10.963000297546388,0,10.963000297546388,10.963000297546388,6.803492069244385
09-01-2003,10.963000297546388,10.963000297546388,0,10.963000297546388,10.963000297546388,6.803492069244385
10-01-2003,10.963000297546388,10.963000297546388,0,10.963000297546388,10.963000297546388,6.803492069244385
13-01-2003,10.963000297546388,10.963000297546388,0,10.963000297546388,10.963000297546388,6.803492069244385
14-01-2003,10.963000297546388,10.963000297546388,0,10.963000297546388,10.963000297546388,6.803492069244385
15-01-2003,10.963000297546388,10.963000297546388,0,10.963000297546388,10.963000297546388,6.803492069244385
16-01-2003,10.963000297546388,10.963000297546388,0,10.963000297546388,10.963000297546388,6.803492069244385
17-01-2003,10.963000297546388,10.963000297546388,0,10.963000297546388,10.963000297546388,6.803492069244385
21-01-2003,10.963000297546388,10.963000297546388,0,10.963000297546388,10.963000297546388,6.803492069244385
22-01-2003,10.963000297546388,10.963000297546388,0,10.963000297546388,10.963000297546388,6.803492069244385
23-01-2003,10.963000297546388,10.963000297546388,0,10.963000297546388,10.963000297546388,6.803492069244385
24-01-2003,10.963000297546388,10.963000297546388,0,10.963000297546388,10.963000297546388,6.803492069244385
27-01-2003,10.963000297546388,10.963000297546388,0,10.963000297546388,10.963000297546388,6.803492069244385
28-01-2003,10.963000297546388,10.963000297546388,0,10.963000297546388,10.963000297546388,6.803492069244385
29-01-2003,10.963000297546388,10.963000297546388,0,10.963000297546388,10.963000297546388,6.803492069244385
30-01-2003,10.963000297546388,10.963000297546388,0,10.963000297546388,10.963000297546388,6.803492069244385
31-01-2003,10.963000297546388,10.963000297546388,0,10.963000297546388,10.963000297546388,6.803492069244385
03-02-2003,10.963000297546388,10.963000297546388,0,10.963000297546388,10.963000297546388,6.803492069244385
04-02-2003,10.963000297546388,10.963000297546388,0,10.963000297546388,10.963000297546388,6.803492069244385
05-02-2003,10.963000297546388,10.963000297546388,0,10.963000297546388,10.963000297546388,6.803492069244385
06-02-2003,10.963000297546388,10.963000297546388,0,10.963000297546388,10.963000297546388,6.803492069244385
07-02-2003,10.963000297546388,10.963000297546388,0,10.963000297546388,10.963000297546388,6.803492069244385
10-02-2003,10.963000297546388,10.963000297546388,0,10.963000297546388,10.963000297546388,6.803492069244385
11-02-2003,10.963000297546388,10.963000297546388,0,10.963000297546388,10.963000297546388,6.803492069244385
12-02-2003,10.963000297546388,10.963000297546388,0,10.963000297546388,10.963000297546388,6.803492069244385
13-02-2003,10.963000297546388,10.963000297546388,0,10.963000297546388,10.963000297546388,6.803492069244385
14-02-2003,10.963000297546388,10.963000297546388,0,10.963000297546388,10.963000297546388,6.803492069244385
18-02-2003,10.963000297546388,10.963000297546388,0,10.963000297546388,10.963000297546388,6.803492069244385
19-02-2003,10.963000297546388,10.963000297546388,0,10.963000297546388,10.963000297546388,6.803492069244385
20-02-2003,10.963000297546388,10.963000297546388,0,10.963000297546388,10.963000297546388,6.803492069244385
21-02-2003,10.963000297546388,10.963000297546388,0,10.963000297546388,10.963000297546388,6.803492069244385
24-02-2003,10.963000297546388,10.963000297546388,0,10.963000297546388,10.963000297546388,6.803492069244385
25-02-2003,10.963000297546388,10.963000297546388,0,10.963000297546388,10.963000297546388,6.803492069244385
26-02-2003,10.963000297546388,10.963000297546388,0,10.963000297546388,10.963000297546388,6.803492069244385
27-02-2003,10.963000297546388,10.963000297546388,0,10.963000297546388,10.963000297546388,6.803492069244385
28-02-2003,10.963000297546388,10.963000297546388,0,10.963000297546388,10.963000297546388,6.803492069244385
03-03-2003,10.963000297546388,10.963000297546388,0,10.963000297546388,10.963000297546388,6.803492069244385
04-03-2003,10.963000297546388,10.963000297546388,0,10.963000297546388,10.963000297546388,6.803492069244385
05-03-2003,10.963000297546388,10.963000297546388,0,10.963000297546388,10.963000297546388,6.803492069244385
06-03-2003,10.963000297546388,10.963000297546388,0,10.963000297546388,10.963000297546388,6.803492069244385
07-03-2003,10.963000297546388,10.963000297546388,0,10.963000297546388,10.963000297546388,6.803492069244385
10-03-2003,10.963000297546388,10.963000297546388,0,10.963000297546388,10.963000297546388,6.803492069244385
11-03-2003,10.963000297546388,10.963000297546388,0,10.963000297546388,10.963000297546388,6.803492069244385
12-03-2003,10.963000297546388,10.963000297546388,0,10.963000297546388,10.963000297546388,6.803492069244385
13-03-2003,10.963000297546388,10.963000297546388,0,10.963000297546388,10.963000297546388,6.803492069244385
14-03-2003,10.963000297546388,10.963000297546388,0,10.963000297546388,10.963000297546388,6.803492069244385
17-03-2003,10.963000297546388,10.963000297546388,0,10.963000297546388,10.963000297546388,6.803492069244385
18-03-2003,10.963000297546388,10.963000297546388,0,10.963000297546388,10.963000297546388,6.803492069244385
19-03-2003,10.963000297546388,10.963000297546388,0,10.963000297546388,10.963000297546388,6.803492069244385
20-03-2003,10.963000297546388,10.963000297546388,0,10.963000297546388,10.963000297546388,6.803492069244385
21-03-2003,10.963000297546388,10.963000297546388,0,10.963000297546388,10.963000297546388,6.803492069244385
24-03-2003,10.963000297546388,10.963000297546388,0,10.963000297546388,10.963000297546388,6.803492069244385
25-03-2003,10.963000297546388,10.963000297546388,0,10.963000297546388,10.963000297546388,6.803492069244385
26-03-2003,10.963000297546388,10.963000297546388,0,10.963000297546388,10.963000297546388,6.803492069244385
27-03-2003,10.963000297546388,10.963000297546388,0,10.963000297546388,10.963000297546388,6.803492069244385
28-03-2003,10.963000297546388,10.963000297546388,0,10.963000297546388,10.963000297546388,6.803492069244385
31-03-2003,10.963000297546388,10.963000297546388,0,10.963000297546388,10.963000297546388,6.803492069244385
01-04-2003,10.963000297546388,10.963000297546388,0,10.963000297546388,10.963000297546388,6.803492069244385
02-04-2003,10.963000297546388,10.963000297546388,0,10.963000297546388,10.963000297546388,6.803492069244385
03-04-2003,10.963000297546388,10.963000297546388,0,10.963000297546388,10.963000297546388,6.803492069244385
04-04-2003,10.963000297546388,10.963000297546388,0,10.963000297546388,10.963000297546388,6.803492069244385
07-04-2003,10.963000297546388,10.963000297546388,0,10.963000297546388,10.963000297546388,6.803492069244385
08-04-2003,10.963000297546388,10.963000297546388,0,10.963000297546388,10.963000297546388,6.803492069244385
09-04-2003,10.963000297546388,10.963000297546388,0,10.963000297546388,10.963000297546388,6.803492069244385
10-04-2003,10.963000297546388,10.963000297546388,0,10.963000297546388,10.963000297546388,6.803492069244385
11-04-2003,10.963000297546388,10.963000297546388,0,10.963000297546388,10.963000297546388,6.803492069244385
14-04-2003,10.963000297546388,10.963000297546388,0,10.963000297546388,10.963000297546388,6.803492069244385
15-04-2003,10.963000297546388,10.963000297546388,0,10.963000297546388,10.963000297546388,6.803492069244385
16-04-2003,10.963000297546388,10.963000297546388,0,10.963000297546388,10.963000297546388,6.803492069244385
17-04-2003,10.963000297546388,10.963000297546388,0,10.963000297546388,10.963000297546388,6.803492069244385
21-04-2003,10.963000297546388,10.963000297546388,0,10.963000297546388,10.963000297546388,6.803492069244385
22-04-2003,10.963000297546388,10.963000297546388,0,10.963000297546388,10.963000297546388,6.803492069244385
23-04-2003,10.963000297546388,10.963000297546388,0,10.963000297546388,10.963000297546388,6.803492069244385
24-04-2003,10.963000297546388,10.963000297546388,0,10.963000297546388,10.963000297546388,6.803492069244385
25-04-2003,10.963000297546388,10.963000297546388,0,10.963000297546388,10.963000297546388,6.803492069244385
28-04-2003,10.963000297546388,10.963000297546388,0,10.963000297546388,10.963000297546388,6.803492069244385
29-04-2003,10.963000297546388,10.963000297546388,0,10.963000297546388,10.963000297546388,6.803492069244385
30-04-2003,10.963000297546388,10.963000297546388,0,10.963000297546388,10.963000297546388,6.803492069244385
01-05-2003,10.963000297546388,10.963000297546388,0,10.963000297546388,10.963000297546388,6.803492069244385
02-05-2003,10.963000297546388,10.963000297546388,0,10.963000297546388,10.963000297546388,6.803492069244385
05-05-2003,10.963000297546388,10.963000297546388,0,10.963000297546388,10.963000297546388,6.803492069244385
06-05-2003,10.963000297546388,10.963000297546388,0,10.963000297546388,10.963000297546388,6.803492069244385
07-05-2003,10.963000297546388,10.963000297546388,0,10.963000297546388,10.963000297546388,6.803492069244385
08-05-2003,10.963000297546388,10.963000297546388,0,10.963000297546388,10.963000297546388,6.803492069244385
09-05-2003,10.963000297546388,10.963000297546388,0,10.963000297546388,10.963000297546388,6.803492069244385
12-05-2003,10.963000297546388,10.963000297546388,0,10.963000297546388,10.963000297546388,6.803492069244385
13-05-2003,10.963000297546388,10.963000297546388,0,10.963000297546388,10.963000297546388,6.803492069244385
14-05-2003,10.963000297546388,10.963000297546388,0,10.963000297546388,10.963000297546388,6.803492069244385
15-05-2003,10.963000297546388,10.963000297546388,0,10.963000297546388,10.963000297546388,6.803492069244385
16-05-2003,10.963000297546388,10.963000297546388,0,10.963000297546388,10.963000297546388,6.803492069244385
19-05-2003,10.963000297546388,10.963000297546388,0,10.963000297546388,10.963000297546388,6.803492069244385
20-05-2003,10.963000297546388,10.963000297546388,0,10.963000297546388,10.963000297546388,6.803492069244385
21-05-2003,10.963000297546388,10.963000297546388,0,10.963000297546388,10.963000297546388,6.803492069244385
22-05-2003,10.963000297546388,10.963000297546388,0,10.963000297546388,10.963000297546388,6.803492069244385
23-05-2003,10.963000297546388,10.963000297546388,0,10.963000297546388,10.963000297546388,6.803492069244385
27-05-2003,10.963000297546388,10.963000297546388,0,10.963000297546388,10.963000297546388,6.803492069244385
28-05-2003,10.963000297546388,10.963000297546388,0,10.963000297546388,10.963000297546388,6.803492069244385
29-05-2003,10.963000297546388,10.963000297546388,0,10.963000297546388,10.963000297546388,6.803492069244385
30-05-2003,10.963000297546388,10.963000297546388,0,10.963000297546388,10.963000297546388,6.803492069244385
02-06-2003,10.963000297546388,10.963000297546388,0,10.963000297546388,10.963000297546388,6.803492069244385
03-06-2003,10.963000297546388,10.963000297546388,0,10.963000297546388,10.963000297546388,6.803492069244385
04-06-2003,10.963000297546388,10.963000297546388,0,10.963000297546388,10.963000297546388,6.803492069244385
05-06-2003,10.963000297546388,10.963000297546388,0,10.963000297546388,10.963000297546388,6.803492069244385
06-06-2003,10.963000297546388,10.963000297546388,0,10.963000297546388,10.963000297546388,6.803492069244385
09-06-2003,10.963000297546388,10.963000297546388,0,10.963000297546388,10.963000297546388,6.803492069244385
10-06-2003,10.963000297546388,10.963000297546388,0,10.963000297546388,10.963000297546388,6.803492069244385
11-06-2003,10.963000297546388,10.963000297546388,0,10.963000297546388,10.963000297546388,6.803492069244385
12-06-2003,10.963000297546388,10.963000297546388,0,10.963000297546388,10.963000297546388,6.803492069244385
13-06-2003,10.963000297546388,10.963000297546388,0,10.963000297546388,10.963000297546388,6.803492069244385
16-06-2003,10.963000297546388,10.963000297546388,0,10.963000297546388,10.963000297546388,6.803492069244385
17-06-2003,10.963000297546388,10.963000297546388,0,10.963000297546388,10.963000297546388,6.803492069244385
18-06-2003,10.963000297546388,10.963000297546388,0,10.963000297546388,10.963000297546388,6.803492069244385
19-06-2003,10.963000297546388,10.963000297546388,0,10.963000297546388,10.963000297546388,6.803492069244385
20-06-2003,10.963000297546388,10.963000297546388,0,10.963000297546388,10.963000297546388,6.803492069244385
23-06-2003,10.963000297546388,10.963000297546388,0,10.963000297546388,10.963000297546388,6.803492069244385
24-06-2003,10.963000297546388,10.963000297546388,0,10.963000297546388,10.963000297546388,6.803492069244385
25-06-2003,10.963000297546388,10.963000297546388,0,10.963000297546388,10.963000297546388,6.803492069244385
26-06-2003,10.963000297546388,10.963000297546388,0,10.963000297546388,10.963000297546388,6.803492069244385
27-06-2003,10.963000297546388,10.963000297546388,0,10.963000297546388,10.963000297546388,6.803492069244385
30-06-2003,10.963000297546388,10.963000297546388,0,10.963000297546388,10.963000297546388,6.803492069244385
01-07-2003,10.963000297546388,10.963000297546388,0,10.963000297546388,10.963000297546388,6.803492069244385
02-07-2003,10.963000297546388,10.963000297546388,0,10.963000297546388,10.963000297546388,6.803492069244385
03-07-2003,10.963000297546388,10.963000297546388,0,10.963000297546388,10.963000297546388,6.803492069244385
07-07-2003,10.963000297546388,10.963000297546388,0,10.963000297546388,10.963000297546388,6.803492069244385
08-07-2003,10.963000297546388,10.963000297546388,0,10.963000297546388,10.963000297546388,6.803492069244385
09-07-2003,10.963000297546388,10.963000297546388,0,10.963000297546388,10.963000297546388,6.803492069244385
10-07-2003,10.963000297546388,10.963000297546388,0,10.963000297546388,10.963000297546388,6.803492069244385
11-07-2003,10.963000297546388,10.963000297546388,0,10.963000297546388,10.963000297546388,6.803492069244385
14-07-2003,10.963000297546388,10.963000297546388,0,10.963000297546388,10.963000297546388,6.803492069244385
15-07-2003,10.963000297546388,10.963000297546388,0,10.963000297546388,10.963000297546388,6.803492069244385
16-07-2003,10.963000297546388,10.963000297546388,0,10.963000297546388,10.963000297546388,6.803492069244385
17-07-2003,10.963000297546388,10.963000297546388,0,10.963000297546388,10.963000297546388,6.803492069244385
18-07-2003,10.963000297546388,10.963000297546388,0,10.963000297546388,10.963000297546388,6.803492069244385
21-07-2003,10.963000297546388,10.963000297546388,0,10.963000297546388,10.963000297546388,6.803492069244385
22-07-2003,10.963000297546388,10.963000297546388,0,10.963000297546388,10.963000297546388,6.803492069244385
23-07-2003,10.963000297546388,10.963000297546388,0,10.963000297546388,10.963000297546388,6.803492069244385
24-07-2003,10.963000297546388,10.963000297546388,0,10.963000297546388,10.963000297546388,6.803492069244385
25-07-2003,10.963000297546388,10.963000297546388,0,10.963000297546388,10.963000297546388,6.803492069244385
28-07-2003,10.963000297546388,10.963000297546388,0,10.963000297546388,10.963000297546388,6.803492069244385
29-07-2003,10.963000297546388,10.963000297546388,0,10.963000297546388,10.963000297546388,6.803492069244385
30-07-2003,10.963000297546388,10.963000297546388,0,10.963000297546388,10.963000297546388,6.803492069244385
31-07-2003,12.468000411987305,12.468000411987305,0,12.468000411987305,12.468000411987305,7.737476825714111
01-08-2003,12.595000267028809,12.595000267028809,0,12.595000267028809,12.595000267028809,7.816291332244873
04-08-2003,12.595000267028809,12.595000267028809,0,12.595000267028809,12.595000267028809,7.816291332244873
05-08-2003,12.595000267028809,12.595000267028809,0,12.595000267028809,12.595000267028809,7.816291332244873
06-08-2003,12.595000267028809,12.595000267028809,0,12.595000267028809,12.595000267028809,7.816291332244873
07-08-2003,12.595000267028809,12.595000267028809,0,12.595000267028809,12.595000267028809,7.816291332244873
08-08-2003,12.595000267028809,12.595000267028809,0,12.595000267028809,12.595000267028809,7.816291332244873
11-08-2003,12.595000267028809,12.595000267028809,0,12.595000267028809,12.595000267028809,7.816291332244873
12-08-2003,12.595000267028809,12.595000267028809,0,12.595000267028809,12.595000267028809,7.816291332244873
13-08-2003,12.595000267028809,12.595000267028809,0,12.595000267028809,12.595000267028809,7.816291332244873
14-08-2003,12.595000267028809,12.595000267028809,0,12.595000267028809,12.595000267028809,7.816291332244873
15-08-2003,12.595000267028809,12.595000267028809,0,12.595000267028809,12.595000267028809,7.816291332244873
18-08-2003,12.595000267028809,12.595000267028809,0,12.595000267028809,12.595000267028809,7.816291332244873
19-08-2003,12.595000267028809,12.595000267028809,0,12.595000267028809,12.595000267028809,7.816291332244873
20-08-2003,12.595000267028809,12.595000267028809,0,12.595000267028809,12.595000267028809,7.816291332244873
21-08-2003,12.595000267028809,12.595000267028809,0,12.595000267028809,12.595000267028809,7.816291332244873
22-08-2003,12.595000267028809,12.595000267028809,0,12.595000267028809,12.595000267028809,7.816291332244873
25-08-2003,12.595000267028809,12.595000267028809,0,12.595000267028809,12.595000267028809,7.816291332244873
26-08-2003,12.595000267028809,12.595000267028809,0,12.595000267028809,12.595000267028809,7.816291332244873
27-08-2003,12.595000267028809,12.595000267028809,0,12.595000267028809,12.595000267028809,7.816291332244873
28-08-2003,12.595000267028809,12.595000267028809,0,12.595000267028809,12.595000267028809,7.816291332244873
29-08-2003,12.595000267028809,12.595000267028809,0,12.595000267028809,12.595000267028809,7.816291332244873
02-09-2003,12.595000267028809,12.595000267028809,0,12.595000267028809,12.595000267028809,7.816291332244873
03-09-2003,12.595000267028809,12.595000267028809,0,12.595000267028809,12.595000267028809,7.816291332244873
04-09-2003,12.595000267028809,12.595000267028809,0,12.595000267028809,12.595000267028809,7.816291332244873
05-09-2003,12.595000267028809,12.595000267028809,0,12.595000267028809,12.595000267028809,7.816291332244873
08-09-2003,12.595000267028809,12.595000267028809,0,12.595000267028809,12.595000267028809,7.816291332244873
09-09-2003,12.595000267028809,12.595000267028809,0,12.595000267028809,12.595000267028809,7.816291332244873
10-09-2003,12.595000267028809,12.595000267028809,0,12.595000267028809,12.595000267028809,7.816291332244873
11-09-2003,12.595000267028809,12.595000267028809,0,12.595000267028809,12.595000267028809,7.816291332244873
12-09-2003,12.595000267028809,12.595000267028809,0,12.595000267028809,12.595000267028809,7.816291332244873
15-09-2003,12.595000267028809,12.595000267028809,0,12.595000267028809,12.595000267028809,7.816291332244873
16-09-2003,12.595000267028809,12.595000267028809,0,12.595000267028809,12.595000267028809,7.816291332244873
17-09-2003,12.595000267028809,12.595000267028809,0,12.595000267028809,12.595000267028809,7.816291332244873
18-09-2003,12.595000267028809,12.595000267028809,0,12.595000267028809,12.595000267028809,7.816291332244873
19-09-2003,12.595000267028809,12.595000267028809,0,12.595000267028809,12.595000267028809,7.816291332244873
22-09-2003,12.595000267028809,12.595000267028809,0,12.595000267028809,12.595000267028809,7.816291332244873
23-09-2003,12.595000267028809,12.595000267028809,0,12.595000267028809,12.595000267028809,7.816291332244873
24-09-2003,12.595000267028809,12.595000267028809,0,12.595000267028809,12.595000267028809,7.816291332244873
25-09-2003,12.595000267028809,12.595000267028809,0,12.595000267028809,12.595000267028809,7.816291332244873
26-09-2003,12.595000267028809,12.595000267028809,0,12.595000267028809,12.595000267028809,7.816291332244873
29-09-2003,12.595000267028809,12.595000267028809,0,12.595000267028809,12.595000267028809,7.816291332244873
30-09-2003,12.595000267028809,12.595000267028809,0,12.595000267028809,12.595000267028809,7.816291332244873
01-10-2003,12.595000267028809,12.595000267028809,0,12.595000267028809,12.595000267028809,7.816291332244873
02-10-2003,12.595000267028809,12.595000267028809,0,12.595000267028809,12.595000267028809,7.816291332244873
03-10-2003,12.595000267028809,12.595000267028809,0,12.595000267028809,12.595000267028809,7.816291332244873
06-10-2003,12.595000267028809,12.595000267028809,0,12.595000267028809,12.595000267028809,7.816291332244873
07-10-2003,12.595000267028809,12.595000267028809,0,12.595000267028809,12.595000267028809,7.816291332244873
08-10-2003,12.595000267028809,12.595000267028809,0,12.595000267028809,12.595000267028809,7.816291332244873
09-10-2003,12.595000267028809,12.595000267028809,0,12.595000267028809,12.595000267028809,7.816291332244873
10-10-2003,12.595000267028809,12.595000267028809,0,12.595000267028809,12.595000267028809,7.816291332244873
13-10-2003,12.595000267028809,12.595000267028809,0,12.595000267028809,12.595000267028809,7.816291332244873
14-10-2003,12.595000267028809,12.595000267028809,0,12.595000267028809,12.595000267028809,7.816291332244873
15-10-2003,12.595000267028809,12.595000267028809,0,12.595000267028809,12.595000267028809,7.816291332244873
16-10-2003,12.595000267028809,12.595000267028809,0,12.595000267028809,12.595000267028809,7.816291332244873
17-10-2003,12.595000267028809,12.595000267028809,0,12.595000267028809,12.595000267028809,7.816291332244873
20-10-2003,12.595000267028809,12.595000267028809,0,12.595000267028809,12.595000267028809,7.816291332244873
21-10-2003,12.595000267028809,12.595000267028809,0,12.595000267028809,12.595000267028809,7.816291332244873
22-10-2003,12.595000267028809,12.595000267028809,0,12.595000267028809,12.595000267028809,7.816291332244873
23-10-2003,12.595000267028809,12.595000267028809,0,12.595000267028809,12.595000267028809,7.816291332244873
24-10-2003,12.595000267028809,12.595000267028809,0,12.595000267028809,12.595000267028809,7.816291332244873
27-10-2003,12.595000267028809,12.595000267028809,0,12.595000267028809,12.595000267028809,7.816291332244873
28-10-2003,12.595000267028809,12.595000267028809,0,12.595000267028809,12.595000267028809,7.816291332244873
29-10-2003,12.595000267028809,12.595000267028809,0,12.595000267028809,12.595000267028809,7.816291332244873
30-10-2003,12.595000267028809,12.595000267028809,0,12.595000267028809,12.595000267028809,7.816291332244873
31-10-2003,12.595000267028809,12.595000267028809,0,12.595000267028809,12.595000267028809,7.816291332244873
03-11-2003,12.595000267028809,12.595000267028809,0,12.595000267028809,12.595000267028809,7.816291332244873
04-11-2003,12.595000267028809,12.595000267028809,0,12.595000267028809,12.595000267028809,7.816291332244873
05-11-2003,12.595000267028809,12.595000267028809,0,12.595000267028809,12.595000267028809,7.816291332244873
06-11-2003,12.595000267028809,12.595000267028809,0,12.595000267028809,12.595000267028809,7.816291332244873
07-11-2003,12.595000267028809,12.595000267028809,0,12.595000267028809,12.595000267028809,7.816291332244873
10-11-2003,12.595000267028809,12.595000267028809,0,12.595000267028809,12.595000267028809,7.816291332244873
11-11-2003,12.595000267028809,12.595000267028809,0,12.595000267028809,12.595000267028809,7.816291332244873
12-11-2003,12.595000267028809,12.595000267028809,0,12.595000267028809,12.595000267028809,7.816291332244873
13-11-2003,12.595000267028809,12.595000267028809,0,12.595000267028809,12.595000267028809,7.816291332244873
14-11-2003,12.595000267028809,12.595000267028809,0,12.595000267028809,12.595000267028809,7.816291332244873
17-11-2003,12.595000267028809,12.595000267028809,0,12.595000267028809,12.595000267028809,7.816291332244873
18-11-2003,12.595000267028809,12.595000267028809,0,12.595000267028809,12.595000267028809,7.816291332244873
19-11-2003,12.595000267028809,12.595000267028809,0,12.595000267028809,12.595000267028809,7.816291332244873
20-11-2003,12.595000267028809,12.595000267028809,0,12.595000267028809,12.595000267028809,7.816291332244873
21-11-2003,12.595000267028809,12.595000267028809,0,12.595000267028809,12.595000267028809,7.816291332244873
24-11-2003,12.595000267028809,12.595000267028809,0,12.595000267028809,12.595000267028809,7.816291332244873
25-11-2003,12.595000267028809,12.595000267028809,0,12.595000267028809,12.595000267028809,7.816291332244873
26-11-2003,12.595000267028809,12.595000267028809,0,12.595000267028809,12.595000267028809,7.816291332244873
28-11-2003,12.595000267028809,12.595000267028809,0,12.595000267028809,12.595000267028809,7.816291332244873
01-12-2003,12.595000267028809,12.595000267028809,0,12.595000267028809,12.595000267028809,7.816291332244873
02-12-2003,12.595000267028809,12.595000267028809,0,12.595000267028809,12.595000267028809,7.816291332244873
03-12-2003,17.600000381469727,17.600000381469727,0,17.600000381469727,17.600000381469727,10.922327041625977
04-12-2003,17.600000381469727,17.600000381469727,0,17.600000381469727,17.600000381469727,10.922327041625977
05-12-2003,17.600000381469727,17.600000381469727,0,17.600000381469727,17.600000381469727,10.922327041625977
08-12-2003,17.600000381469727,17.600000381469727,0,17.600000381469727,17.600000381469727,10.922327041625977
09-12-2003,17.600000381469727,17.600000381469727,0,17.600000381469727,17.600000381469727,10.922327041625977
10-12-2003,17.600000381469727,17.600000381469727,0,17.600000381469727,17.600000381469727,10.922327041625977
11-12-2003,17.600000381469727,17.600000381469727,0,17.600000381469727,17.600000381469727,10.922327041625977
12-12-2003,17.600000381469727,17.600000381469727,0,17.600000381469727,17.600000381469727,10.922327041625977
15-12-2003,17.600000381469727,17.600000381469727,0,17.600000381469727,17.600000381469727,10.922327041625977
16-12-2003,17.600000381469727,17.600000381469727,0,17.600000381469727,17.600000381469727,10.922327041625977
17-12-2003,17.600000381469727,17.600000381469727,0,17.600000381469727,17.600000381469727,10.922327041625977
18-12-2003,17.600000381469727,17.600000381469727,0,17.600000381469727,17.600000381469727,10.922327041625977
19-12-2003,17.600000381469727,17.600000381469727,0,17.600000381469727,17.600000381469727,10.922327041625977
22-12-2003,17.600000381469727,17.600000381469727,0,17.600000381469727,17.600000381469727,10.922327041625977
23-12-2003,17.600000381469727,17.600000381469727,0,17.600000381469727,17.600000381469727,10.922327041625977
24-12-2003,17.600000381469727,17.600000381469727,0,17.600000381469727,17.600000381469727,10.922327041625977
26-12-2003,17.600000381469727,17.600000381469727,0,17.600000381469727,17.600000381469727,10.922327041625977
29-12-2003,17.600000381469727,17.600000381469727,0,17.600000381469727,17.600000381469727,10.922327041625977
30-12-2003,17.600000381469727,17.600000381469727,0,17.600000381469727,17.600000381469727,10.922327041625977
31-12-2003,17.600000381469727,17.600000381469727,0,17.600000381469727,17.600000381469727,10.922327041625977
02-01-2004,17.600000381469727,17.600000381469727,0,17.600000381469727,17.600000381469727,10.922327041625977
05-01-2004,17.600000381469727,17.600000381469727,0,17.600000381469727,17.600000381469727,10.922327041625977
06-01-2004,17.600000381469727,17.600000381469727,0,17.600000381469727,17.600000381469727,10.922327041625977
07-01-2004,17.600000381469727,17.600000381469727,0,17.600000381469727,17.600000381469727,10.922327041625977
08-01-2004,17.600000381469727,17.600000381469727,0,17.600000381469727,17.600000381469727,10.922327041625977
09-01-2004,17.600000381469727,17.600000381469727,0,17.600000381469727,17.600000381469727,10.922327041625977
12-01-2004,17.600000381469727,17.600000381469727,0,17.600000381469727,17.600000381469727,10.922327041625977
13-01-2004,17.600000381469727,17.600000381469727,0,17.600000381469727,17.600000381469727,10.922327041625977
14-01-2004,17.600000381469727,17.600000381469727,0,17.600000381469727,17.600000381469727,10.922327041625977
15-01-2004,17.600000381469727,17.600000381469727,0,17.600000381469727,17.600000381469727,10.922327041625977
16-01-2004,17.600000381469727,17.600000381469727,0,17.600000381469727,17.600000381469727,10.922327041625977
20-01-2004,17.600000381469727,17.600000381469727,0,17.600000381469727,17.600000381469727,10.922327041625977
21-01-2004,17.600000381469727,17.600000381469727,0,17.600000381469727,17.600000381469727,10.922327041625977
22-01-2004,17.600000381469727,17.600000381469727,0,17.600000381469727,17.600000381469727,10.922327041625977
23-01-2004,17.600000381469727,17.600000381469727,0,17.600000381469727,17.600000381469727,10.922327041625977
26-01-2004,17.600000381469727,17.600000381469727,0,17.600000381469727,17.600000381469727,10.922327041625977
27-01-2004,17.600000381469727,17.600000381469727,0,17.600000381469727,17.600000381469727,10.922327041625977
28-01-2004,17.600000381469727,17.600000381469727,0,17.600000381469727,17.600000381469727,10.922327041625977
29-01-2004,17.600000381469727,17.600000381469727,0,17.600000381469727,17.600000381469727,10.922327041625977
30-01-2004,17.600000381469727,17.600000381469727,0,17.600000381469727,17.600000381469727,10.922327041625977
02-02-2004,17.600000381469727,17.600000381469727,0,17.600000381469727,17.600000381469727,10.922327041625977
03-02-2004,17.600000381469727,17.600000381469727,0,17.600000381469727,17.600000381469727,10.922327041625977
04-02-2004,17.600000381469727,17.600000381469727,0,17.600000381469727,17.600000381469727,10.922327041625977
05-02-2004,17.600000381469727,17.600000381469727,0,17.600000381469727,17.600000381469727,10.922327041625977
06-02-2004,17.600000381469727,17.600000381469727,0,17.600000381469727,17.600000381469727,10.922327041625977
09-02-2004,17.600000381469727,17.600000381469727,0,17.600000381469727,17.600000381469727,10.922327041625977
10-02-2004,17.600000381469727,17.600000381469727,0,17.600000381469727,17.600000381469727,10.922327041625977
11-02-2004,17.600000381469727,17.600000381469727,0,17.600000381469727,17.600000381469727,10.922327041625977
12-02-2004,17.600000381469727,17.600000381469727,0,17.600000381469727,17.600000381469727,10.922327041625977
13-02-2004,17.600000381469727,17.600000381469727,0,17.600000381469727,17.600000381469727,10.922327041625977
17-02-2004,17.600000381469727,17.600000381469727,0,17.600000381469727,17.600000381469727,10.922327041625977
18-02-2004,17.600000381469727,17.600000381469727,0,17.600000381469727,17.600000381469727,10.922327041625977
19-02-2004,17.600000381469727,17.600000381469727,0,17.600000381469727,17.600000381469727,10.922327041625977
20-02-2004,17.600000381469727,17.600000381469727,0,17.600000381469727,17.600000381469727,10.922327041625977
23-02-2004,17.600000381469727,17.600000381469727,0,17.600000381469727,17.600000381469727,10.922327041625977
24-02-2004,17.600000381469727,17.600000381469727,0,17.600000381469727,17.600000381469727,10.922327041625977
25-02-2004,17.600000381469727,17.600000381469727,0,17.600000381469727,17.600000381469727,10.922327041625977
26-02-2004,17.600000381469727,17.600000381469727,0,17.600000381469727,17.600000381469727,10.922327041625977
27-02-2004,17.600000381469727,17.600000381469727,0,17.600000381469727,17.600000381469727,10.922327041625977
01-03-2004,17.600000381469727,17.600000381469727,0,17.600000381469727,17.600000381469727,10.922327041625977
02-03-2004,17.600000381469727,17.600000381469727,0,17.600000381469727,17.600000381469727,10.922327041625977
03-03-2004,17.600000381469727,17.600000381469727,0,17.600000381469727,17.600000381469727,10.922327041625977
04-03-2004,17.600000381469727,17.600000381469727,0,17.600000381469727,17.600000381469727,10.922327041625977
05-03-2004,17.600000381469727,17.600000381469727,0,17.600000381469727,17.600000381469727,10.922327041625977
08-03-2004,17.600000381469727,17.600000381469727,0,17.600000381469727,17.600000381469727,10.922327041625977
09-03-2004,17.600000381469727,17.600000381469727,0,17.600000381469727,17.600000381469727,10.922327041625977
10-03-2004,17.600000381469727,17.600000381469727,0,17.600000381469727,17.600000381469727,10.922327041625977
11-03-2004,17.600000381469727,17.600000381469727,0,17.600000381469727,17.600000381469727,10.922327041625977
12-03-2004,17.600000381469727,17.600000381469727,0,17.600000381469727,17.600000381469727,10.922327041625977
15-03-2004,17.600000381469727,17.600000381469727,0,17.600000381469727,17.600000381469727,10.922327041625977
16-03-2004,17.600000381469727,17.600000381469727,0,17.600000381469727,17.600000381469727,10.922327041625977
17-03-2004,17.600000381469727,17.600000381469727,0,17.600000381469727,17.600000381469727,10.922327041625977
18-03-2004,17.600000381469727,17.600000381469727,0,17.600000381469727,17.600000381469727,10.922327041625977
19-03-2004,17.600000381469727,17.600000381469727,0,17.600000381469727,17.600000381469727,10.922327041625977
22-03-2004,17.600000381469727,17.600000381469727,0,17.600000381469727,17.600000381469727,10.922327041625977
23-03-2004,17.600000381469727,17.600000381469727,0,17.600000381469727,17.600000381469727,10.922327041625977
24-03-2004,17.600000381469727,17.600000381469727,0,17.600000381469727,17.600000381469727,10.922327041625977
25-03-2004,17.600000381469727,17.600000381469727,0,17.600000381469727,17.600000381469727,10.922327041625977
26-03-2004,17.600000381469727,17.600000381469727,0,17.600000381469727,17.600000381469727,10.922327041625977
29-03-2004,17.600000381469727,17.600000381469727,0,17.600000381469727,17.600000381469727,10.922327041625977
30-03-2004,17.600000381469727,17.600000381469727,0,17.600000381469727,17.600000381469727,10.922327041625977
31-03-2004,17.600000381469727,17.600000381469727,0,17.600000381469727,17.600000381469727,10.922327041625977
01-04-2004,17.600000381469727,17.600000381469727,0,17.600000381469727,17.600000381469727,10.922327041625977
02-04-2004,17.600000381469727,17.600000381469727,0,17.600000381469727,17.600000381469727,10.922327041625977
05-04-2004,17.600000381469727,17.600000381469727,0,17.600000381469727,17.600000381469727,10.922327041625977
06-04-2004,17.600000381469727,17.600000381469727,0,17.600000381469727,17.600000381469727,10.922327041625977
07-04-2004,17.600000381469727,17.600000381469727,0,17.600000381469727,17.600000381469727,10.922327041625977
08-04-2004,17.600000381469727,17.600000381469727,0,17.600000381469727,17.600000381469727,10.922327041625977
12-04-2004,17.600000381469727,17.600000381469727,0,17.600000381469727,17.600000381469727,10.922327041625977
13-04-2004,17.600000381469727,17.600000381469727,0,17.600000381469727,17.600000381469727,10.922327041625977
14-04-2004,17.600000381469727,17.600000381469727,0,17.600000381469727,17.600000381469727,10.922327041625977
15-04-2004,17.600000381469727,17.600000381469727,0,17.600000381469727,17.600000381469727,10.922327041625977
16-04-2004,17.600000381469727,17.600000381469727,0,17.600000381469727,17.600000381469727,10.922327041625977
19-04-2004,17.600000381469727,17.600000381469727,0,17.600000381469727,17.600000381469727,10.922327041625977
20-04-2004,17.600000381469727,17.600000381469727,0,17.600000381469727,17.600000381469727,10.922327041625977
21-04-2004,17.600000381469727,17.600000381469727,0,17.600000381469727,17.600000381469727,10.922327041625977
22-04-2004,17.600000381469727,17.600000381469727,0,17.600000381469727,17.600000381469727,10.922327041625977
23-04-2004,17.600000381469727,17.600000381469727,0,17.600000381469727,17.600000381469727,10.922327041625977
26-04-2004,17.600000381469727,17.600000381469727,0,17.600000381469727,17.600000381469727,10.922327041625977
27-04-2004,17.600000381469727,17.600000381469727,0,17.600000381469727,17.600000381469727,10.922327041625977
28-04-2004,17.600000381469727,17.600000381469727,0,17.600000381469727,17.600000381469727,10.922327041625977
29-04-2004,17.600000381469727,17.600000381469727,0,17.600000381469727,17.600000381469727,10.922327041625977
30-04-2004,17.600000381469727,17.600000381469727,0,17.600000381469727,17.600000381469727,10.922327041625977
03-05-2004,17.600000381469727,17.600000381469727,0,17.600000381469727,17.600000381469727,10.922327041625977
04-05-2004,17.600000381469727,17.600000381469727,0,17.600000381469727,17.600000381469727,10.922327041625977
05-05-2004,17.600000381469727,17.600000381469727,0,17.600000381469727,17.600000381469727,10.922327041625977
06-05-2004,17.600000381469727,17.600000381469727,0,17.600000381469727,17.600000381469727,10.922327041625977
07-05-2004,17.600000381469727,17.600000381469727,0,17.600000381469727,17.600000381469727,10.922327041625977
10-05-2004,17.600000381469727,17.600000381469727,0,17.600000381469727,17.600000381469727,10.922327041625977
11-05-2004,17.600000381469727,17.600000381469727,0,17.600000381469727,17.600000381469727,10.922327041625977
12-05-2004,17.600000381469727,17.600000381469727,0,17.600000381469727,17.600000381469727,10.922327041625977
13-05-2004,17.600000381469727,17.600000381469727,0,17.600000381469727,17.600000381469727,10.922327041625977
14-05-2004,17.600000381469727,17.600000381469727,0,17.600000381469727,17.600000381469727,10.922327041625977
17-05-2004,17.600000381469727,17.600000381469727,0,17.600000381469727,17.600000381469727,10.922327041625977
18-05-2004,17.600000381469727,17.600000381469727,0,17.600000381469727,17.600000381469727,10.922327041625977
19-05-2004,17.600000381469727,17.600000381469727,0,17.600000381469727,17.600000381469727,10.922327041625977
20-05-2004,17.600000381469727,17.600000381469727,0,17.600000381469727,17.600000381469727,10.922327041625977
21-05-2004,17.600000381469727,17.600000381469727,0,17.600000381469727,17.600000381469727,10.922327041625977
24-05-2004,17.600000381469727,17.600000381469727,0,17.600000381469727,17.600000381469727,10.922327041625977
25-05-2004,17.600000381469727,17.600000381469727,0,17.600000381469727,17.600000381469727,10.922327041625977
26-05-2004,17.600000381469727,17.600000381469727,0,17.600000381469727,17.600000381469727,10.922327041625977
27-05-2004,17.600000381469727,17.600000381469727,0,17.600000381469727,17.600000381469727,10.922327041625977
28-05-2004,17.600000381469727,17.600000381469727,0,17.600000381469727,17.600000381469727,10.922327041625977
01-06-2004,17.600000381469727,17.600000381469727,0,17.600000381469727,17.600000381469727,10.922327041625977
02-06-2004,17.600000381469727,17.600000381469727,0,17.600000381469727,17.600000381469727,10.922327041625977
03-06-2004,17.600000381469727,17.600000381469727,0,17.600000381469727,17.600000381469727,10.922327041625977
04-06-2004,17.600000381469727,17.600000381469727,0,17.600000381469727,17.600000381469727,10.922327041625977
07-06-2004,17.600000381469727,17.600000381469727,0,17.600000381469727,17.600000381469727,10.922327041625977
08-06-2004,17.600000381469727,17.600000381469727,0,17.600000381469727,17.600000381469727,10.922327041625977
09-06-2004,17.600000381469727,17.600000381469727,0,17.600000381469727,17.600000381469727,10.922327041625977
10-06-2004,17.600000381469727,17.600000381469727,0,17.600000381469727,17.600000381469727,10.922327041625977
14-06-2004,17.600000381469727,17.600000381469727,0,17.600000381469727,17.600000381469727,10.922327041625977
15-06-2004,17.600000381469727,17.600000381469727,0,17.600000381469727,17.600000381469727,10.922327041625977
16-06-2004,17.600000381469727,17.600000381469727,0,17.600000381469727,17.600000381469727,10.922327041625977
17-06-2004,17.600000381469727,17.600000381469727,0,17.600000381469727,17.600000381469727,10.922327041625977
18-06-2004,17.600000381469727,17.600000381469727,0,17.600000381469727,17.600000381469727,10.922327041625977
21-06-2004,17.600000381469727,17.600000381469727,0,17.600000381469727,17.600000381469727,10.922327041625977
22-06-2004,17.600000381469727,17.600000381469727,0,17.600000381469727,17.600000381469727,10.922327041625977
23-06-2004,17.600000381469727,17.600000381469727,0,17.600000381469727,17.600000381469727,10.922327041625977
24-06-2004,17.600000381469727,17.600000381469727,0,17.600000381469727,17.600000381469727,10.922327041625977
25-06-2004,17.600000381469727,17.600000381469727,0,17.600000381469727,17.600000381469727,10.922327041625977
28-06-2004,17.600000381469727,17.600000381469727,0,17.600000381469727,17.600000381469727,10.922327041625977
29-06-2004,17.600000381469727,17.600000381469727,0,17.600000381469727,17.600000381469727,10.922327041625977
30-06-2004,17.600000381469727,17.600000381469727,0,17.600000381469727,17.600000381469727,10.922327041625977
01-07-2004,17.600000381469727,17.600000381469727,0,17.600000381469727,17.600000381469727,10.922327041625977
02-07-2004,17.600000381469727,17.600000381469727,0,17.600000381469727,17.600000381469727,10.922327041625977
06-07-2004,17.600000381469727,17.600000381469727,0,17.600000381469727,17.600000381469727,10.922327041625977
07-07-2004,17.600000381469727,17.600000381469727,0,17.600000381469727,17.600000381469727,10.922327041625977
08-07-2004,20.149999618530277,20.149999618530277,0,20.149999618530277,20.149999618530277,12.504820823669434
09-07-2004,20.149999618530277,20.149999618530277,0,20.149999618530277,20.149999618530277,12.504820823669434
12-07-2004,20.149999618530277,20.149999618530277,0,20.149999618530277,20.149999618530277,12.504820823669434
13-07-2004,20.149999618530277,20.149999618530277,0,20.149999618530277,20.149999618530277,12.504820823669434
14-07-2004,20.149999618530277,20.149999618530277,0,20.149999618530277,20.149999618530277,12.504820823669434
15-07-2004,20.149999618530277,20.149999618530277,0,20.149999618530277,20.149999618530277,12.504820823669434
16-07-2004,20.149999618530277,20.149999618530277,0,20.149999618530277,20.149999618530277,12.504820823669434
19-07-2004,20.149999618530277,20.149999618530277,0,20.149999618530277,20.149999618530277,12.504820823669434
20-07-2004,20.149999618530277,20.149999618530277,0,20.149999618530277,20.149999618530277,12.504820823669434
21-07-2004,20.149999618530277,20.149999618530277,0,20.149999618530277,20.149999618530277,12.504820823669434
22-07-2004,20.149999618530277,20.149999618530277,0,20.149999618530277,20.149999618530277,12.504820823669434
23-07-2004,20.149999618530277,20.149999618530277,0,20.149999618530277,20.149999618530277,12.504820823669434
26-07-2004,20.149999618530277,20.149999618530277,0,20.149999618530277,20.149999618530277,12.504820823669434
27-07-2004,20.149999618530277,20.149999618530277,0,20.149999618530277,20.149999618530277,12.504820823669434
28-07-2004,20.149999618530277,20.149999618530277,0,20.149999618530277,20.149999618530277,12.504820823669434
29-07-2004,20.149999618530277,20.149999618530277,0,20.149999618530277,20.149999618530277,12.504820823669434
30-07-2004,20.149999618530277,20.149999618530277,0,20.149999618530277,20.149999618530277,12.504820823669434
02-08-2004,20.149999618530277,20.149999618530277,0,20.149999618530277,20.149999618530277,12.504820823669434
03-08-2004,20.149999618530277,20.149999618530277,0,20.149999618530277,20.149999618530277,12.504820823669434
04-08-2004,20.149999618530277,20.149999618530277,0,20.149999618530277,20.149999618530277,12.504820823669434
05-08-2004,20.149999618530277,20.149999618530277,0,20.149999618530277,20.149999618530277,12.504820823669434
06-08-2004,20.149999618530277,20.149999618530277,0,20.149999618530277,20.149999618530277,12.504820823669434
09-08-2004,20.149999618530277,20.149999618530277,0,20.149999618530277,20.149999618530277,12.504820823669434
10-08-2004,20.149999618530277,20.149999618530277,0,20.149999618530277,20.149999618530277,12.504820823669434
11-08-2004,20.149999618530277,20.149999618530277,0,20.149999618530277,20.149999618530277,12.504820823669434
12-08-2004,20.149999618530277,20.149999618530277,0,20.149999618530277,20.149999618530277,12.504820823669434
13-08-2004,20.149999618530277,20.149999618530277,0,20.149999618530277,20.149999618530277,12.504820823669434
16-08-2004,20.149999618530277,20.149999618530277,0,20.149999618530277,20.149999618530277,12.504820823669434
17-08-2004,20.149999618530277,20.149999618530277,0,20.149999618530277,20.149999618530277,12.504820823669434
18-08-2004,20.149999618530277,20.149999618530277,0,20.149999618530277,20.149999618530277,12.504820823669434
19-08-2004,20.149999618530277,20.149999618530277,0,20.149999618530277,20.149999618530277,12.504820823669434
20-08-2004,20.149999618530277,20.149999618530277,0,20.149999618530277,20.149999618530277,12.504820823669434
23-08-2004,20.149999618530277,20.149999618530277,0,20.149999618530277,20.149999618530277,12.504820823669434
24-08-2004,20.149999618530277,20.149999618530277,0,20.149999618530277,20.149999618530277,12.504820823669434
25-08-2004,20.149999618530277,20.149999618530277,0,20.149999618530277,20.149999618530277,12.504820823669434
26-08-2004,20.149999618530277,20.149999618530277,0,20.149999618530277,20.149999618530277,12.504820823669434
27-08-2004,20.149999618530277,20.149999618530277,0,20.149999618530277,20.149999618530277,12.504820823669434
30-08-2004,20.149999618530277,20.149999618530277,0,20.149999618530277,20.149999618530277,12.504820823669434
31-08-2004,20.149999618530277,20.149999618530277,0,20.149999618530277,20.149999618530277,12.504820823669434
01-09-2004,20.149999618530277,20.149999618530277,0,20.149999618530277,20.149999618530277,12.504820823669434
02-09-2004,20.149999618530277,20.149999618530277,0,20.149999618530277,20.149999618530277,12.504820823669434
03-09-2004,20.149999618530277,20.149999618530277,0,20.149999618530277,20.149999618530277,12.504820823669434
07-09-2004,20.149999618530277,20.149999618530277,0,20.149999618530277,20.149999618530277,12.504820823669434
08-09-2004,20.149999618530277,20.149999618530277,0,20.149999618530277,20.149999618530277,12.504820823669434
09-09-2004,20.149999618530277,20.149999618530277,0,20.149999618530277,20.149999618530277,12.504820823669434
10-09-2004,20.149999618530277,20.149999618530277,0,20.149999618530277,20.149999618530277,12.504820823669434
13-09-2004,20.149999618530277,20.149999618530277,0,20.149999618530277,20.149999618530277,12.504820823669434
14-09-2004,20.149999618530277,20.149999618530277,0,20.149999618530277,20.149999618530277,12.504820823669434
15-09-2004,20.149999618530277,20.149999618530277,0,20.149999618530277,20.149999618530277,12.504820823669434
16-09-2004,20.149999618530277,20.149999618530277,0,20.149999618530277,20.149999618530277,12.504820823669434
17-09-2004,20.149999618530277,20.149999618530277,0,20.149999618530277,20.149999618530277,12.504820823669434
20-09-2004,20.149999618530277,20.149999618530277,0,20.149999618530277,20.149999618530277,12.504820823669434
21-09-2004,20.149999618530277,20.149999618530277,0,20.149999618530277,20.149999618530277,12.504820823669434
22-09-2004,20.149999618530277,20.149999618530277,0,20.149999618530277,20.149999618530277,12.504820823669434
23-09-2004,20.149999618530277,20.149999618530277,0,20.149999618530277,20.149999618530277,12.504820823669434
24-09-2004,20.149999618530277,20.149999618530277,0,20.149999618530277,20.149999618530277,12.504820823669434
27-09-2004,20.149999618530277,20.149999618530277,0,20.149999618530277,20.149999618530277,12.504820823669434
28-09-2004,20.149999618530277,20.149999618530277,0,20.149999618530277,20.149999618530277,12.504820823669434
29-09-2004,20.149999618530277,20.149999618530277,0,20.149999618530277,20.149999618530277,12.504820823669434
30-09-2004,20.149999618530277,20.149999618530277,0,20.149999618530277,20.149999618530277,12.504820823669434
01-10-2004,20.149999618530277,20.149999618530277,0,20.149999618530277,20.149999618530277,12.504820823669434
04-10-2004,20.149999618530277,20.149999618530277,0,20.149999618530277,20.149999618530277,12.504820823669434
05-10-2004,20.149999618530277,20.149999618530277,0,20.149999618530277,20.149999618530277,12.504820823669434
06-10-2004,20.149999618530277,20.149999618530277,0,20.149999618530277,20.149999618530277,12.504820823669434
07-10-2004,20.149999618530277,20.149999618530277,0,20.149999618530277,20.149999618530277,12.504820823669434
08-10-2004,20.149999618530277,20.149999618530277,0,20.149999618530277,20.149999618530277,12.504820823669434
11-10-2004,20.149999618530277,20.149999618530277,0,20.149999618530277,20.149999618530277,12.504820823669434
12-10-2004,20.149999618530277,20.149999618530277,0,20.149999618530277,20.149999618530277,12.504820823669434
13-10-2004,20.149999618530277,20.149999618530277,0,20.149999618530277,20.149999618530277,12.504820823669434
14-10-2004,20.149999618530277,20.149999618530277,0,20.149999618530277,20.149999618530277,12.504820823669434
15-10-2004,20.149999618530277,20.149999618530277,0,20.149999618530277,20.149999618530277,12.504820823669434
18-10-2004,20.149999618530277,20.149999618530277,0,20.149999618530277,20.149999618530277,12.504820823669434
19-10-2004,20.149999618530277,20.149999618530277,0,20.149999618530277,20.149999618530277,12.504820823669434
20-10-2004,20.149999618530277,20.149999618530277,0,20.149999618530277,20.149999618530277,12.504820823669434
21-10-2004,20.149999618530277,20.149999618530277,0,20.149999618530277,20.149999618530277,12.504820823669434
22-10-2004,20.149999618530277,20.149999618530277,0,20.149999618530277,20.149999618530277,12.504820823669434
25-10-2004,20.149999618530277,20.149999618530277,0,20.149999618530277,20.149999618530277,12.504820823669434
26-10-2004,20.149999618530277,20.149999618530277,0,20.149999618530277,20.149999618530277,12.504820823669434
27-10-2004,20.149999618530277,20.149999618530277,0,20.149999618530277,20.149999618530277,12.504820823669434
28-10-2004,20.149999618530277,20.149999618530277,0,20.149999618530277,20.149999618530277,12.504820823669434
29-10-2004,20.149999618530277,20.149999618530277,0,20.149999618530277,20.149999618530277,12.504820823669434
01-11-2004,20.149999618530277,20.149999618530277,0,20.149999618530277,20.149999618530277,12.504820823669434
02-11-2004,20.149999618530277,20.149999618530277,0,20.149999618530277,20.149999618530277,12.504820823669434
03-11-2004,20.149999618530277,20.149999618530277,0,20.149999618530277,20.149999618530277,12.504820823669434
04-11-2004,20.149999618530277,20.149999618530277,0,20.149999618530277,20.149999618530277,12.504820823669434
05-11-2004,20.149999618530277,20.149999618530277,0,20.149999618530277,20.149999618530277,12.504820823669434
08-11-2004,20.149999618530277,20.149999618530277,0,20.149999618530277,20.149999618530277,12.504820823669434
09-11-2004,20.149999618530277,20.149999618530277,0,20.149999618530277,20.149999618530277,12.504820823669434
10-11-2004,20.149999618530277,20.149999618530277,0,20.149999618530277,20.149999618530277,12.504820823669434
11-11-2004,20.149999618530277,20.149999618530277,0,20.149999618530277,20.149999618530277,12.504820823669434
12-11-2004,20.149999618530277,20.149999618530277,0,20.149999618530277,20.149999618530277,12.504820823669434
15-11-2004,20.149999618530277,20.149999618530277,0,20.149999618530277,20.149999618530277,12.504820823669434
16-11-2004,20.149999618530277,20.149999618530277,0,20.149999618530277,20.149999618530277,12.504820823669434
17-11-2004,20.149999618530277,20.149999618530277,0,20.149999618530277,20.149999618530277,12.504820823669434
18-11-2004,20.149999618530277,20.149999618530277,0,20.149999618530277,20.149999618530277,12.504820823669434
19-11-2004,20.149999618530277,20.149999618530277,0,20.149999618530277,20.149999618530277,12.504820823669434
22-11-2004,20.149999618530277,20.149999618530277,0,20.149999618530277,20.149999618530277,12.504820823669434
23-11-2004,20.149999618530277,20.149999618530277,0,20.149999618530277,20.149999618530277,12.504820823669434
24-11-2004,20.149999618530277,20.149999618530277,0,20.149999618530277,20.149999618530277,12.504820823669434
26-11-2004,20.149999618530277,20.149999618530277,0,20.149999618530277,20.149999618530277,12.504820823669434
29-11-2004,20.149999618530277,20.149999618530277,0,20.149999618530277,20.149999618530277,12.504820823669434
30-11-2004,20.149999618530277,20.149999618530277,0,20.149999618530277,20.149999618530277,12.504820823669434
01-12-2004,20.149999618530277,20.149999618530277,0,20.149999618530277,20.149999618530277,12.504820823669434
02-12-2004,20.149999618530277,20.149999618530277,0,20.149999618530277,20.149999618530277,12.504820823669434
03-12-2004,20.149999618530277,20.149999618530277,0,20.149999618530277,20.149999618530277,12.504820823669434
06-12-2004,20.149999618530277,20.149999618530277,0,20.149999618530277,20.149999618530277,12.504820823669434
07-12-2004,20.149999618530277,20.149999618530277,0,20.149999618530277,20.149999618530277,12.504820823669434
08-12-2004,20.149999618530277,20.149999618530277,0,20.149999618530277,20.149999618530277,12.504820823669434
09-12-2004,20.149999618530277,20.149999618530277,0,20.149999618530277,20.149999618530277,12.504820823669434
10-12-2004,20.149999618530277,20.149999618530277,0,20.149999618530277,20.149999618530277,12.504820823669434
13-12-2004,20.149999618530277,20.149999618530277,0,20.149999618530277,20.149999618530277,12.504820823669434
14-12-2004,20.149999618530277,20.149999618530277,0,20.149999618530277,20.149999618530277,12.504820823669434
15-12-2004,20.149999618530277,20.149999618530277,0,20.149999618530277,20.149999618530277,12.504820823669434
16-12-2004,20.149999618530277,20.149999618530277,0,20.149999618530277,20.149999618530277,12.504820823669434
17-12-2004,20.149999618530277,20.149999618530277,0,20.149999618530277,20.149999618530277,12.504820823669434
20-12-2004,20.149999618530277,20.149999618530277,0,20.149999618530277,20.149999618530277,12.504820823669434
21-12-2004,20.149999618530277,20.149999618530277,0,20.149999618530277,20.149999618530277,12.504820823669434
22-12-2004,20.149999618530277,20.149999618530277,0,20.149999618530277,20.149999618530277,12.504820823669434
23-12-2004,20.149999618530277,20.149999618530277,0,20.149999618530277,20.149999618530277,12.504820823669434
27-12-2004,20.149999618530277,20.149999618530277,0,20.149999618530277,20.149999618530277,12.504820823669434
28-12-2004,20.149999618530277,20.149999618530277,0,20.149999618530277,20.149999618530277,12.504820823669434
29-12-2004,20.149999618530277,20.149999618530277,0,20.149999618530277,20.149999618530277,12.504820823669434
30-12-2004,20.149999618530277,20.149999618530277,0,20.149999618530277,20.149999618530277,12.504820823669434
31-12-2004,20.149999618530277,20.149999618530277,0,20.149999618530277,20.149999618530277,12.504820823669434
03-01-2005,20.149999618530277,20.149999618530277,0,20.149999618530277,20.149999618530277,12.504820823669434
04-01-2005,20.149999618530277,20.149999618530277,0,20.149999618530277,20.149999618530277,12.504820823669434
05-01-2005,20.149999618530277,20.149999618530277,0,20.149999618530277,20.149999618530277,12.504820823669434
06-01-2005,20.149999618530277,20.149999618530277,0,20.149999618530277,20.149999618530277,12.504820823669434
07-01-2005,20.149999618530277,20.149999618530277,0,20.149999618530277,20.149999618530277,12.504820823669434
10-01-2005,20.149999618530277,20.149999618530277,0,20.149999618530277,20.149999618530277,12.504820823669434
11-01-2005,20.149999618530277,20.149999618530277,0,20.149999618530277,20.149999618530277,12.504820823669434
12-01-2005,20.149999618530277,20.149999618530277,0,20.149999618530277,20.149999618530277,12.504820823669434
13-01-2005,20.149999618530277,20.149999618530277,0,20.149999618530277,20.149999618530277,12.504820823669434
14-01-2005,20.149999618530277,20.149999618530277,0,20.149999618530277,20.149999618530277,12.504820823669434
18-01-2005,20.149999618530277,20.149999618530277,0,20.149999618530277,20.149999618530277,12.504820823669434
19-01-2005,20.149999618530277,20.149999618530277,0,20.149999618530277,20.149999618530277,12.504820823669434
20-01-2005,20.149999618530277,20.149999618530277,0,20.149999618530277,20.149999618530277,12.504820823669434
21-01-2005,20.149999618530277,20.149999618530277,0,20.149999618530277,20.149999618530277,12.504820823669434
24-01-2005,20.149999618530277,20.149999618530277,0,20.149999618530277,20.149999618530277,12.504820823669434
25-01-2005,20.149999618530277,20.149999618530277,0,20.149999618530277,20.149999618530277,12.504820823669434
26-01-2005,20.149999618530277,20.149999618530277,0,20.149999618530277,20.149999618530277,12.504820823669434
27-01-2005,20.149999618530277,20.149999618530277,0,20.149999618530277,20.149999618530277,12.504820823669434
28-01-2005,20.149999618530277,20.149999618530277,0,20.149999618530277,20.149999618530277,12.504820823669434
31-01-2005,20.149999618530277,20.149999618530277,0,20.149999618530277,20.149999618530277,12.504820823669434
01-02-2005,20.149999618530277,20.149999618530277,0,20.149999618530277,20.149999618530277,12.504820823669434
02-02-2005,20.149999618530277,20.149999618530277,0,20.149999618530277,20.149999618530277,12.504820823669434
03-02-2005,20.149999618530277,20.149999618530277,0,20.149999618530277,20.149999618530277,12.504820823669434
04-02-2005,20.149999618530277,20.149999618530277,0,20.149999618530277,20.149999618530277,12.504820823669434
07-02-2005,26.5,26.5,0,26.5,26.5,16.445547103881836
08-02-2005,26.5,26.5,0,26.5,26.5,16.445547103881836
09-02-2005,26.5,26.5,0,26.5,26.5,16.445547103881836
10-02-2005,26.5,26.5,0,26.5,26.5,16.445547103881836
11-02-2005,26.5,26.5,0,26.5,26.5,16.445547103881836
14-02-2005,26.5,26.5,0,26.5,26.5,16.445547103881836
15-02-2005,26.5,26.5,0,26.5,26.5,16.445547103881836
16-02-2005,26.5,26.5,0,26.5,26.5,16.445547103881836
17-02-2005,26.5,26.5,0,26.5,26.5,16.445547103881836
18-02-2005,26.5,26.5,0,26.5,26.5,16.445547103881836
22-02-2005,26.5,26.5,0,26.5,26.5,16.445547103881836
23-02-2005,26.5,26.5,0,26.5,26.5,16.445547103881836
24-02-2005,26.5,26.5,0,26.5,26.5,16.445547103881836
25-02-2005,26.5,26.5,0,26.5,26.5,16.445547103881836
28-02-2005,26.5,26.5,0,26.5,26.5,16.445547103881836
01-03-2005,26.5,26.5,0,26.5,26.5,16.445547103881836
02-03-2005,26.5,26.5,0,26.5,26.5,16.445547103881836
03-03-2005,26.5,26.5,0,26.5,26.5,16.445547103881836
04-03-2005,26.5,26.5,0,26.5,26.5,16.445547103881836
07-03-2005,26.5,26.5,0,26.5,26.5,16.445547103881836
08-03-2005,26.5,26.5,0,26.5,26.5,16.445547103881836
09-03-2005,26.5,26.5,0,26.5,26.5,16.445547103881836
10-03-2005,26.5,26.5,0,26.5,26.5,16.445547103881836
11-03-2005,26.5,26.5,0,26.5,26.5,16.445547103881836
14-03-2005,26.5,26.5,0,26.5,26.5,16.445547103881836
15-03-2005,26.5,26.5,0,26.5,26.5,16.445547103881836
16-03-2005,26.5,26.5,0,26.5,26.5,16.445547103881836
17-03-2005,26.5,26.5,0,26.5,26.5,16.445547103881836
18-03-2005,26.5,26.5,0,26.5,26.5,16.445547103881836
21-03-2005,26.5,26.5,0,26.5,26.5,16.445547103881836
22-03-2005,26.5,26.5,0,26.5,26.5,16.445547103881836
23-03-2005,26.5,26.5,0,26.5,26.5,16.445547103881836
24-03-2005,26.5,26.5,0,26.5,26.5,16.445547103881836
28-03-2005,26.5,26.5,0,26.5,26.5,16.445547103881836
29-03-2005,26.5,26.5,0,26.5,26.5,16.445547103881836
30-03-2005,26.5,26.5,0,26.5,26.5,16.445547103881836
31-03-2005,26.5,26.5,0,26.5,26.5,17.090471267700195
01-04-2005,26.5,26.5,0,26.5,26.5,17.090471267700195
04-04-2005,26.5,26.5,0,26.5,26.5,17.090471267700195
05-04-2005,26.5,26.5,0,26.5,26.5,17.090471267700195
06-04-2005,26.5,26.5,0,26.5,26.5,17.090471267700195
07-04-2005,26.5,26.5,0,26.5,26.5,17.090471267700195
08-04-2005,26.5,26.5,0,26.5,26.5,17.090471267700195
11-04-2005,26.5,26.5,0,26.5,26.5,17.090471267700195
12-04-2005,26.5,26.5,0,26.5,26.5,17.090471267700195
13-04-2005,26.5,26.5,0,26.5,26.5,17.090471267700195
14-04-2005,26.5,26.5,0,26.5,26.5,17.090471267700195
15-04-2005,26.5,26.5,0,26.5,26.5,17.090471267700195
18-04-2005,26.5,26.5,0,26.5,26.5,17.090471267700195
19-04-2005,26.5,26.5,0,26.5,26.5,17.090471267700195
20-04-2005,26.5,26.5,0,26.5,26.5,17.090471267700195
21-04-2005,26.5,26.5,0,26.5,26.5,17.090471267700195
22-04-2005,26.5,26.5,0,26.5,26.5,17.090471267700195
25-04-2005,26.5,26.5,0,26.5,26.5,17.090471267700195
26-04-2005,26.5,26.5,0,26.5,26.5,17.090471267700195
27-04-2005,26.5,26.5,0,26.5,26.5,17.090471267700195
28-04-2005,26.5,26.5,0,26.5,26.5,17.090471267700195
29-04-2005,26.5,26.5,0,26.5,26.5,17.090471267700195
02-05-2005,26.5,26.5,0,26.5,26.5,17.090471267700195
03-05-2005,26.5,26.5,0,26.5,26.5,17.090471267700195
04-05-2005,26.5,26.5,0,26.5,26.5,17.090471267700195
05-05-2005,26.5,26.5,0,26.5,26.5,17.090471267700195
06-05-2005,26.5,26.5,0,26.5,26.5,17.090471267700195
09-05-2005,26.5,26.5,0,26.5,26.5,17.090471267700195
10-05-2005,26.5,26.5,0,26.5,26.5,17.090471267700195
11-05-2005,26.5,26.5,0,26.5,26.5,17.090471267700195
12-05-2005,26.5,26.5,0,26.5,26.5,17.090471267700195
13-05-2005,26.5,26.5,0,26.5,26.5,17.090471267700195
16-05-2005,26.5,26.5,0,26.5,26.5,17.090471267700195
17-05-2005,26.5,26.5,0,26.5,26.5,17.090471267700195
18-05-2005,26.5,26.5,0,26.5,26.5,17.090471267700195
19-05-2005,26.5,26.5,0,26.5,26.5,17.090471267700195
20-05-2005,26.5,26.5,0,26.5,26.5,17.090471267700195
23-05-2005,26.5,26.5,0,26.5,26.5,17.090471267700195
24-05-2005,26.5,26.5,0,26.5,26.5,17.090471267700195
25-05-2005,26.5,26.5,0,26.5,26.5,17.090471267700195
26-05-2005,26.5,26.5,0,26.5,26.5,17.090471267700195
27-05-2005,26.5,26.5,0,26.5,26.5,17.090471267700195
31-05-2005,26.5,26.5,0,26.5,26.5,17.090471267700195
01-06-2005,26.5,26.5,0,26.5,26.5,17.090471267700195
02-06-2005,26.5,26.5,0,26.5,26.5,17.090471267700195
03-06-2005,26.5,26.5,0,26.5,26.5,17.090471267700195
06-06-2005,26.5,26.5,0,26.5,26.5,17.090471267700195
07-06-2005,26.5,26.5,0,26.5,26.5,17.090471267700195
08-06-2005,26.5,26.5,0,26.5,26.5,17.090471267700195
09-06-2005,26.5,26.5,0,26.5,26.5,17.090471267700195
10-06-2005,26.5,26.5,0,26.5,26.5,17.090471267700195
13-06-2005,26.5,26.5,0,26.5,26.5,17.090471267700195
14-06-2005,26.5,26.5,0,26.5,26.5,17.090471267700195
15-06-2005,26.5,26.5,0,26.5,26.5,17.090471267700195
16-06-2005,26.5,26.5,0,26.5,26.5,17.090471267700195
17-06-2005,26.5,26.5,0,26.5,26.5,17.090471267700195
20-06-2005,26.5,26.5,0,26.5,26.5,17.090471267700195
21-06-2005,26.5,26.5,0,26.5,26.5,17.090471267700195
22-06-2005,26.5,26.5,0,26.5,26.5,17.090471267700195
23-06-2005,26.5,26.5,0,26.5,26.5,17.090471267700195
24-06-2005,26.5,26.5,0,26.5,26.5,17.090471267700195
27-06-2005,26.5,26.5,0,26.5,26.5,17.090471267700195
28-06-2005,26.5,26.5,0,26.5,26.5,17.090471267700195
29-06-2005,26.5,26.5,0,26.5,26.5,17.090471267700195
30-06-2005,26.5,26.5,0,26.5,26.5,17.090471267700195
01-07-2005,26.5,26.5,0,26.5,26.5,17.090471267700195
05-07-2005,26.5,26.5,0,26.5,26.5,17.090471267700195
06-07-2005,26.5,26.5,0,26.5,26.5,17.090471267700195
07-07-2005,26.5,26.5,0,26.5,26.5,17.090471267700195
08-07-2005,26.5,26.5,0,26.5,26.5,17.090471267700195
11-07-2005,26.5,26.5,0,26.5,26.5,17.090471267700195
12-07-2005,26.5,26.5,0,26.5,26.5,17.090471267700195
13-07-2005,26.5,26.5,0,26.5,26.5,17.090471267700195
14-07-2005,26.5,26.5,0,26.5,26.5,17.090471267700195
15-07-2005,26.5,26.5,0,26.5,26.5,17.090471267700195
18-07-2005,26.5,26.5,0,26.5,26.5,17.090471267700195
19-07-2005,26.5,26.5,0,26.5,26.5,17.090471267700195
20-07-2005,26.5,26.5,0,26.5,26.5,17.090471267700195
21-07-2005,26.5,26.5,0,26.5,26.5,17.090471267700195
22-07-2005,26.5,26.5,0,26.5,26.5,17.090471267700195
25-07-2005,26.5,26.5,0,26.5,26.5,17.090471267700195
26-07-2005,26.5,26.5,0,26.5,26.5,17.090471267700195
27-07-2005,26.5,26.5,0,26.5,26.5,17.090471267700195
28-07-2005,26.5,26.5,0,26.5,26.5,17.090471267700195
29-07-2005,26.5,26.5,0,26.5,26.5,17.090471267700195
01-08-2005,26.5,26.5,0,26.5,26.5,17.090471267700195
02-08-2005,26.5,26.5,0,26.5,26.5,17.090471267700195
03-08-2005,26.5,26.5,0,26.5,26.5,17.090471267700195
04-08-2005,26.5,26.5,0,26.5,26.5,17.090471267700195
05-08-2005,26.5,26.5,0,26.5,26.5,17.090471267700195
08-08-2005,26.5,26.5,0,26.5,26.5,17.090471267700195
09-08-2005,26.5,26.5,0,26.5,26.5,17.090471267700195
10-08-2005,26.5,26.5,0,26.5,26.5,17.090471267700195
11-08-2005,26.5,26.5,0,26.5,26.5,17.090471267700195
12-08-2005,26.5,26.5,0,26.5,26.5,17.090471267700195
15-08-2005,26.5,26.5,0,26.5,26.5,17.090471267700195
16-08-2005,26.5,26.5,0,26.5,26.5,17.090471267700195
17-08-2005,26.5,26.5,0,26.5,26.5,17.090471267700195
18-08-2005,26.5,26.5,0,26.5,26.5,17.090471267700195
19-08-2005,26.5,26.5,0,26.5,26.5,17.090471267700195
22-08-2005,26.5,26.5,0,26.5,26.5,17.090471267700195
23-08-2005,26.5,26.5,0,26.5,26.5,17.090471267700195
24-08-2005,26.5,26.5,0,26.5,26.5,17.090471267700195
25-08-2005,26.5,26.5,0,26.5,26.5,17.090471267700195
26-08-2005,26.5,26.5,0,26.5,26.5,17.090471267700195
29-08-2005,26.5,26.5,0,26.5,26.5,17.090471267700195
30-08-2005,26.5,26.5,0,26.5,26.5,17.090471267700195
31-08-2005,26.5,26.5,0,26.5,26.5,17.090471267700195
01-09-2005,26.5,26.5,0,26.5,26.5,17.090471267700195
02-09-2005,26.5,26.5,0,26.5,26.5,17.090471267700195
06-09-2005,26.5,26.5,0,26.5,26.5,17.090471267700195
07-09-2005,26.5,26.5,0,26.5,26.5,17.090471267700195
08-09-2005,26.5,26.5,0,26.5,26.5,17.090471267700195
09-09-2005,26.5,26.5,0,26.5,26.5,17.090471267700195
12-09-2005,26.5,26.5,0,26.5,26.5,17.090471267700195
13-09-2005,26.5,26.5,0,26.5,26.5,17.090471267700195
14-09-2005,26.5,26.5,0,26.5,26.5,17.090471267700195
15-09-2005,26.5,26.5,0,26.5,26.5,17.090471267700195
16-09-2005,26.5,26.5,0,26.5,26.5,17.090471267700195
19-09-2005,26.5,26.5,0,26.5,26.5,17.090471267700195
20-09-2005,26.5,26.5,0,26.5,26.5,17.090471267700195
21-09-2005,26.5,26.5,0,26.5,26.5,17.090471267700195
22-09-2005,26.5,26.5,0,26.5,26.5,17.090471267700195
23-09-2005,26.5,26.5,0,26.5,26.5,17.090471267700195
26-09-2005,26.5,26.5,0,26.5,26.5,17.090471267700195
27-09-2005,26.5,26.5,0,26.5,26.5,17.090471267700195
28-09-2005,26.5,26.5,0,26.5,26.5,17.090471267700195
29-09-2005,26.5,26.5,0,26.5,26.5,17.090471267700195
30-09-2005,26.5,26.5,0,26.5,26.5,17.090471267700195
03-10-2005,26.5,26.5,0,26.5,26.5,17.090471267700195
04-10-2005,26.5,26.5,0,26.5,26.5,17.090471267700195
05-10-2005,26.5,26.5,0,26.5,26.5,17.090471267700195
06-10-2005,26.5,26.5,0,26.5,26.5,17.090471267700195
07-10-2005,26.5,26.5,0,26.5,26.5,17.090471267700195
10-10-2005,26.5,26.5,0,26.5,26.5,17.090471267700195
11-10-2005,26.5,26.5,0,26.5,26.5,17.090471267700195
12-10-2005,26.5,26.5,0,26.5,26.5,17.090471267700195
13-10-2005,26.5,26.5,0,26.5,26.5,17.090471267700195
14-10-2005,26.5,26.5,0,26.5,26.5,17.090471267700195
17-10-2005,26.5,26.5,0,26.5,26.5,17.090471267700195
18-10-2005,26.5,26.5,0,26.5,26.5,17.090471267700195
19-10-2005,26.5,26.5,0,26.5,26.5,17.090471267700195
20-10-2005,26.5,26.5,0,26.5,26.5,17.090471267700195
21-10-2005,26.5,26.5,0,26.5,26.5,17.090471267700195
24-10-2005,26.5,26.5,0,26.5,26.5,17.090471267700195
25-10-2005,26.5,26.5,0,26.5,26.5,17.090471267700195
26-10-2005,26.5,26.5,0,26.5,26.5,17.090471267700195
27-10-2005,26.5,26.5,0,26.5,26.5,17.090471267700195
28-10-2005,26.5,26.5,0,26.5,26.5,17.090471267700195
31-10-2005,26.5,26.5,0,26.5,26.5,17.090471267700195
01-11-2005,26.5,26.5,0,26.5,26.5,17.090471267700195
02-11-2005,26.5,26.5,0,26.5,26.5,17.090471267700195
03-11-2005,26.5,26.5,0,26.5,26.5,17.090471267700195
04-11-2005,26.5,26.5,0,26.5,26.5,17.090471267700195
07-11-2005,26.5,26.5,0,26.5,26.5,17.090471267700195
08-11-2005,26.5,26.5,0,26.5,26.5,17.090471267700195
09-11-2005,26.5,26.5,0,26.5,26.5,17.090471267700195
10-11-2005,26.5,26.5,0,26.5,26.5,17.090471267700195
11-11-2005,26.5,26.5,0,26.5,26.5,17.090471267700195
14-11-2005,26.5,26.5,0,26.5,26.5,17.090471267700195
15-11-2005,26.5,26.5,0,26.5,26.5,17.090471267700195
16-11-2005,26.5,26.5,0,26.5,26.5,17.090471267700195
17-11-2005,26.5,26.5,0,26.5,26.5,17.090471267700195
18-11-2005,26.5,26.5,0,26.5,26.5,17.090471267700195
21-11-2005,26.5,26.5,0,26.5,26.5,17.090471267700195
22-11-2005,26.5,26.5,0,26.5,26.5,17.090471267700195
23-11-2005,26.5,26.5,0,26.5,26.5,17.090471267700195
25-11-2005,26.5,26.5,0,26.5,26.5,17.090471267700195
28-11-2005,26.5,26.5,0,26.5,26.5,17.090471267700195
29-11-2005,26.5,26.5,0,26.5,26.5,17.090471267700195
30-11-2005,26.5,26.5,0,26.5,26.5,17.090471267700195
01-12-2005,26.5,26.5,0,26.5,26.5,17.090471267700195
02-12-2005,26.5,26.5,0,26.5,26.5,17.090471267700195
05-12-2005,26.5,26.5,0,26.5,26.5,17.090471267700195
06-12-2005,26.5,26.5,0,26.5,26.5,17.090471267700195
07-12-2005,26.5,26.5,0,26.5,26.5,17.090471267700195
08-12-2005,26.5,26.5,0,26.5,26.5,17.090471267700195
09-12-2005,26.5,26.5,0,26.5,26.5,17.090471267700195
12-12-2005,26.5,26.5,0,26.5,26.5,17.090471267700195
13-12-2005,26.5,26.5,0,26.5,26.5,17.090471267700195
14-12-2005,26.5,26.5,0,26.5,26.5,17.090471267700195
15-12-2005,26.5,26.5,0,26.5,26.5,17.090471267700195
16-12-2005,26.5,26.5,0,26.5,26.5,17.090471267700195
19-12-2005,26.5,26.5,0,26.5,26.5,17.090471267700195
20-12-2005,26.5,26.5,0,26.5,26.5,17.090471267700195
21-12-2005,27.75,27.75,0,27.75,27.75,17.896623611450195
22-12-2005,27.75,27.75,0,27.75,27.75,17.896623611450195
23-12-2005,27.75,27.75,0,27.75,27.75,17.896623611450195
27-12-2005,27.75,27.75,0,27.75,27.75,17.896623611450195
28-12-2005,27.75,27.75,0,27.75,27.75,17.896623611450195
29-12-2005,27.75,27.75,0,27.75,27.75,17.896623611450195
30-12-2005,27.75,27.75,0,27.75,27.75,17.896623611450195
03-01-2006,27.75,27.75,0,27.75,27.75,17.896623611450195
04-01-2006,27.75,27.75,0,27.75,27.75,17.896623611450195
05-01-2006,27.75,27.75,0,27.75,27.75,17.896623611450195
06-01-2006,27.75,27.75,0,27.75,27.75,17.896623611450195
09-01-2006,27.75,27.75,0,27.75,27.75,17.896623611450195
10-01-2006,27.75,27.75,0,27.75,27.75,17.896623611450195
11-01-2006,27.75,27.75,0,27.75,27.75,17.896623611450195
12-01-2006,27.75,27.75,0,27.75,27.75,17.896623611450195
13-01-2006,27.75,27.75,0,27.75,27.75,17.896623611450195
17-01-2006,27.75,27.75,0,27.75,27.75,17.896623611450195
18-01-2006,27.75,27.75,0,27.75,27.75,17.896623611450195
19-01-2006,27.75,27.75,0,27.75,27.75,17.896623611450195
20-01-2006,27.75,27.75,0,27.75,27.75,17.896623611450195
23-01-2006,30.479999542236328,30.479999542236328,0,30.479999542236328,30.479999542236328,19.65726661682129
24-01-2006,30.479999542236328,30.479999542236328,0,30.479999542236328,30.479999542236328,19.65726661682129
25-01-2006,30.479999542236328,30.479999542236328,0,30.479999542236328,30.479999542236328,19.65726661682129
26-01-2006,30.479999542236328,30.479999542236328,0,30.479999542236328,30.479999542236328,19.65726661682129
27-01-2006,30.479999542236328,30.479999542236328,0,30.479999542236328,30.479999542236328,19.65726661682129
30-01-2006,30.479999542236328,30.479999542236328,0,30.479999542236328,30.479999542236328,19.65726661682129
31-01-2006,30.479999542236328,30.479999542236328,0,30.479999542236328,30.479999542236328,19.65726661682129
01-02-2006,30.479999542236328,30.479999542236328,0,30.479999542236328,30.479999542236328,19.65726661682129
02-02-2006,30.479999542236328,30.479999542236328,0,30.479999542236328,30.479999542236328,19.65726661682129
03-02-2006,30.479999542236328,30.479999542236328,0,30.479999542236328,30.479999542236328,19.65726661682129
06-02-2006,30.479999542236328,30.479999542236328,0,30.479999542236328,30.479999542236328,19.65726661682129
07-02-2006,30.479999542236328,30.479999542236328,0,30.479999542236328,30.479999542236328,19.65726661682129
08-02-2006,30.479999542236328,30.479999542236328,0,30.479999542236328,30.479999542236328,19.65726661682129
09-02-2006,30.479999542236328,30.479999542236328,0,30.479999542236328,30.479999542236328,19.65726661682129
10-02-2006,30.479999542236328,30.479999542236328,0,30.479999542236328,30.479999542236328,19.65726661682129
13-02-2006,30.479999542236328,30.479999542236328,0,30.479999542236328,30.479999542236328,19.65726661682129
14-02-2006,30.479999542236328,30.479999542236328,0,30.479999542236328,30.479999542236328,19.65726661682129
15-02-2006,30.479999542236328,30.479999542236328,0,30.479999542236328,30.479999542236328,19.65726661682129
16-02-2006,30.479999542236328,30.479999542236328,0,30.479999542236328,30.479999542236328,19.65726661682129
17-02-2006,30.479999542236328,30.479999542236328,0,30.479999542236328,30.479999542236328,19.65726661682129
21-02-2006,30.479999542236328,30.479999542236328,0,30.479999542236328,30.479999542236328,19.65726661682129
22-02-2006,30.14699935913086,30.14699935913086,0,30.14699935913086,30.14699935913086,19.44250869750977
23-02-2006,30.14699935913086,30.14699935913086,0,30.14699935913086,30.14699935913086,19.44250869750977
24-02-2006,30.14699935913086,30.14699935913086,0,30.14699935913086,30.14699935913086,19.44250869750977
27-02-2006,30.14699935913086,30.14699935913086,0,30.14699935913086,30.14699935913086,19.44250869750977
28-02-2006,30.14699935913086,30.14699935913086,0,30.14699935913086,30.14699935913086,19.44250869750977
01-03-2006,30.14699935913086,30.14699935913086,0,30.14699935913086,30.14699935913086,19.44250869750977
02-03-2006,30.14699935913086,30.14699935913086,0,30.14699935913086,30.14699935913086,19.44250869750977
03-03-2006,30.14699935913086,30.14699935913086,0,30.14699935913086,30.14699935913086,19.44250869750977
06-03-2006,30.14699935913086,30.14699935913086,0,30.14699935913086,30.14699935913086,19.44250869750977
07-03-2006,30.14699935913086,30.14699935913086,0,30.14699935913086,30.14699935913086,19.44250869750977
08-03-2006,30.14699935913086,30.14699935913086,0,30.14699935913086,30.14699935913086,19.44250869750977
09-03-2006,30.14699935913086,30.14699935913086,0,30.14699935913086,30.14699935913086,19.44250869750977
10-03-2006,30.14699935913086,30.14699935913086,0,30.14699935913086,30.14699935913086,19.44250869750977
13-03-2006,30.14699935913086,30.14699935913086,0,30.14699935913086,30.14699935913086,19.44250869750977
14-03-2006,30.14699935913086,30.14699935913086,0,30.14699935913086,30.14699935913086,19.44250869750977
15-03-2006,30.14699935913086,30.14699935913086,0,30.14699935913086,30.14699935913086,19.44250869750977
16-03-2006,30.14699935913086,30.14699935913086,0,30.14699935913086,30.14699935913086,19.44250869750977
17-03-2006,30.14699935913086,30.14699935913086,0,30.14699935913086,30.14699935913086,19.44250869750977
20-03-2006,30.14699935913086,30.14699935913086,0,30.14699935913086,30.14699935913086,19.44250869750977
21-03-2006,30.14699935913086,30.14699935913086,0,30.14699935913086,30.14699935913086,19.44250869750977
22-03-2006,30.14699935913086,30.14699935913086,0,30.14699935913086,30.14699935913086,19.44250869750977
23-03-2006,30.14699935913086,30.14699935913086,0,30.14699935913086,30.14699935913086,19.44250869750977
24-03-2006,30.14699935913086,30.14699935913086,0,30.14699935913086,30.14699935913086,19.44250869750977
27-03-2006,30.14699935913086,30.14699935913086,0,30.14699935913086,30.14699935913086,19.44250869750977
28-03-2006,30.14699935913086,30.14699935913086,0,30.14699935913086,30.14699935913086,20.17878532409668
29-03-2006,30.14699935913086,30.14699935913086,0,30.14699935913086,30.14699935913086,20.17878532409668
30-03-2006,30.14699935913086,30.14699935913086,0,30.14699935913086,30.14699935913086,20.17878532409668
31-03-2006,30.14699935913086,30.14699935913086,0,30.14699935913086,30.14699935913086,20.17878532409668
03-04-2006,30.14699935913086,30.14699935913086,0,30.14699935913086,30.14699935913086,20.17878532409668
04-04-2006,30.14699935913086,30.14699935913086,0,30.14699935913086,30.14699935913086,20.17878532409668
05-04-2006,30.14699935913086,30.14699935913086,0,30.14699935913086,30.14699935913086,20.17878532409668
06-04-2006,30.14699935913086,30.14699935913086,0,30.14699935913086,30.14699935913086,20.17878532409668
07-04-2006,30.14699935913086,30.14699935913086,0,30.14699935913086,30.14699935913086,20.17878532409668
10-04-2006,30.14699935913086,30.14699935913086,0,30.14699935913086,30.14699935913086,20.17878532409668
11-04-2006,30.14699935913086,30.14699935913086,0,30.14699935913086,30.14699935913086,20.17878532409668
12-04-2006,30.14699935913086,30.14699935913086,0,30.14699935913086,30.14699935913086,20.17878532409668
13-04-2006,30.14699935913086,30.14699935913086,0,30.14699935913086,30.14699935913086,20.17878532409668
17-04-2006,30.14699935913086,30.14699935913086,0,30.14699935913086,30.14699935913086,20.17878532409668
18-04-2006,30.14699935913086,30.14699935913086,0,30.14699935913086,30.14699935913086,20.17878532409668
19-04-2006,30.14699935913086,30.14699935913086,0,30.14699935913086,30.14699935913086,20.17878532409668
20-04-2006,30.14699935913086,30.14699935913086,0,30.14699935913086,30.14699935913086,20.17878532409668
21-04-2006,30.14699935913086,30.14699935913086,0,30.14699935913086,30.14699935913086,20.17878532409668
24-04-2006,32.5,32.5,0,32.5,32.5,21.75375747680664
25-04-2006,32.5,32.5,0,32.5,32.5,21.75375747680664
26-04-2006,32.5,32.5,0,32.5,32.5,21.75375747680664
27-04-2006,32.5,32.5,0,32.5,32.5,21.75375747680664
28-04-2006,32.5,32.5,0,32.5,32.5,21.75375747680664
01-05-2006,32.5,32.5,0,32.5,32.5,21.75375747680664
02-05-2006,32.5,32.5,0,32.5,32.5,21.75375747680664
03-05-2006,32.5,32.5,0,32.5,32.5,21.75375747680664
04-05-2006,32.5,32.5,0,32.5,32.5,21.75375747680664
05-05-2006,32.5,32.5,0,32.5,32.5,21.75375747680664
08-05-2006,32.5,32.5,0,32.5,32.5,21.75375747680664
09-05-2006,32.5,32.5,0,32.5,32.5,21.75375747680664
10-05-2006,32.5,32.5,0,32.5,32.5,21.75375747680664
11-05-2006,32.5,32.5,0,32.5,32.5,21.75375747680664
12-05-2006,32.5,32.5,0,32.5,32.5,21.75375747680664
15-05-2006,32.5,32.5,0,32.5,32.5,21.75375747680664
16-05-2006,32.5,32.5,0,32.5,32.5,21.75375747680664
17-05-2006,32.5,32.5,0,32.5,32.5,21.75375747680664
18-05-2006,32.5,32.5,0,32.5,32.5,21.75375747680664
19-05-2006,32.5,32.5,0,32.5,32.5,21.75375747680664
22-05-2006,32.5,32.5,0,32.5,32.5,21.75375747680664
23-05-2006,32.5,32.5,0,32.5,32.5,21.75375747680664
24-05-2006,32.5,32.5,0,32.5,32.5,21.75375747680664
25-05-2006,32.5,32.5,0,32.5,32.5,21.75375747680664
26-05-2006,32.5,32.5,0,32.5,32.5,21.75375747680664
30-05-2006,32.5,32.5,0,32.5,32.5,21.75375747680664
31-05-2006,32.5,32.5,0,32.5,32.5,21.75375747680664
01-06-2006,32.5,32.5,0,32.5,32.5,21.75375747680664
02-06-2006,32.5,32.5,0,32.5,32.5,21.75375747680664
05-06-2006,32.5,32.5,0,32.5,32.5,21.75375747680664
06-06-2006,32.5,32.5,0,32.5,32.5,21.75375747680664
07-06-2006,32.5,32.5,0,32.5,32.5,21.75375747680664
08-06-2006,32.5,32.5,0,32.5,32.5,21.75375747680664
09-06-2006,32.5,32.5,0,32.5,32.5,21.75375747680664
12-06-2006,32.5,32.5,0,32.5,32.5,21.75375747680664
13-06-2006,32.5,32.5,0,32.5,32.5,21.75375747680664
14-06-2006,32.5,32.5,0,32.5,32.5,21.75375747680664
15-06-2006,32.5,32.5,0,32.5,32.5,21.75375747680664
16-06-2006,32.5,32.5,0,32.5,32.5,21.75375747680664
19-06-2006,32.5,32.5,0,32.5,32.5,21.75375747680664
20-06-2006,32.5,32.5,0,32.5,32.5,21.75375747680664
21-06-2006,32.5,32.5,0,32.5,32.5,21.75375747680664
22-06-2006,32.5,32.5,0,32.5,32.5,21.75375747680664
23-06-2006,32.5,32.5,0,32.5,32.5,21.75375747680664
26-06-2006,32.5,32.5,0,32.5,32.5,21.75375747680664
27-06-2006,32.5,32.5,0,32.5,32.5,21.75375747680664
28-06-2006,32.5,32.5,0,32.5,32.5,21.75375747680664
29-06-2006,32.5,32.5,0,32.5,32.5,21.75375747680664
30-06-2006,32.5,32.5,0,32.5,32.5,21.75375747680664
03-07-2006,32.5,32.5,0,32.5,32.5,21.75375747680664
05-07-2006,32.5,32.5,0,32.5,32.5,21.75375747680664
06-07-2006,32.5,32.5,0,32.5,32.5,21.75375747680664
07-07-2006,32.5,32.5,0,32.5,32.5,21.75375747680664
10-07-2006,32.5,32.5,0,32.5,32.5,21.75375747680664
11-07-2006,32.5,32.5,0,32.5,32.5,21.75375747680664
12-07-2006,32.5,32.5,0,32.5,32.5,21.75375747680664
13-07-2006,32.5,32.5,0,32.5,32.5,21.75375747680664
14-07-2006,32.5,32.5,0,32.5,32.5,21.75375747680664
17-07-2006,32.5,32.5,0,32.5,32.5,21.75375747680664
18-07-2006,32.5,32.5,0,32.5,32.5,21.75375747680664
19-07-2006,32.5,32.5,0,32.5,32.5,21.75375747680664
20-07-2006,32.5,32.5,0,32.5,32.5,21.75375747680664
21-07-2006,32.5,32.5,0,32.5,32.5,21.75375747680664
24-07-2006,32.5,32.5,0,32.5,32.5,21.75375747680664
25-07-2006,32.5,32.5,0,32.5,32.5,21.75375747680664
26-07-2006,32.5,32.5,0,32.5,32.5,21.75375747680664
27-07-2006,32.5,32.5,0,32.5,32.5,21.75375747680664
28-07-2006,32.5,32.5,0,32.5,32.5,21.75375747680664
31-07-2006,32.5,32.5,0,32.5,32.5,21.75375747680664
01-08-2006,32.5,32.5,0,32.5,32.5,21.75375747680664
02-08-2006,32.5,32.5,0,32.5,32.5,21.75375747680664
03-08-2006,32.5,32.5,0,32.5,32.5,21.75375747680664
04-08-2006,32.5,32.5,0,32.5,32.5,21.75375747680664
07-08-2006,32.5,32.5,0,32.5,32.5,21.75375747680664
08-08-2006,32.5,32.5,0,32.5,32.5,21.75375747680664
09-08-2006,32.5,32.5,0,32.5,32.5,21.75375747680664
10-08-2006,32.5,32.5,0,32.5,32.5,21.75375747680664
11-08-2006,40.25,40.25,0,40.25,40.25,26.941192626953125
14-08-2006,40.25,40.25,0,40.25,40.25,26.941192626953125
15-08-2006,40.25,40.25,0,40.25,40.25,26.941192626953125
16-08-2006,40.25,40.25,0,40.25,40.25,26.941192626953125
17-08-2006,41.5,41.5,0,41.5,41.5,27.777875900268555
18-08-2006,41.5,41.5,0,41.5,41.5,27.777875900268555
21-08-2006,41.5,41.5,0,41.5,41.5,27.777875900268555
22-08-2006,41.5,41.5,0,41.5,41.5,27.777875900268555
23-08-2006,41.5,41.5,0,41.5,41.5,27.777875900268555
24-08-2006,41.5,41.5,0,41.5,41.5,27.777875900268555
25-08-2006,41.5,41.5,0,41.5,41.5,27.777875900268555
28-08-2006,41.5,41.5,0,41.5,41.5,27.777875900268555
29-08-2006,41.5,41.5,0,41.5,41.5,27.777875900268555
30-08-2006,41.5,41.5,0,41.5,41.5,27.777875900268555
31-08-2006,41.5,41.5,0,41.5,41.5,27.777875900268555
01-09-2006,41.5,41.5,0,41.5,41.5,27.777875900268555
05-09-2006,41.5,41.5,0,41.5,41.5,27.777875900268555
06-09-2006,41.5,41.5,0,41.5,41.5,27.777875900268555
07-09-2006,41.5,41.5,0,41.5,41.5,27.777875900268555
08-09-2006,41.5,41.5,0,41.5,41.5,27.777875900268555
11-09-2006,41.5,41.5,0,41.5,41.5,27.777875900268555
12-09-2006,41.5,41.5,0,41.5,41.5,27.777875900268555
13-09-2006,41.5,41.5,0,41.5,41.5,27.777875900268555
14-09-2006,41.5,41.5,0,41.5,41.5,27.777875900268555
15-09-2006,41.5,41.5,0,41.5,41.5,27.777875900268555
18-09-2006,41.5,41.5,0,41.5,41.5,27.777875900268555
19-09-2006,41.5,41.5,0,41.5,41.5,27.777875900268555
20-09-2006,41.5,41.5,0,41.5,41.5,27.777875900268555
21-09-2006,41.5,41.5,0,41.5,41.5,27.777875900268555
22-09-2006,41.5,41.5,0,41.5,41.5,27.777875900268555
25-09-2006,41.5,41.5,0,41.5,41.5,27.777875900268555
26-09-2006,41.5,41.5,0,41.5,41.5,27.777875900268555
27-09-2006,41.5,41.5,0,41.5,41.5,27.777875900268555
28-09-2006,41.5,41.5,0,41.5,41.5,27.777875900268555
29-09-2006,41.5,41.5,0,41.5,41.5,27.777875900268555
02-10-2006,41.5,41.5,0,41.5,41.5,27.777875900268555
03-10-2006,41.5,41.5,0,41.5,41.5,27.777875900268555
04-10-2006,41.5,41.5,0,41.5,41.5,27.777875900268555
05-10-2006,41.5,41.5,0,41.5,41.5,27.777875900268555
06-10-2006,41.5,41.5,0,41.5,41.5,27.777875900268555
09-10-2006,44.380001068115234,44.380001068115234,0,44.380001068115234,44.380001068115234,29.705596923828125
10-10-2006,44.380001068115234,44.380001068115234,0,44.380001068115234,44.380001068115234,29.705596923828125
11-10-2006,46.65999984741211,46.65999984741211,0,46.65999984741211,46.65999984741211,31.23170661926269
12-10-2006,46.52899932861328,46.52899932861328,0,46.52899932861328,46.52899932861328,31.144020080566406
13-10-2006,46.52899932861328,46.52899932861328,0,46.52899932861328,46.52899932861328,31.144020080566406
16-10-2006,46.52899932861328,46.52899932861328,0,46.52899932861328,46.52899932861328,31.144020080566406
17-10-2006,46.52899932861328,46.52899932861328,0,46.52899932861328,46.52899932861328,31.144020080566406
18-10-2006,46.52899932861328,46.52899932861328,0,46.52899932861328,46.52899932861328,31.144020080566406
19-10-2006,46.52899932861328,46.52899932861328,0,46.52899932861328,46.52899932861328,31.144020080566406
20-10-2006,46.52899932861328,46.52899932861328,0,46.52899932861328,46.52899932861328,31.144020080566406
23-10-2006,46.52899932861328,46.52899932861328,0,46.52899932861328,46.52899932861328,31.144020080566406
24-10-2006,46.52899932861328,46.52899932861328,0,46.52899932861328,46.52899932861328,31.144020080566406
25-10-2006,46.52899932861328,46.52899932861328,0,46.52899932861328,46.52899932861328,31.144020080566406
26-10-2006,46.52899932861328,46.52899932861328,0,46.52899932861328,46.52899932861328,31.144020080566406
27-10-2006,46.52899932861328,46.52899932861328,0,46.52899932861328,46.52899932861328,31.144020080566406
30-10-2006,46.52899932861328,46.52899932861328,0,46.52899932861328,46.52899932861328,31.144020080566406
31-10-2006,46.52899932861328,46.52899932861328,0,46.52899932861328,46.52899932861328,31.144020080566406
01-11-2006,46.52899932861328,46.52899932861328,0,46.52899932861328,46.52899932861328,31.144020080566406
02-11-2006,46.52899932861328,46.52899932861328,0,46.52899932861328,46.52899932861328,31.144020080566406
03-11-2006,46.52899932861328,46.52899932861328,0,46.52899932861328,46.52899932861328,31.144020080566406
06-11-2006,46.52899932861328,46.52899932861328,0,46.52899932861328,46.52899932861328,31.144020080566406
07-11-2006,46.52899932861328,46.52899932861328,0,46.52899932861328,46.52899932861328,31.144020080566406
08-11-2006,48.34999847412109,48.34999847412109,0,48.34999847412109,48.34999847412109,32.36290740966797
09-11-2006,48.34999847412109,48.34999847412109,0,48.34999847412109,48.34999847412109,32.36290740966797
10-11-2006,48.34999847412109,48.34999847412109,0,48.34999847412109,48.34999847412109,32.36290740966797
13-11-2006,48.34999847412109,48.34999847412109,0,48.34999847412109,48.34999847412109,32.36290740966797
14-11-2006,48.34999847412109,48.34999847412109,0,48.34999847412109,48.34999847412109,32.36290740966797
15-11-2006,48.34999847412109,48.34999847412109,0,48.34999847412109,48.34999847412109,32.36290740966797
16-11-2006,48.34999847412109,48.34999847412109,0,48.34999847412109,48.34999847412109,32.36290740966797
17-11-2006,48.34999847412109,48.34999847412109,0,48.34999847412109,48.34999847412109,32.36290740966797
20-11-2006,48.34999847412109,48.34999847412109,0,48.34999847412109,48.34999847412109,32.36290740966797
21-11-2006,48.34999847412109,48.34999847412109,0,48.34999847412109,48.34999847412109,32.36290740966797
22-11-2006,48.34999847412109,48.34999847412109,0,48.34999847412109,48.34999847412109,32.36290740966797
24-11-2006,48.34999847412109,48.34999847412109,0,48.34999847412109,48.34999847412109,32.36290740966797
27-11-2006,48.34999847412109,48.34999847412109,0,48.34999847412109,48.34999847412109,32.36290740966797
28-11-2006,48.34999847412109,48.34999847412109,0,48.34999847412109,48.34999847412109,32.36290740966797
29-11-2006,48.34999847412109,48.34999847412109,0,48.34999847412109,48.34999847412109,32.36290740966797
30-11-2006,48.34999847412109,48.34999847412109,0,48.34999847412109,48.34999847412109,32.36290740966797
01-12-2006,48.34999847412109,48.34999847412109,0,48.34999847412109,48.34999847412109,32.36290740966797
04-12-2006,48.34999847412109,48.34999847412109,0,48.34999847412109,48.34999847412109,32.36290740966797
05-12-2006,48.34999847412109,48.34999847412109,0,48.34999847412109,48.34999847412109,32.36290740966797
06-12-2006,48.34999847412109,48.34999847412109,0,48.34999847412109,48.34999847412109,32.36290740966797
07-12-2006,48.34999847412109,48.34999847412109,0,48.34999847412109,48.34999847412109,32.36290740966797
08-12-2006,48.34999847412109,48.34999847412109,0,48.34999847412109,48.34999847412109,32.36290740966797
11-12-2006,48.34999847412109,48.34999847412109,0,48.34999847412109,48.34999847412109,32.36290740966797
12-12-2006,51.29999923706055,51.29999923706055,0,51.29999923706055,51.29999923706055,34.33747863769531
13-12-2006,51.29999923706055,51.29999923706055,0,51.29999923706055,51.29999923706055,34.33747863769531
14-12-2006,51.29999923706055,51.29999923706055,0,51.29999923706055,51.29999923706055,34.33747863769531
15-12-2006,51.29999923706055,51.29999923706055,0,51.29999923706055,51.29999923706055,34.33747863769531
18-12-2006,51.29999923706055,51.29999923706055,0,51.29999923706055,51.29999923706055,34.33747863769531
19-12-2006,51.29999923706055,51.29999923706055,0,51.29999923706055,51.29999923706055,34.33747863769531
20-12-2006,51.29999923706055,51.29999923706055,0,51.29999923706055,51.29999923706055,34.33747863769531
21-12-2006,51.29999923706055,51.29999923706055,0,51.29999923706055,51.29999923706055,34.33747863769531
22-12-2006,51.75,51.75,0,51.75,51.75,34.6386833190918
26-12-2006,51.75,51.75,0,51.75,51.75,34.6386833190918
27-12-2006,51.75,51.75,0,51.75,51.75,34.6386833190918
28-12-2006,51.75,51.75,0,51.75,51.75,34.6386833190918
29-12-2006,51.75,51.75,0,51.75,51.75,34.6386833190918
03-01-2007,51.75,51.75,0,51.75,51.75,34.6386833190918
04-01-2007,51.75,51.75,0,51.75,51.75,34.6386833190918
05-01-2007,51.75,51.75,0,51.75,51.75,34.6386833190918
08-01-2007,51.75,51.75,0,51.75,51.75,34.6386833190918
09-01-2007,51.75,51.75,0,51.75,51.75,34.6386833190918
10-01-2007,51.75,51.75,0,51.75,51.75,34.6386833190918
11-01-2007,51.75,51.75,0,51.75,51.75,34.6386833190918
12-01-2007,51.75,51.75,0,51.75,51.75,34.6386833190918
16-01-2007,51.75,51.75,0,51.75,51.75,34.6386833190918
17-01-2007,51.75,51.75,0,51.75,51.75,34.6386833190918
18-01-2007,51.75,51.75,0,51.75,51.75,34.6386833190918
19-01-2007,51.75,51.75,0,51.75,51.75,34.6386833190918
22-01-2007,51.75,51.75,0,51.75,51.75,34.6386833190918
23-01-2007,51.75,51.75,0,51.75,51.75,34.6386833190918
24-01-2007,51.75,51.75,0,51.75,51.75,34.6386833190918
25-01-2007,51.75,51.75,0,51.75,51.75,34.6386833190918
26-01-2007,51.75,51.75,0,51.75,51.75,34.6386833190918
29-01-2007,51.75,51.75,0,51.75,51.75,34.6386833190918
30-01-2007,51.75,51.75,0,51.75,51.75,34.6386833190918
31-01-2007,51.75,51.75,0,51.75,51.75,34.6386833190918
01-02-2007,53.45000076293945,53.45000076293945,0,53.45000076293945,53.45000076293945,35.77656936645508
02-02-2007,53.45000076293945,53.45000076293945,0,53.45000076293945,53.45000076293945,35.77656936645508
05-02-2007,53.900001525878906,53.900001525878906,0,53.900001525878906,53.900001525878906,36.07777404785156
06-02-2007,53.900001525878906,53.900001525878906,0,53.900001525878906,53.900001525878906,36.07777404785156
07-02-2007,53.900001525878906,53.900001525878906,0,53.900001525878906,53.900001525878906,36.07777404785156
08-02-2007,53.900001525878906,53.900001525878906,0,53.900001525878906,53.900001525878906,36.07777404785156
09-02-2007,53.900001525878906,53.900001525878906,0,53.900001525878906,53.900001525878906,36.07777404785156
12-02-2007,53.900001525878906,53.900001525878906,0,53.900001525878906,53.900001525878906,36.07777404785156
13-02-2007,53.900001525878906,53.900001525878906,0,53.900001525878906,53.900001525878906,36.07777404785156
14-02-2007,53.900001525878906,53.900001525878906,0,53.900001525878906,53.900001525878906,36.07777404785156
15-02-2007,53.900001525878906,53.900001525878906,0,53.900001525878906,53.900001525878906,36.07777404785156
16-02-2007,53.900001525878906,53.900001525878906,0,53.900001525878906,53.900001525878906,36.07777404785156
20-02-2007,53.900001525878906,53.900001525878906,0,53.900001525878906,53.900001525878906,36.07777404785156
21-02-2007,53.900001525878906,53.900001525878906,0,53.900001525878906,53.900001525878906,36.07777404785156
22-02-2007,55.75,55.75,0,55.75,55.75,37.31606674194336
23-02-2007,54.70000076293945,54.70000076293945,0,54.70000076293945,54.70000076293945,36.61325454711914
26-02-2007,54.70000076293945,54.70000076293945,0,54.70000076293945,54.70000076293945,36.61325454711914
27-02-2007,54.70000076293945,54.70000076293945,0,54.70000076293945,54.70000076293945,36.61325454711914
28-02-2007,51.5,51.5,0,51.5,51.5,34.47134780883789
01-03-2007,51.71099853515625,51.71099853515625,0,51.71099853515625,51.71099853515625,34.61257553100586
02-03-2007,51.71099853515625,51.71099853515625,0,51.71099853515625,51.71099853515625,34.61257553100586
05-03-2007,51.71099853515625,51.71099853515625,0,51.71099853515625,51.71099853515625,34.61257553100586
06-03-2007,51.71099853515625,51.71099853515625,0,51.71099853515625,51.71099853515625,34.61257553100586
07-03-2007,51.71099853515625,51.71099853515625,0,51.71099853515625,51.71099853515625,34.61257553100586
08-03-2007,51.71099853515625,51.71099853515625,0,51.71099853515625,51.71099853515625,34.61257553100586
09-03-2007,51.71099853515625,51.71099853515625,0,51.71099853515625,51.71099853515625,34.61257553100586
12-03-2007,51.71099853515625,51.71099853515625,0,51.71099853515625,51.71099853515625,34.61257553100586
13-03-2007,51.71099853515625,51.71099853515625,0,51.71099853515625,51.71099853515625,34.61257553100586
14-03-2007,51.71099853515625,51.71099853515625,0,51.71099853515625,51.71099853515625,34.61257553100586
15-03-2007,51.71099853515625,51.71099853515625,0,51.71099853515625,51.71099853515625,34.61257553100586
16-03-2007,51.71099853515625,51.71099853515625,0,51.71099853515625,51.71099853515625,34.61257553100586
19-03-2007,51.71099853515625,51.71099853515625,0,51.71099853515625,51.71099853515625,34.61257553100586
20-03-2007,51.71099853515625,51.71099853515625,0,51.71099853515625,51.71099853515625,34.61257553100586
21-03-2007,51.71099853515625,51.71099853515625,0,51.71099853515625,51.71099853515625,34.61257553100586
22-03-2007,51.71099853515625,51.71099853515625,0,51.71099853515625,51.71099853515625,34.61257553100586
23-03-2007,51.71099853515625,51.71099853515625,0,51.71099853515625,51.71099853515625,34.61257553100586
26-03-2007,51.71099853515625,51.71099853515625,0,51.71099853515625,51.71099853515625,34.61257553100586
27-03-2007,51.71099853515625,51.71099853515625,0,51.71099853515625,51.71099853515625,35.64659118652344
28-03-2007,51.71099853515625,51.71099853515625,0,51.71099853515625,51.71099853515625,35.64659118652344
29-03-2007,51.71099853515625,51.71099853515625,0,51.71099853515625,51.71099853515625,35.64659118652344
30-03-2007,51.71099853515625,51.71099853515625,0,51.71099853515625,51.71099853515625,35.64659118652344
02-04-2007,51.71099853515625,51.71099853515625,0,51.71099853515625,51.71099853515625,35.64659118652344
03-04-2007,51.71099853515625,51.71099853515625,0,51.71099853515625,51.71099853515625,35.64659118652344
04-04-2007,51.71099853515625,51.71099853515625,0,51.71099853515625,51.71099853515625,35.64659118652344
05-04-2007,51.71099853515625,51.71099853515625,0,51.71099853515625,51.71099853515625,35.64659118652344
09-04-2007,51.71099853515625,51.71099853515625,0,51.71099853515625,51.71099853515625,35.64659118652344
10-04-2007,51.71099853515625,51.71099853515625,0,51.71099853515625,51.71099853515625,35.64659118652344
11-04-2007,51.71099853515625,51.71099853515625,0,51.71099853515625,51.71099853515625,35.64659118652344
12-04-2007,51.71099853515625,51.71099853515625,0,51.71099853515625,51.71099853515625,35.64659118652344
13-04-2007,51.71099853515625,51.71099853515625,0,51.71099853515625,51.71099853515625,35.64659118652344
16-04-2007,51.71099853515625,51.71099853515625,0,51.71099853515625,51.71099853515625,35.64659118652344
17-04-2007,51.71099853515625,51.71099853515625,0,51.71099853515625,51.71099853515625,35.64659118652344
18-04-2007,51.71099853515625,51.71099853515625,0,51.71099853515625,51.71099853515625,35.64659118652344
19-04-2007,51.71099853515625,51.71099853515625,0,51.71099853515625,51.71099853515625,35.64659118652344
20-04-2007,51.71099853515625,51.71099853515625,0,51.71099853515625,51.71099853515625,35.64659118652344
23-04-2007,51.71099853515625,51.71099853515625,0,51.71099853515625,51.71099853515625,35.64659118652344
24-04-2007,51.71099853515625,51.71099853515625,0,51.71099853515625,51.71099853515625,35.64659118652344
25-04-2007,69.8499984741211,69.8499984741211,0,69.8499984741211,69.8499984741211,48.15056610107422
26-04-2007,69.8499984741211,69.8499984741211,0,69.8499984741211,69.8499984741211,48.15056610107422
27-04-2007,70.0,70.0,0,70.0,70.0,48.25397109985352
30-04-2007,70.0,70.0,0,70.0,70.0,48.25397109985352
01-05-2007,69.5,69.5,0,69.5,69.5,47.9093017578125
02-05-2007,69.5,69.5,0,69.5,69.5,47.9093017578125
03-05-2007,69.5,69.5,0,69.5,69.5,47.9093017578125
04-05-2007,71.3499984741211,71.3499984741211,0,71.3499984741211,71.3499984741211,49.18458557128906
07-05-2007,71.3499984741211,71.3499984741211,0,71.3499984741211,71.3499984741211,49.18458557128906
08-05-2007,71.3499984741211,71.3499984741211,0,71.3499984741211,71.3499984741211,49.18458557128906
09-05-2007,71.3499984741211,71.3499984741211,0,71.3499984741211,71.3499984741211,49.18458557128906
10-05-2007,71.3499984741211,71.3499984741211,0,71.3499984741211,71.3499984741211,49.18458557128906
11-05-2007,71.3499984741211,71.3499984741211,0,71.3499984741211,71.3499984741211,49.18458557128906
14-05-2007,71.3499984741211,71.3499984741211,0,71.3499984741211,71.3499984741211,49.18458557128906
15-05-2007,69.5,69.5,0,69.5,69.5,47.9093017578125
16-05-2007,69.5,69.5,0,69.5,69.5,47.9093017578125
17-05-2007,69.5,69.5,0,69.5,69.5,47.9093017578125
18-05-2007,69.5,69.5,0,69.5,69.5,47.9093017578125
21-05-2007,69.5,69.5,0,69.5,69.5,47.9093017578125
22-05-2007,69.5,69.5,0,69.5,69.5,47.9093017578125
23-05-2007,69.5,69.5,0,69.5,69.5,47.9093017578125
24-05-2007,69.5,69.5,0,69.5,69.5,47.9093017578125
25-05-2007,69.5,69.5,0,69.5,69.5,47.9093017578125
29-05-2007,69.5,69.5,0,69.5,69.5,47.9093017578125
30-05-2007,69.5,69.5,0,69.5,69.5,47.9093017578125
31-05-2007,69.5,69.5,0,69.5,69.5,47.9093017578125
01-06-2007,69.5,69.5,0,69.5,69.5,47.9093017578125
04-06-2007,69.69999694824219,69.69999694824219,0,69.69999694824219,69.69999694824219,48.04716491699219
05-06-2007,69.69999694824219,69.69999694824219,0,69.69999694824219,69.69999694824219,48.04716491699219
06-06-2007,69.69999694824219,69.69999694824219,0,69.69999694824219,69.69999694824219,48.04716491699219
07-06-2007,69.69999694824219,69.69999694824219,0,69.69999694824219,69.69999694824219,48.04716491699219
08-06-2007,69.69999694824219,69.69999694824219,0,69.69999694824219,69.69999694824219,48.04716491699219
11-06-2007,69.69999694824219,69.69999694824219,0,69.69999694824219,69.69999694824219,48.04716491699219
12-06-2007,69.69999694824219,69.69999694824219,0,69.69999694824219,69.69999694824219,48.04716491699219
13-06-2007,69.69999694824219,69.69999694824219,0,69.69999694824219,69.69999694824219,48.04716491699219
14-06-2007,69.69999694824219,69.69999694824219,0,69.69999694824219,69.69999694824219,48.04716491699219
15-06-2007,69.69999694824219,69.69999694824219,0,69.69999694824219,69.69999694824219,48.04716491699219
18-06-2007,69.69999694824219,69.69999694824219,0,69.69999694824219,69.69999694824219,48.04716491699219
19-06-2007,69.69999694824219,69.69999694824219,0,69.69999694824219,69.69999694824219,48.04716491699219
20-06-2007,69.69999694824219,69.69999694824219,0,69.69999694824219,69.69999694824219,48.04716491699219
21-06-2007,69.69999694824219,69.69999694824219,0,69.69999694824219,69.69999694824219,48.04716491699219
22-06-2007,69.69999694824219,69.69999694824219,0,69.69999694824219,69.69999694824219,48.04716491699219
25-06-2007,69.69999694824219,69.69999694824219,0,69.69999694824219,69.69999694824219,48.04716491699219
26-06-2007,69.69999694824219,69.69999694824219,0,69.69999694824219,69.69999694824219,48.04716491699219
27-06-2007,69.69999694824219,69.69999694824219,0,69.69999694824219,69.69999694824219,48.04716491699219
28-06-2007,69.69999694824219,69.69999694824219,0,69.69999694824219,69.69999694824219,48.04716491699219
29-06-2007,69.69999694824219,69.69999694824219,0,69.69999694824219,69.69999694824219,48.04716491699219
02-07-2007,69.69999694824219,69.69999694824219,0,69.69999694824219,69.69999694824219,48.04716491699219
03-07-2007,69.69999694824219,69.69999694824219,0,69.69999694824219,69.69999694824219,48.04716491699219
05-07-2007,69.69999694824219,69.69999694824219,0,69.69999694824219,69.69999694824219,48.04716491699219
06-07-2007,69.69999694824219,69.69999694824219,0,69.69999694824219,69.69999694824219,48.04716491699219
09-07-2007,69.69999694824219,69.69999694824219,0,69.69999694824219,69.69999694824219,48.04716491699219
10-07-2007,69.69999694824219,69.69999694824219,0,69.69999694824219,69.69999694824219,48.04716491699219
11-07-2007,69.69999694824219,69.69999694824219,0,69.69999694824219,69.69999694824219,48.04716491699219
12-07-2007,69.69999694824219,69.69999694824219,0,69.69999694824219,69.69999694824219,48.04716491699219
13-07-2007,69.69999694824219,69.69999694824219,0,69.69999694824219,69.69999694824219,48.04716491699219
16-07-2007,69.69999694824219,69.69999694824219,0,69.69999694824219,69.69999694824219,48.04716491699219
17-07-2007,69.69999694824219,69.69999694824219,0,69.69999694824219,69.69999694824219,48.04716491699219
18-07-2007,69.69999694824219,69.69999694824219,0,69.69999694824219,69.69999694824219,48.04716491699219
19-07-2007,69.69999694824219,69.69999694824219,0,69.69999694824219,69.69999694824219,48.04716491699219
20-07-2007,69.69999694824219,69.69999694824219,0,69.69999694824219,69.69999694824219,48.04716491699219
23-07-2007,69.69999694824219,69.69999694824219,0,69.69999694824219,69.69999694824219,48.04716491699219
24-07-2007,69.69999694824219,69.69999694824219,0,69.69999694824219,69.69999694824219,48.04716491699219
25-07-2007,69.69999694824219,69.69999694824219,0,69.69999694824219,69.69999694824219,48.04716491699219
26-07-2007,69.69999694824219,69.69999694824219,0,69.69999694824219,69.69999694824219,48.04716491699219
27-07-2007,53.59999847412109,53.59999847412109,0,53.59999847412109,53.59999847412109,36.94874954223633
30-07-2007,53.59999847412109,53.59999847412109,0,53.59999847412109,53.59999847412109,36.94874954223633
31-07-2007,53.59999847412109,53.59999847412109,0,53.59999847412109,53.59999847412109,36.94874954223633
01-08-2007,52.5,52.5,0,52.5,52.5,36.19048309326172
02-08-2007,52.5,52.5,0,52.5,52.5,36.19048309326172
03-08-2007,52.5,52.5,0,52.5,52.5,36.19048309326172
06-08-2007,53.04999923706055,53.04999923706055,0,53.04999923706055,53.04999923706055,36.569618225097656
07-08-2007,53.04999923706055,53.04999923706055,0,53.04999923706055,53.04999923706055,36.569618225097656
08-08-2007,53.04999923706055,53.04999923706055,0,53.04999923706055,53.04999923706055,36.569618225097656
09-08-2007,53.04999923706055,53.04999923706055,0,53.04999923706055,53.04999923706055,36.569618225097656
10-08-2007,53.04999923706055,53.04999923706055,0,53.04999923706055,53.04999923706055,36.569618225097656
13-08-2007,53.04999923706055,53.04999923706055,0,53.04999923706055,53.04999923706055,36.569618225097656
14-08-2007,53.04999923706055,53.04999923706055,0,53.04999923706055,53.04999923706055,36.569618225097656
15-08-2007,53.04999923706055,53.04999923706055,0,53.04999923706055,53.04999923706055,36.569618225097656
16-08-2007,53.04999923706055,53.04999923706055,0,53.04999923706055,53.04999923706055,36.569618225097656
17-08-2007,53.04999923706055,53.04999923706055,0,53.04999923706055,53.04999923706055,36.569618225097656
20-08-2007,53.04999923706055,53.04999923706055,0,53.04999923706055,53.04999923706055,36.569618225097656
21-08-2007,53.04999923706055,53.04999923706055,0,53.04999923706055,53.04999923706055,36.569618225097656
22-08-2007,53.04999923706055,53.04999923706055,0,53.04999923706055,53.04999923706055,36.569618225097656
23-08-2007,53.04999923706055,53.04999923706055,0,53.04999923706055,53.04999923706055,36.569618225097656
24-08-2007,53.04999923706055,53.04999923706055,0,53.04999923706055,53.04999923706055,36.569618225097656
27-08-2007,53.04999923706055,53.04999923706055,0,53.04999923706055,53.04999923706055,36.569618225097656
28-08-2007,53.04999923706055,53.04999923706055,0,53.04999923706055,53.04999923706055,36.569618225097656
29-08-2007,53.04999923706055,53.04999923706055,0,53.04999923706055,53.04999923706055,36.569618225097656
30-08-2007,57.75,57.75,0,57.75,57.75,39.809532165527344
31-08-2007,57.75,57.75,0,57.75,57.75,39.809532165527344
04-09-2007,57.75,57.75,0,57.75,57.75,39.809532165527344
05-09-2007,57.75,57.75,0,57.75,57.75,39.809532165527344
06-09-2007,57.75,57.75,0,57.75,57.75,39.809532165527344
07-09-2007,57.75,57.75,0,57.75,57.75,39.809532165527344
10-09-2007,57.75,57.75,0,57.75,57.75,39.809532165527344
11-09-2007,57.75,57.75,0,57.75,57.75,39.809532165527344
12-09-2007,57.75,57.75,0,57.75,57.75,39.809532165527344
13-09-2007,57.75,57.75,0,57.75,57.75,39.809532165527344
14-09-2007,57.75,57.75,0,57.75,57.75,39.809532165527344
17-09-2007,57.75,57.75,0,57.75,57.75,39.809532165527344
18-09-2007,57.75,57.75,0,57.75,57.75,39.809532165527344
19-09-2007,57.75,57.75,0,57.75,57.75,39.809532165527344
20-09-2007,65.5,65.5,0,65.5,65.5,45.15193557739258
21-09-2007,65.5,65.5,0,65.5,65.5,45.15193557739258
24-09-2007,65.5,65.5,0,65.5,65.5,45.15193557739258
25-09-2007,65.5,65.5,0,65.5,65.5,45.15193557739258
26-09-2007,65.5,65.5,0,65.5,65.5,45.15193557739258
27-09-2007,65.5,65.5,0,65.5,65.5,45.15193557739258
28-09-2007,65.5,65.5,0,65.5,65.5,45.15193557739258
01-10-2007,65.5,65.5,0,65.5,65.5,45.15193557739258
02-10-2007,65.5,65.5,0,65.5,65.5,45.15193557739258
03-10-2007,65.5,65.5,0,65.5,65.5,45.15193557739258
04-10-2007,65.5,65.5,0,65.5,65.5,45.15193557739258
05-10-2007,65.5,65.5,0,65.5,65.5,45.15193557739258
08-10-2007,63.20000076293945,63.20000076293945,0,63.20000076293945,63.20000076293945,43.56644058227539
09-10-2007,63.20000076293945,63.20000076293945,0,63.20000076293945,63.20000076293945,43.56644058227539
10-10-2007,63.20000076293945,63.20000076293945,0,63.20000076293945,63.20000076293945,43.56644058227539
11-10-2007,63.20000076293945,63.20000076293945,0,63.20000076293945,63.20000076293945,43.56644058227539
12-10-2007,63.20000076293945,63.20000076293945,0,63.20000076293945,63.20000076293945,43.56644058227539
15-10-2007,63.20000076293945,63.20000076293945,0,63.20000076293945,63.20000076293945,43.56644058227539
16-10-2007,63.20000076293945,63.20000076293945,0,63.20000076293945,63.20000076293945,43.56644058227539
17-10-2007,63.20000076293945,63.20000076293945,0,63.20000076293945,63.20000076293945,43.56644058227539
18-10-2007,63.51800155639648,63.51800155639648,0,63.51800155639648,63.51800155639648,43.78564834594727
19-10-2007,63.51800155639648,63.51800155639648,0,63.51800155639648,63.51800155639648,43.78564834594727
22-10-2007,63.51800155639648,63.51800155639648,0,63.51800155639648,63.51800155639648,43.78564834594727
23-10-2007,63.51800155639648,63.51800155639648,0,63.51800155639648,63.51800155639648,43.78564834594727
24-10-2007,63.51800155639648,63.51800155639648,0,63.51800155639648,63.51800155639648,43.78564834594727
25-10-2007,63.51800155639648,63.51800155639648,0,63.51800155639648,63.51800155639648,43.78564834594727
26-10-2007,63.51800155639648,63.51800155639648,0,63.51800155639648,63.51800155639648,43.78564834594727
29-10-2007,59.75,59.75,0,59.75,59.75,41.18821334838867
30-10-2007,59.75,59.75,0,59.75,59.75,41.18821334838867
31-10-2007,59.75,59.75,0,59.75,59.75,41.18821334838867
01-11-2007,59.75,59.75,0,59.75,59.75,41.18821334838867
02-11-2007,59.75,59.75,0,59.75,59.75,41.18821334838867
05-11-2007,59.75,59.75,0,59.75,59.75,41.18821334838867
06-11-2007,59.75,59.75,0,59.75,59.75,41.18821334838867
07-11-2007,56.75,56.75,0,56.75,56.75,39.12018585205078
08-11-2007,56.75,56.75,0,56.75,56.75,39.12018585205078
09-11-2007,56.75,56.75,0,56.75,56.75,39.12018585205078
12-11-2007,56.75,56.75,0,56.75,56.75,39.12018585205078
13-11-2007,56.75,56.75,0,56.75,56.75,39.12018585205078
14-11-2007,56.75,56.75,0,56.75,56.75,39.12018585205078
15-11-2007,56.75,56.75,0,56.75,56.75,39.12018585205078
16-11-2007,56.75,56.75,0,56.75,56.75,39.12018585205078
19-11-2007,56.75,56.75,0,56.75,56.75,39.12018585205078
20-11-2007,56.75,56.75,0,56.75,56.75,39.12018585205078
21-11-2007,56.75,56.75,0,56.75,56.75,39.12018585205078
23-11-2007,56.75,56.75,0,56.75,56.75,39.12018585205078
26-11-2007,56.75,56.75,0,56.75,56.75,39.12018585205078
27-11-2007,56.75,56.75,0,56.75,56.75,39.12018585205078
28-11-2007,56.75,56.75,0,56.75,56.75,39.12018585205078
29-11-2007,56.75,56.75,0,56.75,56.75,39.12018585205078
30-11-2007,56.75,56.75,0,56.75,56.75,39.12018585205078
03-12-2007,56.75,56.75,0,56.75,56.75,39.12018585205078
04-12-2007,56.75,56.75,0,56.75,56.75,39.12018585205078
05-12-2007,56.75,56.75,0,56.75,56.75,39.12018585205078
06-12-2007,56.75,56.75,0,56.75,56.75,39.12018585205078
07-12-2007,56.75,56.75,0,56.75,56.75,39.12018585205078
10-12-2007,56.75,56.75,0,56.75,56.75,39.12018585205078
11-12-2007,56.75,56.75,0,56.75,56.75,39.12018585205078
12-12-2007,56.75,56.75,0,56.75,56.75,39.12018585205078
13-12-2007,56.75,56.75,0,56.75,56.75,39.12018585205078
14-12-2007,56.75,56.75,0,56.75,56.75,39.12018585205078
17-12-2007,56.75,56.75,0,56.75,56.75,39.12018585205078
18-12-2007,56.75,56.75,0,56.75,56.75,39.12018585205078
19-12-2007,56.75,56.75,0,56.75,56.75,39.12018585205078
20-12-2007,56.75,56.75,0,56.75,56.75,39.12018585205078
21-12-2007,56.75,56.75,0,56.75,56.75,39.12018585205078
24-12-2007,56.75,56.75,0,56.75,56.75,39.12018585205078
26-12-2007,56.75,56.75,0,56.75,56.75,39.12018585205078
27-12-2007,56.75,56.75,0,56.75,56.75,39.12018585205078
28-12-2007,56.75,56.75,0,56.75,56.75,39.12018585205078
31-12-2007,56.75,56.75,0,56.75,56.75,39.12018585205078
02-01-2008,56.75,56.75,0,56.75,56.75,39.12018585205078
03-01-2008,56.75,56.75,0,56.75,56.75,39.12018585205078
04-01-2008,56.75,56.75,0,56.75,56.75,39.12018585205078
07-01-2008,56.75,56.75,0,56.75,56.75,39.12018585205078
08-01-2008,56.75,56.75,0,56.75,56.75,39.12018585205078
09-01-2008,56.75,56.75,0,56.75,56.75,39.12018585205078
10-01-2008,56.75,56.75,0,56.75,56.75,39.12018585205078
11-01-2008,56.75,56.75,0,56.75,56.75,39.12018585205078
14-01-2008,56.75,56.75,0,56.75,56.75,39.12018585205078
15-01-2008,56.75,56.75,0,56.75,56.75,39.12018585205078
16-01-2008,56.75,56.75,0,56.75,56.75,39.12018585205078
17-01-2008,56.75,56.75,0,56.75,56.75,39.12018585205078
18-01-2008,56.75,56.75,0,56.75,56.75,39.12018585205078
22-01-2008,56.75,56.75,0,56.75,56.75,39.12018585205078
23-01-2008,56.75,56.75,0,56.75,56.75,39.12018585205078
24-01-2008,56.75,56.75,0,56.75,56.75,39.12018585205078
25-01-2008,56.75,56.75,0,56.75,56.75,39.12018585205078
28-01-2008,56.75,56.75,0,56.75,56.75,39.12018585205078
29-01-2008,56.75,56.75,0,56.75,56.75,39.12018585205078
30-01-2008,56.75,56.75,0,56.75,56.75,39.12018585205078
31-01-2008,56.75,56.75,0,56.75,56.75,39.12018585205078
01-02-2008,56.75,56.75,0,56.75,56.75,39.12018585205078
04-02-2008,56.75,56.75,0,56.75,56.75,39.12018585205078
05-02-2008,56.75,56.75,0,56.75,56.75,39.12018585205078
06-02-2008,56.75,56.75,0,56.75,56.75,39.12018585205078
07-02-2008,56.75,56.75,0,56.75,56.75,39.12018585205078
08-02-2008,56.75,56.75,0,56.75,56.75,39.12018585205078
11-02-2008,56.75,56.75,0,56.75,56.75,39.12018585205078
12-02-2008,56.75,56.75,0,56.75,56.75,39.12018585205078
13-02-2008,56.75,56.75,0,56.75,56.75,39.12018585205078
14-02-2008,56.75,56.75,0,56.75,56.75,39.12018585205078
15-02-2008,56.75,56.75,0,56.75,56.75,39.12018585205078
19-02-2008,56.75,56.75,0,56.75,56.75,39.12018585205078
20-02-2008,56.75,56.75,0,56.75,56.75,39.12018585205078
21-02-2008,56.75,56.75,0,56.75,56.75,39.12018585205078
22-02-2008,56.75,56.75,0,56.75,56.75,39.12018585205078
25-02-2008,56.75,56.75,0,56.75,56.75,39.12018585205078
26-02-2008,56.75,56.75,0,56.75,56.75,39.12018585205078
27-02-2008,56.75,56.75,0,56.75,56.75,39.12018585205078
28-02-2008,56.75,56.75,0,56.75,56.75,39.12018585205078
29-02-2008,56.75,56.75,0,56.75,56.75,39.12018585205078
03-03-2008,56.75,56.75,0,56.75,56.75,39.12018585205078
04-03-2008,56.75,56.75,0,56.75,56.75,39.12018585205078
05-03-2008,56.75,56.75,0,56.75,56.75,39.12018585205078
06-03-2008,56.75,56.75,0,56.75,56.75,39.12018585205078
07-03-2008,56.75,56.75,0,56.75,56.75,39.12018585205078
10-03-2008,56.75,56.75,0,56.75,56.75,39.12018585205078
11-03-2008,56.75,56.75,0,56.75,56.75,39.12018585205078
12-03-2008,56.75,56.75,0,56.75,56.75,39.12018585205078
13-03-2008,56.75,56.75,0,56.75,56.75,39.12018585205078
14-03-2008,56.75,56.75,0,56.75,56.75,39.12018585205078
17-03-2008,56.75,56.75,0,56.75,56.75,39.12018585205078
18-03-2008,56.75,56.75,0,56.75,56.75,39.12018585205078
19-03-2008,56.75,56.75,0,56.75,56.75,39.12018585205078
20-03-2008,56.75,56.75,0,56.75,56.75,39.12018585205078
24-03-2008,56.75,56.75,0,56.75,56.75,39.12018585205078
25-03-2008,56.75,56.75,0,56.75,56.75,39.12018585205078
26-03-2008,56.75,56.75,0,56.75,56.75,39.12018585205078
27-03-2008,56.75,56.75,0,56.75,56.75,39.12018585205078
28-03-2008,56.75,56.75,0,56.75,56.75,39.12018585205078
31-03-2008,56.75,56.75,0,56.75,56.75,39.12018585205078
01-04-2008,56.75,56.75,0,56.75,56.75,40.25513458251953
02-04-2008,56.75,56.75,0,56.75,56.75,40.25513458251953
03-04-2008,56.75,56.75,0,56.75,56.75,40.25513458251953
04-04-2008,56.75,56.75,0,56.75,56.75,40.25513458251953
07-04-2008,56.75,56.75,0,56.75,56.75,40.25513458251953
08-04-2008,56.75,56.75,0,56.75,56.75,40.25513458251953
09-04-2008,56.75,56.75,0,56.75,56.75,40.25513458251953
10-04-2008,56.75,56.75,0,56.75,56.75,40.25513458251953
11-04-2008,56.75,56.75,0,56.75,56.75,40.25513458251953
14-04-2008,56.75,56.75,0,56.75,56.75,40.25513458251953
15-04-2008,56.75,56.75,0,56.75,56.75,40.25513458251953
16-04-2008,56.75,56.75,0,56.75,56.75,40.25513458251953
17-04-2008,56.75,56.75,0,56.75,56.75,40.25513458251953
18-04-2008,56.75,56.75,0,56.75,56.75,40.25513458251953
21-04-2008,56.75,56.75,0,56.75,56.75,40.25513458251953
22-04-2008,56.75,56.75,0,56.75,56.75,40.25513458251953
23-04-2008,56.75,56.75,0,56.75,56.75,40.25513458251953
24-04-2008,56.75,56.75,0,56.75,56.75,40.25513458251953
25-04-2008,56.75,56.75,0,56.75,56.75,40.25513458251953
28-04-2008,56.75,56.75,0,56.75,56.75,40.25513458251953
29-04-2008,56.75,56.75,0,56.75,56.75,40.25513458251953
30-04-2008,56.75,56.75,0,56.75,56.75,40.25513458251953
01-05-2008,56.75,56.75,0,56.75,56.75,40.25513458251953
02-05-2008,56.75,56.75,0,56.75,56.75,40.25513458251953
05-05-2008,56.75,56.75,0,56.75,56.75,40.25513458251953
06-05-2008,56.75,56.75,0,56.75,56.75,40.25513458251953
07-05-2008,56.75,56.75,0,56.75,56.75,40.25513458251953
08-05-2008,56.75,56.75,0,56.75,56.75,40.25513458251953
09-05-2008,56.75,56.75,0,56.75,56.75,40.25513458251953
12-05-2008,56.75,56.75,0,56.75,56.75,40.25513458251953
13-05-2008,56.75,56.75,0,56.75,56.75,40.25513458251953
14-05-2008,56.75,56.75,0,56.75,56.75,40.25513458251953
15-05-2008,56.75,56.75,0,56.75,56.75,40.25513458251953
16-05-2008,56.75,56.75,0,56.75,56.75,40.25513458251953
19-05-2008,56.75,56.75,0,56.75,56.75,40.25513458251953
20-05-2008,56.75,56.75,0,56.75,56.75,40.25513458251953
21-05-2008,56.75,56.75,0,56.75,56.75,40.25513458251953
22-05-2008,56.75,56.75,0,56.75,56.75,40.25513458251953
23-05-2008,56.75,56.75,0,56.75,56.75,40.25513458251953
27-05-2008,56.75,56.75,0,56.75,56.75,40.25513458251953
28-05-2008,56.75,56.75,0,56.75,56.75,40.25513458251953
29-05-2008,56.75,56.75,0,56.75,56.75,40.25513458251953
30-05-2008,56.75,56.75,0,56.75,56.75,40.25513458251953
02-06-2008,56.75,56.75,0,56.75,56.75,40.25513458251953
03-06-2008,56.75,56.75,0,56.75,56.75,40.25513458251953
04-06-2008,56.75,56.75,0,56.75,56.75,40.25513458251953
05-06-2008,56.75,56.75,0,56.75,56.75,40.25513458251953
06-06-2008,56.75,56.75,0,56.75,56.75,40.25513458251953
09-06-2008,56.75,56.75,0,56.75,56.75,40.25513458251953
10-06-2008,56.75,56.75,0,56.75,56.75,40.25513458251953
11-06-2008,56.75,56.75,0,56.75,56.75,40.25513458251953
12-06-2008,56.75,56.75,0,56.75,56.75,40.25513458251953
13-06-2008,56.75,56.75,0,56.75,56.75,40.25513458251953
16-06-2008,56.75,56.75,0,56.75,56.75,40.25513458251953
17-06-2008,56.75,56.75,0,56.75,56.75,40.25513458251953
18-06-2008,56.75,56.75,0,56.75,56.75,40.25513458251953
19-06-2008,56.75,56.75,0,56.75,56.75,40.25513458251953
20-06-2008,56.75,56.75,0,56.75,56.75,40.25513458251953
23-06-2008,56.75,56.75,0,56.75,56.75,40.25513458251953
24-06-2008,56.75,56.75,0,56.75,56.75,40.25513458251953
25-06-2008,56.75,56.75,0,56.75,56.75,40.25513458251953
26-06-2008,56.75,56.75,0,56.75,56.75,40.25513458251953
27-06-2008,56.75,56.75,0,56.75,56.75,40.25513458251953
30-06-2008,56.75,56.75,0,56.75,56.75,40.25513458251953
01-07-2008,56.75,56.75,0,56.75,56.75,40.25513458251953
02-07-2008,56.75,56.75,0,56.75,56.75,40.25513458251953
03-07-2008,56.75,56.75,0,56.75,56.75,40.25513458251953
07-07-2008,56.75,56.75,0,56.75,56.75,40.25513458251953
08-07-2008,56.75,56.75,0,56.75,56.75,40.25513458251953
09-07-2008,56.75,56.75,0,56.75,56.75,40.25513458251953
10-07-2008,56.75,56.75,0,56.75,56.75,40.25513458251953
11-07-2008,56.75,56.75,0,56.75,56.75,40.25513458251953
14-07-2008,56.75,56.75,0,56.75,56.75,40.25513458251953
15-07-2008,56.75,56.75,0,56.75,56.75,40.25513458251953
16-07-2008,56.75,56.75,0,56.75,56.75,40.25513458251953
17-07-2008,56.75,56.75,0,56.75,56.75,40.25513458251953
18-07-2008,56.75,56.75,0,56.75,56.75,40.25513458251953
21-07-2008,56.75,56.75,0,56.75,56.75,40.25513458251953
22-07-2008,56.75,56.75,0,56.75,56.75,40.25513458251953
23-07-2008,56.75,56.75,0,56.75,56.75,40.25513458251953
24-07-2008,56.75,56.75,0,56.75,56.75,40.25513458251953
25-07-2008,56.75,56.75,0,56.75,56.75,40.25513458251953
28-07-2008,56.75,56.75,0,56.75,56.75,40.25513458251953
29-07-2008,56.75,56.75,0,56.75,56.75,40.25513458251953
30-07-2008,56.75,56.75,0,56.75,56.75,40.25513458251953
31-07-2008,56.75,56.75,0,56.75,56.75,40.25513458251953
01-08-2008,56.75,56.75,0,56.75,56.75,40.25513458251953
04-08-2008,56.75,56.75,0,56.75,56.75,40.25513458251953
05-08-2008,56.75,56.75,0,56.75,56.75,40.25513458251953
06-08-2008,56.75,56.75,0,56.75,56.75,40.25513458251953
07-08-2008,56.75,56.75,0,56.75,56.75,40.25513458251953
08-08-2008,56.75,56.75,0,56.75,56.75,40.25513458251953
11-08-2008,56.75,56.75,0,56.75,56.75,40.25513458251953
12-08-2008,56.75,56.75,0,56.75,56.75,40.25513458251953
13-08-2008,56.75,56.75,0,56.75,56.75,40.25513458251953
14-08-2008,56.75,56.75,0,56.75,56.75,40.25513458251953
15-08-2008,56.75,56.75,0,56.75,56.75,40.25513458251953
18-08-2008,56.75,56.75,0,56.75,56.75,40.25513458251953
19-08-2008,56.75,56.75,0,56.75,56.75,40.25513458251953
20-08-2008,56.75,56.75,0,56.75,56.75,40.25513458251953
21-08-2008,56.75,56.75,0,56.75,56.75,40.25513458251953
22-08-2008,56.75,56.75,0,56.75,56.75,40.25513458251953
25-08-2008,56.75,56.75,0,56.75,56.75,40.25513458251953
26-08-2008,56.75,56.75,0,56.75,56.75,40.25513458251953
27-08-2008,56.75,56.75,0,56.75,56.75,40.25513458251953
28-08-2008,56.75,56.75,0,56.75,56.75,40.25513458251953
29-08-2008,56.75,56.75,0,56.75,56.75,40.25513458251953
02-09-2008,56.75,56.75,0,56.75,56.75,40.25513458251953
03-09-2008,56.75,56.75,0,56.75,56.75,40.25513458251953
04-09-2008,56.75,56.75,0,56.75,56.75,40.25513458251953
05-09-2008,28.95400047302246,28.95400047302246,0,28.95400047302246,28.95400047302246,20.53827476501465
08-09-2008,28.95400047302246,28.95400047302246,0,28.95400047302246,28.95400047302246,20.53827476501465
09-09-2008,28.95400047302246,28.95400047302246,0,28.95400047302246,28.95400047302246,20.53827476501465
10-09-2008,28.95400047302246,28.95400047302246,0,28.95400047302246,28.95400047302246,20.53827476501465
11-09-2008,28.95400047302246,28.95400047302246,0,28.95400047302246,28.95400047302246,20.53827476501465
12-09-2008,28.95400047302246,28.95400047302246,0,28.95400047302246,28.95400047302246,20.53827476501465
15-09-2008,28.95400047302246,28.95400047302246,0,28.95400047302246,28.95400047302246,20.53827476501465
16-09-2008,28.95400047302246,28.95400047302246,0,28.95400047302246,28.95400047302246,20.53827476501465
17-09-2008,26.21299934387207,26.21299934387207,0,26.21299934387207,26.21299934387207,18.593971252441406
18-09-2008,25.75,25.75,0,25.75,25.75,18.26554107666016
19-09-2008,25.75,25.75,0,25.75,25.75,18.26554107666016
22-09-2008,25.75,25.75,0,25.75,25.75,18.26554107666016
23-09-2008,25.75,25.75,0,25.75,25.75,18.26554107666016
24-09-2008,25.75,25.75,0,25.75,25.75,18.26554107666016
25-09-2008,25.75,25.75,0,25.75,25.75,18.26554107666016
26-09-2008,25.75,25.75,0,25.75,25.75,18.26554107666016
29-09-2008,25.75,25.75,0,25.75,25.75,18.26554107666016
30-09-2008,25.75,25.75,0,25.75,25.75,18.26554107666016
01-10-2008,25.75,25.75,0,25.75,25.75,18.26554107666016
02-10-2008,25.75,25.75,0,25.75,25.75,18.26554107666016
03-10-2008,25.75,25.75,0,25.75,25.75,18.26554107666016
06-10-2008,25.75,25.75,0,25.75,25.75,18.26554107666016
07-10-2008,25.75,25.75,0,25.75,25.75,18.26554107666016
08-10-2008,25.75,25.75,0,25.75,25.75,18.26554107666016
09-10-2008,25.75,25.75,0,25.75,25.75,18.26554107666016
10-10-2008,25.75,25.75,0,25.75,25.75,18.26554107666016
13-10-2008,25.75,25.75,0,25.75,25.75,18.26554107666016
14-10-2008,25.75,25.75,0,25.75,25.75,18.26554107666016
15-10-2008,25.75,25.75,0,25.75,25.75,18.26554107666016
16-10-2008,25.75,25.75,0,25.75,25.75,18.26554107666016
17-10-2008,25.75,25.75,0,25.75,25.75,18.26554107666016
20-10-2008,25.75,25.75,0,25.75,25.75,18.26554107666016
21-10-2008,25.75,25.75,0,25.75,25.75,18.26554107666016
22-10-2008,25.75,25.75,0,25.75,25.75,18.26554107666016
23-10-2008,25.75,25.75,0,25.75,25.75,18.26554107666016
24-10-2008,25.75,25.75,0,25.75,25.75,18.26554107666016
27-10-2008,25.75,25.75,0,25.75,25.75,18.26554107666016
28-10-2008,25.75,25.75,0,25.75,25.75,18.26554107666016
29-10-2008,25.75,25.75,0,25.75,25.75,18.26554107666016
30-10-2008,25.75,25.75,0,25.75,25.75,18.26554107666016
31-10-2008,25.75,25.75,0,25.75,25.75,18.26554107666016
03-11-2008,25.75,25.75,0,25.75,25.75,18.26554107666016
04-11-2008,25.75,25.75,0,25.75,25.75,18.26554107666016
05-11-2008,25.75,25.75,0,25.75,25.75,18.26554107666016
06-11-2008,25.75,25.75,0,25.75,25.75,18.26554107666016
07-11-2008,25.75,25.75,0,25.75,25.75,18.26554107666016
10-11-2008,25.75,25.75,0,25.75,25.75,18.26554107666016
11-11-2008,25.75,25.75,0,25.75,25.75,18.26554107666016
12-11-2008,25.75,25.75,0,25.75,25.75,18.26554107666016
13-11-2008,25.75,25.75,0,25.75,25.75,18.26554107666016
14-11-2008,25.75,25.75,0,25.75,25.75,18.26554107666016
17-11-2008,25.75,25.75,0,25.75,25.75,18.26554107666016
18-11-2008,25.75,25.75,0,25.75,25.75,18.26554107666016
19-11-2008,25.75,25.75,0,25.75,25.75,18.26554107666016
20-11-2008,25.75,25.75,0,25.75,25.75,18.26554107666016
21-11-2008,25.75,25.75,0,25.75,25.75,18.26554107666016
24-11-2008,25.75,25.75,0,25.75,25.75,18.26554107666016
25-11-2008,25.75,25.75,0,25.75,25.75,18.26554107666016
26-11-2008,25.75,25.75,0,25.75,25.75,18.26554107666016
28-11-2008,25.75,25.75,0,25.75,25.75,18.26554107666016
01-12-2008,25.75,25.75,0,25.75,25.75,18.26554107666016
02-12-2008,25.75,25.75,0,25.75,25.75,18.26554107666016
03-12-2008,25.75,25.75,0,25.75,25.75,18.26554107666016
04-12-2008,25.75,25.75,0,25.75,25.75,18.26554107666016
05-12-2008,25.75,25.75,0,25.75,25.75,18.26554107666016
08-12-2008,25.75,25.75,0,25.75,25.75,18.26554107666016
09-12-2008,25.75,25.75,0,25.75,25.75,18.26554107666016
10-12-2008,25.75,25.75,0,25.75,25.75,18.26554107666016
11-12-2008,25.75,25.75,0,25.75,25.75,18.26554107666016
12-12-2008,25.75,25.75,0,25.75,25.75,18.26554107666016
15-12-2008,25.75,25.75,0,25.75,25.75,18.26554107666016
16-12-2008,25.75,25.75,0,25.75,25.75,18.26554107666016
17-12-2008,25.75,25.75,0,25.75,25.75,18.26554107666016
18-12-2008,25.75,25.75,0,25.75,25.75,18.26554107666016
19-12-2008,25.75,25.75,0,25.75,25.75,18.26554107666016
22-12-2008,25.75,25.75,0,25.75,25.75,18.26554107666016
23-12-2008,25.75,25.75,0,25.75,25.75,18.26554107666016
24-12-2008,25.75,25.75,0,25.75,25.75,18.26554107666016
26-12-2008,25.75,25.75,0,25.75,25.75,18.26554107666016
29-12-2008,25.75,25.75,0,25.75,25.75,18.26554107666016
30-12-2008,24.600000381469727,24.600000381469727,200,24.600000381469727,24.600000381469727,17.44980239868164
31-12-2008,24.600000381469727,24.600000381469727,0,24.600000381469727,24.600000381469727,17.44980239868164
02-01-2009,24.600000381469727,24.600000381469727,0,24.600000381469727,24.600000381469727,17.44980239868164
05-01-2009,24.600000381469727,24.600000381469727,0,24.600000381469727,24.600000381469727,17.44980239868164
06-01-2009,24.600000381469727,24.600000381469727,0,24.600000381469727,24.600000381469727,17.44980239868164
07-01-2009,24.600000381469727,24.600000381469727,0,24.600000381469727,24.600000381469727,17.44980239868164
08-01-2009,24.600000381469727,24.600000381469727,0,24.600000381469727,24.600000381469727,17.44980239868164
09-01-2009,24.600000381469727,24.600000381469727,0,24.600000381469727,24.600000381469727,17.44980239868164
12-01-2009,24.600000381469727,24.600000381469727,0,24.600000381469727,24.600000381469727,17.44980239868164
13-01-2009,24.600000381469727,24.600000381469727,0,24.600000381469727,24.600000381469727,17.44980239868164
14-01-2009,24.600000381469727,24.600000381469727,0,24.600000381469727,24.600000381469727,17.44980239868164
15-01-2009,24.600000381469727,24.600000381469727,0,24.600000381469727,24.600000381469727,17.44980239868164
16-01-2009,24.600000381469727,24.600000381469727,0,24.600000381469727,24.600000381469727,17.44980239868164
20-01-2009,24.600000381469727,24.600000381469727,0,24.600000381469727,24.600000381469727,17.44980239868164
21-01-2009,24.600000381469727,24.600000381469727,0,24.600000381469727,24.600000381469727,17.44980239868164
22-01-2009,24.600000381469727,24.600000381469727,0,24.600000381469727,24.600000381469727,17.44980239868164
23-01-2009,24.600000381469727,24.600000381469727,0,24.600000381469727,24.600000381469727,17.44980239868164
26-01-2009,24.600000381469727,24.600000381469727,0,24.600000381469727,24.600000381469727,17.44980239868164
27-01-2009,24.600000381469727,24.600000381469727,0,24.600000381469727,24.600000381469727,17.44980239868164
28-01-2009,24.600000381469727,24.600000381469727,0,24.600000381469727,24.600000381469727,17.44980239868164
29-01-2009,24.600000381469727,24.600000381469727,0,24.600000381469727,24.600000381469727,17.44980239868164
30-01-2009,24.600000381469727,24.600000381469727,0,24.600000381469727,24.600000381469727,17.44980239868164
02-02-2009,24.600000381469727,24.600000381469727,0,24.600000381469727,24.600000381469727,17.44980239868164
03-02-2009,24.600000381469727,24.600000381469727,0,24.600000381469727,24.600000381469727,17.44980239868164
04-02-2009,24.600000381469727,24.600000381469727,0,24.600000381469727,24.600000381469727,17.44980239868164
05-02-2009,24.600000381469727,24.600000381469727,0,24.600000381469727,24.600000381469727,17.44980239868164
06-02-2009,24.600000381469727,24.600000381469727,0,24.600000381469727,24.600000381469727,17.44980239868164
09-02-2009,24.600000381469727,24.600000381469727,0,24.600000381469727,24.600000381469727,17.44980239868164
10-02-2009,24.600000381469727,24.600000381469727,0,24.600000381469727,24.600000381469727,17.44980239868164
11-02-2009,24.600000381469727,24.600000381469727,0,24.600000381469727,24.600000381469727,17.44980239868164
12-02-2009,24.600000381469727,24.600000381469727,0,24.600000381469727,24.600000381469727,17.44980239868164
13-02-2009,24.600000381469727,24.600000381469727,0,24.600000381469727,24.600000381469727,17.44980239868164
17-02-2009,24.600000381469727,24.600000381469727,0,24.600000381469727,24.600000381469727,17.44980239868164
18-02-2009,24.600000381469727,24.600000381469727,0,24.600000381469727,24.600000381469727,17.44980239868164
19-02-2009,24.600000381469727,24.600000381469727,0,24.600000381469727,24.600000381469727,17.44980239868164
20-02-2009,24.600000381469727,24.600000381469727,0,24.600000381469727,24.600000381469727,17.44980239868164
23-02-2009,24.600000381469727,24.600000381469727,0,24.600000381469727,24.600000381469727,17.44980239868164
24-02-2009,24.600000381469727,24.600000381469727,0,24.600000381469727,24.600000381469727,17.44980239868164
25-02-2009,24.600000381469727,24.600000381469727,0,24.600000381469727,24.600000381469727,17.44980239868164
26-02-2009,24.600000381469727,24.600000381469727,0,24.600000381469727,24.600000381469727,17.44980239868164
27-02-2009,24.600000381469727,24.600000381469727,0,24.600000381469727,24.600000381469727,17.44980239868164
02-03-2009,24.600000381469727,24.600000381469727,0,24.600000381469727,24.600000381469727,17.44980239868164
03-03-2009,24.600000381469727,24.600000381469727,0,24.600000381469727,24.600000381469727,17.44980239868164
04-03-2009,24.600000381469727,24.600000381469727,0,24.600000381469727,24.600000381469727,17.44980239868164
05-03-2009,24.600000381469727,24.600000381469727,0,24.600000381469727,24.600000381469727,17.44980239868164
06-03-2009,24.600000381469727,24.600000381469727,0,24.600000381469727,24.600000381469727,17.44980239868164
09-03-2009,24.600000381469727,24.600000381469727,0,24.600000381469727,24.600000381469727,17.44980239868164
10-03-2009,24.600000381469727,24.600000381469727,0,24.600000381469727,24.600000381469727,17.44980239868164
11-03-2009,24.600000381469727,24.600000381469727,0,24.600000381469727,24.600000381469727,17.44980239868164
12-03-2009,24.600000381469727,24.600000381469727,0,24.600000381469727,24.600000381469727,17.44980239868164
13-03-2009,24.600000381469727,24.600000381469727,0,24.600000381469727,24.600000381469727,17.44980239868164
16-03-2009,24.600000381469727,24.600000381469727,0,24.600000381469727,24.600000381469727,17.44980239868164
17-03-2009,24.600000381469727,24.600000381469727,0,24.600000381469727,24.600000381469727,17.44980239868164
18-03-2009,24.600000381469727,24.600000381469727,0,24.600000381469727,24.600000381469727,17.44980239868164
19-03-2009,24.600000381469727,24.600000381469727,0,24.600000381469727,24.600000381469727,17.44980239868164
20-03-2009,24.600000381469727,24.600000381469727,0,24.600000381469727,24.600000381469727,17.44980239868164
23-03-2009,24.600000381469727,24.600000381469727,0,24.600000381469727,24.600000381469727,17.44980239868164
24-03-2009,24.600000381469727,24.600000381469727,0,24.600000381469727,24.600000381469727,17.44980239868164
25-03-2009,24.600000381469727,24.600000381469727,0,24.600000381469727,24.600000381469727,17.44980239868164
26-03-2009,24.600000381469727,24.600000381469727,0,24.600000381469727,24.600000381469727,17.44980239868164
27-03-2009,24.600000381469727,24.600000381469727,0,24.600000381469727,24.600000381469727,17.44980239868164
30-03-2009,24.600000381469727,24.600000381469727,0,24.600000381469727,24.600000381469727,17.44980239868164
31-03-2009,24.600000381469727,24.600000381469727,0,24.600000381469727,24.600000381469727,18.1892032623291
01-04-2009,24.600000381469727,24.600000381469727,0,24.600000381469727,24.600000381469727,18.1892032623291
02-04-2009,24.600000381469727,24.600000381469727,0,24.600000381469727,24.600000381469727,18.1892032623291
03-04-2009,24.600000381469727,24.600000381469727,0,24.600000381469727,24.600000381469727,18.1892032623291
06-04-2009,24.600000381469727,24.600000381469727,0,24.600000381469727,24.600000381469727,18.1892032623291
07-04-2009,24.600000381469727,24.600000381469727,0,24.600000381469727,24.600000381469727,18.1892032623291
08-04-2009,24.600000381469727,24.600000381469727,0,24.600000381469727,24.600000381469727,18.1892032623291
09-04-2009,24.600000381469727,24.600000381469727,0,24.600000381469727,24.600000381469727,18.1892032623291
13-04-2009,24.600000381469727,24.600000381469727,0,24.600000381469727,24.600000381469727,18.1892032623291
14-04-2009,24.600000381469727,24.600000381469727,0,24.600000381469727,24.600000381469727,18.1892032623291
15-04-2009,24.600000381469727,24.600000381469727,0,24.600000381469727,24.600000381469727,18.1892032623291
16-04-2009,24.600000381469727,24.600000381469727,0,24.600000381469727,24.600000381469727,18.1892032623291
17-04-2009,24.600000381469727,24.600000381469727,0,24.600000381469727,24.600000381469727,18.1892032623291
20-04-2009,24.600000381469727,24.600000381469727,0,24.600000381469727,24.600000381469727,18.1892032623291
21-04-2009,24.600000381469727,24.600000381469727,0,24.600000381469727,24.600000381469727,18.1892032623291
22-04-2009,24.600000381469727,24.600000381469727,0,24.600000381469727,24.600000381469727,18.1892032623291
23-04-2009,24.600000381469727,24.600000381469727,0,24.600000381469727,24.600000381469727,18.1892032623291
24-04-2009,24.600000381469727,24.600000381469727,0,24.600000381469727,24.600000381469727,18.1892032623291
27-04-2009,24.600000381469727,24.600000381469727,0,24.600000381469727,24.600000381469727,18.1892032623291
28-04-2009,24.600000381469727,24.600000381469727,0,24.600000381469727,24.600000381469727,18.1892032623291
29-04-2009,24.600000381469727,24.600000381469727,0,24.600000381469727,24.600000381469727,18.1892032623291
30-04-2009,24.600000381469727,24.600000381469727,0,24.600000381469727,24.600000381469727,18.1892032623291
01-05-2009,24.600000381469727,24.600000381469727,0,24.600000381469727,24.600000381469727,18.1892032623291
04-05-2009,24.600000381469727,24.600000381469727,0,24.600000381469727,24.600000381469727,18.1892032623291
05-05-2009,24.600000381469727,24.600000381469727,0,24.600000381469727,24.600000381469727,18.1892032623291
06-05-2009,24.600000381469727,24.600000381469727,0,24.600000381469727,24.600000381469727,18.1892032623291
07-05-2009,24.600000381469727,24.600000381469727,0,24.600000381469727,24.600000381469727,18.1892032623291
08-05-2009,24.600000381469727,24.600000381469727,0,24.600000381469727,24.600000381469727,18.1892032623291
11-05-2009,24.600000381469727,24.600000381469727,0,24.600000381469727,24.600000381469727,18.1892032623291
12-05-2009,24.600000381469727,24.600000381469727,0,24.600000381469727,24.600000381469727,18.1892032623291
13-05-2009,24.600000381469727,24.600000381469727,0,24.600000381469727,24.600000381469727,18.1892032623291
14-05-2009,24.600000381469727,24.600000381469727,0,24.600000381469727,24.600000381469727,18.1892032623291
15-05-2009,24.600000381469727,24.600000381469727,0,24.600000381469727,24.600000381469727,18.1892032623291
18-05-2009,24.600000381469727,24.600000381469727,0,24.600000381469727,24.600000381469727,18.1892032623291
19-05-2009,24.600000381469727,24.600000381469727,0,24.600000381469727,24.600000381469727,18.1892032623291
20-05-2009,24.600000381469727,24.600000381469727,0,24.600000381469727,24.600000381469727,18.1892032623291
21-05-2009,24.600000381469727,24.600000381469727,0,24.600000381469727,24.600000381469727,18.1892032623291
22-05-2009,24.600000381469727,24.600000381469727,0,24.600000381469727,24.600000381469727,18.1892032623291
26-05-2009,24.600000381469727,24.600000381469727,0,24.600000381469727,24.600000381469727,18.1892032623291
27-05-2009,24.600000381469727,24.600000381469727,0,24.600000381469727,24.600000381469727,18.1892032623291
28-05-2009,24.600000381469727,24.600000381469727,0,24.600000381469727,24.600000381469727,18.1892032623291
29-05-2009,24.600000381469727,24.600000381469727,0,24.600000381469727,24.600000381469727,18.1892032623291
01-06-2009,24.600000381469727,24.600000381469727,0,24.600000381469727,24.600000381469727,18.1892032623291
02-06-2009,24.600000381469727,24.600000381469727,0,24.600000381469727,24.600000381469727,18.1892032623291
03-06-2009,24.600000381469727,24.600000381469727,0,24.600000381469727,24.600000381469727,18.1892032623291
04-06-2009,24.600000381469727,24.600000381469727,0,24.600000381469727,24.600000381469727,18.1892032623291
05-06-2009,24.600000381469727,24.600000381469727,0,24.600000381469727,24.600000381469727,18.1892032623291
08-06-2009,27.200000762939453,27.200000762939453,200,27.200000762939453,27.200000762939453,20.111635208129883
09-06-2009,27.200000762939453,27.200000762939453,0,27.200000762939453,27.200000762939453,20.111635208129883
10-06-2009,27.200000762939453,27.200000762939453,0,27.200000762939453,27.200000762939453,20.111635208129883
11-06-2009,27.200000762939453,27.200000762939453,0,27.200000762939453,27.200000762939453,20.111635208129883
12-06-2009,27.200000762939453,27.200000762939453,0,27.200000762939453,27.200000762939453,20.111635208129883
15-06-2009,27.200000762939453,27.200000762939453,0,27.200000762939453,27.200000762939453,20.111635208129883
16-06-2009,27.200000762939453,27.200000762939453,0,27.200000762939453,27.200000762939453,20.111635208129883
17-06-2009,27.200000762939453,27.200000762939453,0,27.200000762939453,27.200000762939453,20.111635208129883
18-06-2009,27.200000762939453,27.200000762939453,0,27.200000762939453,27.200000762939453,20.111635208129883
19-06-2009,27.200000762939453,27.200000762939453,0,27.200000762939453,27.200000762939453,20.111635208129883
22-06-2009,27.200000762939453,27.200000762939453,0,27.200000762939453,27.200000762939453,20.111635208129883
23-06-2009,27.200000762939453,27.200000762939453,0,27.200000762939453,27.200000762939453,20.111635208129883
24-06-2009,27.200000762939453,27.200000762939453,0,27.200000762939453,27.200000762939453,20.111635208129883
25-06-2009,27.200000762939453,27.200000762939453,0,27.200000762939453,27.200000762939453,20.111635208129883
26-06-2009,27.200000762939453,27.200000762939453,0,27.200000762939453,27.200000762939453,20.111635208129883
29-06-2009,27.200000762939453,27.200000762939453,0,27.200000762939453,27.200000762939453,20.111635208129883
30-06-2009,27.200000762939453,27.200000762939453,0,27.200000762939453,27.200000762939453,20.111635208129883
01-07-2009,27.200000762939453,27.200000762939453,0,27.200000762939453,27.200000762939453,20.111635208129883
02-07-2009,27.200000762939453,27.200000762939453,0,27.200000762939453,27.200000762939453,20.111635208129883
06-07-2009,27.200000762939453,27.200000762939453,0,27.200000762939453,27.200000762939453,20.111635208129883
07-07-2009,27.200000762939453,27.200000762939453,0,27.200000762939453,27.200000762939453,20.111635208129883
08-07-2009,27.200000762939453,27.200000762939453,0,27.200000762939453,27.200000762939453,20.111635208129883
09-07-2009,27.200000762939453,27.200000762939453,0,27.200000762939453,27.200000762939453,20.111635208129883
10-07-2009,27.200000762939453,27.200000762939453,0,27.200000762939453,27.200000762939453,20.111635208129883
13-07-2009,27.200000762939453,27.200000762939453,0,27.200000762939453,27.200000762939453,20.111635208129883
14-07-2009,27.200000762939453,27.200000762939453,0,27.200000762939453,27.200000762939453,20.111635208129883
15-07-2009,27.200000762939453,27.200000762939453,0,27.200000762939453,27.200000762939453,20.111635208129883
16-07-2009,27.200000762939453,27.200000762939453,0,27.200000762939453,27.200000762939453,20.111635208129883
17-07-2009,27.200000762939453,27.200000762939453,0,27.200000762939453,27.200000762939453,20.111635208129883
20-07-2009,27.200000762939453,27.200000762939453,0,27.200000762939453,27.200000762939453,20.111635208129883
21-07-2009,27.200000762939453,27.200000762939453,0,27.200000762939453,27.200000762939453,20.111635208129883
22-07-2009,27.200000762939453,27.200000762939453,0,27.200000762939453,27.200000762939453,20.111635208129883
23-07-2009,27.200000762939453,27.200000762939453,0,27.200000762939453,27.200000762939453,20.111635208129883
24-07-2009,27.200000762939453,27.200000762939453,0,27.200000762939453,27.200000762939453,20.111635208129883
27-07-2009,27.200000762939453,27.200000762939453,0,27.200000762939453,27.200000762939453,20.111635208129883
28-07-2009,27.200000762939453,27.200000762939453,0,27.200000762939453,27.200000762939453,20.111635208129883
29-07-2009,27.200000762939453,27.200000762939453,0,27.200000762939453,27.200000762939453,20.111635208129883
30-07-2009,27.200000762939453,27.200000762939453,0,27.200000762939453,27.200000762939453,20.111635208129883
31-07-2009,27.200000762939453,27.200000762939453,0,27.200000762939453,27.200000762939453,20.111635208129883
03-08-2009,27.200000762939453,27.200000762939453,0,27.200000762939453,27.200000762939453,20.111635208129883
04-08-2009,27.200000762939453,27.200000762939453,0,27.200000762939453,27.200000762939453,20.111635208129883
05-08-2009,27.200000762939453,27.200000762939453,0,27.200000762939453,27.200000762939453,20.111635208129883
06-08-2009,28.1299991607666,28.1299991607666,100,28.1299991607666,28.1299991607666,20.79927444458008
07-08-2009,28.1299991607666,28.1299991607666,0,28.1299991607666,28.1299991607666,20.79927444458008
10-08-2009,28.1299991607666,28.1299991607666,0,28.1299991607666,28.1299991607666,20.79927444458008
11-08-2009,28.1299991607666,28.1299991607666,0,28.1299991607666,28.1299991607666,20.79927444458008
12-08-2009,28.1299991607666,28.1299991607666,0,28.1299991607666,28.1299991607666,20.79927444458008
13-08-2009,28.1299991607666,28.1299991607666,0,28.1299991607666,28.1299991607666,20.79927444458008
14-08-2009,28.1299991607666,28.1299991607666,0,28.1299991607666,28.1299991607666,20.79927444458008
17-08-2009,28.1299991607666,28.1299991607666,0,28.1299991607666,28.1299991607666,20.79927444458008
18-08-2009,28.1299991607666,28.1299991607666,0,28.1299991607666,28.1299991607666,20.79927444458008
19-08-2009,28.1299991607666,28.1299991607666,0,28.1299991607666,28.1299991607666,20.79927444458008
20-08-2009,28.1299991607666,28.1299991607666,0,28.1299991607666,28.1299991607666,20.79927444458008
21-08-2009,28.1299991607666,28.1299991607666,0,28.1299991607666,28.1299991607666,20.79927444458008
24-08-2009,28.1299991607666,28.1299991607666,0,28.1299991607666,28.1299991607666,20.79927444458008
25-08-2009,28.1299991607666,28.1299991607666,0,28.1299991607666,28.1299991607666,20.79927444458008
26-08-2009,28.1299991607666,28.1299991607666,0,28.1299991607666,28.1299991607666,20.79927444458008
27-08-2009,28.1299991607666,28.1299991607666,0,28.1299991607666,28.1299991607666,20.79927444458008
28-08-2009,28.1299991607666,28.1299991607666,0,28.1299991607666,28.1299991607666,20.79927444458008
31-08-2009,28.1299991607666,28.1299991607666,0,28.1299991607666,28.1299991607666,20.79927444458008
01-09-2009,28.1299991607666,28.1299991607666,0,28.1299991607666,28.1299991607666,20.79927444458008
02-09-2009,28.1299991607666,28.1299991607666,0,28.1299991607666,28.1299991607666,20.79927444458008
03-09-2009,28.1299991607666,28.1299991607666,0,28.1299991607666,28.1299991607666,20.79927444458008
04-09-2009,28.1299991607666,28.1299991607666,0,28.1299991607666,28.1299991607666,20.79927444458008
08-09-2009,28.1299991607666,28.1299991607666,0,28.1299991607666,28.1299991607666,20.79927444458008
09-09-2009,28.1299991607666,28.1299991607666,0,28.1299991607666,28.1299991607666,20.79927444458008
10-09-2009,28.1299991607666,28.1299991607666,0,28.1299991607666,28.1299991607666,20.79927444458008
11-09-2009,28.1299991607666,28.1299991607666,0,28.1299991607666,28.1299991607666,20.79927444458008
14-09-2009,28.1299991607666,28.1299991607666,0,28.1299991607666,28.1299991607666,20.79927444458008
15-09-2009,28.1299991607666,28.1299991607666,0,28.1299991607666,28.1299991607666,20.79927444458008
16-09-2009,28.1299991607666,28.1299991607666,0,28.1299991607666,28.1299991607666,20.79927444458008
17-09-2009,28.1299991607666,28.1299991607666,0,28.1299991607666,28.1299991607666,20.79927444458008
18-09-2009,28.1299991607666,28.1299991607666,0,28.1299991607666,28.1299991607666,20.79927444458008
21-09-2009,28.1299991607666,28.1299991607666,0,28.1299991607666,28.1299991607666,20.79927444458008
22-09-2009,28.1299991607666,28.1299991607666,0,28.1299991607666,28.1299991607666,20.79927444458008
23-09-2009,28.1299991607666,28.1299991607666,0,28.1299991607666,28.1299991607666,20.79927444458008
24-09-2009,28.1299991607666,28.1299991607666,0,28.1299991607666,28.1299991607666,20.79927444458008
25-09-2009,28.1299991607666,28.1299991607666,0,28.1299991607666,28.1299991607666,20.79927444458008
28-09-2009,28.1299991607666,28.1299991607666,0,28.1299991607666,28.1299991607666,20.79927444458008
29-09-2009,28.1299991607666,28.1299991607666,0,28.1299991607666,28.1299991607666,20.79927444458008
30-09-2009,28.1299991607666,28.1299991607666,0,28.1299991607666,28.1299991607666,20.79927444458008
01-10-2009,28.1299991607666,28.1299991607666,0,28.1299991607666,28.1299991607666,20.79927444458008
02-10-2009,28.1299991607666,28.1299991607666,0,28.1299991607666,28.1299991607666,20.79927444458008
05-10-2009,28.1299991607666,28.1299991607666,0,28.1299991607666,28.1299991607666,20.79927444458008
06-10-2009,28.1299991607666,28.1299991607666,0,28.1299991607666,28.1299991607666,20.79927444458008
07-10-2009,28.1299991607666,28.1299991607666,0,28.1299991607666,28.1299991607666,20.79927444458008
08-10-2009,28.1299991607666,28.1299991607666,0,28.1299991607666,28.1299991607666,20.79927444458008
09-10-2009,28.1299991607666,28.1299991607666,0,28.1299991607666,28.1299991607666,20.79927444458008
12-10-2009,28.1299991607666,28.1299991607666,0,28.1299991607666,28.1299991607666,20.79927444458008
13-10-2009,28.1299991607666,28.1299991607666,0,28.1299991607666,28.1299991607666,20.79927444458008
14-10-2009,28.1299991607666,28.1299991607666,0,28.1299991607666,28.1299991607666,20.79927444458008
15-10-2009,28.1299991607666,28.1299991607666,0,28.1299991607666,28.1299991607666,20.79927444458008
16-10-2009,28.1299991607666,28.1299991607666,0,28.1299991607666,28.1299991607666,20.79927444458008
19-10-2009,28.1299991607666,28.1299991607666,0,28.1299991607666,28.1299991607666,20.79927444458008
20-10-2009,28.1299991607666,28.1299991607666,0,28.1299991607666,28.1299991607666,20.79927444458008
21-10-2009,28.1299991607666,28.1299991607666,0,28.1299991607666,28.1299991607666,20.79927444458008
22-10-2009,28.1299991607666,28.1299991607666,0,28.1299991607666,28.1299991607666,20.79927444458008
23-10-2009,34.505001068115234,34.505001068115234,200,34.505001068115234,34.505001068115234,25.512939453125
26-10-2009,34.505001068115234,34.505001068115234,0,34.505001068115234,34.505001068115234,25.512939453125
27-10-2009,34.505001068115234,34.505001068115234,0,34.505001068115234,34.505001068115234,25.512939453125
28-10-2009,34.505001068115234,34.505001068115234,0,34.505001068115234,34.505001068115234,25.512939453125
29-10-2009,34.505001068115234,34.505001068115234,0,34.505001068115234,34.505001068115234,25.512939453125
30-10-2009,34.505001068115234,34.505001068115234,0,34.505001068115234,34.505001068115234,25.512939453125
02-11-2009,34.505001068115234,34.505001068115234,0,34.505001068115234,34.505001068115234,25.512939453125
03-11-2009,34.505001068115234,34.505001068115234,0,34.505001068115234,34.505001068115234,25.512939453125
04-11-2009,34.505001068115234,34.505001068115234,0,34.505001068115234,34.505001068115234,25.512939453125
05-11-2009,34.505001068115234,34.505001068115234,0,34.505001068115234,34.505001068115234,25.512939453125
06-11-2009,34.505001068115234,34.505001068115234,0,34.505001068115234,34.505001068115234,25.512939453125
09-11-2009,34.505001068115234,34.505001068115234,0,34.505001068115234,34.505001068115234,25.512939453125
10-11-2009,34.505001068115234,34.505001068115234,0,34.505001068115234,34.505001068115234,25.512939453125
11-11-2009,34.505001068115234,34.505001068115234,0,34.505001068115234,34.505001068115234,25.512939453125
12-11-2009,34.505001068115234,34.505001068115234,0,34.505001068115234,34.505001068115234,25.512939453125
13-11-2009,34.505001068115234,34.505001068115234,0,34.505001068115234,34.505001068115234,25.512939453125
16-11-2009,34.505001068115234,34.505001068115234,0,34.505001068115234,34.505001068115234,25.512939453125
17-11-2009,34.505001068115234,34.505001068115234,0,34.505001068115234,34.505001068115234,25.512939453125
18-11-2009,34.505001068115234,34.505001068115234,0,34.505001068115234,34.505001068115234,25.512939453125
19-11-2009,34.505001068115234,34.505001068115234,0,34.505001068115234,34.505001068115234,25.512939453125
20-11-2009,34.505001068115234,34.505001068115234,0,34.505001068115234,34.505001068115234,25.512939453125
23-11-2009,34.505001068115234,34.505001068115234,0,34.505001068115234,34.505001068115234,25.512939453125
24-11-2009,34.505001068115234,34.505001068115234,0,34.505001068115234,34.505001068115234,25.512939453125
25-11-2009,34.505001068115234,34.505001068115234,0,34.505001068115234,34.505001068115234,25.512939453125
27-11-2009,34.505001068115234,34.505001068115234,0,34.505001068115234,34.505001068115234,25.512939453125
30-11-2009,34.505001068115234,34.505001068115234,0,34.505001068115234,34.505001068115234,25.512939453125
01-12-2009,34.505001068115234,34.505001068115234,0,34.505001068115234,34.505001068115234,25.512939453125
02-12-2009,34.505001068115234,34.505001068115234,0,34.505001068115234,34.505001068115234,25.512939453125
03-12-2009,34.505001068115234,34.505001068115234,0,34.505001068115234,34.505001068115234,25.512939453125
04-12-2009,34.505001068115234,34.505001068115234,0,34.505001068115234,34.505001068115234,25.512939453125
07-12-2009,34.505001068115234,34.505001068115234,0,34.505001068115234,34.505001068115234,25.512939453125
08-12-2009,34.505001068115234,34.505001068115234,0,34.505001068115234,34.505001068115234,25.512939453125
09-12-2009,34.505001068115234,34.505001068115234,0,34.505001068115234,34.505001068115234,25.512939453125
10-12-2009,33.27000045776367,33.27000045776367,200,33.27000045776367,33.27000045776367,24.599782943725582
11-12-2009,33.27000045776367,33.27000045776367,0,33.27000045776367,33.27000045776367,24.599782943725582
14-12-2009,33.27000045776367,33.27000045776367,0,33.27000045776367,33.27000045776367,24.599782943725582
15-12-2009,33.27000045776367,33.27000045776367,0,33.27000045776367,33.27000045776367,24.599782943725582
16-12-2009,33.27000045776367,33.27000045776367,0,33.27000045776367,33.27000045776367,24.599782943725582
17-12-2009,33.27000045776367,33.27000045776367,0,33.27000045776367,33.27000045776367,24.599782943725582
18-12-2009,33.27000045776367,33.27000045776367,0,33.27000045776367,33.27000045776367,24.599782943725582
21-12-2009,33.27000045776367,33.27000045776367,0,33.27000045776367,33.27000045776367,24.599782943725582
22-12-2009,33.27000045776367,33.27000045776367,0,33.27000045776367,33.27000045776367,24.599782943725582
23-12-2009,33.27000045776367,33.27000045776367,0,33.27000045776367,33.27000045776367,24.599782943725582
24-12-2009,33.27000045776367,33.27000045776367,0,33.27000045776367,33.27000045776367,24.599782943725582
28-12-2009,33.27000045776367,33.27000045776367,0,33.27000045776367,33.27000045776367,24.599782943725582
29-12-2009,33.27000045776367,33.27000045776367,0,33.27000045776367,33.27000045776367,24.599782943725582
30-12-2009,33.27000045776367,33.27000045776367,0,33.27000045776367,33.27000045776367,24.599782943725582
31-12-2009,33.27000045776367,33.27000045776367,0,33.27000045776367,33.27000045776367,24.599782943725582
04-01-2010,33.27000045776367,33.27000045776367,0,33.27000045776367,33.27000045776367,24.599782943725582
05-01-2010,33.27000045776367,33.27000045776367,0,33.27000045776367,33.27000045776367,24.599782943725582
06-01-2010,33.27000045776367,33.27000045776367,0,33.27000045776367,33.27000045776367,24.599782943725582
07-01-2010,33.27000045776367,33.27000045776367,0,33.27000045776367,33.27000045776367,24.599782943725582
08-01-2010,33.27000045776367,33.27000045776367,0,33.27000045776367,33.27000045776367,24.599782943725582
11-01-2010,33.27000045776367,33.27000045776367,0,33.27000045776367,33.27000045776367,24.599782943725582
12-01-2010,33.27000045776367,33.27000045776367,0,33.27000045776367,33.27000045776367,24.599782943725582
13-01-2010,33.27000045776367,33.27000045776367,0,33.27000045776367,33.27000045776367,24.599782943725582
14-01-2010,33.27000045776367,33.27000045776367,0,33.27000045776367,33.27000045776367,24.599782943725582
15-01-2010,33.27000045776367,33.27000045776367,0,33.27000045776367,33.27000045776367,24.599782943725582
19-01-2010,33.27000045776367,33.27000045776367,0,33.27000045776367,33.27000045776367,24.599782943725582
20-01-2010,33.27000045776367,33.27000045776367,0,33.27000045776367,33.27000045776367,24.599782943725582
21-01-2010,33.27000045776367,33.27000045776367,0,33.27000045776367,33.27000045776367,24.599782943725582
22-01-2010,33.27000045776367,33.27000045776367,0,33.27000045776367,33.27000045776367,24.599782943725582
25-01-2010,33.27000045776367,33.27000045776367,0,33.27000045776367,33.27000045776367,24.599782943725582
26-01-2010,33.27000045776367,33.27000045776367,0,33.27000045776367,33.27000045776367,24.599782943725582
27-01-2010,33.27000045776367,33.27000045776367,0,33.27000045776367,33.27000045776367,24.599782943725582
28-01-2010,33.27000045776367,33.27000045776367,0,33.27000045776367,33.27000045776367,24.599782943725582
29-01-2010,33.27000045776367,33.27000045776367,0,33.27000045776367,33.27000045776367,24.599782943725582
01-02-2010,33.27000045776367,33.27000045776367,0,33.27000045776367,33.27000045776367,24.599782943725582
02-02-2010,33.27000045776367,33.27000045776367,0,33.27000045776367,33.27000045776367,24.599782943725582
03-02-2010,33.27000045776367,33.27000045776367,0,33.27000045776367,33.27000045776367,24.599782943725582
04-02-2010,33.27000045776367,33.27000045776367,0,33.27000045776367,33.27000045776367,24.599782943725582
05-02-2010,33.27000045776367,33.27000045776367,0,33.27000045776367,33.27000045776367,24.599782943725582
08-02-2010,33.27000045776367,33.27000045776367,0,33.27000045776367,33.27000045776367,24.599782943725582
09-02-2010,33.27000045776367,33.27000045776367,0,33.27000045776367,33.27000045776367,24.599782943725582
10-02-2010,33.27000045776367,33.27000045776367,0,33.27000045776367,33.27000045776367,24.599782943725582
11-02-2010,33.27000045776367,33.27000045776367,0,33.27000045776367,33.27000045776367,24.599782943725582
12-02-2010,33.27000045776367,33.27000045776367,0,33.27000045776367,33.27000045776367,24.599782943725582
16-02-2010,33.27000045776367,33.27000045776367,0,33.27000045776367,33.27000045776367,24.599782943725582
17-02-2010,33.27000045776367,33.27000045776367,0,33.27000045776367,33.27000045776367,24.599782943725582
18-02-2010,33.27000045776367,33.27000045776367,0,33.27000045776367,33.27000045776367,24.599782943725582
19-02-2010,33.27000045776367,33.27000045776367,0,33.27000045776367,33.27000045776367,24.599782943725582
22-02-2010,33.27000045776367,33.27000045776367,0,33.27000045776367,33.27000045776367,24.599782943725582
23-02-2010,33.27000045776367,33.27000045776367,0,33.27000045776367,33.27000045776367,24.599782943725582
24-02-2010,33.27000045776367,33.27000045776367,0,33.27000045776367,33.27000045776367,24.599782943725582
25-02-2010,33.27000045776367,33.27000045776367,0,33.27000045776367,33.27000045776367,24.599782943725582
26-02-2010,33.27000045776367,33.27000045776367,0,33.27000045776367,33.27000045776367,24.599782943725582
01-03-2010,33.27000045776367,33.27000045776367,0,33.27000045776367,33.27000045776367,24.599782943725582
02-03-2010,33.27000045776367,33.27000045776367,0,33.27000045776367,33.27000045776367,24.599782943725582
03-03-2010,33.27000045776367,33.27000045776367,0,33.27000045776367,33.27000045776367,24.599782943725582
04-03-2010,33.27000045776367,33.27000045776367,0,33.27000045776367,33.27000045776367,24.599782943725582
05-03-2010,33.27000045776367,33.27000045776367,0,33.27000045776367,33.27000045776367,24.599782943725582
08-03-2010,33.27000045776367,33.27000045776367,0,33.27000045776367,33.27000045776367,24.599782943725582
09-03-2010,33.27000045776367,33.27000045776367,0,33.27000045776367,33.27000045776367,24.599782943725582
10-03-2010,33.27000045776367,33.27000045776367,0,33.27000045776367,33.27000045776367,24.599782943725582
11-03-2010,33.27000045776367,33.27000045776367,0,33.27000045776367,33.27000045776367,24.599782943725582
12-03-2010,33.27000045776367,33.27000045776367,0,33.27000045776367,33.27000045776367,24.599782943725582
15-03-2010,33.27000045776367,33.27000045776367,0,33.27000045776367,33.27000045776367,24.599782943725582
16-03-2010,33.27000045776367,33.27000045776367,0,33.27000045776367,33.27000045776367,24.599782943725582
17-03-2010,33.27000045776367,33.27000045776367,0,33.27000045776367,33.27000045776367,24.599782943725582
18-03-2010,33.27000045776367,33.27000045776367,0,33.27000045776367,33.27000045776367,24.599782943725582
19-03-2010,33.27000045776367,33.27000045776367,0,33.27000045776367,33.27000045776367,24.599782943725582
22-03-2010,33.27000045776367,33.27000045776367,0,33.27000045776367,33.27000045776367,24.599782943725582
23-03-2010,33.27000045776367,33.27000045776367,0,33.27000045776367,33.27000045776367,24.599782943725582
24-03-2010,33.27000045776367,33.27000045776367,0,33.27000045776367,33.27000045776367,24.599782943725582
25-03-2010,33.27000045776367,33.27000045776367,0,33.27000045776367,33.27000045776367,24.599782943725582
26-03-2010,33.27000045776367,33.27000045776367,0,33.27000045776367,33.27000045776367,24.599782943725582
29-03-2010,33.27000045776367,33.27000045776367,0,33.27000045776367,33.27000045776367,24.599782943725582
30-03-2010,33.27000045776367,33.27000045776367,0,33.27000045776367,33.27000045776367,25.28374290466309
31-03-2010,33.27000045776367,33.27000045776367,0,33.27000045776367,33.27000045776367,25.28374290466309
01-04-2010,33.27000045776367,33.27000045776367,0,33.27000045776367,33.27000045776367,25.28374290466309
05-04-2010,33.27000045776367,33.27000045776367,0,33.27000045776367,33.27000045776367,25.28374290466309
06-04-2010,33.27000045776367,33.27000045776367,0,33.27000045776367,33.27000045776367,25.28374290466309
07-04-2010,33.27000045776367,33.27000045776367,0,33.27000045776367,33.27000045776367,25.28374290466309
08-04-2010,33.27000045776367,33.27000045776367,0,33.27000045776367,33.27000045776367,25.28374290466309
09-04-2010,33.27000045776367,33.27000045776367,0,33.27000045776367,33.27000045776367,25.28374290466309
12-04-2010,33.27000045776367,33.27000045776367,0,33.27000045776367,33.27000045776367,25.28374290466309
13-04-2010,33.27000045776367,33.27000045776367,0,33.27000045776367,33.27000045776367,25.28374290466309
14-04-2010,33.27000045776367,33.27000045776367,0,33.27000045776367,33.27000045776367,25.28374290466309
15-04-2010,33.27000045776367,33.27000045776367,0,33.27000045776367,33.27000045776367,25.28374290466309
16-04-2010,33.27000045776367,33.27000045776367,0,33.27000045776367,33.27000045776367,25.28374290466309
19-04-2010,33.27000045776367,33.27000045776367,0,33.27000045776367,33.27000045776367,25.28374290466309
20-04-2010,33.27000045776367,33.27000045776367,0,33.27000045776367,33.27000045776367,25.28374290466309
21-04-2010,33.27000045776367,33.27000045776367,0,33.27000045776367,33.27000045776367,25.28374290466309
22-04-2010,33.27000045776367,33.27000045776367,0,33.27000045776367,33.27000045776367,25.28374290466309
23-04-2010,33.27000045776367,33.27000045776367,0,33.27000045776367,33.27000045776367,25.28374290466309
26-04-2010,33.27000045776367,33.27000045776367,0,33.27000045776367,33.27000045776367,25.28374290466309
27-04-2010,33.27000045776367,33.27000045776367,0,33.27000045776367,33.27000045776367,25.28374290466309
28-04-2010,33.27000045776367,33.27000045776367,0,33.27000045776367,33.27000045776367,25.28374290466309
29-04-2010,33.27000045776367,33.27000045776367,0,33.27000045776367,33.27000045776367,25.28374290466309
30-04-2010,33.27000045776367,33.27000045776367,0,33.27000045776367,33.27000045776367,25.28374290466309
03-05-2010,33.27000045776367,33.27000045776367,0,33.27000045776367,33.27000045776367,25.28374290466309
04-05-2010,33.27000045776367,33.27000045776367,0,33.27000045776367,33.27000045776367,25.28374290466309
05-05-2010,33.27000045776367,33.27000045776367,0,33.27000045776367,33.27000045776367,25.28374290466309
06-05-2010,33.27000045776367,33.27000045776367,0,33.27000045776367,33.27000045776367,25.28374290466309
07-05-2010,33.27000045776367,33.27000045776367,0,33.27000045776367,33.27000045776367,25.28374290466309
10-05-2010,33.27000045776367,33.27000045776367,0,33.27000045776367,33.27000045776367,25.28374290466309
11-05-2010,33.27000045776367,33.27000045776367,0,33.27000045776367,33.27000045776367,25.28374290466309
12-05-2010,33.27000045776367,33.27000045776367,0,33.27000045776367,33.27000045776367,25.28374290466309
13-05-2010,33.27000045776367,33.27000045776367,0,33.27000045776367,33.27000045776367,25.28374290466309
14-05-2010,33.27000045776367,33.27000045776367,0,33.27000045776367,33.27000045776367,25.28374290466309
17-05-2010,33.27000045776367,33.27000045776367,0,33.27000045776367,33.27000045776367,25.28374290466309
18-05-2010,33.27000045776367,33.27000045776367,0,33.27000045776367,33.27000045776367,25.28374290466309
19-05-2010,33.27000045776367,33.27000045776367,0,33.27000045776367,33.27000045776367,25.28374290466309
20-05-2010,33.27000045776367,33.27000045776367,0,33.27000045776367,33.27000045776367,25.28374290466309
21-05-2010,33.27000045776367,33.27000045776367,0,33.27000045776367,33.27000045776367,25.28374290466309
24-05-2010,33.27000045776367,33.27000045776367,0,33.27000045776367,33.27000045776367,25.28374290466309
25-05-2010,33.27000045776367,33.27000045776367,0,33.27000045776367,33.27000045776367,25.28374290466309
26-05-2010,33.27000045776367,33.27000045776367,0,33.27000045776367,33.27000045776367,25.28374290466309
27-05-2010,33.27000045776367,33.27000045776367,0,33.27000045776367,33.27000045776367,25.28374290466309
28-05-2010,33.27000045776367,33.27000045776367,0,33.27000045776367,33.27000045776367,25.28374290466309
01-06-2010,33.27000045776367,33.27000045776367,0,33.27000045776367,33.27000045776367,25.28374290466309
02-06-2010,33.27000045776367,33.27000045776367,0,33.27000045776367,33.27000045776367,25.28374290466309
03-06-2010,33.27000045776367,33.27000045776367,0,33.27000045776367,33.27000045776367,25.28374290466309
04-06-2010,33.27000045776367,33.27000045776367,0,33.27000045776367,33.27000045776367,25.28374290466309
07-06-2010,33.27000045776367,33.27000045776367,0,33.27000045776367,33.27000045776367,25.28374290466309
08-06-2010,33.27000045776367,33.27000045776367,0,33.27000045776367,33.27000045776367,25.28374290466309
09-06-2010,33.27000045776367,33.27000045776367,0,33.27000045776367,33.27000045776367,25.28374290466309
10-06-2010,33.27000045776367,33.27000045776367,0,33.27000045776367,33.27000045776367,25.28374290466309
11-06-2010,33.27000045776367,33.27000045776367,0,33.27000045776367,33.27000045776367,25.28374290466309
14-06-2010,33.27000045776367,33.27000045776367,0,33.27000045776367,33.27000045776367,25.28374290466309
15-06-2010,33.27000045776367,33.27000045776367,0,33.27000045776367,33.27000045776367,25.28374290466309
16-06-2010,33.27000045776367,33.27000045776367,0,33.27000045776367,33.27000045776367,25.28374290466309
17-06-2010,33.27000045776367,33.27000045776367,0,33.27000045776367,33.27000045776367,25.28374290466309
18-06-2010,33.27000045776367,33.27000045776367,0,33.27000045776367,33.27000045776367,25.28374290466309
21-06-2010,33.27000045776367,33.27000045776367,0,33.27000045776367,33.27000045776367,25.28374290466309
22-06-2010,33.27000045776367,33.27000045776367,0,33.27000045776367,33.27000045776367,25.28374290466309
23-06-2010,33.27000045776367,33.27000045776367,0,33.27000045776367,33.27000045776367,25.28374290466309
24-06-2010,33.27000045776367,33.27000045776367,0,33.27000045776367,33.27000045776367,25.28374290466309
25-06-2010,33.27000045776367,33.27000045776367,0,33.27000045776367,33.27000045776367,25.28374290466309
28-06-2010,33.27000045776367,33.27000045776367,0,33.27000045776367,33.27000045776367,25.28374290466309
29-06-2010,33.27000045776367,33.27000045776367,0,33.27000045776367,33.27000045776367,25.28374290466309
30-06-2010,33.27000045776367,33.27000045776367,0,33.27000045776367,33.27000045776367,25.28374290466309
01-07-2010,33.27000045776367,33.27000045776367,0,33.27000045776367,33.27000045776367,25.28374290466309
02-07-2010,33.27000045776367,33.27000045776367,0,33.27000045776367,33.27000045776367,25.28374290466309
06-07-2010,33.27000045776367,33.27000045776367,0,33.27000045776367,33.27000045776367,25.28374290466309
07-07-2010,33.27000045776367,33.27000045776367,0,33.27000045776367,33.27000045776367,25.28374290466309
08-07-2010,33.27000045776367,33.27000045776367,0,33.27000045776367,33.27000045776367,25.28374290466309
09-07-2010,33.27000045776367,33.27000045776367,0,33.27000045776367,33.27000045776367,25.28374290466309
12-07-2010,33.27000045776367,33.27000045776367,0,33.27000045776367,33.27000045776367,25.28374290466309
13-07-2010,33.27000045776367,33.27000045776367,0,33.27000045776367,33.27000045776367,25.28374290466309
14-07-2010,33.27000045776367,33.27000045776367,0,33.27000045776367,33.27000045776367,25.28374290466309
15-07-2010,33.27000045776367,33.27000045776367,0,33.27000045776367,33.27000045776367,25.28374290466309
16-07-2010,33.27000045776367,33.27000045776367,0,33.27000045776367,33.27000045776367,25.28374290466309
19-07-2010,33.27000045776367,33.27000045776367,0,33.27000045776367,33.27000045776367,25.28374290466309
20-07-2010,33.27000045776367,33.27000045776367,0,33.27000045776367,33.27000045776367,25.28374290466309
21-07-2010,33.27000045776367,33.27000045776367,0,33.27000045776367,33.27000045776367,25.28374290466309
22-07-2010,33.27000045776367,33.27000045776367,0,33.27000045776367,33.27000045776367,25.28374290466309
23-07-2010,33.27000045776367,33.27000045776367,0,33.27000045776367,33.27000045776367,25.28374290466309
26-07-2010,33.27000045776367,33.27000045776367,0,33.27000045776367,33.27000045776367,25.28374290466309
27-07-2010,33.27000045776367,33.27000045776367,0,33.27000045776367,33.27000045776367,25.28374290466309
28-07-2010,33.27000045776367,33.27000045776367,0,33.27000045776367,33.27000045776367,25.28374290466309
29-07-2010,33.27000045776367,33.27000045776367,0,33.27000045776367,33.27000045776367,25.28374290466309
30-07-2010,33.27000045776367,33.27000045776367,0,33.27000045776367,33.27000045776367,25.28374290466309
02-08-2010,33.27000045776367,33.27000045776367,0,33.27000045776367,33.27000045776367,25.28374290466309
03-08-2010,33.27000045776367,33.27000045776367,0,33.27000045776367,33.27000045776367,25.28374290466309
04-08-2010,33.27000045776367,33.27000045776367,0,33.27000045776367,33.27000045776367,25.28374290466309
05-08-2010,33.27000045776367,33.27000045776367,0,33.27000045776367,33.27000045776367,25.28374290466309
06-08-2010,33.27000045776367,33.27000045776367,0,33.27000045776367,33.27000045776367,25.28374290466309
09-08-2010,33.27000045776367,33.27000045776367,0,33.27000045776367,33.27000045776367,25.28374290466309
10-08-2010,33.27000045776367,33.27000045776367,0,33.27000045776367,33.27000045776367,25.28374290466309
11-08-2010,33.27000045776367,33.27000045776367,0,33.27000045776367,33.27000045776367,25.28374290466309
12-08-2010,33.27000045776367,33.27000045776367,0,33.27000045776367,33.27000045776367,25.28374290466309
13-08-2010,33.27000045776367,33.27000045776367,0,33.27000045776367,33.27000045776367,25.28374290466309
16-08-2010,33.27000045776367,33.27000045776367,0,33.27000045776367,33.27000045776367,25.28374290466309
17-08-2010,33.27000045776367,33.27000045776367,0,33.27000045776367,33.27000045776367,25.28374290466309
18-08-2010,33.27000045776367,33.27000045776367,0,33.27000045776367,33.27000045776367,25.28374290466309
19-08-2010,33.27000045776367,33.27000045776367,0,33.27000045776367,33.27000045776367,25.28374290466309
20-08-2010,33.27000045776367,33.27000045776367,0,33.27000045776367,33.27000045776367,25.28374290466309
23-08-2010,33.27000045776367,33.27000045776367,0,33.27000045776367,33.27000045776367,25.28374290466309
24-08-2010,33.27000045776367,33.27000045776367,0,33.27000045776367,33.27000045776367,25.28374290466309
25-08-2010,33.27000045776367,33.27000045776367,0,33.27000045776367,33.27000045776367,25.28374290466309
26-08-2010,33.27000045776367,33.27000045776367,0,33.27000045776367,33.27000045776367,25.28374290466309
27-08-2010,33.27000045776367,33.27000045776367,0,33.27000045776367,33.27000045776367,25.28374290466309
30-08-2010,33.27000045776367,33.27000045776367,0,33.27000045776367,33.27000045776367,25.28374290466309
31-08-2010,33.27000045776367,33.27000045776367,0,33.27000045776367,33.27000045776367,25.28374290466309
01-09-2010,33.27000045776367,33.27000045776367,0,33.27000045776367,33.27000045776367,25.28374290466309
02-09-2010,33.27000045776367,33.27000045776367,0,33.27000045776367,33.27000045776367,25.28374290466309
03-09-2010,33.27000045776367,33.27000045776367,0,33.27000045776367,33.27000045776367,25.28374290466309
07-09-2010,33.27000045776367,33.27000045776367,0,33.27000045776367,33.27000045776367,25.28374290466309
08-09-2010,33.27000045776367,33.27000045776367,0,33.27000045776367,33.27000045776367,25.28374290466309
09-09-2010,33.27000045776367,33.27000045776367,0,33.27000045776367,33.27000045776367,25.28374290466309
10-09-2010,33.27000045776367,33.27000045776367,0,33.27000045776367,33.27000045776367,25.28374290466309
13-09-2010,33.27000045776367,33.27000045776367,0,33.27000045776367,33.27000045776367,25.28374290466309
14-09-2010,33.27000045776367,33.27000045776367,0,33.27000045776367,33.27000045776367,25.28374290466309
15-09-2010,33.27000045776367,33.27000045776367,0,33.27000045776367,33.27000045776367,25.28374290466309
16-09-2010,33.27000045776367,33.27000045776367,0,33.27000045776367,33.27000045776367,25.28374290466309
17-09-2010,33.27000045776367,33.27000045776367,0,33.27000045776367,33.27000045776367,25.28374290466309
20-09-2010,33.27000045776367,33.27000045776367,0,33.27000045776367,33.27000045776367,25.28374290466309
21-09-2010,33.27000045776367,33.27000045776367,0,33.27000045776367,33.27000045776367,25.28374290466309
22-09-2010,33.27000045776367,33.27000045776367,0,33.27000045776367,33.27000045776367,25.28374290466309
23-09-2010,33.27000045776367,33.27000045776367,0,33.27000045776367,33.27000045776367,25.28374290466309
24-09-2010,33.27000045776367,33.27000045776367,0,33.27000045776367,33.27000045776367,25.28374290466309
27-09-2010,33.27000045776367,33.27000045776367,0,33.27000045776367,33.27000045776367,25.28374290466309
28-09-2010,33.27000045776367,33.27000045776367,0,33.27000045776367,33.27000045776367,25.28374290466309
29-09-2010,33.27000045776367,33.27000045776367,0,33.27000045776367,33.27000045776367,25.28374290466309
30-09-2010,33.27000045776367,33.27000045776367,0,33.27000045776367,33.27000045776367,25.28374290466309
01-10-2010,33.27000045776367,33.27000045776367,0,33.27000045776367,33.27000045776367,25.28374290466309
04-10-2010,33.27000045776367,33.27000045776367,0,33.27000045776367,33.27000045776367,25.28374290466309
05-10-2010,33.27000045776367,33.27000045776367,0,33.27000045776367,33.27000045776367,25.28374290466309
06-10-2010,33.27000045776367,33.27000045776367,0,33.27000045776367,33.27000045776367,25.28374290466309
07-10-2010,33.27000045776367,33.27000045776367,0,33.27000045776367,33.27000045776367,25.28374290466309
08-10-2010,33.27000045776367,33.27000045776367,0,33.27000045776367,33.27000045776367,25.28374290466309
11-10-2010,33.27000045776367,33.27000045776367,0,33.27000045776367,33.27000045776367,25.28374290466309
12-10-2010,33.27000045776367,33.27000045776367,0,33.27000045776367,33.27000045776367,25.28374290466309
13-10-2010,33.27000045776367,33.27000045776367,0,33.27000045776367,33.27000045776367,25.28374290466309
14-10-2010,33.27000045776367,33.27000045776367,0,33.27000045776367,33.27000045776367,25.28374290466309
15-10-2010,33.27000045776367,33.27000045776367,0,33.27000045776367,33.27000045776367,25.28374290466309
18-10-2010,33.27000045776367,33.27000045776367,0,33.27000045776367,33.27000045776367,25.28374290466309
19-10-2010,33.27000045776367,33.27000045776367,0,33.27000045776367,33.27000045776367,25.28374290466309
20-10-2010,33.27000045776367,33.27000045776367,0,33.27000045776367,33.27000045776367,25.28374290466309
21-10-2010,33.27000045776367,33.27000045776367,0,33.27000045776367,33.27000045776367,25.28374290466309
22-10-2010,33.27000045776367,33.27000045776367,0,33.27000045776367,33.27000045776367,25.28374290466309
25-10-2010,33.27000045776367,33.27000045776367,0,33.27000045776367,33.27000045776367,25.28374290466309
26-10-2010,33.27000045776367,33.27000045776367,0,33.27000045776367,33.27000045776367,25.28374290466309
27-10-2010,33.27000045776367,33.27000045776367,0,33.27000045776367,33.27000045776367,25.28374290466309
28-10-2010,33.27000045776367,33.27000045776367,0,33.27000045776367,33.27000045776367,25.28374290466309
29-10-2010,33.27000045776367,33.27000045776367,0,33.27000045776367,33.27000045776367,25.28374290466309
01-11-2010,33.27000045776367,33.27000045776367,0,33.27000045776367,33.27000045776367,25.28374290466309
02-11-2010,33.27000045776367,33.27000045776367,0,33.27000045776367,33.27000045776367,25.28374290466309
03-11-2010,33.27000045776367,33.27000045776367,0,33.27000045776367,33.27000045776367,25.28374290466309
04-11-2010,33.27000045776367,33.27000045776367,0,33.27000045776367,33.27000045776367,25.28374290466309
05-11-2010,33.27000045776367,33.27000045776367,0,33.27000045776367,33.27000045776367,25.28374290466309
08-11-2010,33.27000045776367,33.27000045776367,0,33.27000045776367,33.27000045776367,25.28374290466309
09-11-2010,33.27000045776367,33.27000045776367,0,33.27000045776367,33.27000045776367,25.28374290466309
10-11-2010,33.27000045776367,33.27000045776367,0,33.27000045776367,33.27000045776367,25.28374290466309
11-11-2010,33.27000045776367,33.27000045776367,0,33.27000045776367,33.27000045776367,25.28374290466309
12-11-2010,33.27000045776367,33.27000045776367,0,33.27000045776367,33.27000045776367,25.28374290466309
15-11-2010,33.27000045776367,33.27000045776367,0,33.27000045776367,33.27000045776367,25.28374290466309
16-11-2010,33.27000045776367,33.27000045776367,0,33.27000045776367,33.27000045776367,25.28374290466309
17-11-2010,33.27000045776367,33.27000045776367,0,33.27000045776367,33.27000045776367,25.28374290466309
18-11-2010,33.27000045776367,33.27000045776367,0,33.27000045776367,33.27000045776367,25.28374290466309
19-11-2010,33.27000045776367,33.27000045776367,0,33.27000045776367,33.27000045776367,25.28374290466309
22-11-2010,33.27000045776367,33.27000045776367,0,33.27000045776367,33.27000045776367,25.28374290466309
23-11-2010,33.27000045776367,33.27000045776367,0,33.27000045776367,33.27000045776367,25.28374290466309
24-11-2010,33.27000045776367,33.27000045776367,0,33.27000045776367,33.27000045776367,25.28374290466309
26-11-2010,33.27000045776367,33.27000045776367,0,33.27000045776367,33.27000045776367,25.28374290466309
29-11-2010,33.27000045776367,33.27000045776367,0,33.27000045776367,33.27000045776367,25.28374290466309
30-11-2010,33.27000045776367,33.27000045776367,0,33.27000045776367,33.27000045776367,25.28374290466309
01-12-2010,33.27000045776367,33.27000045776367,0,33.27000045776367,33.27000045776367,25.28374290466309
02-12-2010,33.27000045776367,33.27000045776367,0,33.27000045776367,33.27000045776367,25.28374290466309
03-12-2010,33.27000045776367,33.27000045776367,0,33.27000045776367,33.27000045776367,25.28374290466309
06-12-2010,33.27000045776367,33.27000045776367,0,33.27000045776367,33.27000045776367,25.28374290466309
07-12-2010,33.27000045776367,33.27000045776367,0,33.27000045776367,33.27000045776367,25.28374290466309
08-12-2010,33.27000045776367,33.27000045776367,0,33.27000045776367,33.27000045776367,25.28374290466309
09-12-2010,33.27000045776367,33.27000045776367,0,33.27000045776367,33.27000045776367,25.28374290466309
10-12-2010,33.27000045776367,33.27000045776367,0,33.27000045776367,33.27000045776367,25.28374290466309
13-12-2010,33.27000045776367,33.27000045776367,0,33.27000045776367,33.27000045776367,25.28374290466309
14-12-2010,33.27000045776367,33.27000045776367,0,33.27000045776367,33.27000045776367,25.28374290466309
15-12-2010,33.27000045776367,33.27000045776367,0,33.27000045776367,33.27000045776367,25.28374290466309
16-12-2010,33.27000045776367,33.27000045776367,0,33.27000045776367,33.27000045776367,25.28374290466309
17-12-2010,33.27000045776367,33.27000045776367,0,33.27000045776367,33.27000045776367,25.28374290466309
20-12-2010,33.27000045776367,33.27000045776367,0,33.27000045776367,33.27000045776367,25.28374290466309
21-12-2010,33.27000045776367,33.27000045776367,0,33.27000045776367,33.27000045776367,25.28374290466309
22-12-2010,33.27000045776367,33.27000045776367,0,33.27000045776367,33.27000045776367,25.28374290466309
23-12-2010,33.27000045776367,33.27000045776367,0,33.27000045776367,33.27000045776367,25.28374290466309
27-12-2010,33.27000045776367,33.27000045776367,0,33.27000045776367,33.27000045776367,25.28374290466309
28-12-2010,33.27000045776367,33.27000045776367,0,33.27000045776367,33.27000045776367,25.28374290466309
29-12-2010,33.27000045776367,33.27000045776367,0,33.27000045776367,33.27000045776367,25.28374290466309
30-12-2010,33.27000045776367,33.27000045776367,0,33.27000045776367,33.27000045776367,25.28374290466309
31-12-2010,33.27000045776367,33.27000045776367,0,33.27000045776367,33.27000045776367,25.28374290466309
03-01-2011,33.27000045776367,33.27000045776367,0,33.27000045776367,33.27000045776367,25.28374290466309
04-01-2011,33.27000045776367,33.27000045776367,0,33.27000045776367,33.27000045776367,25.28374290466309
05-01-2011,33.27000045776367,33.27000045776367,0,33.27000045776367,33.27000045776367,25.28374290466309
06-01-2011,33.27000045776367,33.27000045776367,0,33.27000045776367,33.27000045776367,25.28374290466309
07-01-2011,33.27000045776367,33.27000045776367,0,33.27000045776367,33.27000045776367,25.28374290466309
10-01-2011,33.27000045776367,33.27000045776367,0,33.27000045776367,33.27000045776367,25.28374290466309
11-01-2011,33.27000045776367,33.27000045776367,0,33.27000045776367,33.27000045776367,25.28374290466309
12-01-2011,33.27000045776367,33.27000045776367,0,33.27000045776367,33.27000045776367,25.28374290466309
13-01-2011,33.27000045776367,33.27000045776367,0,33.27000045776367,33.27000045776367,25.28374290466309
14-01-2011,33.27000045776367,33.27000045776367,0,33.27000045776367,33.27000045776367,25.28374290466309
18-01-2011,33.27000045776367,33.27000045776367,0,33.27000045776367,33.27000045776367,25.28374290466309
19-01-2011,33.27000045776367,33.27000045776367,0,33.27000045776367,33.27000045776367,25.28374290466309
20-01-2011,33.27000045776367,33.27000045776367,0,33.27000045776367,33.27000045776367,25.28374290466309
21-01-2011,33.27000045776367,33.27000045776367,0,33.27000045776367,33.27000045776367,25.28374290466309
24-01-2011,33.27000045776367,33.27000045776367,0,33.27000045776367,33.27000045776367,25.28374290466309
25-01-2011,33.27000045776367,33.27000045776367,0,33.27000045776367,33.27000045776367,25.28374290466309
26-01-2011,33.27000045776367,33.27000045776367,0,33.27000045776367,33.27000045776367,25.28374290466309
27-01-2011,33.27000045776367,33.27000045776367,0,33.27000045776367,33.27000045776367,25.28374290466309
28-01-2011,33.27000045776367,33.27000045776367,0,33.27000045776367,33.27000045776367,25.28374290466309
31-01-2011,33.27000045776367,33.27000045776367,0,33.27000045776367,33.27000045776367,25.28374290466309
01-02-2011,33.27000045776367,33.27000045776367,0,33.27000045776367,33.27000045776367,25.28374290466309
02-02-2011,33.27000045776367,33.27000045776367,0,33.27000045776367,33.27000045776367,25.28374290466309
03-02-2011,33.27000045776367,33.27000045776367,0,33.27000045776367,33.27000045776367,25.28374290466309
04-02-2011,33.27000045776367,33.27000045776367,0,33.27000045776367,33.27000045776367,25.28374290466309
07-02-2011,33.27000045776367,33.27000045776367,0,33.27000045776367,33.27000045776367,25.28374290466309
08-02-2011,33.27000045776367,33.27000045776367,0,33.27000045776367,33.27000045776367,25.28374290466309
09-02-2011,33.27000045776367,33.27000045776367,0,33.27000045776367,33.27000045776367,25.28374290466309
10-02-2011,33.27000045776367,33.27000045776367,0,33.27000045776367,33.27000045776367,25.28374290466309
11-02-2011,33.27000045776367,33.27000045776367,0,33.27000045776367,33.27000045776367,25.28374290466309
14-02-2011,33.27000045776367,33.27000045776367,0,33.27000045776367,33.27000045776367,25.28374290466309
15-02-2011,33.27000045776367,33.27000045776367,0,33.27000045776367,33.27000045776367,25.28374290466309
16-02-2011,33.27000045776367,33.27000045776367,0,33.27000045776367,33.27000045776367,25.28374290466309
17-02-2011,33.27000045776367,33.27000045776367,0,33.27000045776367,33.27000045776367,25.28374290466309
18-02-2011,33.27000045776367,33.27000045776367,0,33.27000045776367,33.27000045776367,25.28374290466309
22-02-2011,33.27000045776367,33.27000045776367,0,33.27000045776367,33.27000045776367,25.28374290466309
23-02-2011,33.27000045776367,33.27000045776367,0,33.27000045776367,33.27000045776367,25.28374290466309
24-02-2011,33.27000045776367,33.27000045776367,0,33.27000045776367,33.27000045776367,25.28374290466309
25-02-2011,33.27000045776367,33.27000045776367,0,33.27000045776367,33.27000045776367,25.28374290466309
28-02-2011,33.27000045776367,33.27000045776367,0,33.27000045776367,33.27000045776367,25.28374290466309
01-03-2011,43.150001525878906,43.150001525878906,200,43.150001525878906,43.150001525878906,32.7921142578125
02-03-2011,43.150001525878906,43.150001525878906,0,43.150001525878906,43.150001525878906,32.7921142578125
03-03-2011,43.150001525878906,43.150001525878906,0,43.150001525878906,43.150001525878906,32.7921142578125
04-03-2011,43.150001525878906,43.150001525878906,0,43.150001525878906,43.150001525878906,32.7921142578125
07-03-2011,43.150001525878906,43.150001525878906,0,43.150001525878906,43.150001525878906,32.7921142578125
08-03-2011,43.150001525878906,43.150001525878906,0,43.150001525878906,43.150001525878906,32.7921142578125
09-03-2011,43.150001525878906,43.150001525878906,0,43.150001525878906,43.150001525878906,32.7921142578125
10-03-2011,43.150001525878906,43.150001525878906,0,43.150001525878906,43.150001525878906,32.7921142578125
11-03-2011,43.150001525878906,43.150001525878906,0,43.150001525878906,43.150001525878906,32.7921142578125
14-03-2011,43.150001525878906,43.150001525878906,0,43.150001525878906,43.150001525878906,32.7921142578125
15-03-2011,43.150001525878906,43.150001525878906,0,43.150001525878906,43.150001525878906,32.7921142578125
16-03-2011,43.150001525878906,43.150001525878906,0,43.150001525878906,43.150001525878906,32.7921142578125
17-03-2011,43.150001525878906,43.150001525878906,0,43.150001525878906,43.150001525878906,32.7921142578125
18-03-2011,43.150001525878906,43.150001525878906,0,43.150001525878906,43.150001525878906,32.7921142578125
21-03-2011,43.150001525878906,43.150001525878906,0,43.150001525878906,43.150001525878906,32.7921142578125
22-03-2011,43.150001525878906,43.150001525878906,0,43.150001525878906,43.150001525878906,32.7921142578125
23-03-2011,43.150001525878906,43.150001525878906,0,43.150001525878906,43.150001525878906,32.7921142578125
24-03-2011,43.150001525878906,43.150001525878906,0,43.150001525878906,43.150001525878906,32.7921142578125
25-03-2011,43.150001525878906,43.150001525878906,0,43.150001525878906,43.150001525878906,32.7921142578125
28-03-2011,43.150001525878906,43.150001525878906,0,43.150001525878906,43.150001525878906,32.7921142578125
29-03-2011,43.150001525878906,43.150001525878906,0,43.150001525878906,43.150001525878906,32.7921142578125
30-03-2011,43.150001525878906,43.150001525878906,0,43.150001525878906,43.150001525878906,32.7921142578125
31-03-2011,43.150001525878906,43.150001525878906,0,43.150001525878906,43.150001525878906,32.7921142578125
01-04-2011,43.150001525878906,43.150001525878906,0,43.150001525878906,43.150001525878906,32.7921142578125
04-04-2011,43.150001525878906,43.150001525878906,0,43.150001525878906,43.150001525878906,32.7921142578125
05-04-2011,43.150001525878906,43.150001525878906,0,43.150001525878906,43.150001525878906,33.81074905395508
06-04-2011,43.150001525878906,43.150001525878906,0,43.150001525878906,43.150001525878906,33.81074905395508
07-04-2011,43.150001525878906,43.150001525878906,0,43.150001525878906,43.150001525878906,33.81074905395508
08-04-2011,43.150001525878906,43.150001525878906,0,43.150001525878906,43.150001525878906,33.81074905395508
11-04-2011,43.150001525878906,43.150001525878906,0,43.150001525878906,43.150001525878906,33.81074905395508
12-04-2011,43.150001525878906,43.150001525878906,0,43.150001525878906,43.150001525878906,33.81074905395508
13-04-2011,43.150001525878906,43.150001525878906,0,43.150001525878906,43.150001525878906,33.81074905395508
14-04-2011,43.150001525878906,43.150001525878906,0,43.150001525878906,43.150001525878906,33.81074905395508
15-04-2011,43.150001525878906,43.150001525878906,0,43.150001525878906,43.150001525878906,33.81074905395508
18-04-2011,43.150001525878906,43.150001525878906,0,43.150001525878906,43.150001525878906,33.81074905395508
19-04-2011,43.150001525878906,43.150001525878906,0,43.150001525878906,43.150001525878906,33.81074905395508
20-04-2011,43.150001525878906,43.150001525878906,0,43.150001525878906,43.150001525878906,33.81074905395508
21-04-2011,43.150001525878906,43.150001525878906,0,43.150001525878906,43.150001525878906,33.81074905395508
25-04-2011,43.150001525878906,43.150001525878906,0,43.150001525878906,43.150001525878906,33.81074905395508
26-04-2011,43.150001525878906,43.150001525878906,0,43.150001525878906,43.150001525878906,33.81074905395508
27-04-2011,43.150001525878906,43.150001525878906,0,43.150001525878906,43.150001525878906,33.81074905395508
28-04-2011,43.150001525878906,43.150001525878906,0,43.150001525878906,43.150001525878906,33.81074905395508
29-04-2011,43.150001525878906,43.150001525878906,0,43.150001525878906,43.150001525878906,33.81074905395508
02-05-2011,43.150001525878906,43.150001525878906,0,43.150001525878906,43.150001525878906,33.81074905395508
03-05-2011,43.150001525878906,43.150001525878906,0,43.150001525878906,43.150001525878906,33.81074905395508
04-05-2011,43.150001525878906,43.150001525878906,0,43.150001525878906,43.150001525878906,33.81074905395508
05-05-2011,43.150001525878906,43.150001525878906,0,43.150001525878906,43.150001525878906,33.81074905395508
06-05-2011,43.150001525878906,43.150001525878906,0,43.150001525878906,43.150001525878906,33.81074905395508
09-05-2011,43.150001525878906,43.150001525878906,0,43.150001525878906,43.150001525878906,33.81074905395508
10-05-2011,43.150001525878906,43.150001525878906,0,43.150001525878906,43.150001525878906,33.81074905395508
11-05-2011,43.150001525878906,43.150001525878906,0,43.150001525878906,43.150001525878906,33.81074905395508
12-05-2011,43.150001525878906,43.150001525878906,0,43.150001525878906,43.150001525878906,33.81074905395508
13-05-2011,43.150001525878906,43.150001525878906,0,43.150001525878906,43.150001525878906,33.81074905395508
16-05-2011,43.150001525878906,43.150001525878906,0,43.150001525878906,43.150001525878906,33.81074905395508
17-05-2011,43.150001525878906,43.150001525878906,0,43.150001525878906,43.150001525878906,33.81074905395508
18-05-2011,43.150001525878906,43.150001525878906,0,43.150001525878906,43.150001525878906,33.81074905395508
19-05-2011,43.150001525878906,43.150001525878906,0,43.150001525878906,43.150001525878906,33.81074905395508
20-05-2011,43.150001525878906,43.150001525878906,0,43.150001525878906,43.150001525878906,33.81074905395508
23-05-2011,43.150001525878906,43.150001525878906,0,43.150001525878906,43.150001525878906,33.81074905395508
24-05-2011,43.150001525878906,43.150001525878906,0,43.150001525878906,43.150001525878906,33.81074905395508
25-05-2011,43.150001525878906,43.150001525878906,0,43.150001525878906,43.150001525878906,33.81074905395508
26-05-2011,43.150001525878906,43.150001525878906,0,43.150001525878906,43.150001525878906,33.81074905395508
27-05-2011,43.150001525878906,43.150001525878906,0,43.150001525878906,43.150001525878906,33.81074905395508
31-05-2011,43.150001525878906,43.150001525878906,0,43.150001525878906,43.150001525878906,33.81074905395508
01-06-2011,43.150001525878906,43.150001525878906,0,43.150001525878906,43.150001525878906,33.81074905395508
02-06-2011,43.150001525878906,43.150001525878906,0,43.150001525878906,43.150001525878906,33.81074905395508
03-06-2011,43.150001525878906,43.150001525878906,0,43.150001525878906,43.150001525878906,33.81074905395508
06-06-2011,43.150001525878906,43.150001525878906,0,43.150001525878906,43.150001525878906,33.81074905395508
07-06-2011,43.150001525878906,43.150001525878906,0,43.150001525878906,43.150001525878906,33.81074905395508
08-06-2011,43.150001525878906,43.150001525878906,0,43.150001525878906,43.150001525878906,33.81074905395508
09-06-2011,43.150001525878906,43.150001525878906,0,43.150001525878906,43.150001525878906,33.81074905395508
10-06-2011,43.150001525878906,43.150001525878906,0,43.150001525878906,43.150001525878906,33.81074905395508
13-06-2011,43.150001525878906,43.150001525878906,0,43.150001525878906,43.150001525878906,33.81074905395508
14-06-2011,43.150001525878906,43.150001525878906,0,43.150001525878906,43.150001525878906,33.81074905395508
15-06-2011,43.150001525878906,43.150001525878906,0,43.150001525878906,43.150001525878906,33.81074905395508
16-06-2011,43.150001525878906,43.150001525878906,0,43.150001525878906,43.150001525878906,33.81074905395508
17-06-2011,43.150001525878906,43.150001525878906,0,43.150001525878906,43.150001525878906,33.81074905395508
20-06-2011,43.150001525878906,43.150001525878906,0,43.150001525878906,43.150001525878906,33.81074905395508
21-06-2011,43.150001525878906,43.150001525878906,0,43.150001525878906,43.150001525878906,33.81074905395508
22-06-2011,43.150001525878906,43.150001525878906,0,43.150001525878906,43.150001525878906,33.81074905395508
23-06-2011,43.150001525878906,43.150001525878906,0,43.150001525878906,43.150001525878906,33.81074905395508
24-06-2011,43.150001525878906,43.150001525878906,0,43.150001525878906,43.150001525878906,33.81074905395508
27-06-2011,43.150001525878906,43.150001525878906,0,43.150001525878906,43.150001525878906,33.81074905395508
28-06-2011,43.150001525878906,43.150001525878906,0,43.150001525878906,43.150001525878906,33.81074905395508
29-06-2011,43.150001525878906,43.150001525878906,0,43.150001525878906,43.150001525878906,33.81074905395508
30-06-2011,43.150001525878906,43.150001525878906,0,43.150001525878906,43.150001525878906,33.81074905395508
01-07-2011,43.150001525878906,43.150001525878906,0,43.150001525878906,43.150001525878906,33.81074905395508
05-07-2011,43.150001525878906,43.150001525878906,0,43.150001525878906,43.150001525878906,33.81074905395508
06-07-2011,43.150001525878906,43.150001525878906,0,43.150001525878906,43.150001525878906,33.81074905395508
07-07-2011,43.150001525878906,43.150001525878906,0,43.150001525878906,43.150001525878906,33.81074905395508
08-07-2011,43.150001525878906,43.150001525878906,0,43.150001525878906,43.150001525878906,33.81074905395508
11-07-2011,43.150001525878906,43.150001525878906,0,43.150001525878906,43.150001525878906,33.81074905395508
12-07-2011,43.150001525878906,43.150001525878906,0,43.150001525878906,43.150001525878906,33.81074905395508
13-07-2011,43.150001525878906,43.150001525878906,0,43.150001525878906,43.150001525878906,33.81074905395508
14-07-2011,43.150001525878906,43.150001525878906,0,43.150001525878906,43.150001525878906,33.81074905395508
15-07-2011,43.150001525878906,43.150001525878906,0,43.150001525878906,43.150001525878906,33.81074905395508
18-07-2011,43.150001525878906,43.150001525878906,0,43.150001525878906,43.150001525878906,33.81074905395508
19-07-2011,43.150001525878906,43.150001525878906,0,43.150001525878906,43.150001525878906,33.81074905395508
20-07-2011,43.150001525878906,43.150001525878906,0,43.150001525878906,43.150001525878906,33.81074905395508
21-07-2011,43.150001525878906,43.150001525878906,0,43.150001525878906,43.150001525878906,33.81074905395508
22-07-2011,43.150001525878906,43.150001525878906,0,43.150001525878906,43.150001525878906,33.81074905395508
25-07-2011,43.150001525878906,43.150001525878906,0,43.150001525878906,43.150001525878906,33.81074905395508
26-07-2011,43.150001525878906,43.150001525878906,0,43.150001525878906,43.150001525878906,33.81074905395508
27-07-2011,43.150001525878906,43.150001525878906,0,43.150001525878906,43.150001525878906,33.81074905395508
28-07-2011,43.150001525878906,43.150001525878906,0,43.150001525878906,43.150001525878906,33.81074905395508
29-07-2011,43.150001525878906,43.150001525878906,0,43.150001525878906,43.150001525878906,33.81074905395508
01-08-2011,43.150001525878906,43.150001525878906,0,43.150001525878906,43.150001525878906,33.81074905395508
02-08-2011,43.150001525878906,43.150001525878906,0,43.150001525878906,43.150001525878906,33.81074905395508
03-08-2011,43.150001525878906,43.150001525878906,0,43.150001525878906,43.150001525878906,33.81074905395508
04-08-2011,43.150001525878906,43.150001525878906,0,43.150001525878906,43.150001525878906,33.81074905395508
05-08-2011,43.150001525878906,43.150001525878906,0,43.150001525878906,43.150001525878906,33.81074905395508
08-08-2011,43.150001525878906,43.150001525878906,0,43.150001525878906,43.150001525878906,33.81074905395508
09-08-2011,43.150001525878906,43.150001525878906,0,43.150001525878906,43.150001525878906,33.81074905395508
10-08-2011,43.150001525878906,43.150001525878906,0,43.150001525878906,43.150001525878906,33.81074905395508
11-08-2011,43.150001525878906,43.150001525878906,0,43.150001525878906,43.150001525878906,33.81074905395508
12-08-2011,43.150001525878906,43.150001525878906,0,43.150001525878906,43.150001525878906,33.81074905395508
15-08-2011,43.150001525878906,43.150001525878906,0,43.150001525878906,43.150001525878906,33.81074905395508
16-08-2011,43.150001525878906,43.150001525878906,0,43.150001525878906,43.150001525878906,33.81074905395508
17-08-2011,43.150001525878906,43.150001525878906,0,43.150001525878906,43.150001525878906,33.81074905395508
18-08-2011,43.150001525878906,43.150001525878906,0,43.150001525878906,43.150001525878906,33.81074905395508
19-08-2011,43.150001525878906,43.150001525878906,0,43.150001525878906,43.150001525878906,33.81074905395508
22-08-2011,43.150001525878906,43.150001525878906,0,43.150001525878906,43.150001525878906,33.81074905395508
23-08-2011,43.150001525878906,43.150001525878906,0,43.150001525878906,43.150001525878906,33.81074905395508
24-08-2011,43.150001525878906,43.150001525878906,0,43.150001525878906,43.150001525878906,33.81074905395508
25-08-2011,43.150001525878906,43.150001525878906,0,43.150001525878906,43.150001525878906,33.81074905395508
26-08-2011,43.150001525878906,43.150001525878906,0,43.150001525878906,43.150001525878906,33.81074905395508
29-08-2011,43.150001525878906,43.150001525878906,0,43.150001525878906,43.150001525878906,33.81074905395508
30-08-2011,43.150001525878906,43.150001525878906,0,43.150001525878906,43.150001525878906,33.81074905395508
31-08-2011,43.150001525878906,43.150001525878906,0,43.150001525878906,43.150001525878906,33.81074905395508
01-09-2011,43.150001525878906,43.150001525878906,0,43.150001525878906,43.150001525878906,33.81074905395508
02-09-2011,43.150001525878906,43.150001525878906,0,43.150001525878906,43.150001525878906,33.81074905395508
06-09-2011,43.150001525878906,43.150001525878906,0,43.150001525878906,43.150001525878906,33.81074905395508
07-09-2011,43.150001525878906,43.150001525878906,0,43.150001525878906,43.150001525878906,33.81074905395508
08-09-2011,43.150001525878906,43.150001525878906,0,43.150001525878906,43.150001525878906,33.81074905395508
09-09-2011,43.150001525878906,43.150001525878906,0,43.150001525878906,43.150001525878906,33.81074905395508
12-09-2011,43.150001525878906,43.150001525878906,0,43.150001525878906,43.150001525878906,33.81074905395508
13-09-2011,43.150001525878906,43.150001525878906,0,43.150001525878906,43.150001525878906,33.81074905395508
14-09-2011,43.150001525878906,43.150001525878906,0,43.150001525878906,43.150001525878906,33.81074905395508
15-09-2011,43.150001525878906,43.150001525878906,0,43.150001525878906,43.150001525878906,33.81074905395508
16-09-2011,43.150001525878906,43.150001525878906,0,43.150001525878906,43.150001525878906,33.81074905395508
19-09-2011,43.150001525878906,43.150001525878906,0,43.150001525878906,43.150001525878906,33.81074905395508
20-09-2011,43.150001525878906,43.150001525878906,0,43.150001525878906,43.150001525878906,33.81074905395508
21-09-2011,43.150001525878906,43.150001525878906,0,43.150001525878906,43.150001525878906,33.81074905395508
22-09-2011,43.150001525878906,43.150001525878906,0,43.150001525878906,43.150001525878906,33.81074905395508
23-09-2011,43.150001525878906,43.150001525878906,0,43.150001525878906,43.150001525878906,33.81074905395508
26-09-2011,43.150001525878906,43.150001525878906,0,43.150001525878906,43.150001525878906,33.81074905395508
27-09-2011,43.150001525878906,43.150001525878906,0,43.150001525878906,43.150001525878906,33.81074905395508
28-09-2011,43.150001525878906,43.150001525878906,0,43.150001525878906,43.150001525878906,33.81074905395508
29-09-2011,43.150001525878906,43.150001525878906,0,43.150001525878906,43.150001525878906,33.81074905395508
30-09-2011,43.150001525878906,43.150001525878906,0,43.150001525878906,43.150001525878906,33.81074905395508
03-10-2011,43.150001525878906,43.150001525878906,0,43.150001525878906,43.150001525878906,33.81074905395508
04-10-2011,43.150001525878906,43.150001525878906,0,43.150001525878906,43.150001525878906,33.81074905395508
05-10-2011,43.150001525878906,43.150001525878906,0,43.150001525878906,43.150001525878906,33.81074905395508
06-10-2011,43.150001525878906,43.150001525878906,0,43.150001525878906,43.150001525878906,33.81074905395508
07-10-2011,43.150001525878906,43.150001525878906,0,43.150001525878906,43.150001525878906,33.81074905395508
10-10-2011,43.150001525878906,43.150001525878906,0,43.150001525878906,43.150001525878906,33.81074905395508
11-10-2011,43.150001525878906,43.150001525878906,0,43.150001525878906,43.150001525878906,33.81074905395508
12-10-2011,43.150001525878906,43.150001525878906,0,43.150001525878906,43.150001525878906,33.81074905395508
13-10-2011,43.150001525878906,43.150001525878906,0,43.150001525878906,43.150001525878906,33.81074905395508
14-10-2011,43.150001525878906,43.150001525878906,0,43.150001525878906,43.150001525878906,33.81074905395508
17-10-2011,43.150001525878906,43.150001525878906,0,43.150001525878906,43.150001525878906,33.81074905395508
18-10-2011,43.150001525878906,43.150001525878906,0,43.150001525878906,43.150001525878906,33.81074905395508
19-10-2011,43.150001525878906,43.150001525878906,0,43.150001525878906,43.150001525878906,33.81074905395508
20-10-2011,43.150001525878906,43.150001525878906,0,43.150001525878906,43.150001525878906,33.81074905395508
21-10-2011,43.150001525878906,43.150001525878906,0,43.150001525878906,43.150001525878906,33.81074905395508
24-10-2011,43.150001525878906,43.150001525878906,0,43.150001525878906,43.150001525878906,33.81074905395508
25-10-2011,43.150001525878906,43.150001525878906,0,43.150001525878906,43.150001525878906,33.81074905395508
26-10-2011,43.150001525878906,43.150001525878906,0,43.150001525878906,43.150001525878906,33.81074905395508
27-10-2011,43.150001525878906,43.150001525878906,0,43.150001525878906,43.150001525878906,33.81074905395508
28-10-2011,43.150001525878906,43.150001525878906,0,43.150001525878906,43.150001525878906,33.81074905395508
31-10-2011,43.150001525878906,43.150001525878906,0,43.150001525878906,43.150001525878906,33.81074905395508
01-11-2011,43.150001525878906,43.150001525878906,0,43.150001525878906,43.150001525878906,33.81074905395508
02-11-2011,43.150001525878906,43.150001525878906,0,43.150001525878906,43.150001525878906,33.81074905395508
03-11-2011,43.150001525878906,43.150001525878906,0,43.150001525878906,43.150001525878906,33.81074905395508
04-11-2011,43.150001525878906,43.150001525878906,0,43.150001525878906,43.150001525878906,33.81074905395508
07-11-2011,43.150001525878906,43.150001525878906,0,43.150001525878906,43.150001525878906,33.81074905395508
08-11-2011,43.150001525878906,43.150001525878906,0,43.150001525878906,43.150001525878906,33.81074905395508
09-11-2011,43.150001525878906,43.150001525878906,0,43.150001525878906,43.150001525878906,33.81074905395508
10-11-2011,43.150001525878906,43.150001525878906,0,43.150001525878906,43.150001525878906,33.81074905395508
11-11-2011,43.150001525878906,43.150001525878906,0,43.150001525878906,43.150001525878906,33.81074905395508
14-11-2011,43.150001525878906,43.150001525878906,0,43.150001525878906,43.150001525878906,33.81074905395508
15-11-2011,43.150001525878906,43.150001525878906,0,43.150001525878906,43.150001525878906,33.81074905395508
16-11-2011,43.150001525878906,43.150001525878906,0,43.150001525878906,43.150001525878906,33.81074905395508
17-11-2011,43.150001525878906,43.150001525878906,0,43.150001525878906,43.150001525878906,33.81074905395508
18-11-2011,43.150001525878906,43.150001525878906,0,43.150001525878906,43.150001525878906,33.81074905395508
21-11-2011,43.150001525878906,43.150001525878906,0,43.150001525878906,43.150001525878906,33.81074905395508
22-11-2011,43.150001525878906,43.150001525878906,0,43.150001525878906,43.150001525878906,33.81074905395508
23-11-2011,43.150001525878906,43.150001525878906,0,43.150001525878906,43.150001525878906,33.81074905395508
25-11-2011,43.150001525878906,43.150001525878906,0,43.150001525878906,43.150001525878906,33.81074905395508
28-11-2011,43.150001525878906,43.150001525878906,0,43.150001525878906,43.150001525878906,33.81074905395508
29-11-2011,43.150001525878906,43.150001525878906,0,43.150001525878906,43.150001525878906,33.81074905395508
30-11-2011,43.150001525878906,43.150001525878906,0,43.150001525878906,43.150001525878906,33.81074905395508
01-12-2011,43.150001525878906,43.150001525878906,0,43.150001525878906,43.150001525878906,33.81074905395508
02-12-2011,43.150001525878906,43.150001525878906,0,43.150001525878906,43.150001525878906,33.81074905395508
05-12-2011,43.150001525878906,43.150001525878906,0,43.150001525878906,43.150001525878906,33.81074905395508
06-12-2011,43.150001525878906,43.150001525878906,0,43.150001525878906,43.150001525878906,33.81074905395508
07-12-2011,43.150001525878906,43.150001525878906,0,43.150001525878906,43.150001525878906,33.81074905395508
08-12-2011,43.150001525878906,43.150001525878906,0,43.150001525878906,43.150001525878906,33.81074905395508
09-12-2011,43.150001525878906,43.150001525878906,0,43.150001525878906,43.150001525878906,33.81074905395508
12-12-2011,43.150001525878906,43.150001525878906,0,43.150001525878906,43.150001525878906,33.81074905395508
13-12-2011,43.150001525878906,43.150001525878906,0,43.150001525878906,43.150001525878906,33.81074905395508
14-12-2011,43.150001525878906,43.150001525878906,0,43.150001525878906,43.150001525878906,33.81074905395508
15-12-2011,43.150001525878906,43.150001525878906,0,43.150001525878906,43.150001525878906,33.81074905395508
16-12-2011,43.150001525878906,43.150001525878906,0,43.150001525878906,43.150001525878906,33.81074905395508
19-12-2011,43.150001525878906,43.150001525878906,0,43.150001525878906,43.150001525878906,33.81074905395508
20-12-2011,43.150001525878906,43.150001525878906,0,43.150001525878906,43.150001525878906,33.81074905395508
21-12-2011,43.150001525878906,43.150001525878906,0,43.150001525878906,43.150001525878906,33.81074905395508
22-12-2011,43.150001525878906,43.150001525878906,0,43.150001525878906,43.150001525878906,33.81074905395508
23-12-2011,43.150001525878906,43.150001525878906,0,43.150001525878906,43.150001525878906,33.81074905395508
27-12-2011,43.150001525878906,43.150001525878906,0,43.150001525878906,43.150001525878906,33.81074905395508
28-12-2011,43.150001525878906,43.150001525878906,0,43.150001525878906,43.150001525878906,33.81074905395508
29-12-2011,43.150001525878906,43.150001525878906,0,43.150001525878906,43.150001525878906,33.81074905395508
30-12-2011,43.150001525878906,43.150001525878906,0,43.150001525878906,43.150001525878906,33.81074905395508
03-01-2012,43.150001525878906,43.150001525878906,0,43.150001525878906,43.150001525878906,33.81074905395508
04-01-2012,43.150001525878906,43.150001525878906,0,43.150001525878906,43.150001525878906,33.81074905395508
05-01-2012,43.150001525878906,43.150001525878906,0,43.150001525878906,43.150001525878906,33.81074905395508
06-01-2012,43.150001525878906,43.150001525878906,0,43.150001525878906,43.150001525878906,33.81074905395508
09-01-2012,43.150001525878906,43.150001525878906,0,43.150001525878906,43.150001525878906,33.81074905395508
10-01-2012,43.150001525878906,43.150001525878906,0,43.150001525878906,43.150001525878906,33.81074905395508
11-01-2012,43.150001525878906,43.150001525878906,0,43.150001525878906,43.150001525878906,33.81074905395508
12-01-2012,43.150001525878906,43.150001525878906,0,43.150001525878906,43.150001525878906,33.81074905395508
13-01-2012,43.150001525878906,43.150001525878906,0,43.150001525878906,43.150001525878906,33.81074905395508
17-01-2012,43.150001525878906,43.150001525878906,0,43.150001525878906,43.150001525878906,33.81074905395508
18-01-2012,43.150001525878906,43.150001525878906,0,43.150001525878906,43.150001525878906,33.81074905395508
19-01-2012,43.150001525878906,43.150001525878906,0,43.150001525878906,43.150001525878906,33.81074905395508
20-01-2012,43.150001525878906,43.150001525878906,0,43.150001525878906,43.150001525878906,33.81074905395508
23-01-2012,43.150001525878906,43.150001525878906,0,43.150001525878906,43.150001525878906,33.81074905395508
24-01-2012,43.150001525878906,43.150001525878906,0,43.150001525878906,43.150001525878906,33.81074905395508
25-01-2012,43.150001525878906,43.150001525878906,0,43.150001525878906,43.150001525878906,33.81074905395508
26-01-2012,43.150001525878906,43.150001525878906,0,43.150001525878906,43.150001525878906,33.81074905395508
27-01-2012,43.150001525878906,43.150001525878906,0,43.150001525878906,43.150001525878906,33.81074905395508
30-01-2012,43.150001525878906,43.150001525878906,0,43.150001525878906,43.150001525878906,33.81074905395508
31-01-2012,43.150001525878906,43.150001525878906,0,43.150001525878906,43.150001525878906,33.81074905395508
01-02-2012,43.150001525878906,43.150001525878906,0,43.150001525878906,43.150001525878906,33.81074905395508
02-02-2012,43.150001525878906,43.150001525878906,0,43.150001525878906,43.150001525878906,33.81074905395508
03-02-2012,43.150001525878906,43.150001525878906,0,43.150001525878906,43.150001525878906,33.81074905395508
06-02-2012,43.150001525878906,43.150001525878906,0,43.150001525878906,43.150001525878906,33.81074905395508
07-02-2012,43.150001525878906,43.150001525878906,0,43.150001525878906,43.150001525878906,33.81074905395508
08-02-2012,43.150001525878906,43.150001525878906,0,43.150001525878906,43.150001525878906,33.81074905395508
09-02-2012,43.150001525878906,43.150001525878906,0,43.150001525878906,43.150001525878906,33.81074905395508
10-02-2012,43.150001525878906,43.150001525878906,0,43.150001525878906,43.150001525878906,33.81074905395508
13-02-2012,43.150001525878906,43.150001525878906,0,43.150001525878906,43.150001525878906,33.81074905395508
14-02-2012,43.150001525878906,43.150001525878906,0,43.150001525878906,43.150001525878906,33.81074905395508
15-02-2012,43.150001525878906,43.150001525878906,0,43.150001525878906,43.150001525878906,33.81074905395508
16-02-2012,43.150001525878906,43.150001525878906,0,43.150001525878906,43.150001525878906,33.81074905395508
17-02-2012,43.150001525878906,43.150001525878906,0,43.150001525878906,43.150001525878906,33.81074905395508
21-02-2012,43.150001525878906,43.150001525878906,0,43.150001525878906,43.150001525878906,33.81074905395508
22-02-2012,43.150001525878906,43.150001525878906,0,43.150001525878906,43.150001525878906,33.81074905395508
23-02-2012,43.150001525878906,43.150001525878906,0,43.150001525878906,43.150001525878906,33.81074905395508
24-02-2012,43.150001525878906,43.150001525878906,0,43.150001525878906,43.150001525878906,33.81074905395508
27-02-2012,43.150001525878906,43.150001525878906,0,43.150001525878906,43.150001525878906,33.81074905395508
28-02-2012,43.150001525878906,43.150001525878906,0,43.150001525878906,43.150001525878906,33.81074905395508
29-02-2012,43.150001525878906,43.150001525878906,0,43.150001525878906,43.150001525878906,33.81074905395508
01-03-2012,43.150001525878906,43.150001525878906,0,43.150001525878906,43.150001525878906,33.81074905395508
02-03-2012,43.150001525878906,43.150001525878906,0,43.150001525878906,43.150001525878906,33.81074905395508
05-03-2012,43.150001525878906,43.150001525878906,0,43.150001525878906,43.150001525878906,33.81074905395508
06-03-2012,43.150001525878906,43.150001525878906,0,43.150001525878906,43.150001525878906,33.81074905395508
07-03-2012,43.150001525878906,43.150001525878906,0,43.150001525878906,43.150001525878906,33.81074905395508
08-03-2012,43.150001525878906,43.150001525878906,0,43.150001525878906,43.150001525878906,33.81074905395508
09-03-2012,43.150001525878906,43.150001525878906,0,43.150001525878906,43.150001525878906,33.81074905395508
12-03-2012,43.150001525878906,43.150001525878906,0,43.150001525878906,43.150001525878906,33.81074905395508
13-03-2012,43.150001525878906,43.150001525878906,0,43.150001525878906,43.150001525878906,33.81074905395508
14-03-2012,43.150001525878906,43.150001525878906,0,43.150001525878906,43.150001525878906,33.81074905395508
15-03-2012,43.150001525878906,43.150001525878906,0,43.150001525878906,43.150001525878906,33.81074905395508
16-03-2012,43.150001525878906,43.150001525878906,0,43.150001525878906,43.150001525878906,33.81074905395508
19-03-2012,43.150001525878906,43.150001525878906,0,43.150001525878906,43.150001525878906,33.81074905395508
20-03-2012,43.150001525878906,43.150001525878906,0,43.150001525878906,43.150001525878906,33.81074905395508
21-03-2012,43.150001525878906,43.150001525878906,0,43.150001525878906,43.150001525878906,33.81074905395508
22-03-2012,43.150001525878906,43.150001525878906,0,43.150001525878906,43.150001525878906,33.81074905395508
23-03-2012,43.150001525878906,43.150001525878906,0,43.150001525878906,43.150001525878906,33.81074905395508
26-03-2012,43.150001525878906,43.150001525878906,0,43.150001525878906,43.150001525878906,33.81074905395508
27-03-2012,43.150001525878906,43.150001525878906,0,43.150001525878906,43.150001525878906,33.81074905395508
28-03-2012,43.150001525878906,43.150001525878906,0,43.150001525878906,43.150001525878906,33.81074905395508
29-03-2012,43.150001525878906,43.150001525878906,0,43.150001525878906,43.150001525878906,33.81074905395508
30-03-2012,43.150001525878906,43.150001525878906,0,43.150001525878906,43.150001525878906,33.81074905395508
02-04-2012,43.150001525878906,43.150001525878906,0,43.150001525878906,43.150001525878906,33.81074905395508
03-04-2012,43.150001525878906,43.150001525878906,0,43.150001525878906,43.150001525878906,33.81074905395508
04-04-2012,43.150001525878906,43.150001525878906,0,43.150001525878906,43.150001525878906,33.81074905395508
05-04-2012,43.150001525878906,43.150001525878906,0,43.150001525878906,43.150001525878906,33.81074905395508
09-04-2012,43.150001525878906,43.150001525878906,0,43.150001525878906,43.150001525878906,33.81074905395508
10-04-2012,43.150001525878906,43.150001525878906,0,43.150001525878906,43.150001525878906,33.81074905395508
11-04-2012,43.150001525878906,43.150001525878906,0,43.150001525878906,43.150001525878906,33.81074905395508
12-04-2012,43.150001525878906,43.150001525878906,0,43.150001525878906,43.150001525878906,33.81074905395508
13-04-2012,43.150001525878906,43.150001525878906,0,43.150001525878906,43.150001525878906,33.81074905395508
16-04-2012,43.150001525878906,43.150001525878906,0,43.150001525878906,43.150001525878906,33.81074905395508
17-04-2012,43.150001525878906,43.150001525878906,0,43.150001525878906,43.150001525878906,34.77791976928711
18-04-2012,43.150001525878906,43.150001525878906,0,43.150001525878906,43.150001525878906,34.77791976928711
19-04-2012,43.150001525878906,43.150001525878906,0,43.150001525878906,43.150001525878906,34.77791976928711
20-04-2012,43.150001525878906,43.150001525878906,0,43.150001525878906,43.150001525878906,34.77791976928711
23-04-2012,43.150001525878906,43.150001525878906,0,43.150001525878906,43.150001525878906,34.77791976928711
24-04-2012,43.150001525878906,43.150001525878906,0,43.150001525878906,43.150001525878906,34.77791976928711
25-04-2012,43.150001525878906,43.150001525878906,0,43.150001525878906,43.150001525878906,34.77791976928711
26-04-2012,43.150001525878906,43.150001525878906,0,43.150001525878906,43.150001525878906,34.77791976928711
27-04-2012,43.150001525878906,43.150001525878906,0,43.150001525878906,43.150001525878906,34.77791976928711
30-04-2012,43.150001525878906,43.150001525878906,0,43.150001525878906,43.150001525878906,34.77791976928711
01-05-2012,43.150001525878906,43.150001525878906,0,43.150001525878906,43.150001525878906,34.77791976928711
02-05-2012,43.150001525878906,43.150001525878906,0,43.150001525878906,43.150001525878906,34.77791976928711
03-05-2012,43.150001525878906,43.150001525878906,0,43.150001525878906,43.150001525878906,34.77791976928711
04-05-2012,43.150001525878906,43.150001525878906,0,43.150001525878906,43.150001525878906,34.77791976928711
07-05-2012,43.150001525878906,43.150001525878906,0,43.150001525878906,43.150001525878906,34.77791976928711
08-05-2012,43.150001525878906,43.150001525878906,0,43.150001525878906,43.150001525878906,34.77791976928711
09-05-2012,43.150001525878906,43.150001525878906,0,43.150001525878906,43.150001525878906,34.77791976928711
10-05-2012,43.150001525878906,43.150001525878906,0,43.150001525878906,43.150001525878906,34.77791976928711
11-05-2012,43.150001525878906,43.150001525878906,0,43.150001525878906,43.150001525878906,34.77791976928711
14-05-2012,43.150001525878906,43.150001525878906,0,43.150001525878906,43.150001525878906,34.77791976928711
15-05-2012,43.150001525878906,43.150001525878906,0,43.150001525878906,43.150001525878906,34.77791976928711
16-05-2012,43.150001525878906,43.150001525878906,0,43.150001525878906,43.150001525878906,34.77791976928711
17-05-2012,43.150001525878906,43.150001525878906,0,43.150001525878906,43.150001525878906,34.77791976928711
18-05-2012,43.150001525878906,43.150001525878906,0,43.150001525878906,43.150001525878906,34.77791976928711
21-05-2012,43.150001525878906,43.150001525878906,0,43.150001525878906,43.150001525878906,34.77791976928711
22-05-2012,43.150001525878906,43.150001525878906,0,43.150001525878906,43.150001525878906,34.77791976928711
23-05-2012,43.150001525878906,43.150001525878906,0,43.150001525878906,43.150001525878906,34.77791976928711
24-05-2012,43.150001525878906,43.150001525878906,0,43.150001525878906,43.150001525878906,34.77791976928711
25-05-2012,43.150001525878906,43.150001525878906,0,43.150001525878906,43.150001525878906,34.77791976928711
29-05-2012,43.150001525878906,43.150001525878906,0,43.150001525878906,43.150001525878906,34.77791976928711
30-05-2012,43.150001525878906,43.150001525878906,0,43.150001525878906,43.150001525878906,34.77791976928711
31-05-2012,43.150001525878906,43.150001525878906,0,43.150001525878906,43.150001525878906,34.77791976928711
01-06-2012,43.150001525878906,43.150001525878906,0,43.150001525878906,43.150001525878906,34.77791976928711
04-06-2012,43.150001525878906,43.150001525878906,0,43.150001525878906,43.150001525878906,34.77791976928711
05-06-2012,43.150001525878906,43.150001525878906,0,43.150001525878906,43.150001525878906,34.77791976928711
06-06-2012,43.150001525878906,43.150001525878906,0,43.150001525878906,43.150001525878906,34.77791976928711
07-06-2012,43.150001525878906,43.150001525878906,0,43.150001525878906,43.150001525878906,34.77791976928711
08-06-2012,43.150001525878906,43.150001525878906,0,43.150001525878906,43.150001525878906,34.77791976928711
11-06-2012,43.150001525878906,43.150001525878906,0,43.150001525878906,43.150001525878906,34.77791976928711
12-06-2012,43.150001525878906,43.150001525878906,0,43.150001525878906,43.150001525878906,34.77791976928711
13-06-2012,43.150001525878906,43.150001525878906,0,43.150001525878906,43.150001525878906,34.77791976928711
14-06-2012,43.150001525878906,43.150001525878906,0,43.150001525878906,43.150001525878906,34.77791976928711
15-06-2012,43.150001525878906,43.150001525878906,0,43.150001525878906,43.150001525878906,34.77791976928711
18-06-2012,43.150001525878906,43.150001525878906,0,43.150001525878906,43.150001525878906,34.77791976928711
19-06-2012,43.150001525878906,43.150001525878906,0,43.150001525878906,43.150001525878906,34.77791976928711
20-06-2012,43.150001525878906,43.150001525878906,0,43.150001525878906,43.150001525878906,34.77791976928711
21-06-2012,43.150001525878906,43.150001525878906,0,43.150001525878906,43.150001525878906,34.77791976928711
22-06-2012,43.150001525878906,43.150001525878906,0,43.150001525878906,43.150001525878906,34.77791976928711
25-06-2012,43.150001525878906,43.150001525878906,0,43.150001525878906,43.150001525878906,34.77791976928711
26-06-2012,43.150001525878906,43.150001525878906,0,43.150001525878906,43.150001525878906,34.77791976928711
27-06-2012,43.150001525878906,43.150001525878906,0,43.150001525878906,43.150001525878906,34.77791976928711
28-06-2012,43.150001525878906,43.150001525878906,0,43.150001525878906,43.150001525878906,34.77791976928711
29-06-2012,43.150001525878906,43.150001525878906,0,43.150001525878906,43.150001525878906,34.77791976928711
02-07-2012,43.150001525878906,43.150001525878906,0,43.150001525878906,43.150001525878906,34.77791976928711
03-07-2012,43.150001525878906,43.150001525878906,0,43.150001525878906,43.150001525878906,34.77791976928711
05-07-2012,43.150001525878906,43.150001525878906,0,43.150001525878906,43.150001525878906,34.77791976928711
06-07-2012,43.150001525878906,43.150001525878906,0,43.150001525878906,43.150001525878906,34.77791976928711
09-07-2012,24.200000762939453,24.200000762939453,1500,24.200000762939453,24.200000762939453,19.5046501159668
10-07-2012,24.200000762939453,24.200000762939453,0,24.200000762939453,24.200000762939453,19.5046501159668
11-07-2012,24.200000762939453,24.200000762939453,0,24.200000762939453,24.200000762939453,19.5046501159668
12-07-2012,24.200000762939453,24.200000762939453,0,24.200000762939453,24.200000762939453,19.5046501159668
13-07-2012,24.200000762939453,24.200000762939453,0,24.200000762939453,24.200000762939453,19.5046501159668
16-07-2012,24.200000762939453,24.200000762939453,0,24.200000762939453,24.200000762939453,19.5046501159668
17-07-2012,24.200000762939453,24.200000762939453,0,24.200000762939453,24.200000762939453,19.5046501159668
18-07-2012,24.200000762939453,24.200000762939453,0,24.200000762939453,24.200000762939453,19.5046501159668
19-07-2012,24.200000762939453,24.200000762939453,0,24.200000762939453,24.200000762939453,19.5046501159668
20-07-2012,24.200000762939453,24.200000762939453,0,24.200000762939453,24.200000762939453,19.5046501159668
23-07-2012,24.200000762939453,24.200000762939453,0,24.200000762939453,24.200000762939453,19.5046501159668
24-07-2012,24.200000762939453,24.200000762939453,0,24.200000762939453,24.200000762939453,19.5046501159668
25-07-2012,24.200000762939453,24.200000762939453,0,24.200000762939453,24.200000762939453,19.5046501159668
26-07-2012,24.200000762939453,24.200000762939453,0,24.200000762939453,24.200000762939453,19.5046501159668
27-07-2012,24.200000762939453,24.200000762939453,0,24.200000762939453,24.200000762939453,19.5046501159668
30-07-2012,24.200000762939453,24.200000762939453,0,24.200000762939453,24.200000762939453,19.5046501159668
31-07-2012,24.200000762939453,24.200000762939453,0,24.200000762939453,24.200000762939453,19.5046501159668
01-08-2012,24.200000762939453,24.200000762939453,0,24.200000762939453,24.200000762939453,19.5046501159668
02-08-2012,24.200000762939453,24.200000762939453,0,24.200000762939453,24.200000762939453,19.5046501159668
03-08-2012,24.200000762939453,24.200000762939453,0,24.200000762939453,24.200000762939453,19.5046501159668
06-08-2012,24.200000762939453,24.200000762939453,0,24.200000762939453,24.200000762939453,19.5046501159668
07-08-2012,24.200000762939453,24.200000762939453,0,24.200000762939453,24.200000762939453,19.5046501159668
08-08-2012,24.200000762939453,24.200000762939453,0,24.200000762939453,24.200000762939453,19.5046501159668
09-08-2012,24.200000762939453,24.200000762939453,0,24.200000762939453,24.200000762939453,19.5046501159668
10-08-2012,24.200000762939453,24.200000762939453,0,24.200000762939453,24.200000762939453,19.5046501159668
13-08-2012,24.200000762939453,24.200000762939453,0,24.200000762939453,24.200000762939453,19.5046501159668
14-08-2012,24.200000762939453,24.200000762939453,0,24.200000762939453,24.200000762939453,19.5046501159668
15-08-2012,24.200000762939453,24.200000762939453,0,24.200000762939453,24.200000762939453,19.5046501159668
16-08-2012,24.200000762939453,24.200000762939453,0,24.200000762939453,24.200000762939453,19.5046501159668
17-08-2012,24.200000762939453,24.200000762939453,0,24.200000762939453,24.200000762939453,19.5046501159668
20-08-2012,24.200000762939453,24.200000762939453,0,24.200000762939453,24.200000762939453,19.5046501159668
21-08-2012,24.200000762939453,24.200000762939453,0,24.200000762939453,24.200000762939453,19.5046501159668
22-08-2012,24.200000762939453,24.200000762939453,0,24.200000762939453,24.200000762939453,19.5046501159668
23-08-2012,24.200000762939453,24.200000762939453,0,24.200000762939453,24.200000762939453,19.5046501159668
24-08-2012,24.200000762939453,24.200000762939453,0,24.200000762939453,24.200000762939453,19.5046501159668
27-08-2012,24.200000762939453,24.200000762939453,0,24.200000762939453,24.200000762939453,19.5046501159668
28-08-2012,24.200000762939453,24.200000762939453,0,24.200000762939453,24.200000762939453,19.5046501159668
29-08-2012,24.200000762939453,24.200000762939453,0,24.200000762939453,24.200000762939453,19.5046501159668
30-08-2012,24.200000762939453,24.200000762939453,0,24.200000762939453,24.200000762939453,19.5046501159668
31-08-2012,24.200000762939453,24.200000762939453,0,24.200000762939453,24.200000762939453,19.5046501159668
04-09-2012,24.200000762939453,24.200000762939453,0,24.200000762939453,24.200000762939453,19.5046501159668
05-09-2012,24.200000762939453,24.200000762939453,0,24.200000762939453,24.200000762939453,19.5046501159668
06-09-2012,24.200000762939453,24.200000762939453,0,24.200000762939453,24.200000762939453,19.5046501159668
07-09-2012,24.200000762939453,24.200000762939453,0,24.200000762939453,24.200000762939453,19.5046501159668
10-09-2012,24.200000762939453,24.200000762939453,0,24.200000762939453,24.200000762939453,19.5046501159668
11-09-2012,24.200000762939453,24.200000762939453,0,24.200000762939453,24.200000762939453,19.5046501159668
12-09-2012,24.200000762939453,24.200000762939453,0,24.200000762939453,24.200000762939453,19.5046501159668
13-09-2012,24.200000762939453,24.200000762939453,0,24.200000762939453,24.200000762939453,19.5046501159668
14-09-2012,24.200000762939453,24.200000762939453,0,24.200000762939453,24.200000762939453,19.5046501159668
17-09-2012,24.200000762939453,24.200000762939453,0,24.200000762939453,24.200000762939453,19.5046501159668
18-09-2012,24.200000762939453,24.200000762939453,0,24.200000762939453,24.200000762939453,19.5046501159668
19-09-2012,24.200000762939453,24.200000762939453,0,24.200000762939453,24.200000762939453,19.5046501159668
20-09-2012,24.200000762939453,24.200000762939453,0,24.200000762939453,24.200000762939453,19.5046501159668
21-09-2012,24.200000762939453,24.200000762939453,0,24.200000762939453,24.200000762939453,19.5046501159668
24-09-2012,24.200000762939453,24.200000762939453,0,24.200000762939453,24.200000762939453,19.5046501159668
25-09-2012,24.200000762939453,24.200000762939453,0,24.200000762939453,24.200000762939453,19.5046501159668
26-09-2012,24.200000762939453,24.200000762939453,0,24.200000762939453,24.200000762939453,19.5046501159668
27-09-2012,24.200000762939453,24.200000762939453,0,24.200000762939453,24.200000762939453,19.5046501159668
28-09-2012,24.200000762939453,24.200000762939453,0,24.200000762939453,24.200000762939453,19.5046501159668
01-10-2012,24.200000762939453,24.200000762939453,0,24.200000762939453,24.200000762939453,19.5046501159668
02-10-2012,24.200000762939453,24.200000762939453,0,24.200000762939453,24.200000762939453,19.5046501159668
03-10-2012,24.200000762939453,24.200000762939453,0,24.200000762939453,24.200000762939453,19.5046501159668
04-10-2012,24.200000762939453,24.200000762939453,0,24.200000762939453,24.200000762939453,19.5046501159668
05-10-2012,24.200000762939453,24.200000762939453,0,24.200000762939453,24.200000762939453,19.5046501159668
08-10-2012,24.200000762939453,24.200000762939453,0,24.200000762939453,24.200000762939453,19.5046501159668
09-10-2012,24.200000762939453,24.200000762939453,0,24.200000762939453,24.200000762939453,19.5046501159668
10-10-2012,24.200000762939453,24.200000762939453,0,24.200000762939453,24.200000762939453,19.5046501159668
11-10-2012,24.200000762939453,24.200000762939453,0,24.200000762939453,24.200000762939453,19.5046501159668
12-10-2012,24.200000762939453,24.200000762939453,0,24.200000762939453,24.200000762939453,19.5046501159668
15-10-2012,24.200000762939453,24.200000762939453,0,24.200000762939453,24.200000762939453,19.5046501159668
16-10-2012,24.200000762939453,24.200000762939453,0,24.200000762939453,24.200000762939453,19.5046501159668
17-10-2012,24.200000762939453,24.200000762939453,0,24.200000762939453,24.200000762939453,19.5046501159668
18-10-2012,24.200000762939453,24.200000762939453,0,24.200000762939453,24.200000762939453,19.5046501159668
19-10-2012,24.200000762939453,24.200000762939453,0,24.200000762939453,24.200000762939453,19.5046501159668
22-10-2012,24.200000762939453,24.200000762939453,0,24.200000762939453,24.200000762939453,19.5046501159668
23-10-2012,24.200000762939453,24.200000762939453,0,24.200000762939453,24.200000762939453,19.5046501159668
24-10-2012,24.200000762939453,24.200000762939453,0,24.200000762939453,24.200000762939453,19.5046501159668
25-10-2012,24.200000762939453,24.200000762939453,0,24.200000762939453,24.200000762939453,19.5046501159668
26-10-2012,24.200000762939453,24.200000762939453,0,24.200000762939453,24.200000762939453,19.5046501159668
31-10-2012,24.200000762939453,24.200000762939453,0,24.200000762939453,24.200000762939453,19.5046501159668
01-11-2012,24.200000762939453,24.200000762939453,0,24.200000762939453,24.200000762939453,19.5046501159668
02-11-2012,24.200000762939453,24.200000762939453,0,24.200000762939453,24.200000762939453,19.5046501159668
05-11-2012,24.200000762939453,24.200000762939453,0,24.200000762939453,24.200000762939453,19.5046501159668
06-11-2012,24.200000762939453,24.200000762939453,0,24.200000762939453,24.200000762939453,19.5046501159668
07-11-2012,24.200000762939453,24.200000762939453,0,24.200000762939453,24.200000762939453,19.5046501159668
08-11-2012,24.200000762939453,24.200000762939453,0,24.200000762939453,24.200000762939453,19.5046501159668
09-11-2012,24.200000762939453,24.200000762939453,0,24.200000762939453,24.200000762939453,19.5046501159668
12-11-2012,24.200000762939453,24.200000762939453,0,24.200000762939453,24.200000762939453,19.5046501159668
13-11-2012,24.200000762939453,24.200000762939453,0,24.200000762939453,24.200000762939453,19.5046501159668
14-11-2012,24.200000762939453,24.200000762939453,0,24.200000762939453,24.200000762939453,19.5046501159668
15-11-2012,24.200000762939453,24.200000762939453,0,24.200000762939453,24.200000762939453,19.5046501159668
16-11-2012,24.200000762939453,24.200000762939453,0,24.200000762939453,24.200000762939453,19.5046501159668
19-11-2012,24.200000762939453,24.200000762939453,0,24.200000762939453,24.200000762939453,19.5046501159668
20-11-2012,24.200000762939453,24.200000762939453,0,24.200000762939453,24.200000762939453,19.5046501159668
21-11-2012,24.200000762939453,24.200000762939453,0,24.200000762939453,24.200000762939453,19.5046501159668
23-11-2012,24.200000762939453,24.200000762939453,0,24.200000762939453,24.200000762939453,19.5046501159668
26-11-2012,24.200000762939453,24.200000762939453,0,24.200000762939453,24.200000762939453,19.5046501159668
27-11-2012,24.200000762939453,24.200000762939453,0,24.200000762939453,24.200000762939453,19.5046501159668
28-11-2012,24.200000762939453,24.200000762939453,0,24.200000762939453,24.200000762939453,19.5046501159668
29-11-2012,24.200000762939453,24.200000762939453,0,24.200000762939453,24.200000762939453,19.5046501159668
30-11-2012,24.200000762939453,24.200000762939453,0,24.200000762939453,24.200000762939453,19.5046501159668
03-12-2012,24.200000762939453,24.200000762939453,0,24.200000762939453,24.200000762939453,19.5046501159668
04-12-2012,24.200000762939453,24.200000762939453,0,24.200000762939453,24.200000762939453,19.5046501159668
05-12-2012,24.200000762939453,24.200000762939453,0,24.200000762939453,24.200000762939453,19.5046501159668
06-12-2012,24.200000762939453,24.200000762939453,0,24.200000762939453,24.200000762939453,19.5046501159668
07-12-2012,24.200000762939453,24.200000762939453,0,24.200000762939453,24.200000762939453,19.5046501159668
10-12-2012,24.200000762939453,24.200000762939453,0,24.200000762939453,24.200000762939453,19.5046501159668
11-12-2012,24.200000762939453,24.200000762939453,0,24.200000762939453,24.200000762939453,19.5046501159668
12-12-2012,24.200000762939453,24.200000762939453,0,24.200000762939453,24.200000762939453,19.5046501159668
13-12-2012,24.200000762939453,24.200000762939453,0,24.200000762939453,24.200000762939453,19.5046501159668
14-12-2012,24.200000762939453,24.200000762939453,0,24.200000762939453,24.200000762939453,19.5046501159668
17-12-2012,24.200000762939453,24.200000762939453,0,24.200000762939453,24.200000762939453,19.5046501159668
18-12-2012,24.200000762939453,24.200000762939453,0,24.200000762939453,24.200000762939453,19.5046501159668
19-12-2012,24.200000762939453,24.200000762939453,0,24.200000762939453,24.200000762939453,19.5046501159668
20-12-2012,24.200000762939453,24.200000762939453,0,24.200000762939453,24.200000762939453,19.5046501159668
21-12-2012,24.200000762939453,24.200000762939453,0,24.200000762939453,24.200000762939453,19.5046501159668
24-12-2012,24.200000762939453,24.200000762939453,0,24.200000762939453,24.200000762939453,19.5046501159668
26-12-2012,24.200000762939453,24.200000762939453,0,24.200000762939453,24.200000762939453,19.5046501159668
27-12-2012,24.200000762939453,24.200000762939453,0,24.200000762939453,24.200000762939453,19.5046501159668
28-12-2012,24.200000762939453,24.200000762939453,0,24.200000762939453,24.200000762939453,19.5046501159668
31-12-2012,24.200000762939453,24.200000762939453,0,24.200000762939453,24.200000762939453,19.5046501159668
02-01-2013,24.200000762939453,24.200000762939453,0,24.200000762939453,24.200000762939453,19.5046501159668
03-01-2013,24.200000762939453,24.200000762939453,0,24.200000762939453,24.200000762939453,19.5046501159668
04-01-2013,24.200000762939453,24.200000762939453,0,24.200000762939453,24.200000762939453,19.5046501159668
07-01-2013,24.200000762939453,24.200000762939453,0,24.200000762939453,24.200000762939453,19.5046501159668
08-01-2013,24.200000762939453,24.200000762939453,0,24.200000762939453,24.200000762939453,19.5046501159668
09-01-2013,24.200000762939453,24.200000762939453,0,24.200000762939453,24.200000762939453,19.5046501159668
10-01-2013,24.200000762939453,24.200000762939453,0,24.200000762939453,24.200000762939453,19.5046501159668
11-01-2013,24.200000762939453,24.200000762939453,0,24.200000762939453,24.200000762939453,19.5046501159668
14-01-2013,24.200000762939453,24.200000762939453,0,24.200000762939453,24.200000762939453,19.5046501159668
15-01-2013,24.200000762939453,24.200000762939453,0,24.200000762939453,24.200000762939453,19.5046501159668
16-01-2013,24.200000762939453,24.200000762939453,0,24.200000762939453,24.200000762939453,19.5046501159668
17-01-2013,24.200000762939453,24.200000762939453,0,24.200000762939453,24.200000762939453,19.5046501159668
18-01-2013,24.200000762939453,24.200000762939453,0,24.200000762939453,24.200000762939453,19.5046501159668
22-01-2013,24.200000762939453,24.200000762939453,0,24.200000762939453,24.200000762939453,19.5046501159668
23-01-2013,24.200000762939453,24.200000762939453,0,24.200000762939453,24.200000762939453,19.5046501159668
24-01-2013,24.200000762939453,24.200000762939453,0,24.200000762939453,24.200000762939453,19.5046501159668
25-01-2013,24.200000762939453,24.200000762939453,0,24.200000762939453,24.200000762939453,19.5046501159668
28-01-2013,24.200000762939453,24.200000762939453,0,24.200000762939453,24.200000762939453,19.5046501159668
29-01-2013,24.200000762939453,24.200000762939453,0,24.200000762939453,24.200000762939453,19.5046501159668
30-01-2013,24.200000762939453,24.200000762939453,0,24.200000762939453,24.200000762939453,19.5046501159668
31-01-2013,24.200000762939453,24.200000762939453,0,24.200000762939453,24.200000762939453,19.5046501159668
01-02-2013,24.200000762939453,24.200000762939453,0,24.200000762939453,24.200000762939453,19.5046501159668
04-02-2013,24.200000762939453,24.200000762939453,0,24.200000762939453,24.200000762939453,19.5046501159668
05-02-2013,24.200000762939453,24.200000762939453,0,24.200000762939453,24.200000762939453,19.5046501159668
06-02-2013,24.200000762939453,24.200000762939453,0,24.200000762939453,24.200000762939453,19.5046501159668
07-02-2013,24.200000762939453,24.200000762939453,0,24.200000762939453,24.200000762939453,19.5046501159668
08-02-2013,24.200000762939453,24.200000762939453,0,24.200000762939453,24.200000762939453,19.5046501159668
11-02-2013,24.200000762939453,24.200000762939453,0,24.200000762939453,24.200000762939453,19.5046501159668
12-02-2013,24.200000762939453,24.200000762939453,0,24.200000762939453,24.200000762939453,19.5046501159668
13-02-2013,24.200000762939453,24.200000762939453,0,24.200000762939453,24.200000762939453,19.5046501159668
14-02-2013,24.200000762939453,24.200000762939453,0,24.200000762939453,24.200000762939453,19.5046501159668
15-02-2013,24.200000762939453,24.200000762939453,0,24.200000762939453,24.200000762939453,19.5046501159668
19-02-2013,24.200000762939453,24.200000762939453,0,24.200000762939453,24.200000762939453,19.5046501159668
20-02-2013,24.200000762939453,24.200000762939453,0,24.200000762939453,24.200000762939453,19.5046501159668
21-02-2013,24.200000762939453,24.200000762939453,0,24.200000762939453,24.200000762939453,19.5046501159668
22-02-2013,24.200000762939453,24.200000762939453,0,24.200000762939453,24.200000762939453,19.5046501159668
25-02-2013,24.200000762939453,24.200000762939453,0,24.200000762939453,24.200000762939453,19.5046501159668
26-02-2013,24.200000762939453,24.200000762939453,0,24.200000762939453,24.200000762939453,19.5046501159668
27-02-2013,24.200000762939453,24.200000762939453,0,24.200000762939453,24.200000762939453,19.5046501159668
28-02-2013,24.200000762939453,24.200000762939453,0,24.200000762939453,24.200000762939453,19.5046501159668
01-03-2013,24.200000762939453,24.200000762939453,0,24.200000762939453,24.200000762939453,19.5046501159668
04-03-2013,24.200000762939453,24.200000762939453,0,24.200000762939453,24.200000762939453,19.5046501159668
05-03-2013,24.200000762939453,24.200000762939453,0,24.200000762939453,24.200000762939453,19.5046501159668
06-03-2013,24.200000762939453,24.200000762939453,0,24.200000762939453,24.200000762939453,19.5046501159668
07-03-2013,24.200000762939453,24.200000762939453,0,24.200000762939453,24.200000762939453,19.5046501159668
08-03-2013,24.200000762939453,24.200000762939453,0,24.200000762939453,24.200000762939453,19.5046501159668
11-03-2013,24.200000762939453,24.200000762939453,0,24.200000762939453,24.200000762939453,19.5046501159668
12-03-2013,24.200000762939453,24.200000762939453,0,24.200000762939453,24.200000762939453,19.5046501159668
13-03-2013,24.200000762939453,24.200000762939453,0,24.200000762939453,24.200000762939453,19.5046501159668
14-03-2013,24.200000762939453,24.200000762939453,0,24.200000762939453,24.200000762939453,19.5046501159668
15-03-2013,24.200000762939453,24.200000762939453,0,24.200000762939453,24.200000762939453,19.5046501159668
18-03-2013,24.200000762939453,24.200000762939453,0,24.200000762939453,24.200000762939453,19.5046501159668
19-03-2013,24.200000762939453,24.200000762939453,0,24.200000762939453,24.200000762939453,19.5046501159668
20-03-2013,24.200000762939453,24.200000762939453,0,24.200000762939453,24.200000762939453,19.5046501159668
21-03-2013,24.200000762939453,24.200000762939453,0,24.200000762939453,24.200000762939453,19.5046501159668
22-03-2013,24.200000762939453,24.200000762939453,0,24.200000762939453,24.200000762939453,19.5046501159668
25-03-2013,24.200000762939453,24.200000762939453,0,24.200000762939453,24.200000762939453,19.5046501159668
26-03-2013,24.200000762939453,24.200000762939453,0,24.200000762939453,24.200000762939453,19.5046501159668
27-03-2013,24.200000762939453,24.200000762939453,0,24.200000762939453,24.200000762939453,19.5046501159668
28-03-2013,24.200000762939453,24.200000762939453,0,24.200000762939453,24.200000762939453,19.5046501159668
01-04-2013,24.200000762939453,24.200000762939453,0,24.200000762939453,24.200000762939453,19.5046501159668
02-04-2013,24.200000762939453,24.200000762939453,0,24.200000762939453,24.200000762939453,19.5046501159668
03-04-2013,24.200000762939453,24.200000762939453,0,24.200000762939453,24.200000762939453,19.5046501159668
04-04-2013,24.200000762939453,24.200000762939453,0,24.200000762939453,24.200000762939453,19.5046501159668
05-04-2013,24.200000762939453,24.200000762939453,0,24.200000762939453,24.200000762939453,19.5046501159668
08-04-2013,24.200000762939453,24.200000762939453,0,24.200000762939453,24.200000762939453,19.5046501159668
09-04-2013,24.200000762939453,24.200000762939453,0,24.200000762939453,24.200000762939453,20.52228164672852
10-04-2013,24.200000762939453,24.200000762939453,0,24.200000762939453,24.200000762939453,20.52228164672852
11-04-2013,24.200000762939453,24.200000762939453,0,24.200000762939453,24.200000762939453,20.52228164672852
12-04-2013,24.200000762939453,24.200000762939453,0,24.200000762939453,24.200000762939453,20.52228164672852
15-04-2013,24.200000762939453,24.200000762939453,0,24.200000762939453,24.200000762939453,20.52228164672852
16-04-2013,24.200000762939453,24.200000762939453,0,24.200000762939453,24.200000762939453,20.52228164672852
17-04-2013,24.200000762939453,24.200000762939453,0,24.200000762939453,24.200000762939453,20.52228164672852
18-04-2013,24.200000762939453,24.200000762939453,0,24.200000762939453,24.200000762939453,20.52228164672852
19-04-2013,24.200000762939453,24.200000762939453,0,24.200000762939453,24.200000762939453,20.52228164672852
22-04-2013,24.200000762939453,24.200000762939453,0,24.200000762939453,24.200000762939453,20.52228164672852
23-04-2013,24.200000762939453,24.200000762939453,0,24.200000762939453,24.200000762939453,20.52228164672852
24-04-2013,24.200000762939453,24.200000762939453,0,24.200000762939453,24.200000762939453,20.52228164672852
25-04-2013,24.200000762939453,24.200000762939453,0,24.200000762939453,24.200000762939453,20.52228164672852
26-04-2013,24.200000762939453,24.200000762939453,0,24.200000762939453,24.200000762939453,20.52228164672852
29-04-2013,24.200000762939453,24.200000762939453,0,24.200000762939453,24.200000762939453,20.52228164672852
30-04-2013,24.200000762939453,24.200000762939453,0,24.200000762939453,24.200000762939453,20.52228164672852
01-05-2013,24.200000762939453,24.200000762939453,0,24.200000762939453,24.200000762939453,20.52228164672852
02-05-2013,24.200000762939453,24.200000762939453,0,24.200000762939453,24.200000762939453,20.52228164672852
03-05-2013,24.200000762939453,24.200000762939453,0,24.200000762939453,24.200000762939453,20.52228164672852
06-05-2013,24.200000762939453,24.200000762939453,0,24.200000762939453,24.200000762939453,20.52228164672852
07-05-2013,24.200000762939453,24.200000762939453,0,24.200000762939453,24.200000762939453,20.52228164672852
08-05-2013,24.200000762939453,24.200000762939453,0,24.200000762939453,24.200000762939453,20.52228164672852
09-05-2013,24.200000762939453,24.200000762939453,0,24.200000762939453,24.200000762939453,20.52228164672852
10-05-2013,24.200000762939453,24.200000762939453,0,24.200000762939453,24.200000762939453,20.52228164672852
13-05-2013,24.200000762939453,24.200000762939453,0,24.200000762939453,24.200000762939453,20.52228164672852
14-05-2013,24.200000762939453,24.200000762939453,0,24.200000762939453,24.200000762939453,20.52228164672852
15-05-2013,24.200000762939453,24.200000762939453,0,24.200000762939453,24.200000762939453,20.52228164672852
16-05-2013,24.200000762939453,24.200000762939453,0,24.200000762939453,24.200000762939453,20.52228164672852
17-05-2013,24.200000762939453,24.200000762939453,0,24.200000762939453,24.200000762939453,20.52228164672852
20-05-2013,24.200000762939453,24.200000762939453,0,24.200000762939453,24.200000762939453,20.52228164672852
21-05-2013,24.200000762939453,24.200000762939453,0,24.200000762939453,24.200000762939453,20.52228164672852
22-05-2013,24.200000762939453,24.200000762939453,0,24.200000762939453,24.200000762939453,20.52228164672852
23-05-2013,24.200000762939453,24.200000762939453,0,24.200000762939453,24.200000762939453,20.52228164672852
24-05-2013,24.200000762939453,24.200000762939453,0,24.200000762939453,24.200000762939453,20.52228164672852
28-05-2013,24.200000762939453,24.200000762939453,0,24.200000762939453,24.200000762939453,20.52228164672852
29-05-2013,24.200000762939453,24.200000762939453,0,24.200000762939453,24.200000762939453,20.52228164672852
30-05-2013,24.200000762939453,24.200000762939453,0,24.200000762939453,24.200000762939453,20.52228164672852
31-05-2013,24.200000762939453,24.200000762939453,0,24.200000762939453,24.200000762939453,20.52228164672852
03-06-2013,24.200000762939453,24.200000762939453,0,24.200000762939453,24.200000762939453,20.52228164672852
04-06-2013,24.200000762939453,24.200000762939453,0,24.200000762939453,24.200000762939453,20.52228164672852
05-06-2013,24.200000762939453,24.200000762939453,0,24.200000762939453,24.200000762939453,20.52228164672852
06-06-2013,24.200000762939453,24.200000762939453,0,24.200000762939453,24.200000762939453,20.52228164672852
07-06-2013,24.200000762939453,24.200000762939453,0,24.200000762939453,24.200000762939453,20.52228164672852
10-06-2013,24.200000762939453,24.200000762939453,0,24.200000762939453,24.200000762939453,20.52228164672852
11-06-2013,24.200000762939453,24.200000762939453,0,24.200000762939453,24.200000762939453,20.52228164672852
12-06-2013,24.200000762939453,24.200000762939453,0,24.200000762939453,24.200000762939453,20.52228164672852
13-06-2013,24.200000762939453,24.200000762939453,0,24.200000762939453,24.200000762939453,20.52228164672852
14-06-2013,24.200000762939453,24.200000762939453,0,24.200000762939453,24.200000762939453,20.52228164672852
17-06-2013,24.200000762939453,24.200000762939453,0,24.200000762939453,24.200000762939453,20.52228164672852
18-06-2013,24.200000762939453,24.200000762939453,0,24.200000762939453,24.200000762939453,20.52228164672852
19-06-2013,24.200000762939453,24.200000762939453,0,24.200000762939453,24.200000762939453,20.52228164672852
20-06-2013,24.200000762939453,24.200000762939453,0,24.200000762939453,24.200000762939453,20.52228164672852
21-06-2013,24.200000762939453,24.200000762939453,0,24.200000762939453,24.200000762939453,20.52228164672852
24-06-2013,24.200000762939453,24.200000762939453,0,24.200000762939453,24.200000762939453,20.52228164672852
25-06-2013,24.200000762939453,24.200000762939453,0,24.200000762939453,24.200000762939453,20.52228164672852
26-06-2013,24.200000762939453,24.200000762939453,0,24.200000762939453,24.200000762939453,20.52228164672852
27-06-2013,24.200000762939453,24.200000762939453,0,24.200000762939453,24.200000762939453,20.52228164672852
28-06-2013,24.200000762939453,24.200000762939453,0,24.200000762939453,24.200000762939453,20.52228164672852
01-07-2013,24.200000762939453,24.200000762939453,0,24.200000762939453,24.200000762939453,20.52228164672852
02-07-2013,24.200000762939453,24.200000762939453,0,24.200000762939453,24.200000762939453,20.52228164672852
03-07-2013,24.200000762939453,24.200000762939453,0,24.200000762939453,24.200000762939453,20.52228164672852
05-07-2013,24.200000762939453,24.200000762939453,0,24.200000762939453,24.200000762939453,20.52228164672852
08-07-2013,24.200000762939453,24.200000762939453,0,24.200000762939453,24.200000762939453,20.52228164672852
09-07-2013,24.200000762939453,24.200000762939453,0,24.200000762939453,24.200000762939453,20.52228164672852
10-07-2013,24.200000762939453,24.200000762939453,0,24.200000762939453,24.200000762939453,20.52228164672852
11-07-2013,24.200000762939453,24.200000762939453,0,24.200000762939453,24.200000762939453,20.52228164672852
12-07-2013,24.200000762939453,24.200000762939453,0,24.200000762939453,24.200000762939453,20.52228164672852
15-07-2013,24.200000762939453,24.200000762939453,0,24.200000762939453,24.200000762939453,20.52228164672852
16-07-2013,24.200000762939453,24.200000762939453,0,24.200000762939453,24.200000762939453,20.52228164672852
17-07-2013,24.200000762939453,24.200000762939453,0,24.200000762939453,24.200000762939453,20.52228164672852
18-07-2013,24.200000762939453,24.200000762939453,0,24.200000762939453,24.200000762939453,20.52228164672852
19-07-2013,24.200000762939453,24.200000762939453,0,24.200000762939453,24.200000762939453,20.52228164672852
22-07-2013,24.200000762939453,24.200000762939453,0,24.200000762939453,24.200000762939453,20.52228164672852
23-07-2013,24.200000762939453,24.200000762939453,0,24.200000762939453,24.200000762939453,20.52228164672852
24-07-2013,24.200000762939453,24.200000762939453,0,24.200000762939453,24.200000762939453,20.52228164672852
25-07-2013,24.200000762939453,24.200000762939453,0,24.200000762939453,24.200000762939453,20.52228164672852
26-07-2013,24.200000762939453,24.200000762939453,0,24.200000762939453,24.200000762939453,20.52228164672852
29-07-2013,24.200000762939453,24.200000762939453,0,24.200000762939453,24.200000762939453,20.52228164672852
30-07-2013,24.200000762939453,24.200000762939453,0,24.200000762939453,24.200000762939453,20.52228164672852
31-07-2013,24.200000762939453,24.200000762939453,0,24.200000762939453,24.200000762939453,20.52228164672852
01-08-2013,24.200000762939453,24.200000762939453,0,24.200000762939453,24.200000762939453,20.52228164672852
02-08-2013,24.200000762939453,24.200000762939453,0,24.200000762939453,24.200000762939453,20.52228164672852
05-08-2013,24.200000762939453,24.200000762939453,0,24.200000762939453,24.200000762939453,20.52228164672852
06-08-2013,24.200000762939453,24.200000762939453,0,24.200000762939453,24.200000762939453,20.52228164672852
07-08-2013,24.200000762939453,24.200000762939453,0,24.200000762939453,24.200000762939453,20.52228164672852
08-08-2013,24.200000762939453,24.200000762939453,0,24.200000762939453,24.200000762939453,20.52228164672852
09-08-2013,24.200000762939453,24.200000762939453,0,24.200000762939453,24.200000762939453,20.52228164672852
12-08-2013,24.200000762939453,24.200000762939453,0,24.200000762939453,24.200000762939453,20.52228164672852
13-08-2013,24.200000762939453,24.200000762939453,0,24.200000762939453,24.200000762939453,20.52228164672852
14-08-2013,24.200000762939453,24.200000762939453,0,24.200000762939453,24.200000762939453,20.52228164672852
15-08-2013,24.200000762939453,24.200000762939453,0,24.200000762939453,24.200000762939453,20.52228164672852
16-08-2013,24.200000762939453,24.200000762939453,0,24.200000762939453,24.200000762939453,20.52228164672852
19-08-2013,24.200000762939453,24.200000762939453,0,24.200000762939453,24.200000762939453,20.52228164672852
20-08-2013,24.200000762939453,24.200000762939453,0,24.200000762939453,24.200000762939453,20.52228164672852
21-08-2013,24.200000762939453,24.200000762939453,0,24.200000762939453,24.200000762939453,20.52228164672852
22-08-2013,24.200000762939453,24.200000762939453,0,24.200000762939453,24.200000762939453,20.52228164672852
23-08-2013,24.200000762939453,24.200000762939453,0,24.200000762939453,24.200000762939453,20.52228164672852
26-08-2013,24.200000762939453,24.200000762939453,0,24.200000762939453,24.200000762939453,20.52228164672852
27-08-2013,24.200000762939453,24.200000762939453,0,24.200000762939453,24.200000762939453,20.52228164672852
28-08-2013,24.200000762939453,24.200000762939453,0,24.200000762939453,24.200000762939453,20.52228164672852
29-08-2013,24.200000762939453,24.200000762939453,0,24.200000762939453,24.200000762939453,20.52228164672852
30-08-2013,24.200000762939453,24.200000762939453,0,24.200000762939453,24.200000762939453,20.52228164672852
03-09-2013,24.200000762939453,24.200000762939453,0,24.200000762939453,24.200000762939453,20.52228164672852
04-09-2013,24.200000762939453,24.200000762939453,0,24.200000762939453,24.200000762939453,20.52228164672852
05-09-2013,24.200000762939453,24.200000762939453,0,24.200000762939453,24.200000762939453,20.52228164672852
06-09-2013,24.200000762939453,24.200000762939453,0,24.200000762939453,24.200000762939453,20.52228164672852
09-09-2013,24.200000762939453,24.200000762939453,0,24.200000762939453,24.200000762939453,20.52228164672852
10-09-2013,24.200000762939453,24.200000762939453,0,24.200000762939453,24.200000762939453,20.52228164672852
11-09-2013,24.200000762939453,24.200000762939453,0,24.200000762939453,24.200000762939453,20.52228164672852
12-09-2013,24.200000762939453,24.200000762939453,0,24.200000762939453,24.200000762939453,20.52228164672852
13-09-2013,24.200000762939453,24.200000762939453,0,24.200000762939453,24.200000762939453,20.52228164672852
16-09-2013,24.200000762939453,24.200000762939453,0,24.200000762939453,24.200000762939453,20.52228164672852
17-09-2013,24.200000762939453,24.200000762939453,0,24.200000762939453,24.200000762939453,20.52228164672852
18-09-2013,24.200000762939453,24.200000762939453,0,24.200000762939453,24.200000762939453,20.52228164672852
19-09-2013,24.200000762939453,24.200000762939453,0,24.200000762939453,24.200000762939453,20.52228164672852
20-09-2013,24.200000762939453,24.200000762939453,0,24.200000762939453,24.200000762939453,20.52228164672852
23-09-2013,24.200000762939453,24.200000762939453,0,24.200000762939453,24.200000762939453,20.52228164672852
24-09-2013,24.200000762939453,24.200000762939453,0,24.200000762939453,24.200000762939453,20.52228164672852
25-09-2013,24.200000762939453,24.200000762939453,0,24.200000762939453,24.200000762939453,20.52228164672852
26-09-2013,24.200000762939453,24.200000762939453,0,24.200000762939453,24.200000762939453,20.52228164672852
27-09-2013,24.200000762939453,24.200000762939453,0,24.200000762939453,24.200000762939453,20.52228164672852
30-09-2013,24.200000762939453,24.200000762939453,0,24.200000762939453,24.200000762939453,20.52228164672852
01-10-2013,24.200000762939453,24.200000762939453,0,24.200000762939453,24.200000762939453,20.52228164672852
02-10-2013,24.200000762939453,24.200000762939453,0,24.200000762939453,24.200000762939453,20.52228164672852
03-10-2013,24.200000762939453,24.200000762939453,0,24.200000762939453,24.200000762939453,20.52228164672852
04-10-2013,24.200000762939453,24.200000762939453,0,24.200000762939453,24.200000762939453,20.52228164672852
07-10-2013,24.200000762939453,24.200000762939453,0,24.200000762939453,24.200000762939453,20.52228164672852
08-10-2013,24.200000762939453,24.200000762939453,0,24.200000762939453,24.200000762939453,20.52228164672852
09-10-2013,24.200000762939453,24.200000762939453,0,24.200000762939453,24.200000762939453,20.52228164672852
10-10-2013,24.200000762939453,24.200000762939453,0,24.200000762939453,24.200000762939453,20.52228164672852
11-10-2013,24.200000762939453,24.200000762939453,0,24.200000762939453,24.200000762939453,20.52228164672852
14-10-2013,24.200000762939453,24.200000762939453,0,24.200000762939453,24.200000762939453,20.52228164672852
15-10-2013,24.200000762939453,24.200000762939453,0,24.200000762939453,24.200000762939453,20.52228164672852
16-10-2013,24.200000762939453,24.200000762939453,0,24.200000762939453,24.200000762939453,20.52228164672852
17-10-2013,24.200000762939453,24.200000762939453,0,24.200000762939453,24.200000762939453,20.52228164672852
18-10-2013,24.200000762939453,24.200000762939453,0,24.200000762939453,24.200000762939453,20.52228164672852
21-10-2013,24.200000762939453,24.200000762939453,0,24.200000762939453,24.200000762939453,20.52228164672852
22-10-2013,24.200000762939453,24.200000762939453,0,24.200000762939453,24.200000762939453,20.52228164672852
23-10-2013,24.200000762939453,24.200000762939453,0,24.200000762939453,24.200000762939453,20.52228164672852
24-10-2013,24.200000762939453,24.200000762939453,0,24.200000762939453,24.200000762939453,20.52228164672852
25-10-2013,24.200000762939453,24.200000762939453,0,24.200000762939453,24.200000762939453,20.52228164672852
28-10-2013,24.200000762939453,24.200000762939453,0,24.200000762939453,24.200000762939453,20.52228164672852
29-10-2013,24.200000762939453,24.200000762939453,0,24.200000762939453,24.200000762939453,20.52228164672852
30-10-2013,24.200000762939453,24.200000762939453,0,24.200000762939453,24.200000762939453,20.52228164672852
31-10-2013,24.200000762939453,24.200000762939453,0,24.200000762939453,24.200000762939453,20.52228164672852
01-11-2013,24.200000762939453,24.200000762939453,0,24.200000762939453,24.200000762939453,20.52228164672852
04-11-2013,24.200000762939453,24.200000762939453,0,24.200000762939453,24.200000762939453,20.52228164672852
05-11-2013,24.200000762939453,24.200000762939453,0,24.200000762939453,24.200000762939453,20.52228164672852
06-11-2013,24.200000762939453,24.200000762939453,0,24.200000762939453,24.200000762939453,20.52228164672852
07-11-2013,24.200000762939453,24.200000762939453,0,24.200000762939453,24.200000762939453,20.52228164672852
08-11-2013,24.200000762939453,24.200000762939453,0,24.200000762939453,24.200000762939453,20.52228164672852
11-11-2013,24.200000762939453,24.200000762939453,0,24.200000762939453,24.200000762939453,20.52228164672852
12-11-2013,24.200000762939453,24.200000762939453,0,24.200000762939453,24.200000762939453,20.52228164672852
13-11-2013,24.200000762939453,24.200000762939453,0,24.200000762939453,24.200000762939453,20.52228164672852
14-11-2013,24.200000762939453,24.200000762939453,0,24.200000762939453,24.200000762939453,20.52228164672852
15-11-2013,24.200000762939453,24.200000762939453,0,24.200000762939453,24.200000762939453,20.52228164672852
18-11-2013,24.200000762939453,24.200000762939453,0,24.200000762939453,24.200000762939453,20.52228164672852
19-11-2013,24.200000762939453,24.200000762939453,0,24.200000762939453,24.200000762939453,20.52228164672852
20-11-2013,24.200000762939453,24.200000762939453,0,24.200000762939453,24.200000762939453,20.52228164672852
21-11-2013,24.200000762939453,24.200000762939453,0,24.200000762939453,24.200000762939453,20.52228164672852
22-11-2013,24.200000762939453,24.200000762939453,0,24.200000762939453,24.200000762939453,20.52228164672852
25-11-2013,24.200000762939453,24.200000762939453,0,24.200000762939453,24.200000762939453,20.52228164672852
26-11-2013,24.200000762939453,24.200000762939453,0,24.200000762939453,24.200000762939453,20.52228164672852
27-11-2013,24.200000762939453,24.200000762939453,0,24.200000762939453,24.200000762939453,20.52228164672852
29-11-2013,24.200000762939453,24.200000762939453,0,24.200000762939453,24.200000762939453,20.52228164672852
02-12-2013,24.200000762939453,24.200000762939453,0,24.200000762939453,24.200000762939453,20.52228164672852
03-12-2013,24.200000762939453,24.200000762939453,0,24.200000762939453,24.200000762939453,20.52228164672852
04-12-2013,24.200000762939453,24.200000762939453,0,24.200000762939453,24.200000762939453,20.52228164672852
05-12-2013,24.200000762939453,24.200000762939453,0,24.200000762939453,24.200000762939453,20.52228164672852
06-12-2013,24.200000762939453,24.200000762939453,0,24.200000762939453,24.200000762939453,20.52228164672852
09-12-2013,24.200000762939453,24.200000762939453,0,24.200000762939453,24.200000762939453,20.52228164672852
10-12-2013,24.200000762939453,24.200000762939453,0,24.200000762939453,24.200000762939453,20.52228164672852
11-12-2013,24.200000762939453,24.200000762939453,0,24.200000762939453,24.200000762939453,20.52228164672852
12-12-2013,24.200000762939453,24.200000762939453,0,24.200000762939453,24.200000762939453,20.52228164672852
13-12-2013,24.200000762939453,24.200000762939453,0,24.200000762939453,24.200000762939453,20.52228164672852
16-12-2013,24.200000762939453,24.200000762939453,0,24.200000762939453,24.200000762939453,20.52228164672852
17-12-2013,24.200000762939453,24.200000762939453,0,24.200000762939453,24.200000762939453,20.52228164672852
18-12-2013,24.200000762939453,24.200000762939453,0,24.200000762939453,24.200000762939453,20.52228164672852
19-12-2013,24.200000762939453,24.200000762939453,0,24.200000762939453,24.200000762939453,20.52228164672852
20-12-2013,24.200000762939453,24.200000762939453,0,24.200000762939453,24.200000762939453,20.52228164672852
23-12-2013,24.200000762939453,24.200000762939453,0,24.200000762939453,24.200000762939453,20.52228164672852
24-12-2013,24.200000762939453,24.200000762939453,0,24.200000762939453,24.200000762939453,20.52228164672852
26-12-2013,24.200000762939453,24.200000762939453,0,24.200000762939453,24.200000762939453,20.52228164672852
27-12-2013,24.200000762939453,24.200000762939453,0,24.200000762939453,24.200000762939453,20.52228164672852
30-12-2013,24.200000762939453,24.200000762939453,0,24.200000762939453,24.200000762939453,20.52228164672852
31-12-2013,24.200000762939453,24.200000762939453,0,24.200000762939453,24.200000762939453,20.52228164672852
02-01-2014,24.200000762939453,24.200000762939453,0,24.200000762939453,24.200000762939453,20.52228164672852
03-01-2014,36.290000915527344,36.290000915527344,6300,36.290000915527344,36.290000915527344,30.77494430541992
06-01-2014,36.290000915527344,36.290000915527344,0,36.290000915527344,36.290000915527344,30.77494430541992
07-01-2014,36.290000915527344,36.290000915527344,0,36.290000915527344,36.290000915527344,30.77494430541992
08-01-2014,36.290000915527344,36.290000915527344,0,36.290000915527344,36.290000915527344,30.77494430541992
09-01-2014,36.290000915527344,36.290000915527344,0,36.290000915527344,36.290000915527344,30.77494430541992
10-01-2014,36.290000915527344,36.290000915527344,0,36.290000915527344,36.290000915527344,30.77494430541992
13-01-2014,36.290000915527344,36.290000915527344,0,36.290000915527344,36.290000915527344,30.77494430541992
14-01-2014,36.290000915527344,36.290000915527344,0,36.290000915527344,36.290000915527344,30.77494430541992
15-01-2014,36.290000915527344,36.290000915527344,0,36.290000915527344,36.290000915527344,30.77494430541992
16-01-2014,36.290000915527344,36.290000915527344,0,36.290000915527344,36.290000915527344,30.77494430541992
17-01-2014,36.290000915527344,36.290000915527344,0,36.290000915527344,36.290000915527344,30.77494430541992
21-01-2014,36.290000915527344,36.290000915527344,0,36.290000915527344,36.290000915527344,30.77494430541992
22-01-2014,36.290000915527344,36.290000915527344,0,36.290000915527344,36.290000915527344,30.77494430541992
23-01-2014,36.290000915527344,36.290000915527344,0,36.290000915527344,36.290000915527344,30.77494430541992
24-01-2014,36.290000915527344,36.290000915527344,0,36.290000915527344,36.290000915527344,30.77494430541992
27-01-2014,36.290000915527344,36.290000915527344,0,36.290000915527344,36.290000915527344,30.77494430541992
28-01-2014,36.290000915527344,36.290000915527344,0,36.290000915527344,36.290000915527344,30.77494430541992
29-01-2014,36.290000915527344,36.290000915527344,0,36.290000915527344,36.290000915527344,30.77494430541992
30-01-2014,36.290000915527344,36.290000915527344,0,36.290000915527344,36.290000915527344,30.77494430541992
31-01-2014,36.290000915527344,36.290000915527344,0,36.290000915527344,36.290000915527344,30.77494430541992
03-02-2014,36.290000915527344,36.290000915527344,0,36.290000915527344,36.290000915527344,30.77494430541992
04-02-2014,36.290000915527344,36.290000915527344,0,36.290000915527344,36.290000915527344,30.77494430541992
05-02-2014,36.290000915527344,36.290000915527344,0,36.290000915527344,36.290000915527344,30.77494430541992
06-02-2014,36.290000915527344,36.290000915527344,0,36.290000915527344,36.290000915527344,30.77494430541992
07-02-2014,36.290000915527344,36.290000915527344,0,36.290000915527344,36.290000915527344,30.77494430541992
10-02-2014,36.290000915527344,36.290000915527344,0,36.290000915527344,36.290000915527344,30.77494430541992
11-02-2014,36.290000915527344,36.290000915527344,0,36.290000915527344,36.290000915527344,30.77494430541992
12-02-2014,36.290000915527344,36.290000915527344,0,36.290000915527344,36.290000915527344,30.77494430541992
13-02-2014,36.290000915527344,36.290000915527344,0,36.290000915527344,36.290000915527344,30.77494430541992
14-02-2014,36.290000915527344,36.290000915527344,0,36.290000915527344,36.290000915527344,30.77494430541992
18-02-2014,36.290000915527344,36.290000915527344,0,36.290000915527344,36.290000915527344,30.77494430541992
19-02-2014,36.290000915527344,36.290000915527344,0,36.290000915527344,36.290000915527344,30.77494430541992
20-02-2014,36.290000915527344,36.290000915527344,0,36.290000915527344,36.290000915527344,30.77494430541992
21-02-2014,36.290000915527344,36.290000915527344,0,36.290000915527344,36.290000915527344,30.77494430541992
24-02-2014,36.290000915527344,36.290000915527344,0,36.290000915527344,36.290000915527344,30.77494430541992
25-02-2014,36.290000915527344,36.290000915527344,0,36.290000915527344,36.290000915527344,30.77494430541992
26-02-2014,36.290000915527344,36.290000915527344,0,36.290000915527344,36.290000915527344,30.77494430541992
27-02-2014,36.290000915527344,36.290000915527344,0,36.290000915527344,36.290000915527344,30.77494430541992
28-02-2014,36.290000915527344,36.290000915527344,0,36.290000915527344,36.290000915527344,30.77494430541992
03-03-2014,36.290000915527344,36.290000915527344,0,36.290000915527344,36.290000915527344,30.77494430541992
04-03-2014,36.290000915527344,36.290000915527344,0,36.290000915527344,36.290000915527344,30.77494430541992
05-03-2014,36.290000915527344,36.290000915527344,0,36.290000915527344,36.290000915527344,30.77494430541992
06-03-2014,36.290000915527344,36.290000915527344,0,36.290000915527344,36.290000915527344,30.77494430541992
07-03-2014,36.290000915527344,36.290000915527344,0,36.290000915527344,36.290000915527344,30.77494430541992
10-03-2014,36.290000915527344,36.290000915527344,0,36.290000915527344,36.290000915527344,30.77494430541992
11-03-2014,36.290000915527344,36.290000915527344,0,36.290000915527344,36.290000915527344,30.77494430541992
12-03-2014,36.290000915527344,36.290000915527344,0,36.290000915527344,36.290000915527344,30.77494430541992
13-03-2014,36.290000915527344,36.290000915527344,0,36.290000915527344,36.290000915527344,30.77494430541992
14-03-2014,36.290000915527344,36.290000915527344,0,36.290000915527344,36.290000915527344,30.77494430541992
17-03-2014,36.290000915527344,36.290000915527344,0,36.290000915527344,36.290000915527344,30.77494430541992
18-03-2014,36.290000915527344,36.290000915527344,0,36.290000915527344,36.290000915527344,30.77494430541992
19-03-2014,36.290000915527344,36.290000915527344,0,36.290000915527344,36.290000915527344,30.77494430541992
20-03-2014,36.290000915527344,36.290000915527344,0,36.290000915527344,36.290000915527344,30.77494430541992
21-03-2014,36.290000915527344,36.290000915527344,0,36.290000915527344,36.290000915527344,30.77494430541992
24-03-2014,36.290000915527344,36.290000915527344,0,36.290000915527344,36.290000915527344,30.77494430541992
25-03-2014,36.290000915527344,36.290000915527344,0,36.290000915527344,36.290000915527344,30.77494430541992
26-03-2014,36.290000915527344,36.290000915527344,0,36.290000915527344,36.290000915527344,30.77494430541992
27-03-2014,36.290000915527344,36.290000915527344,0,36.290000915527344,36.290000915527344,30.77494430541992
28-03-2014,36.290000915527344,36.290000915527344,0,36.290000915527344,36.290000915527344,30.77494430541992
31-03-2014,36.290000915527344,36.290000915527344,0,36.290000915527344,36.290000915527344,30.77494430541992
01-04-2014,36.290000915527344,36.290000915527344,0,36.290000915527344,36.290000915527344,30.77494430541992
02-04-2014,36.290000915527344,36.290000915527344,0,36.290000915527344,36.290000915527344,30.77494430541992
03-04-2014,36.290000915527344,36.290000915527344,0,36.290000915527344,36.290000915527344,30.77494430541992
04-04-2014,36.290000915527344,36.290000915527344,0,36.290000915527344,36.290000915527344,30.77494430541992
07-04-2014,36.290000915527344,36.290000915527344,0,36.290000915527344,36.290000915527344,30.77494430541992
08-04-2014,36.290000915527344,36.290000915527344,0,36.290000915527344,36.290000915527344,32.009822845458984
09-04-2014,36.290000915527344,36.290000915527344,0,36.290000915527344,36.290000915527344,32.009822845458984
10-04-2014,36.290000915527344,36.290000915527344,0,36.290000915527344,36.290000915527344,32.009822845458984
11-04-2014,36.290000915527344,36.290000915527344,0,36.290000915527344,36.290000915527344,32.009822845458984
14-04-2014,36.290000915527344,36.290000915527344,0,36.290000915527344,36.290000915527344,32.009822845458984
15-04-2014,36.290000915527344,36.290000915527344,0,36.290000915527344,36.290000915527344,32.009822845458984
16-04-2014,36.290000915527344,36.290000915527344,0,36.290000915527344,36.290000915527344,32.009822845458984
17-04-2014,36.290000915527344,36.290000915527344,0,36.290000915527344,36.290000915527344,32.009822845458984
21-04-2014,36.290000915527344,36.290000915527344,0,36.290000915527344,36.290000915527344,32.009822845458984
22-04-2014,36.290000915527344,36.290000915527344,0,36.290000915527344,36.290000915527344,32.009822845458984
23-04-2014,36.290000915527344,36.290000915527344,0,36.290000915527344,36.290000915527344,32.009822845458984
24-04-2014,36.290000915527344,36.290000915527344,0,36.290000915527344,36.290000915527344,32.009822845458984
25-04-2014,36.290000915527344,36.290000915527344,0,36.290000915527344,36.290000915527344,32.009822845458984
28-04-2014,36.290000915527344,36.290000915527344,0,36.290000915527344,36.290000915527344,32.009822845458984
29-04-2014,36.290000915527344,36.290000915527344,0,36.290000915527344,36.290000915527344,32.009822845458984
30-04-2014,36.290000915527344,36.290000915527344,0,36.290000915527344,36.290000915527344,32.009822845458984
01-05-2014,36.290000915527344,36.290000915527344,0,36.290000915527344,36.290000915527344,32.009822845458984
02-05-2014,36.290000915527344,36.290000915527344,0,36.290000915527344,36.290000915527344,32.009822845458984
05-05-2014,36.290000915527344,36.290000915527344,0,36.290000915527344,36.290000915527344,32.009822845458984
06-05-2014,36.290000915527344,36.290000915527344,0,36.290000915527344,36.290000915527344,32.009822845458984
07-05-2014,36.290000915527344,36.290000915527344,0,36.290000915527344,36.290000915527344,32.009822845458984
08-05-2014,36.290000915527344,36.290000915527344,0,36.290000915527344,36.290000915527344,32.009822845458984
09-05-2014,36.290000915527344,36.290000915527344,0,36.290000915527344,36.290000915527344,32.009822845458984
12-05-2014,36.290000915527344,36.290000915527344,0,36.290000915527344,36.290000915527344,32.009822845458984
13-05-2014,36.290000915527344,36.290000915527344,0,36.290000915527344,36.290000915527344,32.009822845458984
14-05-2014,36.290000915527344,36.290000915527344,0,36.290000915527344,36.290000915527344,32.009822845458984
15-05-2014,36.290000915527344,36.290000915527344,0,36.290000915527344,36.290000915527344,32.009822845458984
16-05-2014,36.290000915527344,36.290000915527344,0,36.290000915527344,36.290000915527344,32.009822845458984
19-05-2014,36.290000915527344,36.290000915527344,0,36.290000915527344,36.290000915527344,32.009822845458984
20-05-2014,36.290000915527344,36.290000915527344,0,36.290000915527344,36.290000915527344,32.009822845458984
21-05-2014,36.290000915527344,36.290000915527344,0,36.290000915527344,36.290000915527344,32.009822845458984
22-05-2014,36.290000915527344,36.290000915527344,0,36.290000915527344,36.290000915527344,32.009822845458984
23-05-2014,36.290000915527344,36.290000915527344,0,36.290000915527344,36.290000915527344,32.009822845458984
27-05-2014,36.290000915527344,36.290000915527344,0,36.290000915527344,36.290000915527344,32.009822845458984
28-05-2014,36.290000915527344,36.290000915527344,0,36.290000915527344,36.290000915527344,32.009822845458984
29-05-2014,36.290000915527344,36.290000915527344,0,36.290000915527344,36.290000915527344,32.009822845458984
30-05-2014,36.290000915527344,36.290000915527344,0,36.290000915527344,36.290000915527344,32.009822845458984
02-06-2014,36.290000915527344,36.290000915527344,0,36.290000915527344,36.290000915527344,32.009822845458984
03-06-2014,36.290000915527344,36.290000915527344,0,36.290000915527344,36.290000915527344,32.009822845458984
04-06-2014,36.290000915527344,36.290000915527344,0,36.290000915527344,36.290000915527344,32.009822845458984
05-06-2014,36.290000915527344,36.290000915527344,0,36.290000915527344,36.290000915527344,32.009822845458984
06-06-2014,36.290000915527344,36.290000915527344,0,36.290000915527344,36.290000915527344,32.009822845458984
09-06-2014,36.290000915527344,36.290000915527344,0,36.290000915527344,36.290000915527344,32.009822845458984
10-06-2014,36.290000915527344,36.290000915527344,0,36.290000915527344,36.290000915527344,32.009822845458984
11-06-2014,36.290000915527344,36.290000915527344,0,36.290000915527344,36.290000915527344,32.009822845458984
12-06-2014,36.290000915527344,36.290000915527344,0,36.290000915527344,36.290000915527344,32.009822845458984
13-06-2014,36.290000915527344,36.290000915527344,0,36.290000915527344,36.290000915527344,32.009822845458984
16-06-2014,36.290000915527344,36.290000915527344,0,36.290000915527344,36.290000915527344,32.009822845458984
17-06-2014,36.290000915527344,36.290000915527344,0,36.290000915527344,36.290000915527344,32.009822845458984
18-06-2014,36.290000915527344,36.290000915527344,0,36.290000915527344,36.290000915527344,32.009822845458984
19-06-2014,36.290000915527344,36.290000915527344,0,36.290000915527344,36.290000915527344,32.009822845458984
20-06-2014,36.290000915527344,36.290000915527344,0,36.290000915527344,36.290000915527344,32.009822845458984
23-06-2014,36.290000915527344,36.290000915527344,0,36.290000915527344,36.290000915527344,32.009822845458984
24-06-2014,36.290000915527344,36.290000915527344,0,36.290000915527344,36.290000915527344,32.009822845458984
25-06-2014,36.290000915527344,36.290000915527344,0,36.290000915527344,36.290000915527344,32.009822845458984
26-06-2014,36.290000915527344,36.290000915527344,0,36.290000915527344,36.290000915527344,32.009822845458984
27-06-2014,36.290000915527344,36.290000915527344,0,36.290000915527344,36.290000915527344,32.009822845458984
30-06-2014,36.290000915527344,36.290000915527344,0,36.290000915527344,36.290000915527344,32.009822845458984
01-07-2014,36.290000915527344,36.290000915527344,0,36.290000915527344,36.290000915527344,32.009822845458984
02-07-2014,36.290000915527344,36.290000915527344,0,36.290000915527344,36.290000915527344,32.009822845458984
03-07-2014,36.290000915527344,36.290000915527344,0,36.290000915527344,36.290000915527344,32.009822845458984
07-07-2014,36.290000915527344,36.290000915527344,0,36.290000915527344,36.290000915527344,32.009822845458984
08-07-2014,36.290000915527344,36.290000915527344,0,36.290000915527344,36.290000915527344,32.009822845458984
09-07-2014,36.290000915527344,36.290000915527344,0,36.290000915527344,36.290000915527344,32.009822845458984
10-07-2014,36.290000915527344,36.290000915527344,0,36.290000915527344,36.290000915527344,32.009822845458984
11-07-2014,36.290000915527344,36.290000915527344,0,36.290000915527344,36.290000915527344,32.009822845458984
14-07-2014,36.290000915527344,36.290000915527344,0,36.290000915527344,36.290000915527344,32.009822845458984
15-07-2014,36.290000915527344,36.290000915527344,0,36.290000915527344,36.290000915527344,32.009822845458984
16-07-2014,36.290000915527344,36.290000915527344,0,36.290000915527344,36.290000915527344,32.009822845458984
17-07-2014,36.290000915527344,36.290000915527344,0,36.290000915527344,36.290000915527344,32.009822845458984
18-07-2014,36.290000915527344,36.290000915527344,0,36.290000915527344,36.290000915527344,32.009822845458984
21-07-2014,36.290000915527344,36.290000915527344,0,36.290000915527344,36.290000915527344,32.009822845458984
22-07-2014,36.290000915527344,36.290000915527344,0,36.290000915527344,36.290000915527344,32.009822845458984
23-07-2014,36.290000915527344,36.290000915527344,0,36.290000915527344,36.290000915527344,32.009822845458984
24-07-2014,36.290000915527344,36.290000915527344,0,36.290000915527344,36.290000915527344,32.009822845458984
25-07-2014,36.290000915527344,36.290000915527344,0,36.290000915527344,36.290000915527344,32.009822845458984
28-07-2014,36.290000915527344,36.290000915527344,0,36.290000915527344,36.290000915527344,32.009822845458984
29-07-2014,36.290000915527344,36.290000915527344,0,36.290000915527344,36.290000915527344,32.009822845458984
30-07-2014,36.290000915527344,36.290000915527344,0,36.290000915527344,36.290000915527344,32.009822845458984
31-07-2014,36.290000915527344,36.290000915527344,0,36.290000915527344,36.290000915527344,32.009822845458984
01-08-2014,36.290000915527344,36.290000915527344,0,36.290000915527344,36.290000915527344,32.009822845458984
04-08-2014,36.290000915527344,36.290000915527344,0,36.290000915527344,36.290000915527344,32.009822845458984
05-08-2014,36.290000915527344,36.290000915527344,0,36.290000915527344,36.290000915527344,32.009822845458984
06-08-2014,36.290000915527344,36.290000915527344,0,36.290000915527344,36.290000915527344,32.009822845458984
07-08-2014,36.290000915527344,36.290000915527344,0,36.290000915527344,36.290000915527344,32.009822845458984
08-08-2014,36.290000915527344,36.290000915527344,0,36.290000915527344,36.290000915527344,32.009822845458984
11-08-2014,36.290000915527344,36.290000915527344,0,36.290000915527344,36.290000915527344,32.009822845458984
12-08-2014,36.290000915527344,36.290000915527344,0,36.290000915527344,36.290000915527344,32.009822845458984
13-08-2014,36.290000915527344,36.290000915527344,0,36.290000915527344,36.290000915527344,32.009822845458984
14-08-2014,36.290000915527344,36.290000915527344,0,36.290000915527344,36.290000915527344,32.009822845458984
15-08-2014,36.290000915527344,36.290000915527344,0,36.290000915527344,36.290000915527344,32.009822845458984
18-08-2014,36.290000915527344,36.290000915527344,0,36.290000915527344,36.290000915527344,32.009822845458984
19-08-2014,36.290000915527344,36.290000915527344,0,36.290000915527344,36.290000915527344,32.009822845458984
20-08-2014,36.290000915527344,36.290000915527344,0,36.290000915527344,36.290000915527344,32.009822845458984
21-08-2014,36.290000915527344,36.290000915527344,0,36.290000915527344,36.290000915527344,32.009822845458984
22-08-2014,36.290000915527344,36.290000915527344,0,36.290000915527344,36.290000915527344,32.009822845458984
25-08-2014,36.290000915527344,36.290000915527344,0,36.290000915527344,36.290000915527344,32.009822845458984
26-08-2014,36.290000915527344,36.290000915527344,0,36.290000915527344,36.290000915527344,32.009822845458984
27-08-2014,36.290000915527344,36.290000915527344,0,36.290000915527344,36.290000915527344,32.009822845458984
28-08-2014,36.290000915527344,36.290000915527344,0,36.290000915527344,36.290000915527344,32.009822845458984
29-08-2014,36.290000915527344,36.290000915527344,0,36.290000915527344,36.290000915527344,32.009822845458984
02-09-2014,36.290000915527344,36.290000915527344,0,36.290000915527344,36.290000915527344,32.009822845458984
03-09-2014,36.290000915527344,36.290000915527344,0,36.290000915527344,36.290000915527344,32.009822845458984
04-09-2014,36.290000915527344,36.290000915527344,0,36.290000915527344,36.290000915527344,32.009822845458984
05-09-2014,36.290000915527344,36.290000915527344,0,36.290000915527344,36.290000915527344,32.009822845458984
08-09-2014,36.290000915527344,36.290000915527344,0,36.290000915527344,36.290000915527344,32.009822845458984
09-09-2014,36.290000915527344,36.290000915527344,0,36.290000915527344,36.290000915527344,32.009822845458984
10-09-2014,36.290000915527344,36.290000915527344,0,36.290000915527344,36.290000915527344,32.009822845458984
11-09-2014,36.290000915527344,36.290000915527344,0,36.290000915527344,36.290000915527344,32.009822845458984
12-09-2014,36.290000915527344,36.290000915527344,0,36.290000915527344,36.290000915527344,32.009822845458984
15-09-2014,36.290000915527344,36.290000915527344,0,36.290000915527344,36.290000915527344,32.009822845458984
16-09-2014,36.290000915527344,36.290000915527344,0,36.290000915527344,36.290000915527344,32.009822845458984
17-09-2014,36.290000915527344,36.290000915527344,0,36.290000915527344,36.290000915527344,32.009822845458984
18-09-2014,36.290000915527344,36.290000915527344,0,36.290000915527344,36.290000915527344,32.009822845458984
19-09-2014,36.290000915527344,36.290000915527344,0,36.290000915527344,36.290000915527344,32.009822845458984
22-09-2014,36.290000915527344,36.290000915527344,0,36.290000915527344,36.290000915527344,32.009822845458984
23-09-2014,36.290000915527344,36.290000915527344,0,36.290000915527344,36.290000915527344,32.009822845458984
24-09-2014,36.290000915527344,36.290000915527344,0,36.290000915527344,36.290000915527344,32.009822845458984
25-09-2014,36.290000915527344,36.290000915527344,0,36.290000915527344,36.290000915527344,32.009822845458984
26-09-2014,36.290000915527344,36.290000915527344,0,36.290000915527344,36.290000915527344,32.009822845458984
29-09-2014,36.290000915527344,36.290000915527344,0,36.290000915527344,36.290000915527344,32.009822845458984
30-09-2014,36.290000915527344,36.290000915527344,0,36.290000915527344,36.290000915527344,32.009822845458984
01-10-2014,36.290000915527344,36.290000915527344,0,36.290000915527344,36.290000915527344,32.009822845458984
02-10-2014,36.290000915527344,36.290000915527344,0,36.290000915527344,36.290000915527344,32.009822845458984
03-10-2014,36.290000915527344,36.290000915527344,0,36.290000915527344,36.290000915527344,32.009822845458984
06-10-2014,36.290000915527344,36.290000915527344,0,36.290000915527344,36.290000915527344,32.009822845458984
07-10-2014,36.290000915527344,36.290000915527344,0,36.290000915527344,36.290000915527344,32.009822845458984
08-10-2014,36.290000915527344,36.290000915527344,0,36.290000915527344,36.290000915527344,32.009822845458984
09-10-2014,36.290000915527344,36.290000915527344,0,36.290000915527344,36.290000915527344,32.009822845458984
10-10-2014,36.290000915527344,36.290000915527344,0,36.290000915527344,36.290000915527344,32.009822845458984
13-10-2014,36.290000915527344,36.290000915527344,0,36.290000915527344,36.290000915527344,32.009822845458984
14-10-2014,36.290000915527344,36.290000915527344,0,36.290000915527344,36.290000915527344,32.009822845458984
15-10-2014,36.290000915527344,36.290000915527344,0,36.290000915527344,36.290000915527344,32.009822845458984
16-10-2014,36.290000915527344,36.290000915527344,0,36.290000915527344,36.290000915527344,32.009822845458984
17-10-2014,36.290000915527344,36.290000915527344,0,36.290000915527344,36.290000915527344,32.009822845458984
20-10-2014,36.290000915527344,36.290000915527344,0,36.290000915527344,36.290000915527344,32.009822845458984
21-10-2014,36.290000915527344,36.290000915527344,0,36.290000915527344,36.290000915527344,32.009822845458984
22-10-2014,36.290000915527344,36.290000915527344,0,36.290000915527344,36.290000915527344,32.009822845458984
23-10-2014,36.290000915527344,36.290000915527344,0,36.290000915527344,36.290000915527344,32.009822845458984
24-10-2014,36.290000915527344,36.290000915527344,0,36.290000915527344,36.290000915527344,32.009822845458984
27-10-2014,36.290000915527344,36.290000915527344,0,36.290000915527344,36.290000915527344,32.009822845458984
28-10-2014,36.290000915527344,36.290000915527344,0,36.290000915527344,36.290000915527344,32.009822845458984
29-10-2014,36.290000915527344,36.290000915527344,0,36.290000915527344,36.290000915527344,32.009822845458984
30-10-2014,36.290000915527344,36.290000915527344,0,36.290000915527344,36.290000915527344,32.009822845458984
31-10-2014,36.290000915527344,36.290000915527344,0,36.290000915527344,36.290000915527344,32.009822845458984
03-11-2014,36.290000915527344,36.290000915527344,0,36.290000915527344,36.290000915527344,32.009822845458984
04-11-2014,36.290000915527344,36.290000915527344,0,36.290000915527344,36.290000915527344,32.009822845458984
05-11-2014,36.290000915527344,36.290000915527344,0,36.290000915527344,36.290000915527344,32.009822845458984
06-11-2014,36.290000915527344,36.290000915527344,0,36.290000915527344,36.290000915527344,32.009822845458984
07-11-2014,36.290000915527344,36.290000915527344,0,36.290000915527344,36.290000915527344,32.009822845458984
10-11-2014,36.290000915527344,36.290000915527344,0,36.290000915527344,36.290000915527344,32.009822845458984
11-11-2014,36.290000915527344,36.290000915527344,0,36.290000915527344,36.290000915527344,32.009822845458984
12-11-2014,36.290000915527344,36.290000915527344,0,36.290000915527344,36.290000915527344,32.009822845458984
13-11-2014,36.290000915527344,36.290000915527344,0,36.290000915527344,36.290000915527344,32.009822845458984
14-11-2014,36.290000915527344,36.290000915527344,0,36.290000915527344,36.290000915527344,32.009822845458984
17-11-2014,36.290000915527344,36.290000915527344,0,36.290000915527344,36.290000915527344,32.009822845458984
18-11-2014,36.290000915527344,36.290000915527344,0,36.290000915527344,36.290000915527344,32.009822845458984
19-11-2014,36.290000915527344,36.290000915527344,0,36.290000915527344,36.290000915527344,32.009822845458984
20-11-2014,36.290000915527344,36.290000915527344,0,36.290000915527344,36.290000915527344,32.009822845458984
21-11-2014,36.290000915527344,36.290000915527344,0,36.290000915527344,36.290000915527344,32.009822845458984
24-11-2014,36.290000915527344,36.290000915527344,0,36.290000915527344,36.290000915527344,32.009822845458984
25-11-2014,36.290000915527344,36.290000915527344,0,36.290000915527344,36.290000915527344,32.009822845458984
26-11-2014,36.290000915527344,36.290000915527344,0,36.290000915527344,36.290000915527344,32.009822845458984
28-11-2014,36.290000915527344,36.290000915527344,0,36.290000915527344,36.290000915527344,32.009822845458984
01-12-2014,36.290000915527344,36.290000915527344,0,36.290000915527344,36.290000915527344,32.009822845458984
02-12-2014,38.400001525878906,38.400001525878906,700,38.400001525878906,38.400001525878906,33.87096405029297
03-12-2014,38.400001525878906,38.400001525878906,0,38.400001525878906,38.400001525878906,33.87096405029297
04-12-2014,38.400001525878906,38.400001525878906,0,38.400001525878906,38.400001525878906,33.87096405029297
05-12-2014,38.400001525878906,38.400001525878906,0,38.400001525878906,38.400001525878906,33.87096405029297
08-12-2014,38.400001525878906,38.400001525878906,0,38.400001525878906,38.400001525878906,33.87096405029297
09-12-2014,38.400001525878906,38.400001525878906,0,38.400001525878906,38.400001525878906,33.87096405029297
10-12-2014,38.400001525878906,38.400001525878906,0,38.400001525878906,38.400001525878906,33.87096405029297
11-12-2014,38.400001525878906,38.400001525878906,0,38.400001525878906,38.400001525878906,33.87096405029297
12-12-2014,38.400001525878906,38.400001525878906,0,38.400001525878906,38.400001525878906,33.87096405029297
15-12-2014,38.400001525878906,38.400001525878906,0,38.400001525878906,38.400001525878906,33.87096405029297
16-12-2014,38.400001525878906,38.400001525878906,0,38.400001525878906,38.400001525878906,33.87096405029297
17-12-2014,38.400001525878906,38.400001525878906,0,38.400001525878906,38.400001525878906,33.87096405029297
18-12-2014,38.400001525878906,38.400001525878906,0,38.400001525878906,38.400001525878906,33.87096405029297
19-12-2014,38.400001525878906,38.400001525878906,0,38.400001525878906,38.400001525878906,33.87096405029297
22-12-2014,38.400001525878906,38.400001525878906,0,38.400001525878906,38.400001525878906,33.87096405029297
23-12-2014,38.400001525878906,38.400001525878906,0,38.400001525878906,38.400001525878906,33.87096405029297
24-12-2014,38.400001525878906,38.400001525878906,0,38.400001525878906,38.400001525878906,33.87096405029297
26-12-2014,38.400001525878906,38.400001525878906,0,38.400001525878906,38.400001525878906,33.87096405029297
29-12-2014,38.400001525878906,38.400001525878906,0,38.400001525878906,38.400001525878906,33.87096405029297
30-12-2014,38.400001525878906,38.400001525878906,0,38.400001525878906,38.400001525878906,33.87096405029297
31-12-2014,38.400001525878906,38.400001525878906,0,38.400001525878906,38.400001525878906,33.87096405029297
02-01-2015,38.400001525878906,38.400001525878906,0,38.400001525878906,38.400001525878906,33.87096405029297
05-01-2015,38.400001525878906,38.400001525878906,0,38.400001525878906,38.400001525878906,33.87096405029297
06-01-2015,38.400001525878906,38.400001525878906,0,38.400001525878906,38.400001525878906,33.87096405029297
07-01-2015,38.400001525878906,38.400001525878906,0,38.400001525878906,38.400001525878906,33.87096405029297
08-01-2015,38.400001525878906,38.400001525878906,0,38.400001525878906,38.400001525878906,33.87096405029297
09-01-2015,38.400001525878906,38.400001525878906,0,38.400001525878906,38.400001525878906,33.87096405029297
12-01-2015,38.400001525878906,38.400001525878906,0,38.400001525878906,38.400001525878906,33.87096405029297
13-01-2015,38.400001525878906,38.400001525878906,0,38.400001525878906,38.400001525878906,33.87096405029297
14-01-2015,38.400001525878906,38.400001525878906,0,38.400001525878906,38.400001525878906,33.87096405029297
15-01-2015,38.400001525878906,38.400001525878906,0,38.400001525878906,38.400001525878906,33.87096405029297
16-01-2015,38.400001525878906,38.400001525878906,0,38.400001525878906,38.400001525878906,33.87096405029297
20-01-2015,38.400001525878906,38.400001525878906,0,38.400001525878906,38.400001525878906,33.87096405029297
21-01-2015,38.400001525878906,38.400001525878906,0,38.400001525878906,38.400001525878906,33.87096405029297
22-01-2015,38.400001525878906,38.400001525878906,0,38.400001525878906,38.400001525878906,33.87096405029297
23-01-2015,38.400001525878906,38.400001525878906,0,38.400001525878906,38.400001525878906,33.87096405029297
26-01-2015,38.400001525878906,38.400001525878906,0,38.400001525878906,38.400001525878906,33.87096405029297
27-01-2015,38.400001525878906,38.400001525878906,0,38.400001525878906,38.400001525878906,33.87096405029297
28-01-2015,38.400001525878906,38.400001525878906,0,38.400001525878906,38.400001525878906,33.87096405029297
29-01-2015,38.400001525878906,38.400001525878906,0,38.400001525878906,38.400001525878906,33.87096405029297
30-01-2015,38.400001525878906,38.400001525878906,0,38.400001525878906,38.400001525878906,33.87096405029297
02-02-2015,38.400001525878906,38.400001525878906,0,38.400001525878906,38.400001525878906,33.87096405029297
03-02-2015,38.400001525878906,38.400001525878906,0,38.400001525878906,38.400001525878906,33.87096405029297
04-02-2015,38.400001525878906,38.400001525878906,0,38.400001525878906,38.400001525878906,33.87096405029297
05-02-2015,38.400001525878906,38.400001525878906,0,38.400001525878906,38.400001525878906,33.87096405029297
06-02-2015,38.400001525878906,38.400001525878906,0,38.400001525878906,38.400001525878906,33.87096405029297
09-02-2015,38.400001525878906,38.400001525878906,0,38.400001525878906,38.400001525878906,33.87096405029297
10-02-2015,38.400001525878906,38.400001525878906,0,38.400001525878906,38.400001525878906,33.87096405029297
11-02-2015,38.400001525878906,38.400001525878906,0,38.400001525878906,38.400001525878906,33.87096405029297
12-02-2015,38.400001525878906,38.400001525878906,0,38.400001525878906,38.400001525878906,33.87096405029297
13-02-2015,38.400001525878906,38.400001525878906,0,38.400001525878906,38.400001525878906,33.87096405029297
17-02-2015,38.400001525878906,38.400001525878906,0,38.400001525878906,38.400001525878906,33.87096405029297
18-02-2015,38.400001525878906,38.400001525878906,0,38.400001525878906,38.400001525878906,33.87096405029297
19-02-2015,38.400001525878906,38.400001525878906,0,38.400001525878906,38.400001525878906,33.87096405029297
20-02-2015,38.400001525878906,38.400001525878906,0,38.400001525878906,38.400001525878906,33.87096405029297
23-02-2015,38.400001525878906,38.400001525878906,0,38.400001525878906,38.400001525878906,33.87096405029297
24-02-2015,38.400001525878906,38.400001525878906,0,38.400001525878906,38.400001525878906,33.87096405029297
25-02-2015,38.400001525878906,38.400001525878906,0,38.400001525878906,38.400001525878906,33.87096405029297
26-02-2015,38.400001525878906,38.400001525878906,0,38.400001525878906,38.400001525878906,33.87096405029297
27-02-2015,38.400001525878906,38.400001525878906,0,38.400001525878906,38.400001525878906,33.87096405029297
02-03-2015,38.400001525878906,38.400001525878906,0,38.400001525878906,38.400001525878906,33.87096405029297
03-03-2015,38.400001525878906,38.400001525878906,0,38.400001525878906,38.400001525878906,33.87096405029297
04-03-2015,38.400001525878906,38.400001525878906,0,38.400001525878906,38.400001525878906,33.87096405029297
05-03-2015,38.400001525878906,38.400001525878906,0,38.400001525878906,38.400001525878906,33.87096405029297
06-03-2015,38.400001525878906,38.400001525878906,0,38.400001525878906,38.400001525878906,33.87096405029297
09-03-2015,38.400001525878906,38.400001525878906,0,38.400001525878906,38.400001525878906,33.87096405029297
10-03-2015,38.400001525878906,38.400001525878906,0,38.400001525878906,38.400001525878906,33.87096405029297
11-03-2015,38.400001525878906,38.400001525878906,0,38.400001525878906,38.400001525878906,33.87096405029297
12-03-2015,38.400001525878906,38.400001525878906,0,38.400001525878906,38.400001525878906,33.87096405029297
13-03-2015,38.400001525878906,38.400001525878906,0,38.400001525878906,38.400001525878906,33.87096405029297
16-03-2015,38.400001525878906,38.400001525878906,0,38.400001525878906,38.400001525878906,33.87096405029297
17-03-2015,38.400001525878906,38.400001525878906,0,38.400001525878906,38.400001525878906,33.87096405029297
18-03-2015,38.400001525878906,38.400001525878906,0,38.400001525878906,38.400001525878906,33.87096405029297
19-03-2015,38.400001525878906,38.400001525878906,0,38.400001525878906,38.400001525878906,33.87096405029297
20-03-2015,38.400001525878906,38.400001525878906,0,38.400001525878906,38.400001525878906,33.87096405029297
23-03-2015,38.400001525878906,38.400001525878906,0,38.400001525878906,38.400001525878906,33.87096405029297
24-03-2015,38.400001525878906,38.400001525878906,0,38.400001525878906,38.400001525878906,33.87096405029297
25-03-2015,38.400001525878906,38.400001525878906,0,38.400001525878906,38.400001525878906,33.87096405029297
26-03-2015,38.400001525878906,38.400001525878906,0,38.400001525878906,38.400001525878906,33.87096405029297
27-03-2015,38.400001525878906,38.400001525878906,0,38.400001525878906,38.400001525878906,33.87096405029297
30-03-2015,38.400001525878906,38.400001525878906,0,38.400001525878906,38.400001525878906,33.87096405029297
31-03-2015,38.400001525878906,38.400001525878906,0,38.400001525878906,38.400001525878906,33.87096405029297
01-04-2015,38.400001525878906,38.400001525878906,0,38.400001525878906,38.400001525878906,33.87096405029297
02-04-2015,38.400001525878906,38.400001525878906,0,38.400001525878906,38.400001525878906,33.87096405029297
06-04-2015,38.400001525878906,38.400001525878906,0,38.400001525878906,38.400001525878906,33.87096405029297
07-04-2015,38.400001525878906,38.400001525878906,0,38.400001525878906,38.400001525878906,33.87096405029297
08-04-2015,38.400001525878906,38.400001525878906,0,38.400001525878906,38.400001525878906,33.87096405029297
09-04-2015,38.400001525878906,38.400001525878906,0,38.400001525878906,38.400001525878906,33.87096405029297
10-04-2015,38.400001525878906,38.400001525878906,0,38.400001525878906,38.400001525878906,33.87096405029297
13-04-2015,38.400001525878906,38.400001525878906,0,38.400001525878906,38.400001525878906,33.87096405029297
14-04-2015,38.400001525878906,38.400001525878906,0,38.400001525878906,38.400001525878906,35.247833251953125
15-04-2015,38.400001525878906,38.400001525878906,0,38.400001525878906,38.400001525878906,35.247833251953125
16-04-2015,38.400001525878906,38.400001525878906,0,38.400001525878906,38.400001525878906,35.247833251953125
17-04-2015,38.400001525878906,38.400001525878906,0,38.400001525878906,38.400001525878906,35.247833251953125
20-04-2015,38.400001525878906,38.400001525878906,0,38.400001525878906,38.400001525878906,35.247833251953125
21-04-2015,38.400001525878906,38.400001525878906,0,38.400001525878906,38.400001525878906,35.247833251953125
22-04-2015,38.400001525878906,38.400001525878906,0,38.400001525878906,38.400001525878906,35.247833251953125
23-04-2015,38.400001525878906,38.400001525878906,0,38.400001525878906,38.400001525878906,35.247833251953125
24-04-2015,38.400001525878906,38.400001525878906,0,38.400001525878906,38.400001525878906,35.247833251953125
27-04-2015,38.400001525878906,38.400001525878906,0,38.400001525878906,38.400001525878906,35.247833251953125
28-04-2015,38.400001525878906,38.400001525878906,0,38.400001525878906,38.400001525878906,35.247833251953125
29-04-2015,38.400001525878906,38.400001525878906,0,38.400001525878906,38.400001525878906,35.247833251953125
30-04-2015,38.400001525878906,38.400001525878906,0,38.400001525878906,38.400001525878906,35.247833251953125
01-05-2015,38.400001525878906,38.400001525878906,0,38.400001525878906,38.400001525878906,35.247833251953125
04-05-2015,38.400001525878906,38.400001525878906,0,38.400001525878906,38.400001525878906,35.247833251953125
05-05-2015,38.400001525878906,38.400001525878906,0,38.400001525878906,38.400001525878906,35.247833251953125
06-05-2015,38.400001525878906,38.400001525878906,0,38.400001525878906,38.400001525878906,35.247833251953125
07-05-2015,38.400001525878906,38.400001525878906,0,38.400001525878906,38.400001525878906,35.247833251953125
08-05-2015,38.400001525878906,38.400001525878906,0,38.400001525878906,38.400001525878906,35.247833251953125
11-05-2015,38.400001525878906,38.400001525878906,0,38.400001525878906,38.400001525878906,35.247833251953125
12-05-2015,38.400001525878906,38.400001525878906,0,38.400001525878906,38.400001525878906,35.247833251953125
13-05-2015,38.400001525878906,38.400001525878906,0,38.400001525878906,38.400001525878906,35.247833251953125
14-05-2015,38.400001525878906,38.400001525878906,0,38.400001525878906,38.400001525878906,35.247833251953125
15-05-2015,38.400001525878906,38.400001525878906,0,38.400001525878906,38.400001525878906,35.247833251953125
18-05-2015,38.400001525878906,38.400001525878906,0,38.400001525878906,38.400001525878906,35.247833251953125
19-05-2015,38.400001525878906,38.400001525878906,0,38.400001525878906,38.400001525878906,35.247833251953125
20-05-2015,38.400001525878906,38.400001525878906,0,38.400001525878906,38.400001525878906,35.247833251953125
21-05-2015,38.400001525878906,38.400001525878906,0,38.400001525878906,38.400001525878906,35.247833251953125
22-05-2015,38.400001525878906,38.400001525878906,0,38.400001525878906,38.400001525878906,35.247833251953125
26-05-2015,38.400001525878906,38.400001525878906,0,38.400001525878906,38.400001525878906,35.247833251953125
27-05-2015,38.400001525878906,38.400001525878906,0,38.400001525878906,38.400001525878906,35.247833251953125
28-05-2015,38.400001525878906,38.400001525878906,0,38.400001525878906,38.400001525878906,35.247833251953125
29-05-2015,38.400001525878906,38.400001525878906,0,38.400001525878906,38.400001525878906,35.247833251953125
01-06-2015,38.400001525878906,38.400001525878906,0,38.400001525878906,38.400001525878906,35.247833251953125
02-06-2015,38.400001525878906,38.400001525878906,0,38.400001525878906,38.400001525878906,35.247833251953125
03-06-2015,38.400001525878906,38.400001525878906,0,38.400001525878906,38.400001525878906,35.247833251953125
04-06-2015,38.400001525878906,38.400001525878906,0,38.400001525878906,38.400001525878906,35.247833251953125
05-06-2015,38.400001525878906,38.400001525878906,0,38.400001525878906,38.400001525878906,35.247833251953125
08-06-2015,38.400001525878906,38.400001525878906,0,38.400001525878906,38.400001525878906,35.247833251953125
09-06-2015,38.400001525878906,38.400001525878906,0,38.400001525878906,38.400001525878906,35.247833251953125
10-06-2015,38.400001525878906,38.400001525878906,0,38.400001525878906,38.400001525878906,35.247833251953125
11-06-2015,38.400001525878906,38.400001525878906,0,38.400001525878906,38.400001525878906,35.247833251953125
12-06-2015,38.400001525878906,38.400001525878906,0,38.400001525878906,38.400001525878906,35.247833251953125
15-06-2015,38.400001525878906,38.400001525878906,0,38.400001525878906,38.400001525878906,35.247833251953125
16-06-2015,38.400001525878906,38.400001525878906,0,38.400001525878906,38.400001525878906,35.247833251953125
17-06-2015,38.400001525878906,38.400001525878906,0,38.400001525878906,38.400001525878906,35.247833251953125
18-06-2015,38.400001525878906,38.400001525878906,0,38.400001525878906,38.400001525878906,35.247833251953125
19-06-2015,38.400001525878906,38.400001525878906,0,38.400001525878906,38.400001525878906,35.247833251953125
22-06-2015,38.400001525878906,38.400001525878906,0,38.400001525878906,38.400001525878906,35.247833251953125
23-06-2015,38.400001525878906,38.400001525878906,0,38.400001525878906,38.400001525878906,35.247833251953125
24-06-2015,38.400001525878906,38.400001525878906,0,38.400001525878906,38.400001525878906,35.247833251953125
25-06-2015,38.400001525878906,38.400001525878906,0,38.400001525878906,38.400001525878906,35.247833251953125
26-06-2015,38.400001525878906,38.400001525878906,0,38.400001525878906,38.400001525878906,35.247833251953125
29-06-2015,38.400001525878906,38.400001525878906,0,38.400001525878906,38.400001525878906,35.247833251953125
30-06-2015,38.400001525878906,38.400001525878906,0,38.400001525878906,38.400001525878906,35.247833251953125
01-07-2015,38.400001525878906,38.400001525878906,0,38.400001525878906,38.400001525878906,35.247833251953125
02-07-2015,38.400001525878906,38.400001525878906,0,38.400001525878906,38.400001525878906,35.247833251953125
06-07-2015,38.400001525878906,38.400001525878906,0,38.400001525878906,38.400001525878906,35.247833251953125
07-07-2015,38.400001525878906,38.400001525878906,0,38.400001525878906,38.400001525878906,35.247833251953125
08-07-2015,38.400001525878906,38.400001525878906,0,38.400001525878906,38.400001525878906,35.247833251953125
09-07-2015,38.400001525878906,38.400001525878906,0,38.400001525878906,38.400001525878906,35.247833251953125
10-07-2015,38.400001525878906,38.400001525878906,0,38.400001525878906,38.400001525878906,35.247833251953125
13-07-2015,38.400001525878906,38.400001525878906,0,38.400001525878906,38.400001525878906,35.247833251953125
14-07-2015,38.400001525878906,38.400001525878906,0,38.400001525878906,38.400001525878906,35.247833251953125
15-07-2015,38.400001525878906,38.400001525878906,0,38.400001525878906,38.400001525878906,35.247833251953125
16-07-2015,38.400001525878906,38.400001525878906,0,38.400001525878906,38.400001525878906,35.247833251953125
17-07-2015,38.400001525878906,38.400001525878906,0,38.400001525878906,38.400001525878906,35.247833251953125
20-07-2015,38.400001525878906,38.400001525878906,0,38.400001525878906,38.400001525878906,35.247833251953125
21-07-2015,38.400001525878906,38.400001525878906,0,38.400001525878906,38.400001525878906,35.247833251953125
22-07-2015,38.400001525878906,38.400001525878906,0,38.400001525878906,38.400001525878906,35.247833251953125
23-07-2015,38.400001525878906,38.400001525878906,0,38.400001525878906,38.400001525878906,35.247833251953125
24-07-2015,38.400001525878906,38.400001525878906,0,38.400001525878906,38.400001525878906,35.247833251953125
27-07-2015,38.400001525878906,38.400001525878906,0,38.400001525878906,38.400001525878906,35.247833251953125
28-07-2015,38.400001525878906,38.400001525878906,0,38.400001525878906,38.400001525878906,35.247833251953125
29-07-2015,38.400001525878906,38.400001525878906,0,38.400001525878906,38.400001525878906,35.247833251953125
30-07-2015,38.400001525878906,38.400001525878906,0,38.400001525878906,38.400001525878906,35.247833251953125
31-07-2015,38.400001525878906,38.400001525878906,0,38.400001525878906,38.400001525878906,35.247833251953125
03-08-2015,38.400001525878906,38.400001525878906,0,38.400001525878906,38.400001525878906,35.247833251953125
04-08-2015,38.400001525878906,38.400001525878906,0,38.400001525878906,38.400001525878906,35.247833251953125
05-08-2015,38.400001525878906,38.400001525878906,0,38.400001525878906,38.400001525878906,35.247833251953125
06-08-2015,38.400001525878906,38.400001525878906,0,38.400001525878906,38.400001525878906,35.247833251953125
07-08-2015,38.400001525878906,38.400001525878906,0,38.400001525878906,38.400001525878906,35.247833251953125
10-08-2015,38.400001525878906,38.400001525878906,0,38.400001525878906,38.400001525878906,35.247833251953125
11-08-2015,38.400001525878906,38.400001525878906,0,38.400001525878906,38.400001525878906,35.247833251953125
12-08-2015,38.400001525878906,38.400001525878906,0,38.400001525878906,38.400001525878906,35.247833251953125
13-08-2015,38.400001525878906,38.400001525878906,0,38.400001525878906,38.400001525878906,35.247833251953125
14-08-2015,38.400001525878906,38.400001525878906,0,38.400001525878906,38.400001525878906,35.247833251953125
17-08-2015,38.400001525878906,38.400001525878906,0,38.400001525878906,38.400001525878906,35.247833251953125
18-08-2015,38.400001525878906,38.400001525878906,0,38.400001525878906,38.400001525878906,35.247833251953125
19-08-2015,38.400001525878906,38.400001525878906,0,38.400001525878906,38.400001525878906,35.247833251953125
20-08-2015,38.400001525878906,38.400001525878906,0,38.400001525878906,38.400001525878906,35.247833251953125
21-08-2015,38.400001525878906,38.400001525878906,0,38.400001525878906,38.400001525878906,35.247833251953125
24-08-2015,38.400001525878906,38.400001525878906,0,38.400001525878906,38.400001525878906,35.247833251953125
25-08-2015,38.400001525878906,38.400001525878906,0,38.400001525878906,38.400001525878906,35.247833251953125
26-08-2015,38.400001525878906,38.400001525878906,0,38.400001525878906,38.400001525878906,35.247833251953125
27-08-2015,38.400001525878906,38.400001525878906,0,38.400001525878906,38.400001525878906,35.247833251953125
28-08-2015,38.400001525878906,38.400001525878906,0,38.400001525878906,38.400001525878906,35.247833251953125
31-08-2015,38.400001525878906,38.400001525878906,0,38.400001525878906,38.400001525878906,35.247833251953125
01-09-2015,38.400001525878906,38.400001525878906,0,38.400001525878906,38.400001525878906,35.247833251953125
02-09-2015,38.400001525878906,38.400001525878906,0,38.400001525878906,38.400001525878906,35.247833251953125
03-09-2015,38.400001525878906,38.400001525878906,0,38.400001525878906,38.400001525878906,35.247833251953125
04-09-2015,38.400001525878906,38.400001525878906,0,38.400001525878906,38.400001525878906,35.247833251953125
08-09-2015,38.400001525878906,38.400001525878906,0,38.400001525878906,38.400001525878906,35.247833251953125
09-09-2015,38.400001525878906,38.400001525878906,0,38.400001525878906,38.400001525878906,35.247833251953125
10-09-2015,38.400001525878906,38.400001525878906,0,38.400001525878906,38.400001525878906,35.247833251953125
11-09-2015,38.400001525878906,38.400001525878906,0,38.400001525878906,38.400001525878906,35.247833251953125
14-09-2015,38.400001525878906,38.400001525878906,0,38.400001525878906,38.400001525878906,35.247833251953125
15-09-2015,38.400001525878906,38.400001525878906,0,38.400001525878906,38.400001525878906,35.247833251953125
16-09-2015,38.400001525878906,38.400001525878906,0,38.400001525878906,38.400001525878906,35.247833251953125
17-09-2015,38.400001525878906,38.400001525878906,0,38.400001525878906,38.400001525878906,35.247833251953125
18-09-2015,38.400001525878906,38.400001525878906,0,38.400001525878906,38.400001525878906,35.247833251953125
21-09-2015,38.400001525878906,38.400001525878906,0,38.400001525878906,38.400001525878906,35.247833251953125
22-09-2015,38.400001525878906,38.400001525878906,0,38.400001525878906,38.400001525878906,35.247833251953125
23-09-2015,38.400001525878906,38.400001525878906,0,38.400001525878906,38.400001525878906,35.247833251953125
24-09-2015,38.400001525878906,38.400001525878906,0,38.400001525878906,38.400001525878906,35.247833251953125
25-09-2015,38.400001525878906,38.400001525878906,0,38.400001525878906,38.400001525878906,35.247833251953125
28-09-2015,38.400001525878906,38.400001525878906,0,38.400001525878906,38.400001525878906,35.247833251953125
29-09-2015,38.400001525878906,38.400001525878906,0,38.400001525878906,38.400001525878906,35.247833251953125
30-09-2015,38.400001525878906,38.400001525878906,0,38.400001525878906,38.400001525878906,35.247833251953125
01-10-2015,38.400001525878906,38.400001525878906,0,38.400001525878906,38.400001525878906,35.247833251953125
02-10-2015,38.400001525878906,38.400001525878906,0,38.400001525878906,38.400001525878906,35.247833251953125
05-10-2015,38.400001525878906,38.400001525878906,0,38.400001525878906,38.400001525878906,35.247833251953125
06-10-2015,38.400001525878906,38.400001525878906,0,38.400001525878906,38.400001525878906,35.247833251953125
07-10-2015,38.400001525878906,38.400001525878906,0,38.400001525878906,38.400001525878906,35.247833251953125
08-10-2015,38.400001525878906,38.400001525878906,0,38.400001525878906,38.400001525878906,35.247833251953125
09-10-2015,38.400001525878906,38.400001525878906,0,38.400001525878906,38.400001525878906,35.247833251953125
12-10-2015,38.400001525878906,38.400001525878906,0,38.400001525878906,38.400001525878906,35.247833251953125
13-10-2015,38.400001525878906,38.400001525878906,0,38.400001525878906,38.400001525878906,35.247833251953125
14-10-2015,38.400001525878906,38.400001525878906,0,38.400001525878906,38.400001525878906,35.247833251953125
15-10-2015,38.400001525878906,38.400001525878906,0,38.400001525878906,38.400001525878906,35.247833251953125
16-10-2015,38.400001525878906,38.400001525878906,0,38.400001525878906,38.400001525878906,35.247833251953125
19-10-2015,38.400001525878906,38.400001525878906,0,38.400001525878906,38.400001525878906,35.247833251953125
20-10-2015,38.400001525878906,38.400001525878906,0,38.400001525878906,38.400001525878906,35.247833251953125
21-10-2015,38.400001525878906,38.400001525878906,0,38.400001525878906,38.400001525878906,35.247833251953125
22-10-2015,38.400001525878906,38.400001525878906,0,38.400001525878906,38.400001525878906,35.247833251953125
23-10-2015,38.400001525878906,38.400001525878906,0,38.400001525878906,38.400001525878906,35.247833251953125
26-10-2015,38.400001525878906,38.400001525878906,0,38.400001525878906,38.400001525878906,35.247833251953125
27-10-2015,38.400001525878906,38.400001525878906,0,38.400001525878906,38.400001525878906,35.247833251953125
28-10-2015,38.400001525878906,38.400001525878906,0,38.400001525878906,38.400001525878906,35.247833251953125
29-10-2015,38.400001525878906,38.400001525878906,0,38.400001525878906,38.400001525878906,35.247833251953125
30-10-2015,38.400001525878906,38.400001525878906,0,38.400001525878906,38.400001525878906,35.247833251953125
02-11-2015,38.400001525878906,38.400001525878906,0,38.400001525878906,38.400001525878906,35.247833251953125
03-11-2015,38.400001525878906,38.400001525878906,0,38.400001525878906,38.400001525878906,35.247833251953125
04-11-2015,38.400001525878906,38.400001525878906,0,38.400001525878906,38.400001525878906,35.247833251953125
05-11-2015,38.400001525878906,38.400001525878906,0,38.400001525878906,38.400001525878906,35.247833251953125
06-11-2015,38.400001525878906,38.400001525878906,0,38.400001525878906,38.400001525878906,35.247833251953125
09-11-2015,38.400001525878906,38.400001525878906,0,38.400001525878906,38.400001525878906,35.247833251953125
10-11-2015,38.400001525878906,38.400001525878906,0,38.400001525878906,38.400001525878906,35.247833251953125
11-11-2015,38.400001525878906,38.400001525878906,0,38.400001525878906,38.400001525878906,35.247833251953125
12-11-2015,38.400001525878906,38.400001525878906,0,38.400001525878906,38.400001525878906,35.247833251953125
13-11-2015,38.400001525878906,38.400001525878906,0,38.400001525878906,38.400001525878906,35.247833251953125
16-11-2015,38.400001525878906,38.400001525878906,0,38.400001525878906,38.400001525878906,35.247833251953125
17-11-2015,38.400001525878906,38.400001525878906,0,38.400001525878906,38.400001525878906,35.247833251953125
18-11-2015,38.400001525878906,38.400001525878906,0,38.400001525878906,38.400001525878906,35.247833251953125
19-11-2015,38.400001525878906,38.400001525878906,0,38.400001525878906,38.400001525878906,35.247833251953125
20-11-2015,38.400001525878906,38.400001525878906,0,38.400001525878906,38.400001525878906,35.247833251953125
23-11-2015,38.400001525878906,38.400001525878906,0,38.400001525878906,38.400001525878906,35.247833251953125
24-11-2015,38.400001525878906,38.400001525878906,0,38.400001525878906,38.400001525878906,35.247833251953125
25-11-2015,38.400001525878906,38.400001525878906,0,38.400001525878906,38.400001525878906,35.247833251953125
27-11-2015,38.400001525878906,38.400001525878906,0,38.400001525878906,38.400001525878906,35.247833251953125
30-11-2015,38.400001525878906,38.400001525878906,0,38.400001525878906,38.400001525878906,35.247833251953125
01-12-2015,38.400001525878906,38.400001525878906,0,38.400001525878906,38.400001525878906,35.247833251953125
02-12-2015,38.400001525878906,38.400001525878906,0,38.400001525878906,38.400001525878906,35.247833251953125
03-12-2015,38.400001525878906,38.400001525878906,0,38.400001525878906,38.400001525878906,35.247833251953125
04-12-2015,38.400001525878906,38.400001525878906,0,38.400001525878906,38.400001525878906,35.247833251953125
07-12-2015,38.400001525878906,38.400001525878906,0,38.400001525878906,38.400001525878906,35.247833251953125
08-12-2015,38.400001525878906,38.400001525878906,0,38.400001525878906,38.400001525878906,35.247833251953125
09-12-2015,38.400001525878906,38.400001525878906,0,38.400001525878906,38.400001525878906,35.247833251953125
10-12-2015,38.400001525878906,38.400001525878906,0,38.400001525878906,38.400001525878906,35.247833251953125
11-12-2015,38.400001525878906,38.400001525878906,0,38.400001525878906,38.400001525878906,35.247833251953125
14-12-2015,38.400001525878906,38.400001525878906,0,38.400001525878906,38.400001525878906,35.247833251953125
15-12-2015,38.400001525878906,38.400001525878906,0,38.400001525878906,38.400001525878906,35.247833251953125
16-12-2015,38.400001525878906,38.400001525878906,0,38.400001525878906,38.400001525878906,35.247833251953125
17-12-2015,38.400001525878906,38.400001525878906,0,38.400001525878906,38.400001525878906,35.247833251953125
18-12-2015,38.400001525878906,38.400001525878906,0,38.400001525878906,38.400001525878906,35.247833251953125
21-12-2015,38.400001525878906,38.400001525878906,0,38.400001525878906,38.400001525878906,35.247833251953125
22-12-2015,38.400001525878906,38.400001525878906,0,38.400001525878906,38.400001525878906,35.247833251953125
23-12-2015,38.400001525878906,38.400001525878906,0,38.400001525878906,38.400001525878906,35.247833251953125
24-12-2015,38.400001525878906,38.400001525878906,0,38.400001525878906,38.400001525878906,35.247833251953125
28-12-2015,38.400001525878906,38.400001525878906,0,38.400001525878906,38.400001525878906,35.247833251953125
29-12-2015,38.400001525878906,38.400001525878906,0,38.400001525878906,38.400001525878906,35.247833251953125
30-12-2015,38.400001525878906,38.400001525878906,0,38.400001525878906,38.400001525878906,35.247833251953125
31-12-2015,38.400001525878906,38.400001525878906,0,38.400001525878906,38.400001525878906,35.247833251953125
04-01-2016,38.400001525878906,38.400001525878906,0,38.400001525878906,38.400001525878906,35.247833251953125
05-01-2016,38.400001525878906,38.400001525878906,0,38.400001525878906,38.400001525878906,35.247833251953125
06-01-2016,38.400001525878906,38.400001525878906,0,38.400001525878906,38.400001525878906,35.247833251953125
07-01-2016,38.400001525878906,38.400001525878906,0,38.400001525878906,38.400001525878906,35.247833251953125
08-01-2016,38.400001525878906,38.400001525878906,0,38.400001525878906,38.400001525878906,35.247833251953125
11-01-2016,38.400001525878906,38.400001525878906,0,38.400001525878906,38.400001525878906,35.247833251953125
12-01-2016,38.400001525878906,38.400001525878906,0,38.400001525878906,38.400001525878906,35.247833251953125
13-01-2016,38.400001525878906,38.400001525878906,0,38.400001525878906,38.400001525878906,35.247833251953125
14-01-2016,38.400001525878906,38.400001525878906,0,38.400001525878906,38.400001525878906,35.247833251953125
15-01-2016,38.400001525878906,38.400001525878906,0,38.400001525878906,38.400001525878906,35.247833251953125
19-01-2016,38.400001525878906,38.400001525878906,0,38.400001525878906,38.400001525878906,35.247833251953125
20-01-2016,38.400001525878906,38.400001525878906,0,38.400001525878906,38.400001525878906,35.247833251953125
21-01-2016,38.400001525878906,38.400001525878906,0,38.400001525878906,38.400001525878906,35.247833251953125
22-01-2016,38.400001525878906,38.400001525878906,0,38.400001525878906,38.400001525878906,35.247833251953125
25-01-2016,38.400001525878906,38.400001525878906,0,38.400001525878906,38.400001525878906,35.247833251953125
26-01-2016,38.400001525878906,38.400001525878906,0,38.400001525878906,38.400001525878906,35.247833251953125
27-01-2016,38.400001525878906,38.400001525878906,0,38.400001525878906,38.400001525878906,35.247833251953125
28-01-2016,38.400001525878906,38.400001525878906,0,38.400001525878906,38.400001525878906,35.247833251953125
29-01-2016,38.400001525878906,38.400001525878906,0,38.400001525878906,38.400001525878906,35.247833251953125
01-02-2016,38.400001525878906,38.400001525878906,0,38.400001525878906,38.400001525878906,35.247833251953125
02-02-2016,38.400001525878906,38.400001525878906,0,38.400001525878906,38.400001525878906,35.247833251953125
03-02-2016,38.400001525878906,38.400001525878906,0,38.400001525878906,38.400001525878906,35.247833251953125
04-02-2016,38.400001525878906,38.400001525878906,0,38.400001525878906,38.400001525878906,35.247833251953125
05-02-2016,38.400001525878906,38.400001525878906,0,38.400001525878906,38.400001525878906,35.247833251953125
08-02-2016,38.400001525878906,38.400001525878906,0,38.400001525878906,38.400001525878906,35.247833251953125
09-02-2016,38.400001525878906,38.400001525878906,0,38.400001525878906,38.400001525878906,35.247833251953125
10-02-2016,38.400001525878906,38.400001525878906,0,38.400001525878906,38.400001525878906,35.247833251953125
11-02-2016,38.400001525878906,38.400001525878906,0,38.400001525878906,38.400001525878906,35.247833251953125
12-02-2016,38.400001525878906,38.400001525878906,0,38.400001525878906,38.400001525878906,35.247833251953125
16-02-2016,38.400001525878906,38.400001525878906,0,38.400001525878906,38.400001525878906,35.247833251953125
17-02-2016,38.400001525878906,38.400001525878906,0,38.400001525878906,38.400001525878906,35.247833251953125
18-02-2016,38.400001525878906,38.400001525878906,0,38.400001525878906,38.400001525878906,35.247833251953125
19-02-2016,38.400001525878906,38.400001525878906,0,38.400001525878906,38.400001525878906,35.247833251953125
22-02-2016,38.400001525878906,38.400001525878906,0,38.400001525878906,38.400001525878906,35.247833251953125
23-02-2016,38.400001525878906,38.400001525878906,0,38.400001525878906,38.400001525878906,35.247833251953125
24-02-2016,38.400001525878906,38.400001525878906,0,38.400001525878906,38.400001525878906,35.247833251953125
25-02-2016,38.400001525878906,38.400001525878906,0,38.400001525878906,38.400001525878906,35.247833251953125
26-02-2016,38.400001525878906,38.400001525878906,0,38.400001525878906,38.400001525878906,35.247833251953125
29-02-2016,38.400001525878906,38.400001525878906,0,38.400001525878906,38.400001525878906,35.247833251953125
01-03-2016,38.400001525878906,38.400001525878906,0,38.400001525878906,38.400001525878906,35.247833251953125
02-03-2016,38.400001525878906,38.400001525878906,0,38.400001525878906,38.400001525878906,35.247833251953125
03-03-2016,38.400001525878906,38.400001525878906,0,38.400001525878906,38.400001525878906,35.247833251953125
04-03-2016,38.400001525878906,38.400001525878906,0,38.400001525878906,38.400001525878906,35.247833251953125
07-03-2016,38.400001525878906,38.400001525878906,0,38.400001525878906,38.400001525878906,35.247833251953125
08-03-2016,38.400001525878906,38.400001525878906,0,38.400001525878906,38.400001525878906,35.247833251953125
09-03-2016,38.400001525878906,38.400001525878906,0,38.400001525878906,38.400001525878906,35.247833251953125
10-03-2016,38.400001525878906,38.400001525878906,0,38.400001525878906,38.400001525878906,35.247833251953125
11-03-2016,38.400001525878906,38.400001525878906,0,38.400001525878906,38.400001525878906,35.247833251953125
14-03-2016,38.400001525878906,38.400001525878906,0,38.400001525878906,38.400001525878906,35.247833251953125
15-03-2016,38.400001525878906,38.400001525878906,0,38.400001525878906,38.400001525878906,35.247833251953125
16-03-2016,38.400001525878906,38.400001525878906,0,38.400001525878906,38.400001525878906,35.247833251953125
17-03-2016,38.400001525878906,38.400001525878906,0,38.400001525878906,38.400001525878906,35.247833251953125
18-03-2016,38.400001525878906,38.400001525878906,0,38.400001525878906,38.400001525878906,35.247833251953125
21-03-2016,38.400001525878906,38.400001525878906,0,38.400001525878906,38.400001525878906,35.247833251953125
22-03-2016,38.400001525878906,38.400001525878906,0,38.400001525878906,38.400001525878906,35.247833251953125
23-03-2016,38.400001525878906,38.400001525878906,0,38.400001525878906,38.400001525878906,35.247833251953125
24-03-2016,38.400001525878906,38.400001525878906,0,38.400001525878906,38.400001525878906,35.247833251953125
28-03-2016,38.400001525878906,38.400001525878906,0,38.400001525878906,38.400001525878906,35.247833251953125
29-03-2016,38.400001525878906,38.400001525878906,0,38.400001525878906,38.400001525878906,35.247833251953125
30-03-2016,38.400001525878906,38.400001525878906,0,38.400001525878906,38.400001525878906,35.247833251953125
31-03-2016,38.400001525878906,38.400001525878906,0,38.400001525878906,38.400001525878906,35.247833251953125
01-04-2016,38.400001525878906,38.400001525878906,0,38.400001525878906,38.400001525878906,35.247833251953125
04-04-2016,38.400001525878906,38.400001525878906,0,38.400001525878906,38.400001525878906,35.247833251953125
05-04-2016,38.400001525878906,38.400001525878906,0,38.400001525878906,38.400001525878906,35.83102035522461
06-04-2016,38.400001525878906,38.400001525878906,0,38.400001525878906,38.400001525878906,35.83102035522461
07-04-2016,38.400001525878906,38.400001525878906,0,38.400001525878906,38.400001525878906,35.83102035522461
08-04-2016,38.400001525878906,38.400001525878906,0,38.400001525878906,38.400001525878906,35.83102035522461
11-04-2016,38.400001525878906,38.400001525878906,0,38.400001525878906,38.400001525878906,35.83102035522461
12-04-2016,38.400001525878906,38.400001525878906,0,38.400001525878906,38.400001525878906,35.83102035522461
13-04-2016,38.400001525878906,38.400001525878906,0,38.400001525878906,38.400001525878906,35.83102035522461
14-04-2016,38.400001525878906,38.400001525878906,0,38.400001525878906,38.400001525878906,35.83102035522461
15-04-2016,38.400001525878906,38.400001525878906,0,38.400001525878906,38.400001525878906,35.83102035522461
18-04-2016,38.400001525878906,38.400001525878906,0,38.400001525878906,38.400001525878906,35.83102035522461
19-04-2016,38.400001525878906,38.400001525878906,0,38.400001525878906,38.400001525878906,35.83102035522461
20-04-2016,38.400001525878906,38.400001525878906,0,38.400001525878906,38.400001525878906,35.83102035522461
21-04-2016,38.400001525878906,38.400001525878906,0,38.400001525878906,38.400001525878906,35.83102035522461
22-04-2016,38.400001525878906,38.400001525878906,0,38.400001525878906,38.400001525878906,35.83102035522461
25-04-2016,38.400001525878906,38.400001525878906,0,38.400001525878906,38.400001525878906,35.83102035522461
26-04-2016,38.400001525878906,38.400001525878906,0,38.400001525878906,38.400001525878906,35.83102035522461
27-04-2016,38.400001525878906,38.400001525878906,0,38.400001525878906,38.400001525878906,35.83102035522461
28-04-2016,38.400001525878906,38.400001525878906,0,38.400001525878906,38.400001525878906,35.83102035522461
29-04-2016,38.400001525878906,38.400001525878906,0,38.400001525878906,38.400001525878906,35.83102035522461
02-05-2016,38.400001525878906,38.400001525878906,0,38.400001525878906,38.400001525878906,35.83102035522461
03-05-2016,38.400001525878906,38.400001525878906,0,38.400001525878906,38.400001525878906,35.83102035522461
04-05-2016,38.400001525878906,38.400001525878906,0,38.400001525878906,38.400001525878906,35.83102035522461
05-05-2016,38.400001525878906,38.400001525878906,0,38.400001525878906,38.400001525878906,35.83102035522461
06-05-2016,38.400001525878906,38.400001525878906,0,38.400001525878906,38.400001525878906,35.83102035522461
09-05-2016,38.400001525878906,38.400001525878906,0,38.400001525878906,38.400001525878906,35.83102035522461
10-05-2016,38.400001525878906,38.400001525878906,0,38.400001525878906,38.400001525878906,35.83102035522461
11-05-2016,38.400001525878906,38.400001525878906,0,38.400001525878906,38.400001525878906,35.83102035522461
12-05-2016,38.400001525878906,38.400001525878906,0,38.400001525878906,38.400001525878906,35.83102035522461
13-05-2016,38.400001525878906,38.400001525878906,0,38.400001525878906,38.400001525878906,35.83102035522461
16-05-2016,38.400001525878906,38.400001525878906,0,38.400001525878906,38.400001525878906,35.83102035522461
17-05-2016,38.400001525878906,38.400001525878906,0,38.400001525878906,38.400001525878906,35.83102035522461
18-05-2016,38.400001525878906,38.400001525878906,0,38.400001525878906,38.400001525878906,35.83102035522461
19-05-2016,38.400001525878906,38.400001525878906,0,38.400001525878906,38.400001525878906,35.83102035522461
20-05-2016,38.400001525878906,38.400001525878906,0,38.400001525878906,38.400001525878906,35.83102035522461
23-05-2016,38.400001525878906,38.400001525878906,0,38.400001525878906,38.400001525878906,35.83102035522461
24-05-2016,38.400001525878906,38.400001525878906,0,38.400001525878906,38.400001525878906,35.83102035522461
25-05-2016,38.400001525878906,38.400001525878906,0,38.400001525878906,38.400001525878906,35.83102035522461
26-05-2016,38.400001525878906,38.400001525878906,0,38.400001525878906,38.400001525878906,35.83102035522461
27-05-2016,38.400001525878906,38.400001525878906,0,38.400001525878906,38.400001525878906,35.83102035522461
31-05-2016,38.400001525878906,38.400001525878906,0,38.400001525878906,38.400001525878906,35.83102035522461
01-06-2016,38.400001525878906,38.400001525878906,0,38.400001525878906,38.400001525878906,35.83102035522461
02-06-2016,38.400001525878906,38.400001525878906,0,38.400001525878906,38.400001525878906,35.83102035522461
03-06-2016,38.400001525878906,38.400001525878906,0,38.400001525878906,38.400001525878906,35.83102035522461
06-06-2016,38.400001525878906,38.400001525878906,0,38.400001525878906,38.400001525878906,35.83102035522461
07-06-2016,38.400001525878906,38.400001525878906,0,38.400001525878906,38.400001525878906,35.83102035522461
08-06-2016,38.400001525878906,38.400001525878906,0,38.400001525878906,38.400001525878906,35.83102035522461
09-06-2016,38.400001525878906,38.400001525878906,0,38.400001525878906,38.400001525878906,35.83102035522461
10-06-2016,38.400001525878906,38.400001525878906,0,38.400001525878906,38.400001525878906,35.83102035522461
13-06-2016,38.400001525878906,38.400001525878906,0,38.400001525878906,38.400001525878906,35.83102035522461
14-06-2016,38.400001525878906,38.400001525878906,0,38.400001525878906,38.400001525878906,35.83102035522461
15-06-2016,38.400001525878906,38.400001525878906,0,38.400001525878906,38.400001525878906,35.83102035522461
16-06-2016,38.400001525878906,38.400001525878906,0,38.400001525878906,38.400001525878906,35.83102035522461
17-06-2016,38.400001525878906,38.400001525878906,0,38.400001525878906,38.400001525878906,35.83102035522461
20-06-2016,38.400001525878906,38.400001525878906,0,38.400001525878906,38.400001525878906,35.83102035522461
21-06-2016,38.400001525878906,38.400001525878906,0,38.400001525878906,38.400001525878906,35.83102035522461
22-06-2016,38.400001525878906,38.400001525878906,0,38.400001525878906,38.400001525878906,35.83102035522461
23-06-2016,38.400001525878906,38.400001525878906,0,38.400001525878906,38.400001525878906,35.83102035522461
24-06-2016,38.400001525878906,38.400001525878906,0,38.400001525878906,38.400001525878906,35.83102035522461
27-06-2016,38.400001525878906,38.400001525878906,0,38.400001525878906,38.400001525878906,35.83102035522461
28-06-2016,38.400001525878906,38.400001525878906,0,38.400001525878906,38.400001525878906,35.83102035522461
29-06-2016,38.400001525878906,38.400001525878906,0,38.400001525878906,38.400001525878906,35.83102035522461
30-06-2016,38.400001525878906,38.400001525878906,0,38.400001525878906,38.400001525878906,35.83102035522461
01-07-2016,38.400001525878906,38.400001525878906,0,38.400001525878906,38.400001525878906,35.83102035522461
05-07-2016,38.400001525878906,38.400001525878906,0,38.400001525878906,38.400001525878906,35.83102035522461
06-07-2016,38.400001525878906,38.400001525878906,0,38.400001525878906,38.400001525878906,35.83102035522461
07-07-2016,38.400001525878906,38.400001525878906,0,38.400001525878906,38.400001525878906,35.83102035522461
08-07-2016,38.400001525878906,38.400001525878906,0,38.400001525878906,38.400001525878906,35.83102035522461
11-07-2016,38.400001525878906,38.400001525878906,0,38.400001525878906,38.400001525878906,35.83102035522461
12-07-2016,38.400001525878906,38.400001525878906,0,38.400001525878906,38.400001525878906,35.83102035522461
13-07-2016,38.400001525878906,38.400001525878906,0,38.400001525878906,38.400001525878906,35.83102035522461
14-07-2016,38.400001525878906,38.400001525878906,0,38.400001525878906,38.400001525878906,35.83102035522461
15-07-2016,38.400001525878906,38.400001525878906,0,38.400001525878906,38.400001525878906,35.83102035522461
18-07-2016,38.400001525878906,38.400001525878906,0,38.400001525878906,38.400001525878906,35.83102035522461
19-07-2016,38.400001525878906,38.400001525878906,0,38.400001525878906,38.400001525878906,35.83102035522461
20-07-2016,38.400001525878906,38.400001525878906,0,38.400001525878906,38.400001525878906,35.83102035522461
21-07-2016,38.400001525878906,38.400001525878906,0,38.400001525878906,38.400001525878906,35.83102035522461
22-07-2016,38.400001525878906,38.400001525878906,0,38.400001525878906,38.400001525878906,35.83102035522461
25-07-2016,38.400001525878906,38.400001525878906,0,38.400001525878906,38.400001525878906,35.83102035522461
26-07-2016,38.400001525878906,38.400001525878906,0,38.400001525878906,38.400001525878906,35.83102035522461
27-07-2016,38.400001525878906,38.400001525878906,0,38.400001525878906,38.400001525878906,35.83102035522461
28-07-2016,38.400001525878906,38.400001525878906,0,38.400001525878906,38.400001525878906,35.83102035522461
29-07-2016,38.400001525878906,38.400001525878906,0,38.400001525878906,38.400001525878906,35.83102035522461
01-08-2016,38.400001525878906,38.400001525878906,0,38.400001525878906,38.400001525878906,35.83102035522461
02-08-2016,38.400001525878906,38.400001525878906,0,38.400001525878906,38.400001525878906,35.83102035522461
03-08-2016,38.400001525878906,38.400001525878906,0,38.400001525878906,38.400001525878906,35.83102035522461
04-08-2016,38.400001525878906,38.400001525878906,0,38.400001525878906,38.400001525878906,35.83102035522461
05-08-2016,38.400001525878906,38.400001525878906,0,38.400001525878906,38.400001525878906,35.83102035522461
08-08-2016,38.400001525878906,38.400001525878906,0,38.400001525878906,38.400001525878906,35.83102035522461
09-08-2016,38.400001525878906,38.400001525878906,0,38.400001525878906,38.400001525878906,35.83102035522461
10-08-2016,38.400001525878906,38.400001525878906,0,38.400001525878906,38.400001525878906,35.83102035522461
11-08-2016,38.400001525878906,38.400001525878906,0,38.400001525878906,38.400001525878906,35.83102035522461
12-08-2016,38.400001525878906,38.400001525878906,0,38.400001525878906,38.400001525878906,35.83102035522461
15-08-2016,38.400001525878906,38.400001525878906,0,38.400001525878906,38.400001525878906,35.83102035522461
16-08-2016,38.400001525878906,38.400001525878906,0,38.400001525878906,38.400001525878906,35.83102035522461
17-08-2016,38.400001525878906,38.400001525878906,0,38.400001525878906,38.400001525878906,35.83102035522461
18-08-2016,38.400001525878906,38.400001525878906,0,38.400001525878906,38.400001525878906,35.83102035522461
19-08-2016,38.400001525878906,38.400001525878906,0,38.400001525878906,38.400001525878906,35.83102035522461
22-08-2016,38.400001525878906,38.400001525878906,0,38.400001525878906,38.400001525878906,35.83102035522461
23-08-2016,38.400001525878906,38.400001525878906,0,38.400001525878906,38.400001525878906,35.83102035522461
24-08-2016,38.400001525878906,38.400001525878906,0,38.400001525878906,38.400001525878906,35.83102035522461
25-08-2016,38.400001525878906,38.400001525878906,0,38.400001525878906,38.400001525878906,35.83102035522461
26-08-2016,38.400001525878906,38.400001525878906,0,38.400001525878906,38.400001525878906,35.83102035522461
29-08-2016,38.400001525878906,38.400001525878906,0,38.400001525878906,38.400001525878906,35.83102035522461
30-08-2016,38.400001525878906,38.400001525878906,0,38.400001525878906,38.400001525878906,35.83102035522461
31-08-2016,38.400001525878906,38.400001525878906,0,38.400001525878906,38.400001525878906,35.83102035522461
01-09-2016,38.400001525878906,38.400001525878906,0,38.400001525878906,38.400001525878906,35.83102035522461
02-09-2016,38.400001525878906,38.400001525878906,0,38.400001525878906,38.400001525878906,35.83102035522461
06-09-2016,38.400001525878906,38.400001525878906,0,38.400001525878906,38.400001525878906,35.83102035522461
07-09-2016,38.400001525878906,38.400001525878906,0,38.400001525878906,38.400001525878906,35.83102035522461
08-09-2016,38.400001525878906,38.400001525878906,0,38.400001525878906,38.400001525878906,35.83102035522461
09-09-2016,38.400001525878906,38.400001525878906,0,38.400001525878906,38.400001525878906,35.83102035522461
12-09-2016,38.400001525878906,38.400001525878906,0,38.400001525878906,38.400001525878906,35.83102035522461
13-09-2016,38.400001525878906,38.400001525878906,0,38.400001525878906,38.400001525878906,35.83102035522461
14-09-2016,38.400001525878906,38.400001525878906,0,38.400001525878906,38.400001525878906,35.83102035522461
15-09-2016,38.400001525878906,38.400001525878906,0,38.400001525878906,38.400001525878906,35.83102035522461
16-09-2016,38.400001525878906,38.400001525878906,0,38.400001525878906,38.400001525878906,35.83102035522461
19-09-2016,38.400001525878906,38.400001525878906,0,38.400001525878906,38.400001525878906,35.83102035522461
20-09-2016,38.400001525878906,38.400001525878906,0,38.400001525878906,38.400001525878906,35.83102035522461
21-09-2016,38.400001525878906,38.400001525878906,0,38.400001525878906,38.400001525878906,35.83102035522461
22-09-2016,38.400001525878906,38.400001525878906,0,38.400001525878906,38.400001525878906,35.83102035522461
23-09-2016,38.400001525878906,38.400001525878906,0,38.400001525878906,38.400001525878906,35.83102035522461
26-09-2016,38.400001525878906,38.400001525878906,0,38.400001525878906,38.400001525878906,35.83102035522461
27-09-2016,38.400001525878906,38.400001525878906,0,38.400001525878906,38.400001525878906,35.83102035522461
28-09-2016,38.400001525878906,38.400001525878906,0,38.400001525878906,38.400001525878906,35.83102035522461
29-09-2016,38.400001525878906,38.400001525878906,0,38.400001525878906,38.400001525878906,35.83102035522461
30-09-2016,38.400001525878906,38.400001525878906,0,38.400001525878906,38.400001525878906,35.83102035522461
03-10-2016,38.400001525878906,38.400001525878906,0,38.400001525878906,38.400001525878906,35.83102035522461
04-10-2016,38.400001525878906,38.400001525878906,0,38.400001525878906,38.400001525878906,35.83102035522461
05-10-2016,38.400001525878906,38.400001525878906,0,38.400001525878906,38.400001525878906,35.83102035522461
06-10-2016,38.400001525878906,38.400001525878906,0,38.400001525878906,38.400001525878906,35.83102035522461
07-10-2016,38.400001525878906,38.400001525878906,0,38.400001525878906,38.400001525878906,35.83102035522461
10-10-2016,38.400001525878906,38.400001525878906,0,38.400001525878906,38.400001525878906,35.83102035522461
11-10-2016,38.400001525878906,38.400001525878906,0,38.400001525878906,38.400001525878906,35.83102035522461
12-10-2016,38.400001525878906,38.400001525878906,0,38.400001525878906,38.400001525878906,35.83102035522461
13-10-2016,38.400001525878906,38.400001525878906,0,38.400001525878906,38.400001525878906,35.83102035522461
14-10-2016,38.400001525878906,38.400001525878906,0,38.400001525878906,38.400001525878906,35.83102035522461
17-10-2016,38.400001525878906,38.400001525878906,0,38.400001525878906,38.400001525878906,35.83102035522461
18-10-2016,38.400001525878906,38.400001525878906,0,38.400001525878906,38.400001525878906,35.83102035522461
19-10-2016,38.400001525878906,38.400001525878906,0,38.400001525878906,38.400001525878906,35.83102035522461
20-10-2016,38.400001525878906,38.400001525878906,0,38.400001525878906,38.400001525878906,35.83102035522461
21-10-2016,38.400001525878906,38.400001525878906,0,38.400001525878906,38.400001525878906,35.83102035522461
24-10-2016,38.400001525878906,38.400001525878906,0,38.400001525878906,38.400001525878906,35.83102035522461
25-10-2016,38.400001525878906,38.400001525878906,0,38.400001525878906,38.400001525878906,35.83102035522461
26-10-2016,38.400001525878906,38.400001525878906,0,38.400001525878906,38.400001525878906,35.83102035522461
27-10-2016,38.400001525878906,38.400001525878906,0,38.400001525878906,38.400001525878906,35.83102035522461
28-10-2016,38.400001525878906,38.400001525878906,0,38.400001525878906,38.400001525878906,35.83102035522461
31-10-2016,38.400001525878906,38.400001525878906,0,38.400001525878906,38.400001525878906,35.83102035522461
01-11-2016,38.400001525878906,38.400001525878906,0,38.400001525878906,38.400001525878906,35.83102035522461
02-11-2016,38.400001525878906,38.400001525878906,0,38.400001525878906,38.400001525878906,35.83102035522461
03-11-2016,38.400001525878906,38.400001525878906,0,38.400001525878906,38.400001525878906,35.83102035522461
04-11-2016,38.400001525878906,38.400001525878906,0,38.400001525878906,38.400001525878906,35.83102035522461
07-11-2016,38.400001525878906,38.400001525878906,0,38.400001525878906,38.400001525878906,35.83102035522461
08-11-2016,38.400001525878906,38.400001525878906,0,38.400001525878906,38.400001525878906,35.83102035522461
09-11-2016,38.400001525878906,38.400001525878906,0,38.400001525878906,38.400001525878906,35.83102035522461
10-11-2016,38.400001525878906,38.400001525878906,0,38.400001525878906,38.400001525878906,35.83102035522461
11-11-2016,38.400001525878906,38.400001525878906,0,38.400001525878906,38.400001525878906,35.83102035522461
14-11-2016,38.400001525878906,38.400001525878906,0,38.400001525878906,38.400001525878906,35.83102035522461
15-11-2016,38.400001525878906,38.400001525878906,0,38.400001525878906,38.400001525878906,35.83102035522461
16-11-2016,38.400001525878906,38.400001525878906,0,38.400001525878906,38.400001525878906,35.83102035522461
17-11-2016,38.400001525878906,38.400001525878906,0,38.400001525878906,38.400001525878906,35.83102035522461
18-11-2016,38.400001525878906,38.400001525878906,0,38.400001525878906,38.400001525878906,35.83102035522461
21-11-2016,38.400001525878906,38.400001525878906,0,38.400001525878906,38.400001525878906,35.83102035522461
22-11-2016,38.400001525878906,38.400001525878906,0,38.400001525878906,38.400001525878906,35.83102035522461
23-11-2016,38.400001525878906,38.400001525878906,0,38.400001525878906,38.400001525878906,35.83102035522461
25-11-2016,38.400001525878906,38.400001525878906,0,38.400001525878906,38.400001525878906,35.83102035522461
28-11-2016,38.400001525878906,38.400001525878906,0,38.400001525878906,38.400001525878906,35.83102035522461
29-11-2016,38.400001525878906,38.400001525878906,0,38.400001525878906,38.400001525878906,35.83102035522461
30-11-2016,38.400001525878906,38.400001525878906,0,38.400001525878906,38.400001525878906,35.83102035522461
01-12-2016,38.400001525878906,38.400001525878906,0,38.400001525878906,38.400001525878906,35.83102035522461
02-12-2016,38.400001525878906,38.400001525878906,0,38.400001525878906,38.400001525878906,35.83102035522461
05-12-2016,38.400001525878906,38.400001525878906,0,38.400001525878906,38.400001525878906,35.83102035522461
06-12-2016,38.400001525878906,38.400001525878906,0,38.400001525878906,38.400001525878906,35.83102035522461
07-12-2016,38.400001525878906,38.400001525878906,0,38.400001525878906,38.400001525878906,35.83102035522461
08-12-2016,38.400001525878906,38.400001525878906,0,38.400001525878906,38.400001525878906,35.83102035522461
09-12-2016,38.400001525878906,38.400001525878906,0,38.400001525878906,38.400001525878906,35.83102035522461
12-12-2016,38.400001525878906,38.400001525878906,0,38.400001525878906,38.400001525878906,35.83102035522461
13-12-2016,38.400001525878906,38.400001525878906,0,38.400001525878906,38.400001525878906,35.83102035522461
14-12-2016,38.400001525878906,38.400001525878906,0,38.400001525878906,38.400001525878906,35.83102035522461
15-12-2016,38.400001525878906,38.400001525878906,0,38.400001525878906,38.400001525878906,35.83102035522461
16-12-2016,38.400001525878906,38.400001525878906,0,38.400001525878906,38.400001525878906,35.83102035522461
19-12-2016,38.400001525878906,38.400001525878906,0,38.400001525878906,38.400001525878906,35.83102035522461
20-12-2016,38.400001525878906,38.400001525878906,0,38.400001525878906,38.400001525878906,35.83102035522461
21-12-2016,38.400001525878906,38.400001525878906,0,38.400001525878906,38.400001525878906,35.83102035522461
22-12-2016,38.400001525878906,38.400001525878906,0,38.400001525878906,38.400001525878906,35.83102035522461
23-12-2016,38.400001525878906,38.400001525878906,0,38.400001525878906,38.400001525878906,35.83102035522461
27-12-2016,38.400001525878906,38.400001525878906,0,38.400001525878906,38.400001525878906,35.83102035522461
28-12-2016,38.400001525878906,38.400001525878906,0,38.400001525878906,38.400001525878906,35.83102035522461
29-12-2016,38.400001525878906,38.400001525878906,0,38.400001525878906,38.400001525878906,35.83102035522461
30-12-2016,38.400001525878906,38.400001525878906,0,38.400001525878906,38.400001525878906,35.83102035522461
03-01-2017,38.400001525878906,38.400001525878906,0,38.400001525878906,38.400001525878906,35.83102035522461
04-01-2017,38.400001525878906,38.400001525878906,0,38.400001525878906,38.400001525878906,35.83102035522461
05-01-2017,38.400001525878906,38.400001525878906,0,38.400001525878906,38.400001525878906,35.83102035522461
06-01-2017,38.400001525878906,38.400001525878906,0,38.400001525878906,38.400001525878906,35.83102035522461
09-01-2017,38.400001525878906,38.400001525878906,0,38.400001525878906,38.400001525878906,35.83102035522461
10-01-2017,38.400001525878906,38.400001525878906,0,38.400001525878906,38.400001525878906,35.83102035522461
11-01-2017,38.400001525878906,38.400001525878906,0,38.400001525878906,38.400001525878906,35.83102035522461
12-01-2017,38.400001525878906,38.400001525878906,0,38.400001525878906,38.400001525878906,35.83102035522461
13-01-2017,38.400001525878906,38.400001525878906,0,38.400001525878906,38.400001525878906,35.83102035522461
17-01-2017,50.61000061035156,50.61000061035156,400,50.61000061035156,50.61000061035156,47.22416305541992
18-01-2017,50.61000061035156,50.61000061035156,0,50.61000061035156,50.61000061035156,47.22416305541992
19-01-2017,50.61000061035156,50.61000061035156,0,50.61000061035156,50.61000061035156,47.22416305541992
20-01-2017,50.61000061035156,50.61000061035156,0,50.61000061035156,50.61000061035156,47.22416305541992
23-01-2017,50.61000061035156,50.61000061035156,0,50.61000061035156,50.61000061035156,47.22416305541992
24-01-2017,50.61000061035156,50.61000061035156,0,50.61000061035156,50.61000061035156,47.22416305541992
25-01-2017,50.61000061035156,50.61000061035156,0,50.61000061035156,50.61000061035156,47.22416305541992
26-01-2017,50.61000061035156,50.61000061035156,0,50.61000061035156,50.61000061035156,47.22416305541992
27-01-2017,50.61000061035156,50.61000061035156,0,50.61000061035156,50.61000061035156,47.22416305541992
30-01-2017,50.61000061035156,50.61000061035156,0,50.61000061035156,50.61000061035156,47.22416305541992
31-01-2017,50.61000061035156,50.61000061035156,0,50.61000061035156,50.61000061035156,47.22416305541992
01-02-2017,50.61000061035156,50.61000061035156,0,50.61000061035156,50.61000061035156,47.22416305541992
02-02-2017,50.61000061035156,50.61000061035156,0,50.61000061035156,50.61000061035156,47.22416305541992
03-02-2017,50.61000061035156,50.61000061035156,0,50.61000061035156,50.61000061035156,47.22416305541992
06-02-2017,50.61000061035156,50.61000061035156,0,50.61000061035156,50.61000061035156,47.22416305541992
07-02-2017,50.61000061035156,50.61000061035156,0,50.61000061035156,50.61000061035156,47.22416305541992
08-02-2017,50.61000061035156,50.61000061035156,0,50.61000061035156,50.61000061035156,47.22416305541992
09-02-2017,50.61000061035156,50.61000061035156,0,50.61000061035156,50.61000061035156,47.22416305541992
10-02-2017,50.61000061035156,50.61000061035156,0,50.61000061035156,50.61000061035156,47.22416305541992
13-02-2017,50.61000061035156,50.61000061035156,0,50.61000061035156,50.61000061035156,47.22416305541992
14-02-2017,50.61000061035156,50.61000061035156,0,50.61000061035156,50.61000061035156,47.22416305541992
15-02-2017,50.61000061035156,50.61000061035156,0,50.61000061035156,50.61000061035156,47.22416305541992
16-02-2017,50.61000061035156,50.61000061035156,0,50.61000061035156,50.61000061035156,47.22416305541992
17-02-2017,50.61000061035156,50.61000061035156,0,50.61000061035156,50.61000061035156,47.22416305541992
21-02-2017,50.61000061035156,50.61000061035156,0,50.61000061035156,50.61000061035156,47.22416305541992
22-02-2017,50.61000061035156,50.61000061035156,0,50.61000061035156,50.61000061035156,47.22416305541992
23-02-2017,50.61000061035156,50.61000061035156,0,50.61000061035156,50.61000061035156,47.22416305541992
24-02-2017,50.61000061035156,50.61000061035156,0,50.61000061035156,50.61000061035156,47.22416305541992
27-02-2017,50.61000061035156,50.61000061035156,0,50.61000061035156,50.61000061035156,47.22416305541992
28-02-2017,50.61000061035156,50.61000061035156,0,50.61000061035156,50.61000061035156,47.22416305541992
01-03-2017,50.61000061035156,50.61000061035156,0,50.61000061035156,50.61000061035156,47.22416305541992
02-03-2017,50.61000061035156,50.61000061035156,0,50.61000061035156,50.61000061035156,47.22416305541992
03-03-2017,50.61000061035156,50.61000061035156,0,50.61000061035156,50.61000061035156,47.22416305541992
06-03-2017,50.61000061035156,50.61000061035156,0,50.61000061035156,50.61000061035156,47.22416305541992
07-03-2017,50.61000061035156,50.61000061035156,0,50.61000061035156,50.61000061035156,47.22416305541992
08-03-2017,50.61000061035156,50.61000061035156,0,50.61000061035156,50.61000061035156,47.22416305541992
09-03-2017,50.61000061035156,50.61000061035156,0,50.61000061035156,50.61000061035156,47.22416305541992
10-03-2017,50.61000061035156,50.61000061035156,0,50.61000061035156,50.61000061035156,47.22416305541992
13-03-2017,50.61000061035156,50.61000061035156,0,50.61000061035156,50.61000061035156,47.22416305541992
14-03-2017,50.61000061035156,50.61000061035156,0,50.61000061035156,50.61000061035156,47.22416305541992
15-03-2017,50.61000061035156,50.61000061035156,0,50.61000061035156,50.61000061035156,47.22416305541992
16-03-2017,50.61000061035156,50.61000061035156,0,50.61000061035156,50.61000061035156,47.22416305541992
17-03-2017,50.61000061035156,50.61000061035156,0,50.61000061035156,50.61000061035156,47.22416305541992
20-03-2017,50.61000061035156,50.61000061035156,0,50.61000061035156,50.61000061035156,47.22416305541992
21-03-2017,50.61000061035156,50.61000061035156,0,50.61000061035156,50.61000061035156,47.22416305541992
22-03-2017,50.61000061035156,50.61000061035156,0,50.61000061035156,50.61000061035156,47.22416305541992
23-03-2017,50.61000061035156,50.61000061035156,0,50.61000061035156,50.61000061035156,47.22416305541992
24-03-2017,50.61000061035156,50.61000061035156,0,50.61000061035156,50.61000061035156,47.22416305541992
27-03-2017,50.61000061035156,50.61000061035156,0,50.61000061035156,50.61000061035156,47.22416305541992
28-03-2017,50.61000061035156,50.61000061035156,0,50.61000061035156,50.61000061035156,47.22416305541992
29-03-2017,50.61000061035156,50.61000061035156,0,50.61000061035156,50.61000061035156,47.22416305541992
30-03-2017,50.61000061035156,50.61000061035156,0,50.61000061035156,50.61000061035156,47.22416305541992
31-03-2017,50.61000061035156,50.61000061035156,0,50.61000061035156,50.61000061035156,47.22416305541992
03-04-2017,50.61000061035156,50.61000061035156,0,50.61000061035156,50.61000061035156,47.22416305541992
04-04-2017,50.61000061035156,50.61000061035156,0,50.61000061035156,50.61000061035156,47.69536972045898
05-04-2017,50.61000061035156,50.61000061035156,0,50.61000061035156,50.61000061035156,47.69536972045898
06-04-2017,50.61000061035156,50.61000061035156,0,50.61000061035156,50.61000061035156,47.69536972045898
07-04-2017,50.61000061035156,50.61000061035156,0,50.61000061035156,50.61000061035156,47.69536972045898
10-04-2017,50.61000061035156,50.61000061035156,0,50.61000061035156,50.61000061035156,47.69536972045898
11-04-2017,50.61000061035156,50.61000061035156,0,50.61000061035156,50.61000061035156,47.69536972045898
12-04-2017,50.61000061035156,50.61000061035156,0,50.61000061035156,50.61000061035156,47.69536972045898
13-04-2017,50.61000061035156,50.61000061035156,0,50.61000061035156,50.61000061035156,47.69536972045898
17-04-2017,50.61000061035156,50.61000061035156,0,50.61000061035156,50.61000061035156,47.69536972045898
18-04-2017,50.61000061035156,50.61000061035156,0,50.61000061035156,50.61000061035156,47.69536972045898
19-04-2017,50.61000061035156,50.61000061035156,0,50.61000061035156,50.61000061035156,47.69536972045898
20-04-2017,50.61000061035156,50.61000061035156,0,50.61000061035156,50.61000061035156,47.69536972045898
21-04-2017,50.61000061035156,50.61000061035156,0,50.61000061035156,50.61000061035156,47.69536972045898
24-04-2017,50.61000061035156,50.61000061035156,0,50.61000061035156,50.61000061035156,47.69536972045898
25-04-2017,50.61000061035156,50.61000061035156,0,50.61000061035156,50.61000061035156,47.69536972045898
26-04-2017,50.61000061035156,50.61000061035156,0,50.61000061035156,50.61000061035156,47.69536972045898
27-04-2017,50.61000061035156,50.61000061035156,0,50.61000061035156,50.61000061035156,47.69536972045898
28-04-2017,50.61000061035156,50.61000061035156,0,50.61000061035156,50.61000061035156,47.69536972045898
01-05-2017,50.61000061035156,50.61000061035156,0,50.61000061035156,50.61000061035156,47.69536972045898
02-05-2017,50.61000061035156,50.61000061035156,0,50.61000061035156,50.61000061035156,47.69536972045898
03-05-2017,50.61000061035156,50.61000061035156,0,50.61000061035156,50.61000061035156,47.69536972045898
04-05-2017,50.61000061035156,50.61000061035156,0,50.61000061035156,50.61000061035156,47.69536972045898
05-05-2017,50.61000061035156,50.61000061035156,0,50.61000061035156,50.61000061035156,47.69536972045898
08-05-2017,50.61000061035156,50.61000061035156,0,50.61000061035156,50.61000061035156,47.69536972045898
09-05-2017,50.61000061035156,50.61000061035156,0,50.61000061035156,50.61000061035156,47.69536972045898
10-05-2017,50.61000061035156,50.61000061035156,0,50.61000061035156,50.61000061035156,47.69536972045898
11-05-2017,50.61000061035156,50.61000061035156,0,50.61000061035156,50.61000061035156,47.69536972045898
12-05-2017,50.61000061035156,50.61000061035156,0,50.61000061035156,50.61000061035156,47.69536972045898
15-05-2017,50.61000061035156,50.61000061035156,0,50.61000061035156,50.61000061035156,47.69536972045898
16-05-2017,50.61000061035156,50.61000061035156,0,50.61000061035156,50.61000061035156,47.69536972045898
17-05-2017,50.61000061035156,50.61000061035156,0,50.61000061035156,50.61000061035156,47.69536972045898
18-05-2017,50.61000061035156,50.61000061035156,0,50.61000061035156,50.61000061035156,47.69536972045898
19-05-2017,50.61000061035156,50.61000061035156,0,50.61000061035156,50.61000061035156,47.69536972045898
22-05-2017,50.61000061035156,50.61000061035156,0,50.61000061035156,50.61000061035156,47.69536972045898
23-05-2017,50.61000061035156,50.61000061035156,0,50.61000061035156,50.61000061035156,47.69536972045898
24-05-2017,50.61000061035156,50.61000061035156,0,50.61000061035156,50.61000061035156,47.69536972045898
25-05-2017,50.61000061035156,50.61000061035156,0,50.61000061035156,50.61000061035156,47.69536972045898
26-05-2017,50.61000061035156,50.61000061035156,0,50.61000061035156,50.61000061035156,47.69536972045898
30-05-2017,50.61000061035156,50.61000061035156,0,50.61000061035156,50.61000061035156,47.69536972045898
31-05-2017,50.61000061035156,50.61000061035156,0,50.61000061035156,50.61000061035156,47.69536972045898
01-06-2017,50.61000061035156,50.61000061035156,0,50.61000061035156,50.61000061035156,47.69536972045898
02-06-2017,50.61000061035156,50.61000061035156,0,50.61000061035156,50.61000061035156,47.69536972045898
05-06-2017,50.61000061035156,50.61000061035156,0,50.61000061035156,50.61000061035156,47.69536972045898
06-06-2017,50.61000061035156,50.61000061035156,0,50.61000061035156,50.61000061035156,47.69536972045898
07-06-2017,50.61000061035156,50.61000061035156,0,50.61000061035156,50.61000061035156,47.69536972045898
08-06-2017,50.61000061035156,50.61000061035156,0,50.61000061035156,50.61000061035156,47.69536972045898
09-06-2017,50.61000061035156,50.61000061035156,0,50.61000061035156,50.61000061035156,47.69536972045898
12-06-2017,50.61000061035156,50.61000061035156,0,50.61000061035156,50.61000061035156,47.69536972045898
13-06-2017,50.61000061035156,50.61000061035156,0,50.61000061035156,50.61000061035156,47.69536972045898
14-06-2017,50.61000061035156,50.61000061035156,0,50.61000061035156,50.61000061035156,47.69536972045898
15-06-2017,50.61000061035156,50.61000061035156,0,50.61000061035156,50.61000061035156,47.69536972045898
16-06-2017,50.61000061035156,50.61000061035156,0,50.61000061035156,50.61000061035156,47.69536972045898
19-06-2017,50.61000061035156,50.61000061035156,0,50.61000061035156,50.61000061035156,47.69536972045898
20-06-2017,50.61000061035156,50.61000061035156,0,50.61000061035156,50.61000061035156,47.69536972045898
21-06-2017,50.61000061035156,50.61000061035156,0,50.61000061035156,50.61000061035156,47.69536972045898
22-06-2017,50.61000061035156,50.61000061035156,0,50.61000061035156,50.61000061035156,47.69536972045898
23-06-2017,50.61000061035156,50.61000061035156,0,50.61000061035156,50.61000061035156,47.69536972045898
26-06-2017,50.61000061035156,50.61000061035156,0,50.61000061035156,50.61000061035156,47.69536972045898
27-06-2017,50.61000061035156,50.61000061035156,0,50.61000061035156,50.61000061035156,47.69536972045898
28-06-2017,50.61000061035156,50.61000061035156,0,50.61000061035156,50.61000061035156,47.69536972045898
29-06-2017,50.61000061035156,50.61000061035156,0,50.61000061035156,50.61000061035156,47.69536972045898
30-06-2017,50.61000061035156,50.61000061035156,0,50.61000061035156,50.61000061035156,47.69536972045898
03-07-2017,50.61000061035156,50.61000061035156,0,50.61000061035156,50.61000061035156,47.69536972045898
05-07-2017,50.61000061035156,50.61000061035156,0,50.61000061035156,50.61000061035156,47.69536972045898
06-07-2017,50.61000061035156,50.61000061035156,0,50.61000061035156,50.61000061035156,47.69536972045898
07-07-2017,50.61000061035156,50.61000061035156,0,50.61000061035156,50.61000061035156,47.69536972045898
10-07-2017,50.61000061035156,50.61000061035156,0,50.61000061035156,50.61000061035156,47.69536972045898
11-07-2017,50.61000061035156,50.61000061035156,0,50.61000061035156,50.61000061035156,47.69536972045898
12-07-2017,50.61000061035156,50.61000061035156,0,50.61000061035156,50.61000061035156,47.69536972045898
13-07-2017,50.61000061035156,50.61000061035156,0,50.61000061035156,50.61000061035156,47.69536972045898
14-07-2017,50.61000061035156,50.61000061035156,0,50.61000061035156,50.61000061035156,47.69536972045898
17-07-2017,50.61000061035156,50.61000061035156,0,50.61000061035156,50.61000061035156,47.69536972045898
18-07-2017,50.61000061035156,50.61000061035156,0,50.61000061035156,50.61000061035156,47.69536972045898
19-07-2017,50.61000061035156,50.61000061035156,0,50.61000061035156,50.61000061035156,47.69536972045898
20-07-2017,50.61000061035156,50.61000061035156,0,50.61000061035156,50.61000061035156,47.69536972045898
21-07-2017,50.61000061035156,50.61000061035156,0,50.61000061035156,50.61000061035156,47.69536972045898
24-07-2017,50.61000061035156,50.61000061035156,0,50.61000061035156,50.61000061035156,47.69536972045898
25-07-2017,50.61000061035156,50.61000061035156,0,50.61000061035156,50.61000061035156,47.69536972045898
26-07-2017,50.61000061035156,50.61000061035156,0,50.61000061035156,50.61000061035156,47.69536972045898
27-07-2017,50.61000061035156,50.61000061035156,0,50.61000061035156,50.61000061035156,47.69536972045898
28-07-2017,50.61000061035156,50.61000061035156,0,50.61000061035156,50.61000061035156,47.69536972045898
31-07-2017,50.61000061035156,50.61000061035156,0,50.61000061035156,50.61000061035156,47.69536972045898
01-08-2017,50.61000061035156,50.61000061035156,0,50.61000061035156,50.61000061035156,47.69536972045898
02-08-2017,50.61000061035156,50.61000061035156,0,50.61000061035156,50.61000061035156,47.69536972045898
03-08-2017,50.61000061035156,50.61000061035156,0,50.61000061035156,50.61000061035156,47.69536972045898
04-08-2017,50.61000061035156,50.61000061035156,0,50.61000061035156,50.61000061035156,47.69536972045898
07-08-2017,50.61000061035156,50.61000061035156,0,50.61000061035156,50.61000061035156,47.69536972045898
08-08-2017,50.61000061035156,50.61000061035156,0,50.61000061035156,50.61000061035156,47.69536972045898
09-08-2017,50.61000061035156,50.61000061035156,0,50.61000061035156,50.61000061035156,47.69536972045898
10-08-2017,50.61000061035156,50.61000061035156,0,50.61000061035156,50.61000061035156,47.69536972045898
11-08-2017,50.61000061035156,50.61000061035156,0,50.61000061035156,50.61000061035156,47.69536972045898
14-08-2017,50.61000061035156,50.61000061035156,0,50.61000061035156,50.61000061035156,47.69536972045898
15-08-2017,50.61000061035156,50.61000061035156,0,50.61000061035156,50.61000061035156,47.69536972045898
16-08-2017,50.61000061035156,50.61000061035156,0,50.61000061035156,50.61000061035156,47.69536972045898
17-08-2017,50.61000061035156,50.61000061035156,0,50.61000061035156,50.61000061035156,47.69536972045898
18-08-2017,50.61000061035156,50.61000061035156,0,50.61000061035156,50.61000061035156,47.69536972045898
21-08-2017,50.61000061035156,50.61000061035156,0,50.61000061035156,50.61000061035156,47.69536972045898
22-08-2017,50.61000061035156,50.61000061035156,0,50.61000061035156,50.61000061035156,47.69536972045898
23-08-2017,50.61000061035156,50.61000061035156,0,50.61000061035156,50.61000061035156,47.69536972045898
24-08-2017,50.61000061035156,50.61000061035156,0,50.61000061035156,50.61000061035156,47.69536972045898
25-08-2017,50.61000061035156,50.61000061035156,0,50.61000061035156,50.61000061035156,47.69536972045898
28-08-2017,50.61000061035156,50.61000061035156,0,50.61000061035156,50.61000061035156,47.69536972045898
29-08-2017,50.61000061035156,50.61000061035156,0,50.61000061035156,50.61000061035156,47.69536972045898
30-08-2017,50.61000061035156,50.61000061035156,0,50.61000061035156,50.61000061035156,47.69536972045898
31-08-2017,50.61000061035156,50.61000061035156,0,50.61000061035156,50.61000061035156,47.69536972045898
01-09-2017,50.61000061035156,50.61000061035156,0,50.61000061035156,50.61000061035156,47.69536972045898
05-09-2017,50.61000061035156,50.61000061035156,0,50.61000061035156,50.61000061035156,47.69536972045898
06-09-2017,50.61000061035156,50.61000061035156,0,50.61000061035156,50.61000061035156,47.69536972045898
07-09-2017,50.61000061035156,50.61000061035156,0,50.61000061035156,50.61000061035156,47.69536972045898
08-09-2017,50.61000061035156,50.61000061035156,0,50.61000061035156,50.61000061035156,47.69536972045898
11-09-2017,50.61000061035156,50.61000061035156,0,50.61000061035156,50.61000061035156,47.69536972045898
12-09-2017,50.61000061035156,50.61000061035156,0,50.61000061035156,50.61000061035156,47.69536972045898
13-09-2017,50.61000061035156,50.61000061035156,0,50.61000061035156,50.61000061035156,47.69536972045898
14-09-2017,50.61000061035156,50.61000061035156,0,50.61000061035156,50.61000061035156,47.69536972045898
15-09-2017,50.61000061035156,50.61000061035156,0,50.61000061035156,50.61000061035156,47.69536972045898
18-09-2017,50.61000061035156,50.61000061035156,0,50.61000061035156,50.61000061035156,47.69536972045898
19-09-2017,50.61000061035156,50.61000061035156,0,50.61000061035156,50.61000061035156,47.69536972045898
20-09-2017,50.61000061035156,50.61000061035156,0,50.61000061035156,50.61000061035156,47.69536972045898
21-09-2017,50.61000061035156,50.61000061035156,0,50.61000061035156,50.61000061035156,47.69536972045898
22-09-2017,50.61000061035156,50.61000061035156,0,50.61000061035156,50.61000061035156,47.69536972045898
25-09-2017,50.61000061035156,50.61000061035156,0,50.61000061035156,50.61000061035156,47.69536972045898
26-09-2017,50.61000061035156,50.61000061035156,0,50.61000061035156,50.61000061035156,47.69536972045898
27-09-2017,50.61000061035156,50.61000061035156,0,50.61000061035156,50.61000061035156,47.69536972045898
28-09-2017,50.61000061035156,50.61000061035156,0,50.61000061035156,50.61000061035156,47.69536972045898
29-09-2017,50.61000061035156,50.61000061035156,0,50.61000061035156,50.61000061035156,47.69536972045898
02-10-2017,50.61000061035156,50.61000061035156,0,50.61000061035156,50.61000061035156,47.69536972045898
03-10-2017,50.61000061035156,50.61000061035156,0,50.61000061035156,50.61000061035156,47.69536972045898
04-10-2017,50.61000061035156,50.61000061035156,0,50.61000061035156,50.61000061035156,47.69536972045898
05-10-2017,50.61000061035156,50.61000061035156,0,50.61000061035156,50.61000061035156,47.69536972045898
06-10-2017,50.61000061035156,50.61000061035156,0,50.61000061035156,50.61000061035156,47.69536972045898
09-10-2017,50.61000061035156,50.61000061035156,0,50.61000061035156,50.61000061035156,47.69536972045898
10-10-2017,50.61000061035156,50.61000061035156,0,50.61000061035156,50.61000061035156,47.69536972045898
11-10-2017,50.61000061035156,50.61000061035156,0,50.61000061035156,50.61000061035156,47.69536972045898
12-10-2017,50.61000061035156,50.61000061035156,0,50.61000061035156,50.61000061035156,47.69536972045898
13-10-2017,50.61000061035156,50.61000061035156,0,50.61000061035156,50.61000061035156,47.69536972045898
16-10-2017,50.61000061035156,50.61000061035156,0,50.61000061035156,50.61000061035156,47.69536972045898
17-10-2017,50.61000061035156,50.61000061035156,0,50.61000061035156,50.61000061035156,47.69536972045898
18-10-2017,50.61000061035156,50.61000061035156,0,50.61000061035156,50.61000061035156,47.69536972045898
19-10-2017,50.61000061035156,50.61000061035156,0,50.61000061035156,50.61000061035156,47.69536972045898
20-10-2017,50.61000061035156,50.61000061035156,0,50.61000061035156,50.61000061035156,47.69536972045898
23-10-2017,50.61000061035156,50.61000061035156,0,50.61000061035156,50.61000061035156,47.69536972045898
24-10-2017,50.61000061035156,50.61000061035156,0,50.61000061035156,50.61000061035156,47.69536972045898
25-10-2017,50.61000061035156,50.61000061035156,0,50.61000061035156,50.61000061035156,47.69536972045898
26-10-2017,50.61000061035156,50.61000061035156,0,50.61000061035156,50.61000061035156,47.69536972045898
27-10-2017,50.61000061035156,50.61000061035156,0,50.61000061035156,50.61000061035156,47.69536972045898
30-10-2017,50.61000061035156,50.61000061035156,0,50.61000061035156,50.61000061035156,47.69536972045898
31-10-2017,50.61000061035156,50.61000061035156,0,50.61000061035156,50.61000061035156,47.69536972045898
01-11-2017,50.61000061035156,50.61000061035156,0,50.61000061035156,50.61000061035156,47.69536972045898
02-11-2017,50.61000061035156,50.61000061035156,0,50.61000061035156,50.61000061035156,47.69536972045898
03-11-2017,50.61000061035156,50.61000061035156,0,50.61000061035156,50.61000061035156,47.69536972045898
06-11-2017,50.61000061035156,50.61000061035156,0,50.61000061035156,50.61000061035156,47.69536972045898
07-11-2017,50.61000061035156,50.61000061035156,0,50.61000061035156,50.61000061035156,47.69536972045898
08-11-2017,50.61000061035156,50.61000061035156,0,50.61000061035156,50.61000061035156,47.69536972045898
09-11-2017,50.61000061035156,50.61000061035156,0,50.61000061035156,50.61000061035156,47.69536972045898
10-11-2017,50.61000061035156,50.61000061035156,0,50.61000061035156,50.61000061035156,47.69536972045898
13-11-2017,50.61000061035156,50.61000061035156,0,50.61000061035156,50.61000061035156,47.69536972045898
14-11-2017,50.61000061035156,50.61000061035156,0,50.61000061035156,50.61000061035156,47.69536972045898
15-11-2017,50.61000061035156,50.61000061035156,0,50.61000061035156,50.61000061035156,47.69536972045898
16-11-2017,50.61000061035156,50.61000061035156,0,50.61000061035156,50.61000061035156,47.69536972045898
17-11-2017,50.61000061035156,50.61000061035156,0,50.61000061035156,50.61000061035156,47.69536972045898
20-11-2017,50.61000061035156,50.61000061035156,0,50.61000061035156,50.61000061035156,47.69536972045898
21-11-2017,50.61000061035156,50.61000061035156,0,50.61000061035156,50.61000061035156,47.69536972045898
22-11-2017,50.61000061035156,50.61000061035156,0,50.61000061035156,50.61000061035156,47.69536972045898
24-11-2017,50.61000061035156,50.61000061035156,0,50.61000061035156,50.61000061035156,47.69536972045898
27-11-2017,50.61000061035156,50.61000061035156,0,50.61000061035156,50.61000061035156,47.69536972045898
28-11-2017,50.61000061035156,50.61000061035156,0,50.61000061035156,50.61000061035156,47.69536972045898
29-11-2017,50.61000061035156,50.61000061035156,0,50.61000061035156,50.61000061035156,47.69536972045898
30-11-2017,50.61000061035156,50.61000061035156,0,50.61000061035156,50.61000061035156,47.69536972045898
01-12-2017,50.61000061035156,50.61000061035156,0,50.61000061035156,50.61000061035156,47.69536972045898
04-12-2017,50.61000061035156,50.61000061035156,0,50.61000061035156,50.61000061035156,47.69536972045898
05-12-2017,50.61000061035156,50.61000061035156,0,50.61000061035156,50.61000061035156,47.69536972045898
06-12-2017,50.61000061035156,50.61000061035156,0,50.61000061035156,50.61000061035156,47.69536972045898
07-12-2017,50.61000061035156,50.61000061035156,0,50.61000061035156,50.61000061035156,47.69536972045898
08-12-2017,50.61000061035156,50.61000061035156,0,50.61000061035156,50.61000061035156,47.69536972045898
11-12-2017,50.61000061035156,50.61000061035156,0,50.61000061035156,50.61000061035156,47.69536972045898
12-12-2017,50.61000061035156,50.61000061035156,0,50.61000061035156,50.61000061035156,47.69536972045898
13-12-2017,50.61000061035156,50.61000061035156,0,50.61000061035156,50.61000061035156,47.69536972045898
14-12-2017,50.61000061035156,50.61000061035156,0,50.61000061035156,50.61000061035156,47.69536972045898
15-12-2017,50.61000061035156,50.61000061035156,0,50.61000061035156,50.61000061035156,47.69536972045898
18-12-2017,50.61000061035156,50.61000061035156,0,50.61000061035156,50.61000061035156,47.69536972045898
19-12-2017,50.61000061035156,50.61000061035156,0,50.61000061035156,50.61000061035156,47.69536972045898
20-12-2017,50.61000061035156,50.61000061035156,0,50.61000061035156,50.61000061035156,47.69536972045898
21-12-2017,50.61000061035156,50.61000061035156,0,50.61000061035156,50.61000061035156,47.69536972045898
22-12-2017,50.61000061035156,50.61000061035156,0,50.61000061035156,50.61000061035156,47.69536972045898
26-12-2017,50.61000061035156,50.61000061035156,0,50.61000061035156,50.61000061035156,47.69536972045898
27-12-2017,50.61000061035156,50.61000061035156,0,50.61000061035156,50.61000061035156,47.69536972045898
28-12-2017,50.61000061035156,50.61000061035156,0,50.61000061035156,50.61000061035156,47.69536972045898
29-12-2017,50.61000061035156,50.61000061035156,0,50.61000061035156,50.61000061035156,47.69536972045898
02-01-2018,50.61000061035156,50.61000061035156,0,50.61000061035156,50.61000061035156,47.69536972045898
03-01-2018,50.61000061035156,50.61000061035156,0,50.61000061035156,50.61000061035156,47.69536972045898
04-01-2018,50.61000061035156,50.61000061035156,0,50.61000061035156,50.61000061035156,47.69536972045898
05-01-2018,50.61000061035156,50.61000061035156,0,50.61000061035156,50.61000061035156,47.69536972045898
08-01-2018,50.61000061035156,50.61000061035156,0,50.61000061035156,50.61000061035156,47.69536972045898
09-01-2018,50.61000061035156,50.61000061035156,0,50.61000061035156,50.61000061035156,47.69536972045898
10-01-2018,50.61000061035156,50.61000061035156,0,50.61000061035156,50.61000061035156,47.69536972045898
11-01-2018,50.61000061035156,50.61000061035156,0,50.61000061035156,50.61000061035156,47.69536972045898
12-01-2018,50.61000061035156,50.61000061035156,0,50.61000061035156,50.61000061035156,47.69536972045898
16-01-2018,50.61000061035156,50.61000061035156,0,50.61000061035156,50.61000061035156,47.69536972045898
17-01-2018,50.61000061035156,50.61000061035156,0,50.61000061035156,50.61000061035156,47.69536972045898
18-01-2018,50.61000061035156,50.61000061035156,0,50.61000061035156,50.61000061035156,47.69536972045898
19-01-2018,50.61000061035156,50.61000061035156,0,50.61000061035156,50.61000061035156,47.69536972045898
22-01-2018,50.61000061035156,50.61000061035156,0,50.61000061035156,50.61000061035156,47.69536972045898
23-01-2018,50.61000061035156,50.61000061035156,0,50.61000061035156,50.61000061035156,47.69536972045898
24-01-2018,50.61000061035156,50.61000061035156,0,50.61000061035156,50.61000061035156,47.69536972045898
25-01-2018,50.61000061035156,50.61000061035156,0,50.61000061035156,50.61000061035156,47.69536972045898
26-01-2018,50.61000061035156,50.61000061035156,0,50.61000061035156,50.61000061035156,47.69536972045898
29-01-2018,50.61000061035156,50.61000061035156,0,50.61000061035156,50.61000061035156,47.69536972045898
30-01-2018,50.61000061035156,50.61000061035156,0,50.61000061035156,50.61000061035156,47.69536972045898
31-01-2018,50.61000061035156,50.61000061035156,0,50.61000061035156,50.61000061035156,47.69536972045898
01-02-2018,50.61000061035156,50.61000061035156,0,50.61000061035156,50.61000061035156,47.69536972045898
02-02-2018,50.61000061035156,50.61000061035156,0,50.61000061035156,50.61000061035156,47.69536972045898
05-02-2018,50.61000061035156,50.61000061035156,0,50.61000061035156,50.61000061035156,47.69536972045898
06-02-2018,50.61000061035156,50.61000061035156,0,50.61000061035156,50.61000061035156,47.69536972045898
07-02-2018,50.61000061035156,50.61000061035156,0,50.61000061035156,50.61000061035156,47.69536972045898
08-02-2018,50.61000061035156,50.61000061035156,0,50.61000061035156,50.61000061035156,47.69536972045898
09-02-2018,50.61000061035156,50.61000061035156,0,50.61000061035156,50.61000061035156,47.69536972045898
12-02-2018,50.61000061035156,50.61000061035156,0,50.61000061035156,50.61000061035156,47.69536972045898
13-02-2018,50.61000061035156,50.61000061035156,0,50.61000061035156,50.61000061035156,47.69536972045898
14-02-2018,50.61000061035156,50.61000061035156,0,50.61000061035156,50.61000061035156,47.69536972045898
15-02-2018,50.61000061035156,50.61000061035156,0,50.61000061035156,50.61000061035156,47.69536972045898
16-02-2018,50.61000061035156,50.61000061035156,0,50.61000061035156,50.61000061035156,47.69536972045898
20-02-2018,50.61000061035156,50.61000061035156,0,50.61000061035156,50.61000061035156,47.69536972045898
21-02-2018,50.61000061035156,50.61000061035156,0,50.61000061035156,50.61000061035156,47.69536972045898
22-02-2018,50.61000061035156,50.61000061035156,0,50.61000061035156,50.61000061035156,47.69536972045898
23-02-2018,50.61000061035156,50.61000061035156,0,50.61000061035156,50.61000061035156,47.69536972045898
26-02-2018,50.61000061035156,50.61000061035156,0,50.61000061035156,50.61000061035156,47.69536972045898
27-02-2018,50.61000061035156,50.61000061035156,0,50.61000061035156,50.61000061035156,47.69536972045898
28-02-2018,50.61000061035156,50.61000061035156,0,50.61000061035156,50.61000061035156,47.69536972045898
01-03-2018,50.61000061035156,50.61000061035156,0,50.61000061035156,50.61000061035156,47.69536972045898
02-03-2018,50.61000061035156,50.61000061035156,0,50.61000061035156,50.61000061035156,47.69536972045898
05-03-2018,50.61000061035156,50.61000061035156,0,50.61000061035156,50.61000061035156,47.69536972045898
06-03-2018,50.61000061035156,50.61000061035156,0,50.61000061035156,50.61000061035156,47.69536972045898
07-03-2018,50.61000061035156,50.61000061035156,0,50.61000061035156,50.61000061035156,47.69536972045898
08-03-2018,50.61000061035156,50.61000061035156,0,50.61000061035156,50.61000061035156,47.69536972045898
09-03-2018,50.61000061035156,50.61000061035156,0,50.61000061035156,50.61000061035156,47.69536972045898
12-03-2018,50.61000061035156,50.61000061035156,0,50.61000061035156,50.61000061035156,47.69536972045898
13-03-2018,50.61000061035156,50.61000061035156,0,50.61000061035156,50.61000061035156,47.69536972045898
14-03-2018,50.61000061035156,50.61000061035156,0,50.61000061035156,50.61000061035156,47.69536972045898
15-03-2018,50.61000061035156,50.61000061035156,0,50.61000061035156,50.61000061035156,47.69536972045898
16-03-2018,50.61000061035156,50.61000061035156,0,50.61000061035156,50.61000061035156,47.69536972045898
19-03-2018,50.61000061035156,50.61000061035156,0,50.61000061035156,50.61000061035156,47.69536972045898
20-03-2018,50.61000061035156,50.61000061035156,0,50.61000061035156,50.61000061035156,47.69536972045898
21-03-2018,50.61000061035156,50.61000061035156,0,50.61000061035156,50.61000061035156,47.69536972045898
22-03-2018,50.61000061035156,50.61000061035156,0,50.61000061035156,50.61000061035156,47.69536972045898
23-03-2018,50.61000061035156,50.61000061035156,0,50.61000061035156,50.61000061035156,47.69536972045898
26-03-2018,50.61000061035156,50.61000061035156,0,50.61000061035156,50.61000061035156,47.69536972045898
27-03-2018,50.61000061035156,50.61000061035156,0,50.61000061035156,50.61000061035156,47.69536972045898
28-03-2018,50.61000061035156,50.61000061035156,0,50.61000061035156,50.61000061035156,47.69536972045898
29-03-2018,50.61000061035156,50.61000061035156,0,50.61000061035156,50.61000061035156,47.69536972045898
02-04-2018,50.61000061035156,50.61000061035156,0,50.61000061035156,50.61000061035156,47.69536972045898
03-04-2018,50.61000061035156,50.61000061035156,0,50.61000061035156,50.61000061035156,47.69536972045898
04-04-2018,50.61000061035156,50.61000061035156,0,50.61000061035156,50.61000061035156,47.69536972045898
05-04-2018,50.61000061035156,50.61000061035156,0,50.61000061035156,50.61000061035156,47.69536972045898
06-04-2018,50.61000061035156,50.61000061035156,0,50.61000061035156,50.61000061035156,47.69536972045898
09-04-2018,50.61000061035156,50.61000061035156,0,50.61000061035156,50.61000061035156,47.69536972045898
10-04-2018,50.61000061035156,50.61000061035156,0,50.61000061035156,50.61000061035156,47.69536972045898
11-04-2018,50.61000061035156,50.61000061035156,0,50.61000061035156,50.61000061035156,47.69536972045898
12-04-2018,50.61000061035156,50.61000061035156,0,50.61000061035156,50.61000061035156,48.21939086914063
13-04-2018,50.61000061035156,50.61000061035156,0,50.61000061035156,50.61000061035156,48.21939086914063
16-04-2018,50.61000061035156,50.61000061035156,0,50.61000061035156,50.61000061035156,48.21939086914063
17-04-2018,50.61000061035156,50.61000061035156,0,50.61000061035156,50.61000061035156,48.21939086914063
18-04-2018,50.61000061035156,50.61000061035156,0,50.61000061035156,50.61000061035156,48.21939086914063
19-04-2018,50.61000061035156,50.61000061035156,0,50.61000061035156,50.61000061035156,48.21939086914063
20-04-2018,50.61000061035156,50.61000061035156,0,50.61000061035156,50.61000061035156,48.21939086914063
23-04-2018,50.61000061035156,50.61000061035156,0,50.61000061035156,50.61000061035156,48.21939086914063
24-04-2018,50.61000061035156,50.61000061035156,0,50.61000061035156,50.61000061035156,48.21939086914063
25-04-2018,50.61000061035156,50.61000061035156,0,50.61000061035156,50.61000061035156,48.21939086914063
26-04-2018,50.61000061035156,50.61000061035156,0,50.61000061035156,50.61000061035156,48.21939086914063
27-04-2018,50.61000061035156,50.61000061035156,0,50.61000061035156,50.61000061035156,48.21939086914063
30-04-2018,50.61000061035156,50.61000061035156,0,50.61000061035156,50.61000061035156,48.21939086914063
01-05-2018,50.61000061035156,50.61000061035156,0,50.61000061035156,50.61000061035156,48.21939086914063
02-05-2018,50.61000061035156,50.61000061035156,0,50.61000061035156,50.61000061035156,48.21939086914063
03-05-2018,50.61000061035156,50.61000061035156,0,50.61000061035156,50.61000061035156,48.21939086914063
04-05-2018,50.61000061035156,50.61000061035156,0,50.61000061035156,50.61000061035156,48.21939086914063
07-05-2018,50.61000061035156,50.61000061035156,0,50.61000061035156,50.61000061035156,48.21939086914063
08-05-2018,50.61000061035156,50.61000061035156,0,50.61000061035156,50.61000061035156,48.21939086914063
09-05-2018,50.61000061035156,50.61000061035156,0,50.61000061035156,50.61000061035156,48.21939086914063
10-05-2018,50.61000061035156,50.61000061035156,0,50.61000061035156,50.61000061035156,48.21939086914063
11-05-2018,50.61000061035156,50.61000061035156,0,50.61000061035156,50.61000061035156,48.21939086914063
14-05-2018,50.61000061035156,50.61000061035156,0,50.61000061035156,50.61000061035156,48.21939086914063
15-05-2018,50.61000061035156,50.61000061035156,0,50.61000061035156,50.61000061035156,48.21939086914063
16-05-2018,50.61000061035156,50.61000061035156,0,50.61000061035156,50.61000061035156,48.21939086914063
17-05-2018,50.61000061035156,50.61000061035156,0,50.61000061035156,50.61000061035156,48.21939086914063
18-05-2018,50.61000061035156,50.61000061035156,0,50.61000061035156,50.61000061035156,48.21939086914063
21-05-2018,50.61000061035156,50.61000061035156,0,50.61000061035156,50.61000061035156,48.21939086914063
22-05-2018,50.61000061035156,50.61000061035156,0,50.61000061035156,50.61000061035156,48.21939086914063
23-05-2018,50.61000061035156,50.61000061035156,0,50.61000061035156,50.61000061035156,48.21939086914063
24-05-2018,50.61000061035156,50.61000061035156,0,50.61000061035156,50.61000061035156,48.21939086914063
25-05-2018,50.61000061035156,50.61000061035156,0,50.61000061035156,50.61000061035156,48.21939086914063
29-05-2018,50.61000061035156,50.61000061035156,0,50.61000061035156,50.61000061035156,48.21939086914063
30-05-2018,50.61000061035156,50.61000061035156,0,50.61000061035156,50.61000061035156,48.21939086914063
31-05-2018,50.61000061035156,50.61000061035156,0,50.61000061035156,50.61000061035156,48.21939086914063
01-06-2018,50.61000061035156,50.61000061035156,0,50.61000061035156,50.61000061035156,48.21939086914063
04-06-2018,50.61000061035156,50.61000061035156,0,50.61000061035156,50.61000061035156,48.21939086914063
05-06-2018,50.61000061035156,50.61000061035156,0,50.61000061035156,50.61000061035156,48.21939086914063
06-06-2018,50.61000061035156,50.61000061035156,0,50.61000061035156,50.61000061035156,48.21939086914063
07-06-2018,50.61000061035156,50.61000061035156,0,50.61000061035156,50.61000061035156,48.21939086914063
08-06-2018,50.61000061035156,50.61000061035156,0,50.61000061035156,50.61000061035156,48.21939086914063
11-06-2018,50.61000061035156,50.61000061035156,0,50.61000061035156,50.61000061035156,48.21939086914063
12-06-2018,50.61000061035156,50.61000061035156,0,50.61000061035156,50.61000061035156,48.21939086914063
13-06-2018,50.61000061035156,50.61000061035156,0,50.61000061035156,50.61000061035156,48.21939086914063
14-06-2018,50.61000061035156,50.61000061035156,0,50.61000061035156,50.61000061035156,48.21939086914063
15-06-2018,50.61000061035156,50.61000061035156,0,50.61000061035156,50.61000061035156,48.21939086914063
18-06-2018,50.61000061035156,50.61000061035156,0,50.61000061035156,50.61000061035156,48.21939086914063
19-06-2018,50.61000061035156,50.61000061035156,0,50.61000061035156,50.61000061035156,48.21939086914063
20-06-2018,50.61000061035156,50.61000061035156,0,50.61000061035156,50.61000061035156,48.21939086914063
21-06-2018,50.61000061035156,50.61000061035156,0,50.61000061035156,50.61000061035156,48.21939086914063
22-06-2018,50.61000061035156,50.61000061035156,0,50.61000061035156,50.61000061035156,48.21939086914063
25-06-2018,50.61000061035156,50.61000061035156,0,50.61000061035156,50.61000061035156,48.21939086914063
26-06-2018,50.61000061035156,50.61000061035156,0,50.61000061035156,50.61000061035156,48.21939086914063
27-06-2018,50.61000061035156,50.61000061035156,0,50.61000061035156,50.61000061035156,48.21939086914063
28-06-2018,50.61000061035156,50.61000061035156,0,50.61000061035156,50.61000061035156,48.21939086914063
29-06-2018,50.61000061035156,50.61000061035156,0,50.61000061035156,50.61000061035156,48.21939086914063
02-07-2018,50.61000061035156,50.61000061035156,0,50.61000061035156,50.61000061035156,48.21939086914063
03-07-2018,50.61000061035156,50.61000061035156,0,50.61000061035156,50.61000061035156,48.21939086914063
05-07-2018,50.61000061035156,50.61000061035156,0,50.61000061035156,50.61000061035156,48.21939086914063
06-07-2018,50.61000061035156,50.61000061035156,0,50.61000061035156,50.61000061035156,48.21939086914063
09-07-2018,50.61000061035156,50.61000061035156,0,50.61000061035156,50.61000061035156,48.21939086914063
10-07-2018,50.61000061035156,50.61000061035156,0,50.61000061035156,50.61000061035156,48.21939086914063
11-07-2018,50.61000061035156,50.61000061035156,0,50.61000061035156,50.61000061035156,48.21939086914063
12-07-2018,50.61000061035156,50.61000061035156,0,50.61000061035156,50.61000061035156,48.21939086914063
13-07-2018,50.61000061035156,50.61000061035156,0,50.61000061035156,50.61000061035156,48.21939086914063
16-07-2018,50.61000061035156,50.61000061035156,0,50.61000061035156,50.61000061035156,48.21939086914063
17-07-2018,50.61000061035156,50.61000061035156,0,50.61000061035156,50.61000061035156,48.21939086914063
18-07-2018,50.61000061035156,50.61000061035156,0,50.61000061035156,50.61000061035156,48.21939086914063
19-07-2018,50.61000061035156,50.61000061035156,0,50.61000061035156,50.61000061035156,48.21939086914063
20-07-2018,50.61000061035156,50.61000061035156,0,50.61000061035156,50.61000061035156,48.21939086914063
23-07-2018,50.61000061035156,50.61000061035156,0,50.61000061035156,50.61000061035156,48.21939086914063
24-07-2018,50.61000061035156,50.61000061035156,0,50.61000061035156,50.61000061035156,48.21939086914063
25-07-2018,50.61000061035156,50.61000061035156,0,50.61000061035156,50.61000061035156,48.21939086914063
26-07-2018,50.61000061035156,50.61000061035156,0,50.61000061035156,50.61000061035156,48.21939086914063
27-07-2018,50.61000061035156,50.61000061035156,0,50.61000061035156,50.61000061035156,48.21939086914063
30-07-2018,50.61000061035156,50.61000061035156,0,50.61000061035156,50.61000061035156,48.21939086914063
31-07-2018,50.61000061035156,50.61000061035156,0,50.61000061035156,50.61000061035156,48.21939086914063
01-08-2018,50.61000061035156,50.61000061035156,0,50.61000061035156,50.61000061035156,48.21939086914063
02-08-2018,50.61000061035156,50.61000061035156,0,50.61000061035156,50.61000061035156,48.21939086914063
03-08-2018,50.61000061035156,50.61000061035156,0,50.61000061035156,50.61000061035156,48.21939086914063
06-08-2018,50.61000061035156,50.61000061035156,0,50.61000061035156,50.61000061035156,48.21939086914063
07-08-2018,50.61000061035156,50.61000061035156,0,50.61000061035156,50.61000061035156,48.21939086914063
08-08-2018,50.61000061035156,50.61000061035156,0,50.61000061035156,50.61000061035156,48.21939086914063
09-08-2018,50.61000061035156,50.61000061035156,0,50.61000061035156,50.61000061035156,48.21939086914063
10-08-2018,50.61000061035156,50.61000061035156,0,50.61000061035156,50.61000061035156,48.21939086914063
13-08-2018,50.61000061035156,50.61000061035156,0,50.61000061035156,50.61000061035156,48.21939086914063
14-08-2018,50.61000061035156,50.61000061035156,0,50.61000061035156,50.61000061035156,48.21939086914063
15-08-2018,50.61000061035156,50.61000061035156,0,50.61000061035156,50.61000061035156,48.21939086914063
16-08-2018,50.61000061035156,50.61000061035156,0,50.61000061035156,50.61000061035156,48.21939086914063
17-08-2018,50.61000061035156,50.61000061035156,0,50.61000061035156,50.61000061035156,48.21939086914063
20-08-2018,50.61000061035156,50.61000061035156,0,50.61000061035156,50.61000061035156,48.21939086914063
21-08-2018,50.61000061035156,50.61000061035156,0,50.61000061035156,50.61000061035156,48.21939086914063
22-08-2018,50.61000061035156,50.61000061035156,0,50.61000061035156,50.61000061035156,48.21939086914063
23-08-2018,50.61000061035156,50.61000061035156,0,50.61000061035156,50.61000061035156,48.21939086914063
24-08-2018,50.61000061035156,50.61000061035156,0,50.61000061035156,50.61000061035156,48.21939086914063
27-08-2018,50.61000061035156,50.61000061035156,0,50.61000061035156,50.61000061035156,48.21939086914063
28-08-2018,50.61000061035156,50.61000061035156,0,50.61000061035156,50.61000061035156,48.21939086914063
29-08-2018,50.61000061035156,50.61000061035156,0,50.61000061035156,50.61000061035156,48.21939086914063
30-08-2018,50.61000061035156,50.61000061035156,0,50.61000061035156,50.61000061035156,48.21939086914063
31-08-2018,50.61000061035156,50.61000061035156,0,50.61000061035156,50.61000061035156,48.21939086914063
04-09-2018,50.61000061035156,50.61000061035156,0,50.61000061035156,50.61000061035156,48.21939086914063
05-09-2018,50.61000061035156,50.61000061035156,0,50.61000061035156,50.61000061035156,48.21939086914063
06-09-2018,50.61000061035156,50.61000061035156,0,50.61000061035156,50.61000061035156,48.21939086914063
07-09-2018,50.61000061035156,50.61000061035156,0,50.61000061035156,50.61000061035156,48.21939086914063
10-09-2018,50.61000061035156,50.61000061035156,0,50.61000061035156,50.61000061035156,48.21939086914063
11-09-2018,50.61000061035156,50.61000061035156,0,50.61000061035156,50.61000061035156,48.21939086914063
12-09-2018,50.61000061035156,50.61000061035156,0,50.61000061035156,50.61000061035156,48.21939086914063
13-09-2018,50.61000061035156,50.61000061035156,0,50.61000061035156,50.61000061035156,48.21939086914063
14-09-2018,50.61000061035156,50.61000061035156,0,50.61000061035156,50.61000061035156,48.21939086914063
17-09-2018,50.61000061035156,50.61000061035156,0,50.61000061035156,50.61000061035156,48.21939086914063
18-09-2018,50.61000061035156,50.61000061035156,0,50.61000061035156,50.61000061035156,48.21939086914063
19-09-2018,50.61000061035156,50.61000061035156,0,50.61000061035156,50.61000061035156,48.21939086914063
20-09-2018,50.61000061035156,50.61000061035156,0,50.61000061035156,50.61000061035156,48.21939086914063
21-09-2018,50.61000061035156,50.61000061035156,0,50.61000061035156,50.61000061035156,48.21939086914063
24-09-2018,50.61000061035156,50.61000061035156,0,50.61000061035156,50.61000061035156,48.21939086914063
25-09-2018,50.61000061035156,50.61000061035156,0,50.61000061035156,50.61000061035156,48.21939086914063
26-09-2018,50.61000061035156,50.61000061035156,0,50.61000061035156,50.61000061035156,48.21939086914063
27-09-2018,50.61000061035156,50.61000061035156,0,50.61000061035156,50.61000061035156,48.21939086914063
28-09-2018,50.61000061035156,50.61000061035156,0,50.61000061035156,50.61000061035156,48.21939086914063
01-10-2018,50.61000061035156,50.61000061035156,0,50.61000061035156,50.61000061035156,48.21939086914063
02-10-2018,50.61000061035156,50.61000061035156,0,50.61000061035156,50.61000061035156,48.21939086914063
03-10-2018,50.61000061035156,50.61000061035156,0,50.61000061035156,50.61000061035156,48.21939086914063
04-10-2018,50.61000061035156,50.61000061035156,0,50.61000061035156,50.61000061035156,48.21939086914063
05-10-2018,50.61000061035156,50.61000061035156,0,50.61000061035156,50.61000061035156,48.21939086914063
08-10-2018,50.61000061035156,50.61000061035156,0,50.61000061035156,50.61000061035156,48.21939086914063
09-10-2018,50.61000061035156,50.61000061035156,0,50.61000061035156,50.61000061035156,48.21939086914063
10-10-2018,50.61000061035156,50.61000061035156,0,50.61000061035156,50.61000061035156,48.21939086914063
11-10-2018,50.61000061035156,50.61000061035156,0,50.61000061035156,50.61000061035156,48.21939086914063
12-10-2018,50.61000061035156,50.61000061035156,0,50.61000061035156,50.61000061035156,48.21939086914063
15-10-2018,50.61000061035156,50.61000061035156,0,50.61000061035156,50.61000061035156,48.21939086914063
16-10-2018,50.61000061035156,50.61000061035156,0,50.61000061035156,50.61000061035156,48.21939086914063
17-10-2018,50.61000061035156,50.61000061035156,0,50.61000061035156,50.61000061035156,48.21939086914063
18-10-2018,50.61000061035156,50.61000061035156,0,50.61000061035156,50.61000061035156,48.21939086914063
19-10-2018,50.61000061035156,50.61000061035156,0,50.61000061035156,50.61000061035156,48.21939086914063
22-10-2018,50.61000061035156,50.61000061035156,0,50.61000061035156,50.61000061035156,48.21939086914063
23-10-2018,50.61000061035156,50.61000061035156,0,50.61000061035156,50.61000061035156,48.21939086914063
24-10-2018,50.61000061035156,50.61000061035156,0,50.61000061035156,50.61000061035156,48.21939086914063
25-10-2018,50.61000061035156,50.61000061035156,0,50.61000061035156,50.61000061035156,48.21939086914063
26-10-2018,50.61000061035156,50.61000061035156,0,50.61000061035156,50.61000061035156,48.21939086914063
29-10-2018,50.61000061035156,50.61000061035156,0,50.61000061035156,50.61000061035156,48.21939086914063
30-10-2018,50.61000061035156,50.61000061035156,0,50.61000061035156,50.61000061035156,48.21939086914063
31-10-2018,50.61000061035156,50.61000061035156,0,50.61000061035156,50.61000061035156,48.21939086914063
01-11-2018,50.61000061035156,50.61000061035156,0,50.61000061035156,50.61000061035156,48.21939086914063
02-11-2018,50.61000061035156,50.61000061035156,0,50.61000061035156,50.61000061035156,48.21939086914063
05-11-2018,50.61000061035156,50.61000061035156,0,50.61000061035156,50.61000061035156,48.21939086914063
06-11-2018,50.61000061035156,50.61000061035156,0,50.61000061035156,50.61000061035156,48.21939086914063
07-11-2018,50.61000061035156,50.61000061035156,0,50.61000061035156,50.61000061035156,48.21939086914063
08-11-2018,50.61000061035156,50.61000061035156,0,50.61000061035156,50.61000061035156,48.21939086914063
09-11-2018,50.61000061035156,50.61000061035156,0,50.61000061035156,50.61000061035156,48.21939086914063
12-11-2018,50.61000061035156,50.61000061035156,0,50.61000061035156,50.61000061035156,48.21939086914063
13-11-2018,50.61000061035156,50.61000061035156,0,50.61000061035156,50.61000061035156,48.21939086914063
14-11-2018,50.61000061035156,50.61000061035156,0,50.61000061035156,50.61000061035156,48.21939086914063
15-11-2018,50.61000061035156,50.61000061035156,0,50.61000061035156,50.61000061035156,48.21939086914063
16-11-2018,50.61000061035156,50.61000061035156,0,50.61000061035156,50.61000061035156,48.21939086914063
19-11-2018,50.61000061035156,50.61000061035156,0,50.61000061035156,50.61000061035156,48.21939086914063
20-11-2018,50.61000061035156,50.61000061035156,0,50.61000061035156,50.61000061035156,48.21939086914063
21-11-2018,50.61000061035156,50.61000061035156,0,50.61000061035156,50.61000061035156,48.21939086914063
23-11-2018,50.61000061035156,50.61000061035156,0,50.61000061035156,50.61000061035156,48.21939086914063
26-11-2018,50.61000061035156,50.61000061035156,0,50.61000061035156,50.61000061035156,48.21939086914063
27-11-2018,50.61000061035156,50.61000061035156,0,50.61000061035156,50.61000061035156,48.21939086914063
28-11-2018,50.61000061035156,50.61000061035156,0,50.61000061035156,50.61000061035156,48.21939086914063
29-11-2018,50.61000061035156,50.61000061035156,0,50.61000061035156,50.61000061035156,48.21939086914063
30-11-2018,50.61000061035156,50.61000061035156,0,50.61000061035156,50.61000061035156,48.21939086914063
03-12-2018,50.61000061035156,50.61000061035156,0,50.61000061035156,50.61000061035156,48.21939086914063
04-12-2018,50.61000061035156,50.61000061035156,0,50.61000061035156,50.61000061035156,48.21939086914063
06-12-2018,50.61000061035156,50.61000061035156,0,50.61000061035156,50.61000061035156,48.21939086914063
07-12-2018,50.61000061035156,50.61000061035156,0,50.61000061035156,50.61000061035156,48.21939086914063
10-12-2018,50.61000061035156,50.61000061035156,0,50.61000061035156,50.61000061035156,48.21939086914063
11-12-2018,50.61000061035156,50.61000061035156,0,50.61000061035156,50.61000061035156,48.21939086914063
12-12-2018,50.61000061035156,50.61000061035156,0,50.61000061035156,50.61000061035156,48.21939086914063
13-12-2018,50.61000061035156,50.61000061035156,0,50.61000061035156,50.61000061035156,48.21939086914063
14-12-2018,50.61000061035156,50.61000061035156,0,50.61000061035156,50.61000061035156,48.21939086914063
17-12-2018,50.61000061035156,50.61000061035156,0,50.61000061035156,50.61000061035156,48.21939086914063
18-12-2018,50.61000061035156,50.61000061035156,0,50.61000061035156,50.61000061035156,48.21939086914063
19-12-2018,50.61000061035156,50.61000061035156,0,50.61000061035156,50.61000061035156,48.21939086914063
20-12-2018,50.61000061035156,50.61000061035156,0,50.61000061035156,50.61000061035156,48.21939086914063
21-12-2018,50.61000061035156,50.61000061035156,0,50.61000061035156,50.61000061035156,48.21939086914063
24-12-2018,50.61000061035156,50.61000061035156,0,50.61000061035156,50.61000061035156,48.21939086914063
26-12-2018,50.61000061035156,50.61000061035156,0,50.61000061035156,50.61000061035156,48.21939086914063
27-12-2018,50.61000061035156,50.61000061035156,0,50.61000061035156,50.61000061035156,48.21939086914063
28-12-2018,50.61000061035156,50.61000061035156,0,50.61000061035156,50.61000061035156,48.21939086914063
31-12-2018,50.61000061035156,50.61000061035156,0,50.61000061035156,50.61000061035156,48.21939086914063
02-01-2019,50.61000061035156,50.61000061035156,0,50.61000061035156,50.61000061035156,48.21939086914063
03-01-2019,50.61000061035156,50.61000061035156,0,50.61000061035156,50.61000061035156,48.21939086914063
04-01-2019,50.61000061035156,50.61000061035156,0,50.61000061035156,50.61000061035156,48.21939086914063
07-01-2019,50.61000061035156,50.61000061035156,0,50.61000061035156,50.61000061035156,48.21939086914063
08-01-2019,50.61000061035156,50.61000061035156,0,50.61000061035156,50.61000061035156,48.21939086914063
09-01-2019,50.61000061035156,50.61000061035156,0,50.61000061035156,50.61000061035156,48.21939086914063
10-01-2019,50.61000061035156,50.61000061035156,0,50.61000061035156,50.61000061035156,48.21939086914063
11-01-2019,50.61000061035156,50.61000061035156,0,50.61000061035156,50.61000061035156,48.21939086914063
14-01-2019,50.61000061035156,50.61000061035156,0,50.61000061035156,50.61000061035156,48.21939086914063
15-01-2019,50.61000061035156,50.61000061035156,0,50.61000061035156,50.61000061035156,48.21939086914063
16-01-2019,50.61000061035156,50.61000061035156,0,50.61000061035156,50.61000061035156,48.21939086914063
17-01-2019,50.61000061035156,50.61000061035156,0,50.61000061035156,50.61000061035156,48.21939086914063
18-01-2019,50.61000061035156,50.61000061035156,0,50.61000061035156,50.61000061035156,48.21939086914063
22-01-2019,50.61000061035156,50.61000061035156,0,50.61000061035156,50.61000061035156,48.21939086914063
23-01-2019,50.61000061035156,50.61000061035156,0,50.61000061035156,50.61000061035156,48.21939086914063
24-01-2019,50.61000061035156,50.61000061035156,0,50.61000061035156,50.61000061035156,48.21939086914063
25-01-2019,50.61000061035156,50.61000061035156,0,50.61000061035156,50.61000061035156,48.21939086914063
28-01-2019,50.61000061035156,50.61000061035156,0,50.61000061035156,50.61000061035156,48.21939086914063
29-01-2019,50.61000061035156,50.61000061035156,0,50.61000061035156,50.61000061035156,48.21939086914063
30-01-2019,50.61000061035156,50.61000061035156,0,50.61000061035156,50.61000061035156,48.21939086914063
31-01-2019,50.61000061035156,50.61000061035156,0,50.61000061035156,50.61000061035156,48.21939086914063
01-02-2019,50.61000061035156,50.61000061035156,0,50.61000061035156,50.61000061035156,48.21939086914063
04-02-2019,50.61000061035156,50.61000061035156,0,50.61000061035156,50.61000061035156,48.21939086914063
05-02-2019,50.61000061035156,50.61000061035156,0,50.61000061035156,50.61000061035156,48.21939086914063
06-02-2019,50.61000061035156,50.61000061035156,0,50.61000061035156,50.61000061035156,48.21939086914063
07-02-2019,50.61000061035156,50.61000061035156,0,50.61000061035156,50.61000061035156,48.21939086914063
08-02-2019,50.61000061035156,50.61000061035156,0,50.61000061035156,50.61000061035156,48.21939086914063
11-02-2019,50.61000061035156,50.61000061035156,0,50.61000061035156,50.61000061035156,48.21939086914063
12-02-2019,50.61000061035156,50.61000061035156,0,50.61000061035156,50.61000061035156,48.21939086914063
13-02-2019,50.61000061035156,50.61000061035156,0,50.61000061035156,50.61000061035156,48.21939086914063
14-02-2019,50.61000061035156,50.61000061035156,0,50.61000061035156,50.61000061035156,48.21939086914063
15-02-2019,50.61000061035156,50.61000061035156,0,50.61000061035156,50.61000061035156,48.21939086914063
19-02-2019,50.61000061035156,50.61000061035156,0,50.61000061035156,50.61000061035156,48.21939086914063
20-02-2019,50.61000061035156,50.61000061035156,0,50.61000061035156,50.61000061035156,48.21939086914063
21-02-2019,50.61000061035156,50.61000061035156,0,50.61000061035156,50.61000061035156,48.21939086914063
22-02-2019,50.61000061035156,50.61000061035156,0,50.61000061035156,50.61000061035156,48.21939086914063
25-02-2019,50.61000061035156,50.61000061035156,0,50.61000061035156,50.61000061035156,48.21939086914063
26-02-2019,50.61000061035156,50.61000061035156,0,50.61000061035156,50.61000061035156,48.21939086914063
27-02-2019,50.61000061035156,50.61000061035156,0,50.61000061035156,50.61000061035156,48.21939086914063
28-02-2019,50.61000061035156,50.61000061035156,0,50.61000061035156,50.61000061035156,48.21939086914063
01-03-2019,50.61000061035156,50.61000061035156,0,50.61000061035156,50.61000061035156,48.21939086914063
04-03-2019,50.61000061035156,50.61000061035156,0,50.61000061035156,50.61000061035156,48.21939086914063
05-03-2019,50.61000061035156,50.61000061035156,0,50.61000061035156,50.61000061035156,48.21939086914063
06-03-2019,50.61000061035156,50.61000061035156,0,50.61000061035156,50.61000061035156,48.21939086914063
07-03-2019,50.61000061035156,50.61000061035156,0,50.61000061035156,50.61000061035156,48.21939086914063
08-03-2019,50.61000061035156,50.61000061035156,0,50.61000061035156,50.61000061035156,48.21939086914063
11-03-2019,50.61000061035156,50.61000061035156,0,50.61000061035156,50.61000061035156,48.21939086914063
12-03-2019,50.61000061035156,50.61000061035156,0,50.61000061035156,50.61000061035156,48.21939086914063
13-03-2019,50.61000061035156,50.61000061035156,0,50.61000061035156,50.61000061035156,48.21939086914063
14-03-2019,50.61000061035156,50.61000061035156,0,50.61000061035156,50.61000061035156,48.21939086914063
15-03-2019,50.61000061035156,50.61000061035156,0,50.61000061035156,50.61000061035156,48.21939086914063
18-03-2019,50.61000061035156,50.61000061035156,0,50.61000061035156,50.61000061035156,48.21939086914063
19-03-2019,50.61000061035156,50.61000061035156,0,50.61000061035156,50.61000061035156,48.21939086914063
20-03-2019,50.61000061035156,50.61000061035156,0,50.61000061035156,50.61000061035156,48.21939086914063
21-03-2019,50.61000061035156,50.61000061035156,0,50.61000061035156,50.61000061035156,48.21939086914063
22-03-2019,50.61000061035156,50.61000061035156,0,50.61000061035156,50.61000061035156,48.21939086914063
25-03-2019,61.150001525878906,61.150001525878906,100,61.150001525878906,61.150001525878906,58.26151657104492
26-03-2019,61.43999862670898,61.43999862670898,1000,61.43999862670898,61.43999862670898,58.537818908691406
27-03-2019,61.43999862670898,61.43999862670898,0,61.43999862670898,61.43999862670898,58.537818908691406
28-03-2019,60.84999847412109,60.84999847412109,1000,60.84999847412109,60.84999847412109,57.97568893432617
29-03-2019,60.84999847412109,60.84999847412109,0,60.84999847412109,60.84999847412109,57.97568893432617
01-04-2019,60.84999847412109,60.84999847412109,0,60.84999847412109,60.84999847412109,57.97568893432617
02-04-2019,60.84999847412109,60.84999847412109,0,60.84999847412109,60.84999847412109,57.97568893432617
03-04-2019,60.84999847412109,60.84999847412109,0,60.84999847412109,60.84999847412109,57.97568893432617
04-04-2019,60.84999847412109,60.84999847412109,0,60.84999847412109,60.84999847412109,57.97568893432617
05-04-2019,60.84999847412109,60.84999847412109,0,60.84999847412109,60.84999847412109,57.97568893432617
08-04-2019,60.84999847412109,60.84999847412109,0,60.84999847412109,60.84999847412109,57.97568893432617
09-04-2019,60.84999847412109,60.84999847412109,0,60.84999847412109,60.84999847412109,58.25571823120117
10-04-2019,60.84999847412109,60.84999847412109,0,60.84999847412109,60.84999847412109,58.25571823120117
11-04-2019,60.84999847412109,60.84999847412109,0,60.84999847412109,60.84999847412109,58.25571823120117
12-04-2019,60.84999847412109,60.84999847412109,0,60.84999847412109,60.84999847412109,58.25571823120117
15-04-2019,60.84999847412109,60.84999847412109,0,60.84999847412109,60.84999847412109,58.25571823120117
16-04-2019,60.84999847412109,60.84999847412109,0,60.84999847412109,60.84999847412109,58.25571823120117
17-04-2019,60.84999847412109,60.84999847412109,0,60.84999847412109,60.84999847412109,58.25571823120117
18-04-2019,60.84999847412109,60.84999847412109,0,60.84999847412109,60.84999847412109,58.25571823120117
22-04-2019,60.84999847412109,60.84999847412109,0,60.84999847412109,60.84999847412109,58.25571823120117
23-04-2019,60.84999847412109,60.84999847412109,0,60.84999847412109,60.84999847412109,58.25571823120117
24-04-2019,60.84999847412109,60.84999847412109,0,60.84999847412109,60.84999847412109,58.25571823120117
25-04-2019,60.84999847412109,60.84999847412109,0,60.84999847412109,60.84999847412109,58.25571823120117
26-04-2019,60.84999847412109,60.84999847412109,0,60.84999847412109,60.84999847412109,58.25571823120117
29-04-2019,60.84999847412109,60.84999847412109,0,60.84999847412109,60.84999847412109,58.25571823120117
30-04-2019,60.84999847412109,60.84999847412109,0,60.84999847412109,60.84999847412109,58.25571823120117
01-05-2019,60.84999847412109,60.84999847412109,0,60.84999847412109,60.84999847412109,58.25571823120117
02-05-2019,60.84999847412109,60.84999847412109,0,60.84999847412109,60.84999847412109,58.25571823120117
03-05-2019,60.84999847412109,60.84999847412109,0,60.84999847412109,60.84999847412109,58.25571823120117
06-05-2019,60.84999847412109,60.84999847412109,0,60.84999847412109,60.84999847412109,58.25571823120117
07-05-2019,60.84999847412109,60.84999847412109,0,60.84999847412109,60.84999847412109,58.25571823120117
08-05-2019,60.84999847412109,60.84999847412109,0,60.84999847412109,60.84999847412109,58.25571823120117
09-05-2019,60.84999847412109,60.84999847412109,0,60.84999847412109,60.84999847412109,58.25571823120117
10-05-2019,60.84999847412109,60.84999847412109,0,60.84999847412109,60.84999847412109,58.25571823120117
13-05-2019,51.400001525878906,51.400001525878906,100,51.400001525878906,51.400001525878906,49.2086067199707
14-05-2019,51.400001525878906,51.400001525878906,0,51.400001525878906,51.400001525878906,49.2086067199707
15-05-2019,51.400001525878906,51.400001525878906,0,51.400001525878906,51.400001525878906,49.2086067199707
16-05-2019,51.400001525878906,51.400001525878906,0,51.400001525878906,51.400001525878906,49.2086067199707
17-05-2019,51.400001525878906,51.400001525878906,0,51.400001525878906,51.400001525878906,49.2086067199707
20-05-2019,51.400001525878906,51.400001525878906,0,51.400001525878906,51.400001525878906,49.2086067199707
21-05-2019,51.400001525878906,51.400001525878906,0,51.400001525878906,51.400001525878906,49.2086067199707
22-05-2019,51.400001525878906,51.400001525878906,0,51.400001525878906,51.400001525878906,49.2086067199707
23-05-2019,51.400001525878906,51.400001525878906,0,51.400001525878906,51.400001525878906,49.2086067199707
24-05-2019,51.400001525878906,51.400001525878906,0,51.400001525878906,51.400001525878906,49.2086067199707
28-05-2019,51.400001525878906,51.400001525878906,0,51.400001525878906,51.400001525878906,49.2086067199707
29-05-2019,51.400001525878906,51.400001525878906,0,51.400001525878906,51.400001525878906,49.2086067199707
30-05-2019,51.400001525878906,51.400001525878906,0,51.400001525878906,51.400001525878906,49.2086067199707
31-05-2019,51.400001525878906,51.400001525878906,0,51.400001525878906,51.400001525878906,49.2086067199707
03-06-2019,51.400001525878906,51.400001525878906,0,51.400001525878906,51.400001525878906,49.2086067199707
04-06-2019,51.400001525878906,51.400001525878906,0,51.400001525878906,51.400001525878906,49.2086067199707
05-06-2019,51.400001525878906,51.400001525878906,0,51.400001525878906,51.400001525878906,49.2086067199707
06-06-2019,51.400001525878906,51.400001525878906,0,51.400001525878906,51.400001525878906,49.2086067199707
07-06-2019,51.400001525878906,51.400001525878906,0,51.400001525878906,51.400001525878906,49.2086067199707
10-06-2019,51.400001525878906,51.400001525878906,0,51.400001525878906,51.400001525878906,49.2086067199707
11-06-2019,51.400001525878906,51.400001525878906,0,51.400001525878906,51.400001525878906,49.2086067199707
12-06-2019,51.400001525878906,51.400001525878906,0,51.400001525878906,51.400001525878906,49.2086067199707
13-06-2019,51.400001525878906,51.400001525878906,0,51.400001525878906,51.400001525878906,49.2086067199707
14-06-2019,51.400001525878906,51.400001525878906,0,51.400001525878906,51.400001525878906,49.2086067199707
17-06-2019,51.400001525878906,51.400001525878906,0,51.400001525878906,51.400001525878906,49.2086067199707
18-06-2019,51.400001525878906,51.400001525878906,0,51.400001525878906,51.400001525878906,49.2086067199707
19-06-2019,51.400001525878906,51.400001525878906,0,51.400001525878906,51.400001525878906,49.2086067199707
20-06-2019,51.400001525878906,51.400001525878906,0,51.400001525878906,51.400001525878906,49.2086067199707
21-06-2019,51.400001525878906,51.400001525878906,0,51.400001525878906,51.400001525878906,49.2086067199707
24-06-2019,51.400001525878906,51.400001525878906,0,51.400001525878906,51.400001525878906,49.2086067199707
25-06-2019,51.400001525878906,51.400001525878906,0,51.400001525878906,51.400001525878906,49.2086067199707
26-06-2019,51.400001525878906,51.400001525878906,0,51.400001525878906,51.400001525878906,49.2086067199707
27-06-2019,51.400001525878906,51.400001525878906,0,51.400001525878906,51.400001525878906,49.2086067199707
28-06-2019,51.400001525878906,51.400001525878906,0,51.400001525878906,51.400001525878906,49.2086067199707
01-07-2019,51.400001525878906,51.400001525878906,0,51.400001525878906,51.400001525878906,49.2086067199707
02-07-2019,51.400001525878906,51.400001525878906,0,51.400001525878906,51.400001525878906,49.2086067199707
03-07-2019,51.400001525878906,51.400001525878906,0,51.400001525878906,51.400001525878906,49.2086067199707
05-07-2019,51.400001525878906,51.400001525878906,0,51.400001525878906,51.400001525878906,49.2086067199707
08-07-2019,51.400001525878906,51.400001525878906,0,51.400001525878906,51.400001525878906,49.2086067199707
09-07-2019,51.400001525878906,51.400001525878906,0,51.400001525878906,51.400001525878906,49.2086067199707
10-07-2019,51.400001525878906,51.400001525878906,0,51.400001525878906,51.400001525878906,49.2086067199707
11-07-2019,51.400001525878906,51.400001525878906,0,51.400001525878906,51.400001525878906,49.2086067199707
12-07-2019,51.400001525878906,51.400001525878906,0,51.400001525878906,51.400001525878906,49.2086067199707
15-07-2019,51.400001525878906,51.400001525878906,0,51.400001525878906,51.400001525878906,49.2086067199707
16-07-2019,51.400001525878906,51.400001525878906,0,51.400001525878906,51.400001525878906,49.2086067199707
17-07-2019,51.400001525878906,51.400001525878906,0,51.400001525878906,51.400001525878906,49.2086067199707
18-07-2019,51.400001525878906,51.400001525878906,0,51.400001525878906,51.400001525878906,49.2086067199707
19-07-2019,51.400001525878906,51.400001525878906,0,51.400001525878906,51.400001525878906,49.2086067199707
22-07-2019,51.400001525878906,51.400001525878906,0,51.400001525878906,51.400001525878906,49.2086067199707
23-07-2019,51.400001525878906,51.400001525878906,0,51.400001525878906,51.400001525878906,49.2086067199707
24-07-2019,51.400001525878906,51.400001525878906,0,51.400001525878906,51.400001525878906,49.2086067199707
25-07-2019,51.400001525878906,51.400001525878906,0,51.400001525878906,51.400001525878906,49.2086067199707
26-07-2019,51.400001525878906,51.400001525878906,0,51.400001525878906,51.400001525878906,49.2086067199707
29-07-2019,51.400001525878906,51.400001525878906,0,51.400001525878906,51.400001525878906,49.2086067199707
30-07-2019,51.400001525878906,51.400001525878906,0,51.400001525878906,51.400001525878906,49.2086067199707
31-07-2019,51.400001525878906,51.400001525878906,0,51.400001525878906,51.400001525878906,49.2086067199707
01-08-2019,51.400001525878906,51.400001525878906,0,51.400001525878906,51.400001525878906,49.2086067199707
02-08-2019,51.400001525878906,51.400001525878906,0,51.400001525878906,51.400001525878906,49.2086067199707
05-08-2019,51.400001525878906,51.400001525878906,0,51.400001525878906,51.400001525878906,49.2086067199707
06-08-2019,51.400001525878906,51.400001525878906,0,51.400001525878906,51.400001525878906,49.2086067199707
07-08-2019,51.400001525878906,51.400001525878906,0,51.400001525878906,51.400001525878906,49.2086067199707
08-08-2019,51.400001525878906,51.400001525878906,0,51.400001525878906,51.400001525878906,49.2086067199707
09-08-2019,51.400001525878906,51.400001525878906,0,51.400001525878906,51.400001525878906,49.2086067199707
12-08-2019,51.400001525878906,51.400001525878906,0,51.400001525878906,51.400001525878906,49.2086067199707
13-08-2019,51.400001525878906,51.400001525878906,0,51.400001525878906,51.400001525878906,49.2086067199707
14-08-2019,51.400001525878906,51.400001525878906,0,51.400001525878906,51.400001525878906,49.2086067199707
15-08-2019,51.400001525878906,51.400001525878906,0,51.400001525878906,51.400001525878906,49.2086067199707
16-08-2019,51.400001525878906,51.400001525878906,0,51.400001525878906,51.400001525878906,49.2086067199707
19-08-2019,51.400001525878906,51.400001525878906,0,51.400001525878906,51.400001525878906,49.2086067199707
20-08-2019,51.400001525878906,51.400001525878906,0,51.400001525878906,51.400001525878906,49.2086067199707
21-08-2019,51.400001525878906,51.400001525878906,0,51.400001525878906,51.400001525878906,49.2086067199707
22-08-2019,51.400001525878906,51.400001525878906,0,51.400001525878906,51.400001525878906,49.2086067199707
23-08-2019,51.400001525878906,51.400001525878906,0,51.400001525878906,51.400001525878906,49.2086067199707
26-08-2019,51.400001525878906,51.400001525878906,0,51.400001525878906,51.400001525878906,49.2086067199707
27-08-2019,51.400001525878906,51.400001525878906,0,51.400001525878906,51.400001525878906,49.2086067199707
28-08-2019,51.400001525878906,51.400001525878906,0,51.400001525878906,51.400001525878906,49.2086067199707
29-08-2019,51.400001525878906,51.400001525878906,0,51.400001525878906,51.400001525878906,49.2086067199707
30-08-2019,51.400001525878906,51.400001525878906,0,51.400001525878906,51.400001525878906,49.2086067199707
03-09-2019,51.400001525878906,51.400001525878906,0,51.400001525878906,51.400001525878906,49.2086067199707
04-09-2019,51.400001525878906,51.400001525878906,0,51.400001525878906,51.400001525878906,49.2086067199707
05-09-2019,51.400001525878906,51.400001525878906,0,51.400001525878906,51.400001525878906,49.2086067199707
06-09-2019,51.400001525878906,51.400001525878906,0,51.400001525878906,51.400001525878906,49.2086067199707
09-09-2019,51.400001525878906,51.400001525878906,0,51.400001525878906,51.400001525878906,49.2086067199707
10-09-2019,51.400001525878906,51.400001525878906,0,51.400001525878906,51.400001525878906,49.2086067199707
11-09-2019,51.400001525878906,51.400001525878906,0,51.400001525878906,51.400001525878906,49.2086067199707
12-09-2019,51.400001525878906,51.400001525878906,0,51.400001525878906,51.400001525878906,49.2086067199707
13-09-2019,51.400001525878906,51.400001525878906,0,51.400001525878906,51.400001525878906,49.2086067199707
16-09-2019,51.400001525878906,51.400001525878906,0,51.400001525878906,51.400001525878906,49.2086067199707
17-09-2019,51.400001525878906,51.400001525878906,0,51.400001525878906,51.400001525878906,49.2086067199707
18-09-2019,51.400001525878906,51.400001525878906,0,51.400001525878906,51.400001525878906,49.2086067199707
19-09-2019,51.400001525878906,51.400001525878906,0,51.400001525878906,51.400001525878906,49.2086067199707
20-09-2019,51.400001525878906,51.400001525878906,0,51.400001525878906,51.400001525878906,49.2086067199707
23-09-2019,51.400001525878906,51.400001525878906,0,51.400001525878906,51.400001525878906,49.2086067199707
24-09-2019,51.400001525878906,51.400001525878906,0,51.400001525878906,51.400001525878906,49.2086067199707
25-09-2019,51.400001525878906,51.400001525878906,0,51.400001525878906,51.400001525878906,49.2086067199707
26-09-2019,51.400001525878906,51.400001525878906,0,51.400001525878906,51.400001525878906,49.2086067199707
27-09-2019,51.400001525878906,51.400001525878906,0,51.400001525878906,51.400001525878906,49.2086067199707
30-09-2019,51.400001525878906,51.400001525878906,0,51.400001525878906,51.400001525878906,49.2086067199707
01-10-2019,51.400001525878906,51.400001525878906,0,51.400001525878906,51.400001525878906,49.2086067199707
02-10-2019,51.400001525878906,51.400001525878906,0,51.400001525878906,51.400001525878906,49.2086067199707
03-10-2019,51.400001525878906,51.400001525878906,0,51.400001525878906,51.400001525878906,49.2086067199707
04-10-2019,51.400001525878906,51.400001525878906,0,51.400001525878906,51.400001525878906,49.2086067199707
07-10-2019,51.400001525878906,51.400001525878906,0,51.400001525878906,51.400001525878906,49.2086067199707
08-10-2019,51.400001525878906,51.400001525878906,0,51.400001525878906,51.400001525878906,49.2086067199707
09-10-2019,51.400001525878906,51.400001525878906,0,51.400001525878906,51.400001525878906,49.49024200439453
10-10-2019,51.400001525878906,51.400001525878906,0,51.400001525878906,51.400001525878906,49.49024200439453
11-10-2019,51.400001525878906,51.400001525878906,0,51.400001525878906,51.400001525878906,49.49024200439453
14-10-2019,51.400001525878906,51.400001525878906,0,51.400001525878906,51.400001525878906,49.49024200439453
15-10-2019,51.400001525878906,51.400001525878906,0,51.400001525878906,51.400001525878906,49.49024200439453
16-10-2019,51.400001525878906,51.400001525878906,0,51.400001525878906,51.400001525878906,49.49024200439453
17-10-2019,51.400001525878906,51.400001525878906,0,51.400001525878906,51.400001525878906,49.49024200439453
18-10-2019,51.400001525878906,51.400001525878906,0,51.400001525878906,51.400001525878906,49.49024200439453
21-10-2019,51.400001525878906,51.400001525878906,0,51.400001525878906,51.400001525878906,49.49024200439453
22-10-2019,51.400001525878906,51.400001525878906,0,51.400001525878906,51.400001525878906,49.49024200439453
23-10-2019,51.400001525878906,51.400001525878906,0,51.400001525878906,51.400001525878906,49.49024200439453
24-10-2019,51.400001525878906,51.400001525878906,0,51.400001525878906,51.400001525878906,49.49024200439453
25-10-2019,51.400001525878906,51.400001525878906,0,51.400001525878906,51.400001525878906,49.49024200439453
28-10-2019,51.400001525878906,51.400001525878906,0,51.400001525878906,51.400001525878906,49.49024200439453
29-10-2019,51.400001525878906,51.400001525878906,0,51.400001525878906,51.400001525878906,49.49024200439453
30-10-2019,51.400001525878906,51.400001525878906,0,51.400001525878906,51.400001525878906,49.49024200439453
31-10-2019,51.400001525878906,51.400001525878906,0,51.400001525878906,51.400001525878906,49.49024200439453
01-11-2019,51.400001525878906,51.400001525878906,0,51.400001525878906,51.400001525878906,49.49024200439453
04-11-2019,51.400001525878906,51.400001525878906,0,51.400001525878906,51.400001525878906,49.49024200439453
05-11-2019,51.400001525878906,51.400001525878906,0,51.400001525878906,51.400001525878906,49.49024200439453
06-11-2019,51.400001525878906,51.400001525878906,0,51.400001525878906,51.400001525878906,49.49024200439453
07-11-2019,51.400001525878906,51.400001525878906,0,51.400001525878906,51.400001525878906,49.49024200439453
08-11-2019,51.400001525878906,51.400001525878906,0,51.400001525878906,51.400001525878906,49.49024200439453
11-11-2019,51.400001525878906,51.400001525878906,0,51.400001525878906,51.400001525878906,49.49024200439453
12-11-2019,51.400001525878906,51.400001525878906,0,51.400001525878906,51.400001525878906,49.49024200439453
13-11-2019,51.400001525878906,51.400001525878906,0,51.400001525878906,51.400001525878906,49.49024200439453
14-11-2019,51.400001525878906,51.400001525878906,0,51.400001525878906,51.400001525878906,49.49024200439453
15-11-2019,51.400001525878906,51.400001525878906,0,51.400001525878906,51.400001525878906,49.49024200439453
18-11-2019,51.400001525878906,51.400001525878906,0,51.400001525878906,51.400001525878906,49.49024200439453
19-11-2019,51.400001525878906,51.400001525878906,0,51.400001525878906,51.400001525878906,49.49024200439453
20-11-2019,51.400001525878906,51.400001525878906,0,51.400001525878906,51.400001525878906,49.49024200439453
21-11-2019,51.400001525878906,51.400001525878906,0,51.400001525878906,51.400001525878906,49.49024200439453
22-11-2019,51.400001525878906,51.400001525878906,0,51.400001525878906,51.400001525878906,49.49024200439453
25-11-2019,51.400001525878906,51.400001525878906,0,51.400001525878906,51.400001525878906,49.49024200439453
26-11-2019,51.400001525878906,51.400001525878906,0,51.400001525878906,51.400001525878906,49.49024200439453
27-11-2019,51.400001525878906,51.400001525878906,0,51.400001525878906,51.400001525878906,49.49024200439453
29-11-2019,51.400001525878906,51.400001525878906,0,51.400001525878906,51.400001525878906,49.49024200439453
02-12-2019,51.400001525878906,51.400001525878906,0,51.400001525878906,51.400001525878906,49.49024200439453
03-12-2019,51.400001525878906,51.400001525878906,0,51.400001525878906,51.400001525878906,49.49024200439453
04-12-2019,51.400001525878906,51.400001525878906,0,51.400001525878906,51.400001525878906,49.49024200439453
05-12-2019,51.400001525878906,51.400001525878906,0,51.400001525878906,51.400001525878906,49.49024200439453
06-12-2019,51.400001525878906,51.400001525878906,0,51.400001525878906,51.400001525878906,49.49024200439453
09-12-2019,51.400001525878906,51.400001525878906,0,51.400001525878906,51.400001525878906,49.49024200439453
10-12-2019,51.400001525878906,51.400001525878906,0,51.400001525878906,51.400001525878906,49.49024200439453
11-12-2019,51.400001525878906,51.400001525878906,0,51.400001525878906,51.400001525878906,49.49024200439453
12-12-2019,51.400001525878906,51.400001525878906,0,51.400001525878906,51.400001525878906,49.49024200439453
13-12-2019,51.400001525878906,51.400001525878906,0,51.400001525878906,51.400001525878906,49.49024200439453
16-12-2019,51.400001525878906,51.400001525878906,0,51.400001525878906,51.400001525878906,49.49024200439453
17-12-2019,51.400001525878906,51.400001525878906,0,51.400001525878906,51.400001525878906,49.49024200439453
18-12-2019,51.400001525878906,51.400001525878906,0,51.400001525878906,51.400001525878906,49.49024200439453
19-12-2019,51.400001525878906,51.400001525878906,0,51.400001525878906,51.400001525878906,49.49024200439453
20-12-2019,51.400001525878906,51.400001525878906,0,51.400001525878906,51.400001525878906,49.49024200439453
23-12-2019,51.400001525878906,51.400001525878906,0,51.400001525878906,51.400001525878906,49.49024200439453
24-12-2019,51.400001525878906,51.400001525878906,0,51.400001525878906,51.400001525878906,49.49024200439453
26-12-2019,51.400001525878906,51.400001525878906,0,51.400001525878906,51.400001525878906,49.49024200439453
27-12-2019,51.400001525878906,51.400001525878906,0,51.400001525878906,51.400001525878906,49.49024200439453
30-12-2019,51.400001525878906,51.400001525878906,0,51.400001525878906,51.400001525878906,49.49024200439453
31-12-2019,51.400001525878906,51.400001525878906,0,51.400001525878906,51.400001525878906,49.49024200439453
02-01-2020,51.400001525878906,51.400001525878906,0,51.400001525878906,51.400001525878906,49.49024200439453
03-01-2020,51.400001525878906,51.400001525878906,0,51.400001525878906,51.400001525878906,49.49024200439453
06-01-2020,51.400001525878906,51.400001525878906,0,51.400001525878906,51.400001525878906,49.49024200439453
07-01-2020,51.400001525878906,51.400001525878906,0,51.400001525878906,51.400001525878906,49.49024200439453
08-01-2020,51.400001525878906,51.400001525878906,0,51.400001525878906,51.400001525878906,49.49024200439453
09-01-2020,51.400001525878906,51.400001525878906,0,51.400001525878906,51.400001525878906,49.49024200439453
10-01-2020,51.400001525878906,51.400001525878906,0,51.400001525878906,51.400001525878906,49.49024200439453
13-01-2020,51.400001525878906,51.400001525878906,0,51.400001525878906,51.400001525878906,49.49024200439453
14-01-2020,51.400001525878906,51.400001525878906,0,51.400001525878906,51.400001525878906,49.49024200439453
15-01-2020,51.400001525878906,51.400001525878906,0,51.400001525878906,51.400001525878906,49.49024200439453
16-01-2020,51.400001525878906,51.400001525878906,0,51.400001525878906,51.400001525878906,49.49024200439453
17-01-2020,51.400001525878906,51.400001525878906,0,51.400001525878906,51.400001525878906,49.49024200439453
21-01-2020,51.400001525878906,51.400001525878906,0,51.400001525878906,51.400001525878906,49.49024200439453
22-01-2020,51.400001525878906,51.400001525878906,0,51.400001525878906,51.400001525878906,49.49024200439453
23-01-2020,51.400001525878906,51.400001525878906,0,51.400001525878906,51.400001525878906,49.49024200439453
24-01-2020,51.400001525878906,51.400001525878906,0,51.400001525878906,51.400001525878906,49.49024200439453
27-01-2020,51.400001525878906,51.400001525878906,0,51.400001525878906,51.400001525878906,49.49024200439453
28-01-2020,51.400001525878906,51.400001525878906,0,51.400001525878906,51.400001525878906,49.49024200439453
29-01-2020,51.400001525878906,51.400001525878906,0,51.400001525878906,51.400001525878906,49.49024200439453
30-01-2020,51.400001525878906,51.400001525878906,0,51.400001525878906,51.400001525878906,49.49024200439453
31-01-2020,51.400001525878906,51.400001525878906,0,51.400001525878906,51.400001525878906,49.49024200439453
03-02-2020,51.400001525878906,51.400001525878906,0,51.400001525878906,51.400001525878906,49.49024200439453
04-02-2020,51.400001525878906,51.400001525878906,0,51.400001525878906,51.400001525878906,49.49024200439453
05-02-2020,51.400001525878906,51.400001525878906,0,51.400001525878906,51.400001525878906,49.49024200439453
06-02-2020,51.400001525878906,51.400001525878906,0,51.400001525878906,51.400001525878906,49.49024200439453
07-02-2020,51.400001525878906,51.400001525878906,0,51.400001525878906,51.400001525878906,49.49024200439453
10-02-2020,51.400001525878906,51.400001525878906,0,51.400001525878906,51.400001525878906,49.49024200439453
11-02-2020,51.400001525878906,51.400001525878906,0,51.400001525878906,51.400001525878906,49.49024200439453
12-02-2020,51.400001525878906,51.400001525878906,0,51.400001525878906,51.400001525878906,49.49024200439453
13-02-2020,51.400001525878906,51.400001525878906,0,51.400001525878906,51.400001525878906,49.49024200439453
14-02-2020,51.400001525878906,51.400001525878906,0,51.400001525878906,51.400001525878906,49.49024200439453
18-02-2020,51.400001525878906,51.400001525878906,0,51.400001525878906,51.400001525878906,49.49024200439453
19-02-2020,51.400001525878906,51.400001525878906,0,51.400001525878906,51.400001525878906,49.49024200439453
20-02-2020,51.400001525878906,51.400001525878906,0,51.400001525878906,51.400001525878906,49.49024200439453
21-02-2020,51.400001525878906,51.400001525878906,0,51.400001525878906,51.400001525878906,49.49024200439453
24-02-2020,51.400001525878906,51.400001525878906,0,51.400001525878906,51.400001525878906,49.49024200439453
25-02-2020,51.400001525878906,51.400001525878906,0,51.400001525878906,51.400001525878906,49.49024200439453
26-02-2020,51.400001525878906,51.400001525878906,0,51.400001525878906,51.400001525878906,49.49024200439453
27-02-2020,51.400001525878906,51.400001525878906,0,51.400001525878906,51.400001525878906,49.49024200439453
28-02-2020,51.400001525878906,51.400001525878906,0,51.400001525878906,51.400001525878906,49.49024200439453
02-03-2020,51.400001525878906,51.400001525878906,0,51.400001525878906,51.400001525878906,49.49024200439453
03-03-2020,51.400001525878906,51.400001525878906,0,51.400001525878906,51.400001525878906,49.49024200439453
04-03-2020,51.400001525878906,51.400001525878906,0,51.400001525878906,51.400001525878906,49.49024200439453
05-03-2020,51.400001525878906,51.400001525878906,0,51.400001525878906,51.400001525878906,49.49024200439453
06-03-2020,51.400001525878906,51.400001525878906,0,51.400001525878906,51.400001525878906,49.49024200439453
09-03-2020,51.400001525878906,51.400001525878906,0,51.400001525878906,51.400001525878906,49.49024200439453
10-03-2020,51.400001525878906,51.400001525878906,0,51.400001525878906,51.400001525878906,49.49024200439453
11-03-2020,51.400001525878906,51.400001525878906,0,51.400001525878906,51.400001525878906,49.49024200439453
12-03-2020,51.400001525878906,51.400001525878906,0,51.400001525878906,51.400001525878906,49.49024200439453
13-03-2020,51.400001525878906,51.400001525878906,0,51.400001525878906,51.400001525878906,49.49024200439453
16-03-2020,51.400001525878906,51.400001525878906,0,51.400001525878906,51.400001525878906,49.49024200439453
17-03-2020,51.400001525878906,51.400001525878906,0,51.400001525878906,51.400001525878906,49.49024200439453
18-03-2020,51.400001525878906,51.400001525878906,0,51.400001525878906,51.400001525878906,49.49024200439453
19-03-2020,51.400001525878906,51.400001525878906,0,51.400001525878906,51.400001525878906,49.49024200439453
20-03-2020,51.400001525878906,51.400001525878906,0,51.400001525878906,51.400001525878906,49.49024200439453
23-03-2020,51.400001525878906,51.400001525878906,0,51.400001525878906,51.400001525878906,49.49024200439453
24-03-2020,51.400001525878906,51.400001525878906,0,51.400001525878906,51.400001525878906,49.49024200439453
25-03-2020,51.400001525878906,51.400001525878906,0,51.400001525878906,51.400001525878906,49.49024200439453
26-03-2020,51.400001525878906,51.400001525878906,0,51.400001525878906,51.400001525878906,49.49024200439453
27-03-2020,51.400001525878906,51.400001525878906,0,51.400001525878906,51.400001525878906,49.49024200439453
30-03-2020,51.400001525878906,51.400001525878906,0,51.400001525878906,51.400001525878906,49.49024200439453
31-03-2020,51.400001525878906,51.400001525878906,0,51.400001525878906,51.400001525878906,49.49024200439453
01-04-2020,51.400001525878906,51.400001525878906,0,51.400001525878906,51.400001525878906,49.49024200439453
02-04-2020,51.400001525878906,51.400001525878906,0,51.400001525878906,51.400001525878906,49.49024200439453
03-04-2020,51.400001525878906,51.400001525878906,0,51.400001525878906,51.400001525878906,49.49024200439453
06-04-2020,51.400001525878906,51.400001525878906,0,51.400001525878906,51.400001525878906,49.49024200439453
07-04-2020,51.400001525878906,51.400001525878906,0,51.400001525878906,51.400001525878906,49.49024200439453
08-04-2020,51.400001525878906,51.400001525878906,0,51.400001525878906,51.400001525878906,49.49024200439453
09-04-2020,51.400001525878906,51.400001525878906,0,51.400001525878906,51.400001525878906,49.49024200439453
13-04-2020,51.400001525878906,51.400001525878906,0,51.400001525878906,51.400001525878906,49.49024200439453
14-04-2020,51.400001525878906,51.400001525878906,0,51.400001525878906,51.400001525878906,49.49024200439453
15-04-2020,51.400001525878906,51.400001525878906,0,51.400001525878906,51.400001525878906,49.49024200439453
16-04-2020,51.400001525878906,51.400001525878906,0,51.400001525878906,51.400001525878906,49.49024200439453
17-04-2020,51.400001525878906,51.400001525878906,0,51.400001525878906,51.400001525878906,49.49024200439453
20-04-2020,51.400001525878906,51.400001525878906,0,51.400001525878906,51.400001525878906,49.49024200439453
21-04-2020,51.400001525878906,51.400001525878906,0,51.400001525878906,51.400001525878906,49.49024200439453
22-04-2020,51.400001525878906,51.400001525878906,0,51.400001525878906,51.400001525878906,49.49024200439453
23-04-2020,51.400001525878906,51.400001525878906,0,51.400001525878906,51.400001525878906,49.49024200439453
24-04-2020,51.400001525878906,51.400001525878906,0,51.400001525878906,51.400001525878906,49.49024200439453
27-04-2020,51.400001525878906,51.400001525878906,0,51.400001525878906,51.400001525878906,49.49024200439453
28-04-2020,51.400001525878906,51.400001525878906,0,51.400001525878906,51.400001525878906,49.49024200439453
29-04-2020,51.400001525878906,51.400001525878906,0,51.400001525878906,51.400001525878906,49.80028533935547
30-04-2020,51.400001525878906,51.400001525878906,0,51.400001525878906,51.400001525878906,49.80028533935547
01-05-2020,51.400001525878906,51.400001525878906,0,51.400001525878906,51.400001525878906,49.80028533935547
04-05-2020,51.400001525878906,51.400001525878906,0,51.400001525878906,51.400001525878906,49.80028533935547
05-05-2020,51.400001525878906,51.400001525878906,0,51.400001525878906,51.400001525878906,49.80028533935547
06-05-2020,51.400001525878906,51.400001525878906,0,51.400001525878906,51.400001525878906,49.80028533935547
07-05-2020,51.400001525878906,51.400001525878906,0,51.400001525878906,51.400001525878906,49.80028533935547
08-05-2020,51.400001525878906,51.400001525878906,0,51.400001525878906,51.400001525878906,49.80028533935547
11-05-2020,51.400001525878906,51.400001525878906,0,51.400001525878906,51.400001525878906,49.80028533935547
12-05-2020,51.400001525878906,51.400001525878906,0,51.400001525878906,51.400001525878906,49.80028533935547
13-05-2020,51.400001525878906,51.400001525878906,0,51.400001525878906,51.400001525878906,49.80028533935547
14-05-2020,51.400001525878906,51.400001525878906,0,51.400001525878906,51.400001525878906,49.80028533935547
15-05-2020,51.400001525878906,51.400001525878906,0,51.400001525878906,51.400001525878906,49.80028533935547
18-05-2020,51.400001525878906,51.400001525878906,0,51.400001525878906,51.400001525878906,49.80028533935547
19-05-2020,51.400001525878906,51.400001525878906,0,51.400001525878906,51.400001525878906,49.80028533935547
20-05-2020,51.400001525878906,51.400001525878906,0,51.400001525878906,51.400001525878906,49.80028533935547
21-05-2020,51.400001525878906,51.400001525878906,0,51.400001525878906,51.400001525878906,49.80028533935547
22-05-2020,51.400001525878906,51.400001525878906,0,51.400001525878906,51.400001525878906,49.80028533935547
26-05-2020,51.400001525878906,51.400001525878906,0,51.400001525878906,51.400001525878906,49.80028533935547
27-05-2020,51.400001525878906,51.400001525878906,0,51.400001525878906,51.400001525878906,49.80028533935547
28-05-2020,51.400001525878906,51.400001525878906,0,51.400001525878906,51.400001525878906,49.80028533935547
29-05-2020,51.400001525878906,51.400001525878906,0,51.400001525878906,51.400001525878906,49.80028533935547
01-06-2020,51.400001525878906,51.400001525878906,0,51.400001525878906,51.400001525878906,49.80028533935547
02-06-2020,51.400001525878906,51.400001525878906,0,51.400001525878906,51.400001525878906,49.80028533935547
03-06-2020,51.400001525878906,51.400001525878906,0,51.400001525878906,51.400001525878906,49.80028533935547
04-06-2020,51.400001525878906,51.400001525878906,0,51.400001525878906,51.400001525878906,49.80028533935547
05-06-2020,51.400001525878906,51.400001525878906,0,51.400001525878906,51.400001525878906,49.80028533935547
08-06-2020,51.400001525878906,51.400001525878906,0,51.400001525878906,51.400001525878906,49.80028533935547
09-06-2020,51.400001525878906,51.400001525878906,0,51.400001525878906,51.400001525878906,49.80028533935547
10-06-2020,51.400001525878906,51.400001525878906,0,51.400001525878906,51.400001525878906,49.80028533935547
11-06-2020,51.400001525878906,51.400001525878906,0,51.400001525878906,51.400001525878906,49.80028533935547
12-06-2020,51.400001525878906,51.400001525878906,0,51.400001525878906,51.400001525878906,49.80028533935547
15-06-2020,51.400001525878906,51.400001525878906,0,51.400001525878906,51.400001525878906,49.80028533935547
16-06-2020,51.400001525878906,51.400001525878906,0,51.400001525878906,51.400001525878906,49.80028533935547
17-06-2020,51.400001525878906,51.400001525878906,0,51.400001525878906,51.400001525878906,49.80028533935547
18-06-2020,51.400001525878906,51.400001525878906,0,51.400001525878906,51.400001525878906,49.80028533935547
19-06-2020,51.400001525878906,51.400001525878906,0,51.400001525878906,51.400001525878906,49.80028533935547
22-06-2020,51.400001525878906,51.400001525878906,0,51.400001525878906,51.400001525878906,49.80028533935547
23-06-2020,51.400001525878906,51.400001525878906,0,51.400001525878906,51.400001525878906,49.80028533935547
24-06-2020,51.400001525878906,51.400001525878906,0,51.400001525878906,51.400001525878906,49.80028533935547
25-06-2020,51.400001525878906,51.400001525878906,0,51.400001525878906,51.400001525878906,49.80028533935547
26-06-2020,51.400001525878906,51.400001525878906,0,51.400001525878906,51.400001525878906,49.80028533935547
29-06-2020,51.400001525878906,51.400001525878906,0,51.400001525878906,51.400001525878906,49.80028533935547
30-06-2020,51.400001525878906,51.400001525878906,0,51.400001525878906,51.400001525878906,49.80028533935547
01-07-2020,51.400001525878906,51.400001525878906,0,51.400001525878906,51.400001525878906,49.80028533935547
02-07-2020,51.400001525878906,51.400001525878906,0,51.400001525878906,51.400001525878906,49.80028533935547
06-07-2020,51.400001525878906,51.400001525878906,0,51.400001525878906,51.400001525878906,49.80028533935547
07-07-2020,51.400001525878906,51.400001525878906,0,51.400001525878906,51.400001525878906,49.80028533935547
08-07-2020,51.400001525878906,51.400001525878906,0,51.400001525878906,51.400001525878906,49.80028533935547
09-07-2020,51.400001525878906,51.400001525878906,0,51.400001525878906,51.400001525878906,49.80028533935547
10-07-2020,51.400001525878906,51.400001525878906,0,51.400001525878906,51.400001525878906,49.80028533935547
13-07-2020,51.400001525878906,51.400001525878906,0,51.400001525878906,51.400001525878906,49.80028533935547
14-07-2020,51.400001525878906,51.400001525878906,0,51.400001525878906,51.400001525878906,49.80028533935547
15-07-2020,51.400001525878906,51.400001525878906,0,51.400001525878906,51.400001525878906,49.80028533935547
16-07-2020,51.400001525878906,51.400001525878906,0,51.400001525878906,51.400001525878906,49.80028533935547
17-07-2020,51.400001525878906,51.400001525878906,0,51.400001525878906,51.400001525878906,49.80028533935547
20-07-2020,51.400001525878906,51.400001525878906,0,51.400001525878906,51.400001525878906,49.80028533935547
21-07-2020,51.400001525878906,51.400001525878906,0,51.400001525878906,51.400001525878906,49.80028533935547
22-07-2020,51.400001525878906,51.400001525878906,0,51.400001525878906,51.400001525878906,49.80028533935547
23-07-2020,51.400001525878906,51.400001525878906,0,51.400001525878906,51.400001525878906,49.80028533935547
24-07-2020,51.400001525878906,51.400001525878906,0,51.400001525878906,51.400001525878906,49.80028533935547
27-07-2020,51.400001525878906,51.400001525878906,0,51.400001525878906,51.400001525878906,49.80028533935547
28-07-2020,51.400001525878906,51.400001525878906,0,51.400001525878906,51.400001525878906,49.80028533935547
29-07-2020,51.400001525878906,51.400001525878906,0,51.400001525878906,51.400001525878906,49.80028533935547
30-07-2020,51.400001525878906,51.400001525878906,0,51.400001525878906,51.400001525878906,49.80028533935547
31-07-2020,51.400001525878906,51.400001525878906,0,51.400001525878906,51.400001525878906,49.80028533935547
03-08-2020,51.400001525878906,51.400001525878906,0,51.400001525878906,51.400001525878906,49.80028533935547
04-08-2020,51.400001525878906,51.400001525878906,0,51.400001525878906,51.400001525878906,49.80028533935547
05-08-2020,51.400001525878906,51.400001525878906,0,51.400001525878906,51.400001525878906,49.80028533935547
06-08-2020,51.400001525878906,51.400001525878906,0,51.400001525878906,51.400001525878906,49.80028533935547
07-08-2020,51.400001525878906,51.400001525878906,0,51.400001525878906,51.400001525878906,49.80028533935547
10-08-2020,51.400001525878906,51.400001525878906,0,51.400001525878906,51.400001525878906,49.80028533935547
11-08-2020,51.400001525878906,51.400001525878906,0,51.400001525878906,51.400001525878906,49.80028533935547
12-08-2020,51.400001525878906,51.400001525878906,0,51.400001525878906,51.400001525878906,49.80028533935547
13-08-2020,51.400001525878906,51.400001525878906,0,51.400001525878906,51.400001525878906,49.80028533935547
14-08-2020,51.400001525878906,51.400001525878906,0,51.400001525878906,51.400001525878906,49.80028533935547
17-08-2020,51.400001525878906,51.400001525878906,0,51.400001525878906,51.400001525878906,49.80028533935547
18-08-2020,51.400001525878906,51.400001525878906,0,51.400001525878906,51.400001525878906,49.80028533935547
19-08-2020,51.400001525878906,51.400001525878906,0,51.400001525878906,51.400001525878906,49.80028533935547
20-08-2020,51.400001525878906,51.400001525878906,0,51.400001525878906,51.400001525878906,49.80028533935547
21-08-2020,51.400001525878906,51.400001525878906,0,51.400001525878906,51.400001525878906,49.80028533935547
24-08-2020,51.400001525878906,51.400001525878906,0,51.400001525878906,51.400001525878906,49.80028533935547
25-08-2020,51.400001525878906,51.400001525878906,0,51.400001525878906,51.400001525878906,49.80028533935547
26-08-2020,51.400001525878906,51.400001525878906,0,51.400001525878906,51.400001525878906,49.80028533935547
27-08-2020,51.400001525878906,51.400001525878906,0,51.400001525878906,51.400001525878906,49.80028533935547
28-08-2020,51.400001525878906,51.400001525878906,0,51.400001525878906,51.400001525878906,49.80028533935547
31-08-2020,51.400001525878906,51.400001525878906,0,51.400001525878906,51.400001525878906,49.80028533935547
01-09-2020,51.400001525878906,51.400001525878906,0,51.400001525878906,51.400001525878906,49.80028533935547
02-09-2020,51.400001525878906,51.400001525878906,0,51.400001525878906,51.400001525878906,49.80028533935547
03-09-2020,51.400001525878906,51.400001525878906,0,51.400001525878906,51.400001525878906,49.80028533935547
04-09-2020,51.400001525878906,51.400001525878906,0,51.400001525878906,51.400001525878906,49.80028533935547
08-09-2020,51.400001525878906,51.400001525878906,0,51.400001525878906,51.400001525878906,49.80028533935547
09-09-2020,51.400001525878906,51.400001525878906,0,51.400001525878906,51.400001525878906,49.80028533935547
10-09-2020,51.400001525878906,51.400001525878906,0,51.400001525878906,51.400001525878906,49.80028533935547
11-09-2020,51.400001525878906,51.400001525878906,0,51.400001525878906,51.400001525878906,49.80028533935547
14-09-2020,51.400001525878906,51.400001525878906,0,51.400001525878906,51.400001525878906,49.80028533935547
15-09-2020,51.400001525878906,51.400001525878906,0,51.400001525878906,51.400001525878906,49.80028533935547
16-09-2020,51.400001525878906,51.400001525878906,0,51.400001525878906,51.400001525878906,49.80028533935547
17-09-2020,51.400001525878906,51.400001525878906,0,51.400001525878906,51.400001525878906,49.80028533935547
18-09-2020,51.400001525878906,51.400001525878906,0,51.400001525878906,51.400001525878906,49.80028533935547
21-09-2020,51.400001525878906,51.400001525878906,0,51.400001525878906,51.400001525878906,49.80028533935547
22-09-2020,51.400001525878906,51.400001525878906,0,51.400001525878906,51.400001525878906,49.80028533935547
23-09-2020,51.400001525878906,51.400001525878906,0,51.400001525878906,51.400001525878906,49.80028533935547
24-09-2020,51.400001525878906,51.400001525878906,0,51.400001525878906,51.400001525878906,49.80028533935547
25-09-2020,51.400001525878906,51.400001525878906,0,51.400001525878906,51.400001525878906,49.80028533935547
28-09-2020,51.400001525878906,51.400001525878906,0,51.400001525878906,51.400001525878906,49.80028533935547
29-09-2020,51.400001525878906,51.400001525878906,0,51.400001525878906,51.400001525878906,49.80028533935547
30-09-2020,51.400001525878906,51.400001525878906,0,51.400001525878906,51.400001525878906,50.10245895385742
01-10-2020,51.400001525878906,51.400001525878906,0,51.400001525878906,51.400001525878906,50.10245895385742
02-10-2020,51.400001525878906,51.400001525878906,0,51.400001525878906,51.400001525878906,50.10245895385742
05-10-2020,51.400001525878906,51.400001525878906,0,51.400001525878906,51.400001525878906,50.10245895385742
06-10-2020,51.400001525878906,51.400001525878906,0,51.400001525878906,51.400001525878906,50.10245895385742
07-10-2020,51.400001525878906,51.400001525878906,0,51.400001525878906,51.400001525878906,50.10245895385742
08-10-2020,51.400001525878906,51.400001525878906,0,51.400001525878906,51.400001525878906,50.10245895385742
09-10-2020,51.400001525878906,51.400001525878906,0,51.400001525878906,51.400001525878906,50.10245895385742
12-10-2020,51.400001525878906,51.400001525878906,0,51.400001525878906,51.400001525878906,50.10245895385742
13-10-2020,51.400001525878906,51.400001525878906,0,51.400001525878906,51.400001525878906,50.10245895385742
14-10-2020,51.400001525878906,51.400001525878906,0,51.400001525878906,51.400001525878906,50.10245895385742
15-10-2020,51.400001525878906,51.400001525878906,0,51.400001525878906,51.400001525878906,50.10245895385742
16-10-2020,51.400001525878906,51.400001525878906,0,51.400001525878906,51.400001525878906,50.10245895385742
19-10-2020,51.400001525878906,51.400001525878906,0,51.400001525878906,51.400001525878906,50.10245895385742
20-10-2020,51.400001525878906,51.400001525878906,0,51.400001525878906,51.400001525878906,50.10245895385742
21-10-2020,51.400001525878906,51.400001525878906,0,51.400001525878906,51.400001525878906,50.10245895385742
22-10-2020,51.400001525878906,51.400001525878906,0,51.400001525878906,51.400001525878906,50.10245895385742
23-10-2020,51.400001525878906,51.400001525878906,0,51.400001525878906,51.400001525878906,50.10245895385742
26-10-2020,51.400001525878906,51.400001525878906,0,51.400001525878906,51.400001525878906,50.10245895385742
27-10-2020,51.400001525878906,51.400001525878906,0,51.400001525878906,51.400001525878906,50.10245895385742
28-10-2020,51.400001525878906,51.400001525878906,0,51.400001525878906,51.400001525878906,50.10245895385742
29-10-2020,51.400001525878906,51.400001525878906,0,51.400001525878906,51.400001525878906,50.10245895385742
30-10-2020,51.400001525878906,51.400001525878906,0,51.400001525878906,51.400001525878906,50.10245895385742
02-11-2020,51.400001525878906,51.400001525878906,0,51.400001525878906,51.400001525878906,50.10245895385742
03-11-2020,51.400001525878906,51.400001525878906,0,51.400001525878906,51.400001525878906,50.10245895385742
04-11-2020,51.400001525878906,51.400001525878906,0,51.400001525878906,51.400001525878906,50.10245895385742
05-11-2020,51.400001525878906,51.400001525878906,0,51.400001525878906,51.400001525878906,50.10245895385742
06-11-2020,51.400001525878906,51.400001525878906,0,51.400001525878906,51.400001525878906,50.10245895385742
09-11-2020,51.400001525878906,51.400001525878906,0,51.400001525878906,51.400001525878906,50.10245895385742
10-11-2020,51.400001525878906,51.400001525878906,0,51.400001525878906,51.400001525878906,50.10245895385742
11-11-2020,51.400001525878906,51.400001525878906,0,51.400001525878906,51.400001525878906,50.10245895385742
12-11-2020,51.400001525878906,51.400001525878906,0,51.400001525878906,51.400001525878906,50.10245895385742
13-11-2020,51.400001525878906,51.400001525878906,0,51.400001525878906,51.400001525878906,50.10245895385742
16-11-2020,51.400001525878906,51.400001525878906,0,51.400001525878906,51.400001525878906,50.10245895385742
17-11-2020,51.400001525878906,51.400001525878906,0,51.400001525878906,51.400001525878906,50.10245895385742
18-11-2020,51.400001525878906,51.400001525878906,0,51.400001525878906,51.400001525878906,50.10245895385742
19-11-2020,51.400001525878906,51.400001525878906,0,51.400001525878906,51.400001525878906,50.10245895385742
20-11-2020,51.400001525878906,51.400001525878906,0,51.400001525878906,51.400001525878906,50.10245895385742
23-11-2020,51.400001525878906,51.400001525878906,0,51.400001525878906,51.400001525878906,50.10245895385742
24-11-2020,51.400001525878906,51.400001525878906,0,51.400001525878906,51.400001525878906,50.10245895385742
25-11-2020,51.400001525878906,51.400001525878906,0,51.400001525878906,51.400001525878906,50.10245895385742
27-11-2020,51.400001525878906,51.400001525878906,0,51.400001525878906,51.400001525878906,50.10245895385742
30-11-2020,51.400001525878906,51.400001525878906,0,51.400001525878906,51.400001525878906,50.10245895385742
01-12-2020,51.400001525878906,51.400001525878906,0,51.400001525878906,51.400001525878906,50.10245895385742
02-12-2020,51.400001525878906,51.400001525878906,0,51.400001525878906,51.400001525878906,50.10245895385742
03-12-2020,51.400001525878906,51.400001525878906,0,51.400001525878906,51.400001525878906,50.10245895385742
04-12-2020,51.400001525878906,51.400001525878906,0,51.400001525878906,51.400001525878906,50.10245895385742
07-12-2020,51.400001525878906,51.400001525878906,0,51.400001525878906,51.400001525878906,50.10245895385742
08-12-2020,51.400001525878906,51.400001525878906,0,51.400001525878906,51.400001525878906,50.10245895385742
09-12-2020,51.400001525878906,51.400001525878906,0,51.400001525878906,51.400001525878906,50.10245895385742
10-12-2020,51.400001525878906,51.400001525878906,0,51.400001525878906,51.400001525878906,50.10245895385742
11-12-2020,51.400001525878906,51.400001525878906,0,51.400001525878906,51.400001525878906,50.10245895385742
14-12-2020,51.400001525878906,51.400001525878906,0,51.400001525878906,51.400001525878906,50.10245895385742
15-12-2020,51.400001525878906,51.400001525878906,0,51.400001525878906,51.400001525878906,50.10245895385742
16-12-2020,51.400001525878906,51.400001525878906,0,51.400001525878906,51.400001525878906,50.10245895385742
17-12-2020,51.400001525878906,51.400001525878906,0,51.400001525878906,51.400001525878906,50.10245895385742
18-12-2020,51.400001525878906,51.400001525878906,0,51.400001525878906,51.400001525878906,50.10245895385742
21-12-2020,51.400001525878906,51.400001525878906,0,51.400001525878906,51.400001525878906,50.10245895385742
22-12-2020,51.400001525878906,51.400001525878906,0,51.400001525878906,51.400001525878906,50.10245895385742
23-12-2020,51.400001525878906,51.400001525878906,0,51.400001525878906,51.400001525878906,50.10245895385742
24-12-2020,51.400001525878906,51.400001525878906,0,51.400001525878906,51.400001525878906,50.10245895385742
28-12-2020,51.400001525878906,51.400001525878906,0,51.400001525878906,51.400001525878906,50.10245895385742
29-12-2020,51.400001525878906,51.400001525878906,0,51.400001525878906,51.400001525878906,50.10245895385742
30-12-2020,51.400001525878906,51.400001525878906,0,51.400001525878906,51.400001525878906,50.10245895385742
31-12-2020,51.400001525878906,51.400001525878906,0,51.400001525878906,51.400001525878906,50.10245895385742
04-01-2021,26.399999618530277,26.399999618530277,100,26.399999618530277,26.399999618530277,25.73355865478516
05-01-2021,26.399999618530277,26.399999618530277,0,26.399999618530277,26.399999618530277,25.73355865478516
06-01-2021,26.399999618530277,26.399999618530277,0,26.399999618530277,26.399999618530277,25.73355865478516
07-01-2021,26.399999618530277,26.399999618530277,0,26.399999618530277,26.399999618530277,25.73355865478516
08-01-2021,26.399999618530277,26.399999618530277,0,26.399999618530277,26.399999618530277,25.73355865478516
11-01-2021,26.399999618530277,26.399999618530277,0,26.399999618530277,26.399999618530277,25.73355865478516
12-01-2021,26.399999618530277,26.399999618530277,0,26.399999618530277,26.399999618530277,25.73355865478516
13-01-2021,26.399999618530277,26.399999618530277,0,26.399999618530277,26.399999618530277,25.73355865478516
14-01-2021,26.399999618530277,26.399999618530277,0,26.399999618530277,26.399999618530277,25.73355865478516
15-01-2021,26.399999618530277,26.399999618530277,0,26.399999618530277,26.399999618530277,25.73355865478516
19-01-2021,26.399999618530277,26.399999618530277,0,26.399999618530277,26.399999618530277,25.73355865478516
20-01-2021,26.399999618530277,26.399999618530277,0,26.399999618530277,26.399999618530277,25.73355865478516
21-01-2021,26.399999618530277,26.399999618530277,0,26.399999618530277,26.399999618530277,25.73355865478516
22-01-2021,26.399999618530277,26.399999618530277,0,26.399999618530277,26.399999618530277,25.73355865478516
25-01-2021,26.399999618530277,26.399999618530277,0,26.399999618530277,26.399999618530277,25.73355865478516
26-01-2021,26.399999618530277,26.399999618530277,0,26.399999618530277,26.399999618530277,25.73355865478516
27-01-2021,26.399999618530277,26.399999618530277,0,26.399999618530277,26.399999618530277,25.73355865478516
28-01-2021,26.399999618530277,26.399999618530277,0,26.399999618530277,26.399999618530277,25.73355865478516
29-01-2021,25.5,25.5,300,25.5,25.5,24.856277465820312
01-02-2021,25.5,25.5,0,25.5,25.5,24.856277465820312
02-02-2021,25.5,25.5,0,25.5,25.5,24.856277465820312
03-02-2021,25.5,25.5,0,25.5,25.5,24.856277465820312
04-02-2021,25.5,25.5,0,25.5,25.5,24.856277465820312
05-02-2021,25.5,25.5,0,25.5,25.5,24.856277465820312
08-02-2021,25.5,25.5,0,25.5,25.5,24.856277465820312
09-02-2021,25.5,25.5,0,25.5,25.5,24.856277465820312
10-02-2021,25.5,25.5,0,25.5,25.5,24.856277465820312
11-02-2021,25.5,25.5,0,25.5,25.5,24.856277465820312
12-02-2021,25.5,25.5,0,25.5,25.5,24.856277465820312
16-02-2021,25.5,25.5,0,25.5,25.5,24.856277465820312
17-02-2021,25.5,25.5,0,25.5,25.5,24.856277465820312
18-02-2021,25.5,25.5,0,25.5,25.5,24.856277465820312
19-02-2021,25.5,25.5,0,25.5,25.5,24.856277465820312
22-02-2021,25.5,25.5,0,25.5,25.5,24.856277465820312
23-02-2021,25.5,25.5,0,25.5,25.5,24.856277465820312
24-02-2021,25.5,25.5,0,25.5,25.5,24.856277465820312
25-02-2021,25.5,25.5,0,25.5,25.5,24.856277465820312
26-02-2021,25.5,25.5,0,25.5,25.5,24.856277465820312
01-03-2021,25.5,25.5,0,25.5,25.5,24.856277465820312
02-03-2021,25.5,25.5,0,25.5,25.5,24.856277465820312
03-03-2021,25.5,25.5,0,25.5,25.5,24.856277465820312
04-03-2021,25.5,25.5,0,25.5,25.5,24.856277465820312
05-03-2021,25.5,25.5,0,25.5,25.5,24.856277465820312
08-03-2021,25.5,25.5,0,25.5,25.5,24.856277465820312
09-03-2021,25.5,25.5,0,25.5,25.5,24.856277465820312
10-03-2021,25.5,25.5,0,25.5,25.5,24.856277465820312
11-03-2021,25.5,25.5,0,25.5,25.5,24.856277465820312
12-03-2021,25.5,25.5,0,25.5,25.5,24.856277465820312
15-03-2021,25.5,25.5,0,25.5,25.5,24.856277465820312
16-03-2021,25.5,25.5,0,25.5,25.5,24.856277465820312
17-03-2021,25.5,25.5,0,25.5,25.5,24.856277465820312
18-03-2021,25.5,25.5,0,25.5,25.5,24.856277465820312
19-03-2021,25.5,25.5,0,25.5,25.5,24.856277465820312
22-03-2021,25.5,25.5,0,25.5,25.5,24.856277465820312
23-03-2021,25.5,25.5,0,25.5,25.5,24.856277465820312
24-03-2021,25.5,25.5,0,25.5,25.5,24.856277465820312
25-03-2021,25.5,25.5,0,25.5,25.5,24.856277465820312
26-03-2021,25.5,25.5,0,25.5,25.5,24.856277465820312
29-03-2021,25.5,25.5,0,25.5,25.5,24.856277465820312
30-03-2021,25.5,25.5,0,25.5,25.5,24.856277465820312
31-03-2021,25.5,25.5,0,25.5,25.5,24.856277465820312
01-04-2021,25.5,25.5,0,25.5,25.5,24.856277465820312
05-04-2021,25.5,25.5,0,25.5,25.5,24.856277465820312
06-04-2021,25.5,25.5,0,25.5,25.5,24.856277465820312
07-04-2021,25.5,25.5,0,25.5,25.5,24.856277465820312
08-04-2021,25.5,25.5,0,25.5,25.5,24.856277465820312
09-04-2021,25.5,25.5,0,25.5,25.5,24.856277465820312
12-04-2021,25.5,25.5,0,25.5,25.5,24.856277465820312
13-04-2021,25.5,25.5,0,25.5,25.5,25.232288360595703
14-04-2021,25.5,25.5,0,25.5,25.5,25.232288360595703
15-04-2021,25.5,25.5,0,25.5,25.5,25.232288360595703
16-04-2021,25.5,25.5,0,25.5,25.5,25.232288360595703
19-04-2021,25.5,25.5,0,25.5,25.5,25.232288360595703
20-04-2021,25.5,25.5,0,25.5,25.5,25.232288360595703
21-04-2021,25.5,25.5,0,25.5,25.5,25.232288360595703
22-04-2021,25.5,25.5,0,25.5,25.5,25.232288360595703
23-04-2021,25.5,25.5,0,25.5,25.5,25.232288360595703
26-04-2021,25.5,25.5,0,25.5,25.5,25.232288360595703
27-04-2021,25.5,25.5,0,25.5,25.5,25.232288360595703
28-04-2021,25.5,25.5,0,25.5,25.5,25.232288360595703
29-04-2021,25.5,25.5,0,25.5,25.5,25.232288360595703
30-04-2021,25.5,25.5,0,25.5,25.5,25.232288360595703
03-05-2021,25.5,25.5,0,25.5,25.5,25.232288360595703
04-05-2021,25.5,25.5,0,25.5,25.5,25.232288360595703
05-05-2021,25.5,25.5,0,25.5,25.5,25.232288360595703
06-05-2021,25.5,25.5,0,25.5,25.5,25.232288360595703
07-05-2021,25.5,25.5,0,25.5,25.5,25.232288360595703
10-05-2021,25.5,25.5,0,25.5,25.5,25.232288360595703
11-05-2021,25.5,25.5,0,25.5,25.5,25.232288360595703
12-05-2021,25.5,25.5,0,25.5,25.5,25.232288360595703
13-05-2021,25.5,25.5,0,25.5,25.5,25.232288360595703
14-05-2021,25.5,25.5,0,25.5,25.5,25.232288360595703
17-05-2021,25.5,25.5,0,25.5,25.5,25.232288360595703
18-05-2021,25.5,25.5,0,25.5,25.5,25.232288360595703
19-05-2021,25.5,25.5,0,25.5,25.5,25.232288360595703
20-05-2021,25.5,25.5,0,25.5,25.5,25.232288360595703
21-05-2021,25.5,25.5,0,25.5,25.5,25.232288360595703
24-05-2021,25.5,25.5,0,25.5,25.5,25.232288360595703
25-05-2021,25.5,25.5,0,25.5,25.5,25.232288360595703
26-05-2021,25.5,25.5,0,25.5,25.5,25.232288360595703
27-05-2021,25.5,25.5,0,25.5,25.5,25.232288360595703
28-05-2021,25.5,25.5,0,25.5,25.5,25.232288360595703
01-06-2021,25.5,25.5,0,25.5,25.5,25.232288360595703
02-06-2021,25.5,25.5,0,25.5,25.5,25.232288360595703
03-06-2021,25.5,25.5,0,25.5,25.5,25.232288360595703
04-06-2021,25.5,25.5,0,25.5,25.5,25.232288360595703
07-06-2021,25.5,25.5,0,25.5,25.5,25.232288360595703
08-06-2021,25.5,25.5,0,25.5,25.5,25.232288360595703
09-06-2021,25.5,25.5,0,25.5,25.5,25.232288360595703
10-06-2021,25.5,25.5,0,25.5,25.5,25.232288360595703
11-06-2021,25.5,25.5,0,25.5,25.5,25.232288360595703
14-06-2021,25.5,25.5,0,25.5,25.5,25.232288360595703
15-06-2021,25.5,25.5,0,25.5,25.5,25.232288360595703
16-06-2021,25.5,25.5,0,25.5,25.5,25.232288360595703
17-06-2021,25.5,25.5,0,25.5,25.5,25.232288360595703
18-06-2021,25.5,25.5,0,25.5,25.5,25.232288360595703
21-06-2021,25.5,25.5,0,25.5,25.5,25.232288360595703
22-06-2021,25.5,25.5,0,25.5,25.5,25.232288360595703
23-06-2021,25.5,25.5,0,25.5,25.5,25.232288360595703
24-06-2021,25.5,25.5,0,25.5,25.5,25.232288360595703
25-06-2021,25.5,25.5,0,25.5,25.5,25.232288360595703
28-06-2021,25.5,25.5,0,25.5,25.5,25.232288360595703
29-06-2021,25.5,25.5,0,25.5,25.5,25.232288360595703
30-06-2021,25.5,25.5,0,25.5,25.5,25.232288360595703
01-07-2021,25.5,25.5,0,25.5,25.5,25.232288360595703
02-07-2021,25.5,25.5,0,25.5,25.5,25.232288360595703
06-07-2021,25.5,25.5,0,25.5,25.5,25.232288360595703
07-07-2021,25.5,25.5,0,25.5,25.5,25.232288360595703
08-07-2021,25.5,25.5,0,25.5,25.5,25.232288360595703
09-07-2021,25.5,25.5,0,25.5,25.5,25.232288360595703
12-07-2021,25.5,25.5,0,25.5,25.5,25.232288360595703
13-07-2021,25.5,25.5,0,25.5,25.5,25.232288360595703
14-07-2021,25.5,25.5,0,25.5,25.5,25.232288360595703
15-07-2021,39.72299957275391,39.72299957275391,300,39.72299957275391,39.72299957275391,39.305965423583984
16-07-2021,39.72299957275391,39.72299957275391,0,39.72299957275391,39.72299957275391,39.305965423583984
19-07-2021,39.72299957275391,39.72299957275391,0,39.72299957275391,39.72299957275391,39.305965423583984
20-07-2021,39.72299957275391,39.72299957275391,0,39.72299957275391,39.72299957275391,39.305965423583984
21-07-2021,39.72299957275391,39.72299957275391,0,39.72299957275391,39.72299957275391,39.305965423583984
22-07-2021,39.72299957275391,39.72299957275391,0,39.72299957275391,39.72299957275391,39.305965423583984
23-07-2021,39.72299957275391,39.72299957275391,0,39.72299957275391,39.72299957275391,39.305965423583984
26-07-2021,39.72299957275391,39.72299957275391,0,39.72299957275391,39.72299957275391,39.305965423583984
27-07-2021,39.72299957275391,39.72299957275391,0,39.72299957275391,39.72299957275391,39.305965423583984
28-07-2021,39.72299957275391,39.72299957275391,0,39.72299957275391,39.72299957275391,39.305965423583984
29-07-2021,39.72299957275391,39.72299957275391,0,39.72299957275391,39.72299957275391,39.305965423583984
30-07-2021,42.928001403808594,42.928001403808594,900,42.928001403808594,42.928001403808594,42.47732162475586
02-08-2021,42.928001403808594,42.928001403808594,0,42.928001403808594,42.928001403808594,42.47732162475586
03-08-2021,42.928001403808594,42.928001403808594,0,42.928001403808594,42.928001403808594,42.47732162475586
04-08-2021,42.928001403808594,42.928001403808594,0,42.928001403808594,42.928001403808594,42.47732162475586
05-08-2021,42.928001403808594,42.928001403808594,0,42.928001403808594,42.928001403808594,42.47732162475586
06-08-2021,42.928001403808594,42.928001403808594,0,42.928001403808594,42.928001403808594,42.47732162475586
09-08-2021,42.928001403808594,42.928001403808594,0,42.928001403808594,42.928001403808594,42.47732162475586
10-08-2021,42.928001403808594,42.928001403808594,0,42.928001403808594,42.928001403808594,42.47732162475586
11-08-2021,42.928001403808594,42.928001403808594,0,42.928001403808594,42.928001403808594,42.47732162475586
12-08-2021,42.928001403808594,42.928001403808594,0,42.928001403808594,42.928001403808594,42.47732162475586
13-08-2021,42.928001403808594,42.928001403808594,0,42.928001403808594,42.928001403808594,42.47732162475586
16-08-2021,42.928001403808594,42.928001403808594,0,42.928001403808594,42.928001403808594,42.47732162475586
17-08-2021,42.928001403808594,42.928001403808594,0,42.928001403808594,42.928001403808594,42.47732162475586
18-08-2021,42.928001403808594,42.928001403808594,0,42.928001403808594,42.928001403808594,42.47732162475586
19-08-2021,42.928001403808594,42.928001403808594,0,42.928001403808594,42.928001403808594,42.47732162475586
20-08-2021,42.928001403808594,42.928001403808594,0,42.928001403808594,42.928001403808594,42.47732162475586
23-08-2021,42.928001403808594,42.928001403808594,0,42.928001403808594,42.928001403808594,42.47732162475586
24-08-2021,42.928001403808594,42.928001403808594,0,42.928001403808594,42.928001403808594,42.47732162475586
25-08-2021,42.928001403808594,42.928001403808594,0,42.928001403808594,42.928001403808594,42.47732162475586
26-08-2021,42.928001403808594,42.928001403808594,0,42.928001403808594,42.928001403808594,42.47732162475586
27-08-2021,42.928001403808594,42.928001403808594,0,42.928001403808594,42.928001403808594,42.47732162475586
30-08-2021,42.928001403808594,42.928001403808594,0,42.928001403808594,42.928001403808594,42.47732162475586
31-08-2021,42.928001403808594,42.928001403808594,0,42.928001403808594,42.928001403808594,42.47732162475586
01-09-2021,42.928001403808594,42.928001403808594,0,42.928001403808594,42.928001403808594,42.47732162475586
02-09-2021,42.928001403808594,42.928001403808594,0,42.928001403808594,42.928001403808594,42.47732162475586
03-09-2021,42.928001403808594,42.928001403808594,0,42.928001403808594,42.928001403808594,42.47732162475586
07-09-2021,42.928001403808594,42.928001403808594,0,42.928001403808594,42.928001403808594,42.47732162475586
08-09-2021,42.928001403808594,42.928001403808594,0,42.928001403808594,42.928001403808594,42.47732162475586
09-09-2021,42.928001403808594,42.928001403808594,0,42.928001403808594,42.928001403808594,42.47732162475586
10-09-2021,42.928001403808594,42.928001403808594,0,42.928001403808594,42.928001403808594,42.47732162475586
13-09-2021,42.928001403808594,42.928001403808594,0,42.928001403808594,42.928001403808594,42.47732162475586
14-09-2021,42.928001403808594,42.928001403808594,0,42.928001403808594,42.928001403808594,42.47732162475586
15-09-2021,42.928001403808594,42.928001403808594,0,42.928001403808594,42.928001403808594,42.47732162475586
16-09-2021,42.928001403808594,42.928001403808594,0,42.928001403808594,42.928001403808594,42.47732162475586
17-09-2021,37.57600021362305,37.57600021362305,200,37.57600021362305,37.57600021362305,37.1815071105957
20-09-2021,37.57600021362305,37.57600021362305,0,37.57600021362305,37.57600021362305,37.1815071105957
21-09-2021,37.57600021362305,37.57600021362305,0,37.57600021362305,37.57600021362305,37.1815071105957
22-09-2021,37.57600021362305,37.57600021362305,0,37.57600021362305,37.57600021362305,37.1815071105957
23-09-2021,37.57600021362305,37.57600021362305,0,37.57600021362305,37.57600021362305,37.1815071105957
24-09-2021,37.57600021362305,37.57600021362305,0,37.57600021362305,37.57600021362305,37.1815071105957
27-09-2021,37.57600021362305,37.57600021362305,0,37.57600021362305,37.57600021362305,37.1815071105957
28-09-2021,35.32699966430664,35.32699966430664,900,35.32699966430664,35.32699966430664,34.95611953735352
29-09-2021,35.24300003051758,35.24300003051758,300,35.24300003051758,35.24300003051758,34.87300109863281
30-09-2021,35.24300003051758,35.24300003051758,0,35.24300003051758,35.24300003051758,35.24300003051758
01-10-2021,35.24300003051758,35.24300003051758,0,35.24300003051758,35.24300003051758,35.24300003051758
04-10-2021,35.24300003051758,35.24300003051758,0,35.24300003051758,35.24300003051758,35.24300003051758
05-10-2021,35.24300003051758,35.24300003051758,0,35.24300003051758,35.24300003051758,35.24300003051758
06-10-2021,35.24300003051758,35.24300003051758,0,35.24300003051758,35.24300003051758,35.24300003051758
07-10-2021,35.24300003051758,35.24300003051758,0,35.24300003051758,35.24300003051758,35.24300003051758
08-10-2021,35.24300003051758,35.24300003051758,0,35.24300003051758,35.24300003051758,35.24300003051758
11-10-2021,35.24300003051758,35.24300003051758,0,35.24300003051758,35.24300003051758,35.24300003051758
12-10-2021,35.24300003051758,35.24300003051758,0,35.24300003051758,35.24300003051758,35.24300003051758
13-10-2021,35.24300003051758,35.24300003051758,0,35.24300003051758,35.24300003051758,35.24300003051758
14-10-2021,35.24300003051758,35.24300003051758,0,35.24300003051758,35.24300003051758,35.24300003051758
15-10-2021,35.24300003051758,35.24300003051758,0,35.24300003051758,35.24300003051758,35.24300003051758
18-10-2021,35.24300003051758,35.24300003051758,0,35.24300003051758,35.24300003051758,35.24300003051758
19-10-2021,35.24300003051758,35.24300003051758,0,35.24300003051758,35.24300003051758,35.24300003051758
20-10-2021,35.24300003051758,35.24300003051758,0,35.24300003051758,35.24300003051758,35.24300003051758
21-10-2021,35.24300003051758,35.24300003051758,0,35.24300003051758,35.24300003051758,35.24300003051758
22-10-2021,35.24300003051758,35.24300003051758,0,35.24300003051758,35.24300003051758,35.24300003051758
25-10-2021,35.24300003051758,35.24300003051758,0,35.24300003051758,35.24300003051758,35.24300003051758
26-10-2021,35.24300003051758,35.24300003051758,0,35.24300003051758,35.24300003051758,35.24300003051758
27-10-2021,35.24300003051758,35.24300003051758,0,35.24300003051758,35.24300003051758,35.24300003051758
28-10-2021,35.24300003051758,35.24300003051758,0,35.24300003051758,35.24300003051758,35.24300003051758
29-10-2021,35.24300003051758,35.24300003051758,0,35.24300003051758,35.24300003051758,35.24300003051758
01-11-2021,35.24300003051758,35.24300003051758,0,35.24300003051758,35.24300003051758,35.24300003051758
02-11-2021,35.24300003051758,35.24300003051758,0,35.24300003051758,35.24300003051758,35.24300003051758
03-11-2021,35.24300003051758,35.24300003051758,0,35.24300003051758,35.24300003051758,35.24300003051758
04-11-2021,35.24300003051758,35.24300003051758,0,35.24300003051758,35.24300003051758,35.24300003051758
05-11-2021,35.24300003051758,35.24300003051758,0,35.24300003051758,35.24300003051758,35.24300003051758
08-11-2021,35.24300003051758,35.24300003051758,0,35.24300003051758,35.24300003051758,35.24300003051758
09-11-2021,35.24300003051758,35.24300003051758,0,35.24300003051758,35.24300003051758,35.24300003051758
10-11-2021,35.24300003051758,35.24300003051758,0,35.24300003051758,35.24300003051758,35.24300003051758
11-11-2021,35.24300003051758,35.24300003051758,0,35.24300003051758,35.24300003051758,35.24300003051758
12-11-2021,35.24300003051758,35.24300003051758,0,35.24300003051758,35.24300003051758,35.24300003051758
15-11-2021,35.24300003051758,35.24300003051758,0,35.24300003051758,35.24300003051758,35.24300003051758
16-11-2021,35.24300003051758,35.24300003051758,0,35.24300003051758,35.24300003051758,35.24300003051758
17-11-2021,35.24300003051758,35.24300003051758,0,35.24300003051758,35.24300003051758,35.24300003051758
18-11-2021,31.700000762939453,31.700000762939453,400,31.700000762939453,31.700000762939453,31.700000762939453
19-11-2021,31.700000762939453,31.700000762939453,0,31.700000762939453,31.700000762939453,31.700000762939453
22-11-2021,31.700000762939453,31.700000762939453,0,31.700000762939453,31.700000762939453,31.700000762939453
23-11-2021,31.700000762939453,31.700000762939453,0,31.700000762939453,31.700000762939453,31.700000762939453
24-11-2021,31.700000762939453,31.700000762939453,0,31.700000762939453,31.700000762939453,31.700000762939453
26-11-2021,31.700000762939453,31.700000762939453,0,31.700000762939453,31.700000762939453,31.700000762939453
29-11-2021,31.700000762939453,31.700000762939453,0,31.700000762939453,31.700000762939453,31.700000762939453
30-11-2021,31.700000762939453,31.700000762939453,0,31.700000762939453,31.700000762939453,31.700000762939453
01-12-2021,31.700000762939453,31.700000762939453,0,31.700000762939453,31.700000762939453,31.700000762939453
02-12-2021,31.700000762939453,31.700000762939453,0,31.700000762939453,31.700000762939453,31.700000762939453
03-12-2021,31.700000762939453,31.700000762939453,0,31.700000762939453,31.700000762939453,31.700000762939453
06-12-2021,31.700000762939453,31.700000762939453,0,31.700000762939453,31.700000762939453,31.700000762939453
07-12-2021,31.700000762939453,31.700000762939453,0,31.700000762939453,31.700000762939453,31.700000762939453
08-12-2021,31.700000762939453,31.700000762939453,0,31.700000762939453,31.700000762939453,31.700000762939453
09-12-2021,31.700000762939453,31.700000762939453,0,31.700000762939453,31.700000762939453,31.700000762939453
10-12-2021,31.700000762939453,31.700000762939453,0,31.700000762939453,31.700000762939453,31.700000762939453
13-12-2021,31.700000762939453,31.700000762939453,0,31.700000762939453,31.700000762939453,31.700000762939453
14-12-2021,31.700000762939453,31.700000762939453,0,31.700000762939453,31.700000762939453,31.700000762939453
15-12-2021,33.85200119018555,33.85200119018555,200,33.85200119018555,33.85200119018555,33.85200119018555
16-12-2021,33.85200119018555,33.85200119018555,0,33.85200119018555,33.85200119018555,33.85200119018555
17-12-2021,33.85200119018555,33.85200119018555,0,33.85200119018555,33.85200119018555,33.85200119018555
20-12-2021,33.85200119018555,33.85200119018555,0,33.85200119018555,33.85200119018555,33.85200119018555
21-12-2021,33.85200119018555,33.85200119018555,0,33.85200119018555,33.85200119018555,33.85200119018555
22-12-2021,33.85200119018555,33.85200119018555,0,33.85200119018555,33.85200119018555,33.85200119018555
23-12-2021,33.85200119018555,33.85200119018555,0,33.85200119018555,33.85200119018555,33.85200119018555
27-12-2021,33.85200119018555,33.85200119018555,0,33.85200119018555,33.85200119018555,33.85200119018555
28-12-2021,33.85200119018555,33.85200119018555,0,33.85200119018555,33.85200119018555,33.85200119018555
29-12-2021,33.85200119018555,33.85200119018555,0,33.85200119018555,33.85200119018555,33.85200119018555
30-12-2021,33.85200119018555,33.85200119018555,0,33.85200119018555,33.85200119018555,33.85200119018555
31-12-2021,33.85200119018555,33.85200119018555,0,33.85200119018555,33.85200119018555,33.85200119018555
03-01-2022,33.85200119018555,33.85200119018555,0,33.85200119018555,33.85200119018555,33.85200119018555
04-01-2022,33.85200119018555,33.85200119018555,0,33.85200119018555,33.85200119018555,33.85200119018555
05-01-2022,33.85200119018555,33.85200119018555,0,33.85200119018555,33.85200119018555,33.85200119018555
06-01-2022,33.85200119018555,33.85200119018555,0,33.85200119018555,33.85200119018555,33.85200119018555
07-01-2022,33.85200119018555,33.85200119018555,0,33.85200119018555,33.85200119018555,33.85200119018555
10-01-2022,33.85200119018555,33.85200119018555,0,33.85200119018555,33.85200119018555,33.85200119018555
11-01-2022,33.85200119018555,33.85200119018555,0,33.85200119018555,33.85200119018555,33.85200119018555
12-01-2022,33.85200119018555,33.85200119018555,0,33.85200119018555,33.85200119018555,33.85200119018555
13-01-2022,33.85200119018555,33.85200119018555,0,33.85200119018555,33.85200119018555,33.85200119018555
14-01-2022,33.85200119018555,33.85200119018555,0,33.85200119018555,33.85200119018555,33.85200119018555
18-01-2022,33.85200119018555,33.85200119018555,0,33.85200119018555,33.85200119018555,33.85200119018555
19-01-2022,33.85200119018555,33.85200119018555,0,33.85200119018555,33.85200119018555,33.85200119018555
20-01-2022,33.85200119018555,33.85200119018555,0,33.85200119018555,33.85200119018555,33.85200119018555
21-01-2022,33.85200119018555,33.85200119018555,0,33.85200119018555,33.85200119018555,33.85200119018555
24-01-2022,33.85200119018555,33.85200119018555,0,33.85200119018555,33.85200119018555,33.85200119018555
25-01-2022,33.85200119018555,33.85200119018555,0,33.85200119018555,33.85200119018555,33.85200119018555
26-01-2022,33.85200119018555,33.85200119018555,0,33.85200119018555,33.85200119018555,33.85200119018555
27-01-2022,33.85200119018555,33.85200119018555,0,33.85200119018555,33.85200119018555,33.85200119018555
28-01-2022,33.85200119018555,33.85200119018555,0,33.85200119018555,33.85200119018555,33.85200119018555
31-01-2022,33.85200119018555,33.85200119018555,0,33.85200119018555,33.85200119018555,33.85200119018555
01-02-2022,33.85200119018555,33.85200119018555,0,33.85200119018555,33.85200119018555,33.85200119018555
02-02-2022,33.85200119018555,33.85200119018555,0,33.85200119018555,33.85200119018555,33.85200119018555
03-02-2022,33.85200119018555,33.85200119018555,0,33.85200119018555,33.85200119018555,33.85200119018555
04-02-2022,33.85200119018555,33.85200119018555,0,33.85200119018555,33.85200119018555,33.85200119018555
07-02-2022,33.85200119018555,33.85200119018555,0,33.85200119018555,33.85200119018555,33.85200119018555
08-02-2022,33.85200119018555,33.85200119018555,0,33.85200119018555,33.85200119018555,33.85200119018555
09-02-2022,33.85200119018555,33.85200119018555,0,33.85200119018555,33.85200119018555,33.85200119018555
10-02-2022,33.85200119018555,33.85200119018555,0,33.85200119018555,33.85200119018555,33.85200119018555
11-02-2022,33.85200119018555,33.85200119018555,0,33.85200119018555,33.85200119018555,33.85200119018555
14-02-2022,33.85200119018555,33.85200119018555,0,33.85200119018555,33.85200119018555,33.85200119018555
15-02-2022,33.85200119018555,33.85200119018555,0,33.85200119018555,33.85200119018555,33.85200119018555
16-02-2022,31.700000762939453,31.700000762939453,0,31.700000762939453,31.700000762939453,31.700000762939453
17-02-2022,33.85200119018555,33.85200119018555,0,33.85200119018555,33.85200119018555,33.85200119018555
18-02-2022,33.85200119018555,33.85200119018555,0,33.85200119018555,33.85200119018555,33.85200119018555
22-02-2022,33.85200119018555,33.85200119018555,0,33.85200119018555,33.85200119018555,33.85200119018555
23-02-2022,33.85200119018555,33.85200119018555,0,33.85200119018555,33.85200119018555,33.85200119018555
24-02-2022,33.85200119018555,33.85200119018555,0,33.85200119018555,33.85200119018555,33.85200119018555
25-02-2022,33.85200119018555,33.85200119018555,0,33.85200119018555,33.85200119018555,33.85200119018555
28-02-2022,33.85200119018555,33.85200119018555,0,33.85200119018555,33.85200119018555,33.85200119018555
01-03-2022,33.85200119018555,33.85200119018555,0,33.85200119018555,33.85200119018555,33.85200119018555
02-03-2022,33.85200119018555,33.85200119018555,0,33.85200119018555,33.85200119018555,33.85200119018555
03-03-2022,33.85200119018555,33.85200119018555,0,33.85200119018555,33.85200119018555,33.85200119018555
04-03-2022,33.85200119018555,33.85200119018555,0,33.85200119018555,33.85200119018555,33.85200119018555
07-03-2022,33.85200119018555,33.85200119018555,0,33.85200119018555,33.85200119018555,33.85200119018555
08-03-2022,33.85200119018555,33.85200119018555,0,33.85200119018555,33.85200119018555,33.85200119018555
09-03-2022,33.85200119018555,33.85200119018555,0,33.85200119018555,33.85200119018555,33.85200119018555
10-03-2022,33.85200119018555,33.85200119018555,0,33.85200119018555,33.85200119018555,33.85200119018555
11-03-2022,33.85200119018555,33.85200119018555,0,33.85200119018555,33.85200119018555,33.85200119018555
14-03-2022,33.85200119018555,33.85200119018555,0,33.85200119018555,33.85200119018555,33.85200119018555
15-03-2022,33.85200119018555,33.85200119018555,0,33.85200119018555,33.85200119018555,33.85200119018555
16-03-2022,33.85200119018555,33.85200119018555,0,33.85200119018555,33.85200119018555,33.85200119018555
17-03-2022,33.85200119018555,33.85200119018555,0,33.85200119018555,33.85200119018555,33.85200119018555
18-03-2022,33.85200119018555,33.85200119018555,0,33.85200119018555,33.85200119018555,33.85200119018555
21-03-2022,33.85200119018555,33.85200119018555,0,33.85200119018555,33.85200119018555,33.85200119018555
22-03-2022,33.85200119018555,33.85200119018555,0,33.85200119018555,33.85200119018555,33.85200119018555
23-03-2022,33.85200119018555,33.85200119018555,0,33.85200119018555,33.85200119018555,33.85200119018555
24-03-2022,33.85200119018555,33.85200119018555,0,33.85200119018555,33.85200119018555,33.85200119018555
25-03-2022,33.85200119018555,33.85200119018555,0,33.85200119018555,33.85200119018555,33.85200119018555
28-03-2022,33.85200119018555,33.85200119018555,0,33.85200119018555,33.85200119018555,33.85200119018555
29-03-2022,33.85200119018555,33.85200119018555,0,33.85200119018555,33.85200119018555,33.85200119018555
30-03-2022,33.85200119018555,33.85200119018555,0,33.85200119018555,33.85200119018555,33.85200119018555
31-03-2022,33.85200119018555,33.85200119018555,0,33.85200119018555,33.85200119018555,33.85200119018555
01-04-2022,33.85200119018555,33.85200119018555,0,33.85200119018555,33.85200119018555,33.85200119018555
04-04-2022,33.85200119018555,33.85200119018555,0,33.85200119018555,33.85200119018555,33.85200119018555
05-04-2022,33.85200119018555,33.85200119018555,0,33.85200119018555,33.85200119018555,33.85200119018555
06-04-2022,33.85200119018555,33.85200119018555,0,33.85200119018555,33.85200119018555,33.85200119018555
07-04-2022,33.85200119018555,33.85200119018555,0,33.85200119018555,33.85200119018555,33.85200119018555
08-04-2022,33.85200119018555,33.85200119018555,0,33.85200119018555,33.85200119018555,33.85200119018555
11-04-2022,33.85200119018555,33.85200119018555,0,33.85200119018555,33.85200119018555,33.85200119018555
12-04-2022,33.85200119018555,33.85200119018555,0,33.85200119018555,33.85200119018555,33.85200119018555
13-04-2022,33.85200119018555,33.85200119018555,0,33.85200119018555,33.85200119018555,33.85200119018555
14-04-2022,33.85200119018555,33.85200119018555,0,33.85200119018555,33.85200119018555,33.85200119018555
18-04-2022,33.85200119018555,33.85200119018555,0,33.85200119018555,33.85200119018555,33.85200119018555
19-04-2022,33.85200119018555,33.85200119018555,0,33.85200119018555,33.85200119018555,33.85200119018555
20-04-2022,33.85200119018555,33.85200119018555,0,33.85200119018555,33.85200119018555,33.85200119018555
21-04-2022,33.85200119018555,33.85200119018555,0,33.85200119018555,33.85200119018555,33.85200119018555
22-04-2022,33.85200119018555,33.85200119018555,0,33.85200119018555,33.85200119018555,33.85200119018555
25-04-2022,33.85200119018555,33.85200119018555,0,33.85200119018555,33.85200119018555,33.85200119018555
26-04-2022,33.85200119018555,33.85200119018555,0,33.85200119018555,33.85200119018555,33.85200119018555
27-04-2022,33.85200119018555,33.85200119018555,0,33.85200119018555,33.85200119018555,33.85200119018555
28-04-2022,33.85200119018555,33.85200119018555,0,33.85200119018555,33.85200119018555,33.85200119018555
29-04-2022,33.85200119018555,33.85200119018555,0,33.85200119018555,33.85200119018555,33.85200119018555
02-05-2022,33.85200119018555,33.85200119018555,0,33.85200119018555,33.85200119018555,33.85200119018555
03-05-2022,33.85200119018555,33.85200119018555,0,33.85200119018555,33.85200119018555,33.85200119018555
04-05-2022,33.85200119018555,33.85200119018555,0,33.85200119018555,33.85200119018555,33.85200119018555
05-05-2022,33.85200119018555,33.85200119018555,0,33.85200119018555,33.85200119018555,33.85200119018555
06-05-2022,33.85200119018555,33.85200119018555,0,33.85200119018555,33.85200119018555,33.85200119018555
09-05-2022,33.85200119018555,33.85200119018555,0,33.85200119018555,33.85200119018555,33.85200119018555
10-05-2022,33.85200119018555,33.85200119018555,0,33.85200119018555,33.85200119018555,33.85200119018555
11-05-2022,33.85200119018555,33.85200119018555,0,33.85200119018555,33.85200119018555,33.85200119018555
12-05-2022,33.85200119018555,33.85200119018555,0,33.85200119018555,33.85200119018555,33.85200119018555
13-05-2022,33.85200119018555,33.85200119018555,0,33.85200119018555,33.85200119018555,33.85200119018555
16-05-2022,33.85200119018555,33.85200119018555,0,33.85200119018555,33.85200119018555,33.85200119018555
17-05-2022,33.85200119018555,33.85200119018555,0,33.85200119018555,33.85200119018555,33.85200119018555
18-05-2022,33.85200119018555,33.85200119018555,0,33.85200119018555,33.85200119018555,33.85200119018555
19-05-2022,33.85200119018555,33.85200119018555,0,33.85200119018555,33.85200119018555,33.85200119018555
20-05-2022,33.85200119018555,33.85200119018555,0,33.85200119018555,33.85200119018555,33.85200119018555
23-05-2022,33.85200119018555,33.85200119018555,0,33.85200119018555,33.85200119018555,33.85200119018555
24-05-2022,31.700000762939453,31.700000762939453,0,31.700000762939453,31.700000762939453,31.700000762939453
25-05-2022,33.85200119018555,33.85200119018555,0,33.85200119018555,33.85200119018555,33.85200119018555
26-05-2022,33.85200119018555,33.85200119018555,0,33.85200119018555,33.85200119018555,33.85200119018555
27-05-2022,33.85200119018555,33.85200119018555,0,33.85200119018555,33.85200119018555,33.85200119018555
31-05-2022,33.85200119018555,33.85200119018555,0,33.85200119018555,33.85200119018555,33.85200119018555
01-06-2022,33.85200119018555,33.85200119018555,0,33.85200119018555,33.85200119018555,33.85200119018555
02-06-2022,33.85200119018555,33.85200119018555,0,33.85200119018555,33.85200119018555,33.85200119018555
03-06-2022,33.85200119018555,33.85200119018555,0,33.85200119018555,33.85200119018555,33.85200119018555
06-06-2022,33.85200119018555,33.85200119018555,0,33.85200119018555,33.85200119018555,33.85200119018555
07-06-2022,33.85200119018555,33.85200119018555,0,33.85200119018555,33.85200119018555,33.85200119018555
08-06-2022,33.85200119018555,33.85200119018555,0,33.85200119018555,33.85200119018555,33.85200119018555
09-06-2022,33.85200119018555,33.85200119018555,0,33.85200119018555,33.85200119018555,33.85200119018555
10-06-2022,33.85200119018555,33.85200119018555,500,33.85200119018555,33.85200119018555,33.85200119018555
13-06-2022,33.85200119018555,33.85200119018555,0,33.85200119018555,33.85200119018555,33.85200119018555
14-06-2022,33.85200119018555,33.85200119018555,0,33.85200119018555,33.85200119018555,33.85200119018555
15-06-2022,33.85200119018555,33.85200119018555,0,33.85200119018555,33.85200119018555,33.85200119018555
16-06-2022,33.85200119018555,33.85200119018555,0,33.85200119018555,33.85200119018555,33.85200119018555
17-06-2022,33.85200119018555,33.85200119018555,0,33.85200119018555,33.85200119018555,33.85200119018555
21-06-2022,33.85200119018555,33.85200119018555,0,33.85200119018555,33.85200119018555,33.85200119018555
22-06-2022,33.85200119018555,33.85200119018555,0,33.85200119018555,33.85200119018555,33.85200119018555
23-06-2022,33.85200119018555,33.85200119018555,0,33.85200119018555,33.85200119018555,33.85200119018555
24-06-2022,33.85200119018555,33.85200119018555,0,33.85200119018555,33.85200119018555,33.85200119018555
27-06-2022,33.85200119018555,33.85200119018555,400,33.85200119018555,33.85200119018555,33.85200119018555
28-06-2022,33.85200119018555,33.85200119018555,0,33.85200119018555,33.85200119018555,33.85200119018555
29-06-2022,33.85200119018555,33.85200119018555,0,33.85200119018555,33.85200119018555,33.85200119018555
30-06-2022,33.85200119018555,33.85200119018555,0,33.85200119018555,33.85200119018555,33.85200119018555
01-07-2022,33.85200119018555,33.85200119018555,0,33.85200119018555,33.85200119018555,33.85200119018555
05-07-2022,33.85200119018555,33.85200119018555,0,33.85200119018555,33.85200119018555,33.85200119018555
06-07-2022,33.85200119018555,33.85200119018555,0,33.85200119018555,33.85200119018555,33.85200119018555
07-07-2022,33.85200119018555,33.85200119018555,0,33.85200119018555,33.85200119018555,33.85200119018555
08-07-2022,33.85200119018555,33.85200119018555,0,33.85200119018555,33.85200119018555,33.85200119018555
11-07-2022,33.85200119018555,33.85200119018555,0,33.85200119018555,33.85200119018555,33.85200119018555
12-07-2022,33.85200119018555,33.85200119018555,6200,33.85200119018555,33.85200119018555,33.85200119018555
13-07-2022,33.85200119018555,33.85200119018555,0,33.85200119018555,33.85200119018555,33.85200119018555
14-07-2022,33.85200119018555,33.85200119018555,0,33.85200119018555,33.85200119018555,33.85200119018555
15-07-2022,33.85200119018555,33.85200119018555,800,33.85200119018555,33.85200119018555,33.85200119018555
18-07-2022,33.85200119018555,33.85200119018555,0,33.85200119018555,33.85200119018555,33.85200119018555
19-07-2022,33.85200119018555,33.85200119018555,0,33.85200119018555,33.85200119018555,33.85200119018555
20-07-2022,33.85200119018555,33.85200119018555,0,33.85200119018555,33.85200119018555,33.85200119018555
21-07-2022,33.85200119018555,33.85200119018555,0,33.85200119018555,33.85200119018555,33.85200119018555
22-07-2022,33.85200119018555,33.85200119018555,0,33.85200119018555,33.85200119018555,33.85200119018555
25-07-2022,33.85200119018555,33.85200119018555,0,33.85200119018555,33.85200119018555,33.85200119018555
26-07-2022,33.85200119018555,33.85200119018555,0,33.85200119018555,33.85200119018555,33.85200119018555
27-07-2022,33.85200119018555,33.85200119018555,0,33.85200119018555,33.85200119018555,33.85200119018555
28-07-2022,33.85200119018555,33.85200119018555,0,33.85200119018555,33.85200119018555,33.85200119018555
29-07-2022,33.85200119018555,33.85200119018555,0,33.85200119018555,33.85200119018555,33.85200119018555
01-08-2022,33.85200119018555,33.85200119018555,0,33.85200119018555,33.85200119018555,33.85200119018555
02-08-2022,33.85200119018555,33.85200119018555,0,33.85200119018555,33.85200119018555,33.85200119018555
03-08-2022,33.85200119018555,33.85200119018555,0,33.85200119018555,33.85200119018555,33.85200119018555
04-08-2022,33.85200119018555,33.85200119018555,0,33.85200119018555,33.85200119018555,33.85200119018555
05-08-2022,33.85200119018555,33.85200119018555,0,33.85200119018555,33.85200119018555,33.85200119018555
08-08-2022,33.85200119018555,33.85200119018555,0,33.85200119018555,33.85200119018555,33.85200119018555
09-08-2022,33.85200119018555,33.85200119018555,0,33.85200119018555,33.85200119018555,33.85200119018555
10-08-2022,33.85200119018555,33.85200119018555,0,33.85200119018555,33.85200119018555,33.85200119018555
11-08-2022,33.85200119018555,33.85200119018555,0,33.85200119018555,33.85200119018555,33.85200119018555
12-08-2022,33.85200119018555,33.85200119018555,0,33.85200119018555,33.85200119018555,33.85200119018555
15-08-2022,33.85200119018555,33.85200119018555,0,33.85200119018555,33.85200119018555,33.85200119018555
16-08-2022,33.85200119018555,33.85200119018555,0,33.85200119018555,33.85200119018555,33.85200119018555
17-08-2022,33.85200119018555,33.85200119018555,0,33.85200119018555,33.85200119018555,33.85200119018555
18-08-2022,33.85200119018555,33.85200119018555,0,33.85200119018555,33.85200119018555,33.85200119018555
19-08-2022,33.85200119018555,33.85200119018555,0,33.85200119018555,33.85200119018555,33.85200119018555
22-08-2022,33.85200119018555,33.85200119018555,0,33.85200119018555,33.85200119018555,33.85200119018555
23-08-2022,33.85200119018555,33.85200119018555,0,33.85200119018555,33.85200119018555,33.85200119018555
24-08-2022,33.85200119018555,33.85200119018555,0,33.85200119018555,33.85200119018555,33.85200119018555
25-08-2022,33.85200119018555,33.85200119018555,0,33.85200119018555,33.85200119018555,33.85200119018555
26-08-2022,33.85200119018555,33.85200119018555,0,33.85200119018555,33.85200119018555,33.85200119018555
29-08-2022,33.85200119018555,33.85200119018555,0,33.85200119018555,33.85200119018555,33.85200119018555
30-08-2022,33.85200119018555,33.85200119018555,0,33.85200119018555,33.85200119018555,33.85200119018555
31-08-2022,33.85200119018555,33.85200119018555,0,33.85200119018555,33.85200119018555,33.85200119018555
01-09-2022,33.85200119018555,33.85200119018555,0,33.85200119018555,33.85200119018555,33.85200119018555
02-09-2022,33.85200119018555,33.85200119018555,0,33.85200119018555,33.85200119018555,33.85200119018555
06-09-2022,33.85200119018555,33.85200119018555,0,33.85200119018555,33.85200119018555,33.85200119018555
07-09-2022,33.85200119018555,33.85200119018555,0,33.85200119018555,33.85200119018555,33.85200119018555
08-09-2022,33.85200119018555,33.85200119018555,0,33.85200119018555,33.85200119018555,33.85200119018555
09-09-2022,33.85200119018555,33.85200119018555,1000,33.85200119018555,33.85200119018555,33.85200119018555
12-09-2022,33.85200119018555,33.85200119018555,6700,33.85200119018555,33.85200119018555,33.85200119018555
13-09-2022,33.85200119018555,33.85200119018555,0,33.85200119018555,33.85200119018555,33.85200119018555
14-09-2022,33.85200119018555,33.85200119018555,0,33.85200119018555,33.85200119018555,33.85200119018555
15-09-2022,33.85200119018555,33.85200119018555,0,33.85200119018555,33.85200119018555,33.85200119018555
16-09-2022,31.700000762939453,31.700000762939453,0,31.700000762939453,31.700000762939453,31.700000762939453
19-09-2022,33.85200119018555,33.85200119018555,0,33.85200119018555,33.85200119018555,33.85200119018555
20-09-2022,33.85200119018555,33.85200119018555,0,33.85200119018555,33.85200119018555,33.85200119018555
21-09-2022,33.85200119018555,33.85200119018555,0,33.85200119018555,33.85200119018555,33.85200119018555
22-09-2022,33.85200119018555,33.85200119018555,0,33.85200119018555,33.85200119018555,33.85200119018555
23-09-2022,33.85200119018555,33.85200119018555,0,33.85200119018555,33.85200119018555,33.85200119018555
26-09-2022,33.85200119018555,33.85200119018555,500,33.85200119018555,33.85200119018555,33.85200119018555
27-09-2022,33.85200119018555,33.85200119018555,0,33.85200119018555,33.85200119018555,33.85200119018555
28-09-2022,33.85200119018555,33.85200119018555,0,33.85200119018555,33.85200119018555,33.85200119018555
29-09-2022,33.85200119018555,33.85200119018555,0,33.85200119018555,33.85200119018555,33.85200119018555
30-09-2022,33.85200119018555,33.85200119018555,0,33.85200119018555,33.85200119018555,33.85200119018555
03-10-2022,33.85200119018555,33.85200119018555,0,33.85200119018555,33.85200119018555,33.85200119018555
04-10-2022,33.85200119018555,33.85200119018555,0,33.85200119018555,33.85200119018555,33.85200119018555
05-10-2022,33.85200119018555,33.85200119018555,0,33.85200119018555,33.85200119018555,33.85200119018555
06-10-2022,33.85200119018555,33.85200119018555,0,33.85200119018555,33.85200119018555,33.85200119018555
07-10-2022,33.85200119018555,33.85200119018555,0,33.85200119018555,33.85200119018555,33.85200119018555
10-10-2022,33.85200119018555,33.85200119018555,500,33.85200119018555,33.85200119018555,33.85200119018555
11-10-2022,33.85200119018555,33.85200119018555,0,33.85200119018555,33.85200119018555,33.85200119018555
12-10-2022,33.85200119018555,33.85200119018555,0,33.85200119018555,33.85200119018555,33.85200119018555
13-10-2022,33.85200119018555,33.85200119018555,0,33.85200119018555,33.85200119018555,33.85200119018555
14-10-2022,33.85200119018555,33.85200119018555,700,33.85200119018555,33.85200119018555,33.85200119018555
17-10-2022,33.85200119018555,33.85200119018555,0,33.85200119018555,33.85200119018555,33.85200119018555
18-10-2022,33.85200119018555,33.85200119018555,1200,33.85200119018555,33.85200119018555,33.85200119018555
19-10-2022,33.85200119018555,33.85200119018555,0,33.85200119018555,33.85200119018555,33.85200119018555
20-10-2022,33.85200119018555,33.85200119018555,0,33.85200119018555,33.85200119018555,33.85200119018555
21-10-2022,33.85200119018555,33.85200119018555,0,33.85200119018555,33.85200119018555,33.85200119018555
24-10-2022,33.85200119018555,33.85200119018555,0,33.85200119018555,33.85200119018555,33.85200119018555
25-10-2022,33.85200119018555,33.85200119018555,0,33.85200119018555,33.85200119018555,33.85200119018555
26-10-2022,33.85200119018555,33.85200119018555,0,33.85200119018555,33.85200119018555,33.85200119018555
27-10-2022,33.85200119018555,33.85200119018555,0,33.85200119018555,33.85200119018555,33.85200119018555
28-10-2022,33.85200119018555,33.85200119018555,0,33.85200119018555,33.85200119018555,33.85200119018555
31-10-2022,33.85200119018555,33.85200119018555,0,33.85200119018555,33.85200119018555,33.85200119018555
01-11-2022,33.85200119018555,33.85200119018555,0,33.85200119018555,33.85200119018555,33.85200119018555
02-11-2022,33.85200119018555,33.85200119018555,0,33.85200119018555,33.85200119018555,33.85200119018555
03-11-2022,33.85200119018555,33.85200119018555,0,33.85200119018555,33.85200119018555,33.85200119018555
04-11-2022,33.85200119018555,33.85200119018555,0,33.85200119018555,33.85200119018555,33.85200119018555
07-11-2022,33.85200119018555,33.85200119018555,0,33.85200119018555,33.85200119018555,33.85200119018555
08-11-2022,33.85200119018555,33.85200119018555,0,33.85200119018555,33.85200119018555,33.85200119018555
09-11-2022,33.85200119018555,33.85200119018555,0,33.85200119018555,33.85200119018555,33.85200119018555
10-11-2022,33.85200119018555,33.85200119018555,0,33.85200119018555,33.85200119018555,33.85200119018555
11-11-2022,31.700000762939453,31.700000762939453,0,31.700000762939453,31.700000762939453,31.700000762939453
14-11-2022,33.85200119018555,33.85200119018555,0,33.85200119018555,33.85200119018555,33.85200119018555
15-11-2022,33.85200119018555,33.85200119018555,0,33.85200119018555,33.85200119018555,33.85200119018555
16-11-2022,33.85200119018555,33.85200119018555,0,33.85200119018555,33.85200119018555,33.85200119018555
17-11-2022,33.85200119018555,33.85200119018555,0,33.85200119018555,33.85200119018555,33.85200119018555
18-11-2022,33.85200119018555,33.85200119018555,0,33.85200119018555,33.85200119018555,33.85200119018555
21-11-2022,33.85200119018555,33.85200119018555,0,33.85200119018555,33.85200119018555,33.85200119018555
22-11-2022,33.85200119018555,33.85200119018555,100,33.85200119018555,33.85200119018555,33.85200119018555
23-11-2022,33.85200119018555,33.85200119018555,0,33.85200119018555,33.85200119018555,33.85200119018555
25-11-2022,33.85200119018555,33.85200119018555,0,33.85200119018555,33.85200119018555,33.85200119018555
28-11-2022,33.85200119018555,33.85200119018555,0,33.85200119018555,33.85200119018555,33.85200119018555
29-11-2022,33.85200119018555,33.85200119018555,0,33.85200119018555,33.85200119018555,33.85200119018555
30-11-2022,33.85200119018555,33.85200119018555,0,33.85200119018555,33.85200119018555,33.85200119018555
01-12-2022,33.85200119018555,33.85200119018555,0,33.85200119018555,33.85200119018555,33.85200119018555
02-12-2022,33.85200119018555,33.85200119018555,0,33.85200119018555,33.85200119018555,33.85200119018555
05-12-2022,33.85200119018555,33.85200119018555,0,33.85200119018555,33.85200119018555,33.85200119018555
06-12-2022,33.85200119018555,33.85200119018555,0,33.85200119018555,33.85200119018555,33.85200119018555
07-12-2022,33.85200119018555,33.85200119018555,0,33.85200119018555,33.85200119018555,33.85200119018555
08-12-2022,33.85200119018555,33.85200119018555,0,33.85200119018555,33.85200119018555,33.85200119018555
09-12-2022,33.85200119018555,33.85200119018555,0,33.85200119018555,33.85200119018555,33.85200119018555
