Date,Low,Open,Volume,High,Close,Adjusted_Close
17-03-1980,6.949999809265137,0.0,34500,7.400000095367432,7.0,3.0291547775268555
18-03-1980,6.5,0.0,24000,7.0,6.650000095367432,2.8776960372924805
19-03-1980,6.75,0.0,7500,6.900000095367432,6.800000190734863,2.942605972290039
20-03-1980,6.699999809265137,0.0,9000,6.900000095367432,6.824999809265137,2.953425168991089
21-03-1980,6.650000095367432,0.0,25000,6.900000095367432,6.849999904632568,2.96424412727356
24-03-1980,6.400000095367432,0.0,11000,6.650000095367432,6.400000095367432,2.76951265335083
25-03-1980,5.900000095367432,0.0,27000,6.25,5.900000095367432,2.553144216537476
26-03-1980,5.800000190734863,0.0,15500,5.949999809265137,5.800000190734863,2.5098700523376465
27-03-1980,5.0,0.0,30000,5.699999809265137,5.0,2.1636812686920166
28-03-1980,5.099999904632568,0.0,28500,5.550000190734863,5.300000190734863,2.2935030460357666
31-03-1980,5.550000190734863,0.0,16500,6.0,6.0,2.5964183807373047
01-04-1980,6.099999904632568,0.0,11500,6.300000190734863,6.199999809265137,2.6829655170440674
02-04-1980,6.199999809265137,0.0,3500,6.25,6.199999809265137,2.6829655170440674
03-04-1980,6.099999904632568,0.0,1000,6.099999904632568,6.099999904632568,2.6396915912628174
07-04-1980,5.824999809265137,0.0,12500,6.0,5.824999809265137,2.52068829536438
08-04-1980,5.599999904632568,0.0,12000,5.699999809265137,5.599999904632568,2.423322916030884
09-04-1980,5.599999904632568,0.0,11000,5.800000190734863,5.800000190734863,2.5098700523376465
10-04-1980,5.900000095367432,0.0,7000,6.0,6.0,2.5964183807373047
11-04-1980,6.050000190734863,0.0,7000,6.199999809265137,6.199999809265137,2.6829655170440674
14-04-1980,6.050000190734863,0.0,2000,6.199999809265137,6.199999809265137,2.6829655170440674
15-04-1980,5.849999904632568,0.0,6500,6.099999904632568,5.849999904632568,2.5315070152282715
16-04-1980,5.824999809265137,0.0,7000,6.0,6.0,2.5964183807373047
17-04-1980,5.699999809265137,0.0,20500,6.099999904632568,6.0,2.5964183807373047
18-04-1980,6.0,0.0,5000,6.0,6.0,2.5964183807373047
21-04-1980,5.849999904632568,0.0,4000,6.099999904632568,5.849999904632568,2.5315070152282715
22-04-1980,5.849999904632568,0.0,5000,5.949999809265137,5.849999904632568,2.5315070152282715
23-04-1980,5.824999809265137,0.0,11000,6.0,5.974999904632568,2.585599184036255
24-04-1980,6.0,0.0,4000,6.074999809265137,6.050000190734863,2.6180548667907715
25-04-1980,6.099999904632568,0.0,2000,6.150000095367432,6.099999904632568,2.6396915912628174
28-04-1980,6.199999809265137,0.0,9000,6.449999809265137,6.349999904632568,2.747875213623047
29-04-1980,6.5,0.0,19500,6.900000095367432,6.900000095367432,2.985880136489868
30-04-1980,6.849999904632568,0.0,12500,7.0,7.0,3.0291547775268555
01-05-1980,6.949999809265137,0.0,6500,7.0,6.949999809265137,3.007517576217652
02-05-1980,6.699999809265137,0.0,5500,6.849999904632568,6.800000190734863,2.942605972290039
05-05-1980,6.550000190734863,0.0,6500,6.699999809265137,6.699999809265137,2.899333477020264
06-05-1980,6.300000190734863,0.0,14500,6.599999904632568,6.599999904632568,2.85606050491333
07-05-1980,6.599999904632568,0.0,8000,6.699999809265137,6.699999809265137,2.899333477020264
08-05-1980,6.724999904632568,0.0,10000,6.849999904632568,6.724999904632568,2.910151243209839
09-05-1980,6.675000190734863,0.0,13000,6.699999809265137,6.675000190734863,2.888514518737793
12-05-1980,6.5,0.0,39000,6.599999904632568,6.5,2.8127870559692383
13-05-1980,6.5,0.0,5500,6.699999809265137,6.699999809265137,2.899333477020264
14-05-1980,6.699999809265137,0.0,8000,6.949999809265137,6.949999809265137,3.007517576217652
15-05-1980,7.300000190734863,0.0,54500,8.0,7.75,3.3537065982818604
16-05-1980,7.599999904632568,0.0,18500,7.75,7.625,3.299613237380981
19-05-1980,7.425000190734863,0.0,14500,7.599999904632568,7.599999904632568,3.2887966632843018
20-05-1980,7.525000095367432,0.0,11000,7.599999904632568,7.599999904632568,3.2887966632843018
21-05-1980,7.5,0.0,9500,7.599999904632568,7.599999904632568,3.2887966632843018
22-05-1980,7.550000190734863,0.0,8500,7.599999904632568,7.599999904632568,3.2887966632843018
23-05-1980,7.574999809265137,0.0,37000,7.599999904632568,7.599999904632568,3.2887966632843018
27-05-1980,7.599999904632568,0.0,14500,7.650000095367432,7.599999904632568,3.2887966632843018
28-05-1980,7.5,0.0,10500,7.574999809265137,7.574999809265137,3.2779781818389893
29-05-1980,7.550000190734863,0.0,2500,7.574999809265137,7.550000190734863,3.2671589851379395
30-05-1980,7.5,0.0,2000,7.525000095367432,7.5,3.245521068572998
02-06-1980,7.474999904632568,0.0,10000,7.5,7.5,3.245521068572998
03-06-1980,7.300000190734863,0.0,24500,7.5,7.349999904632568,3.180612087249756
04-06-1980,7.300000190734863,0.0,8500,7.349999904632568,7.324999809265137,3.1697933673858643
05-06-1980,7.300000190734863,0.0,11500,7.349999904632568,7.300000190734863,3.158975124359131
06-06-1980,7.199999809265137,0.0,23500,7.300000190734863,7.199999809265137,3.11570143699646
09-06-1980,7.199999809265137,0.0,2500,7.199999809265137,7.199999809265137,3.11570143699646
10-06-1980,7.150000095367432,0.0,7000,7.25,7.150000095367432,3.094064950942993
11-06-1980,7.150000095367432,0.0,500,7.150000095367432,7.150000095367432,3.094064950942993
12-06-1980,7.099999904632568,0.0,12500,7.275000095367432,7.199999809265137,3.11570143699646
13-06-1980,7.25,0.0,7500,7.275000095367432,7.275000095367432,3.1481564044952397
16-06-1980,7.25,0.0,6500,7.300000190734863,7.300000190734863,3.158975124359131
17-06-1980,7.199999809265137,0.0,6500,7.300000190734863,7.199999809265137,3.11570143699646
18-06-1980,7.175000190734863,0.0,14500,7.25,7.199999809265137,3.11570143699646
19-06-1980,7.150000095367432,0.0,16500,7.25,7.199999809265137,3.11570143699646
20-06-1980,7.025000095367432,0.0,26500,7.150000095367432,7.099999904632568,3.07242751121521
23-06-1980,7.099999904632568,0.0,3500,7.199999809265137,7.099999904632568,3.07242751121521
24-06-1980,7.050000190734863,0.0,31000,7.275000095367432,7.050000190734863,3.0507912635803223
25-06-1980,7.050000190734863,0.0,2500,7.050000190734863,7.050000190734863,3.0507912635803223
26-06-1980,7.199999809265137,0.0,19000,7.5,7.349999904632568,3.180612087249756
27-06-1980,7.449999809265137,0.0,26000,7.599999904632568,7.5,3.245521068572998
30-06-1980,7.400000095367432,0.0,10000,7.449999809265137,7.449999809265137,3.2238857746124268
01-07-1980,7.349999904632568,0.0,9000,7.449999809265137,7.449999809265137,3.2238857746124268
02-07-1980,7.400000095367432,0.0,7000,7.800000190734863,7.800000190734863,3.375342845916748
03-07-1980,7.599999904632568,0.0,11000,7.800000190734863,7.650000095367432,3.310432910919189
07-07-1980,7.75,0.0,12000,7.849999904632568,7.75,3.3537065982818604
08-07-1980,7.75,0.0,15000,7.849999904632568,7.75,3.3537065982818604
09-07-1980,7.900000095367432,0.0,39500,8.0,7.949999809265137,3.4402530193328857
10-07-1980,7.900000095367432,0.0,14000,8.0,7.900000095367432,3.4186160564422607
11-07-1980,7.900000095367432,0.0,5000,7.974999904632568,7.900000095367432,3.4186160564422607
14-07-1980,7.900000095367432,0.0,34000,8.399999618530273,8.399999618530273,3.63498592376709
15-07-1980,8.399999618530273,0.0,57000,8.600000381469727,8.399999618530273,3.63498592376709
16-07-1980,8.300000190734863,0.0,19500,8.574999809265137,8.574999809265137,3.710713624954224
17-07-1980,8.600000381469727,0.0,28000,8.800000190734863,8.800000190734863,3.808079957962036
18-07-1980,8.899999618530273,0.0,51500,9.100000381469728,9.100000381469728,3.937901020050049
21-07-1980,9.050000190734863,0.0,17500,9.199999809265137,9.149999618530272,3.959537982940674
22-07-1980,9.125,0.0,29000,9.274999618530272,9.274999618530272,4.013628959655762
23-07-1980,9.175000190734863,0.0,16500,9.300000190734863,9.225000381469728,3.991992950439453
24-07-1980,9.199999809265137,0.0,12500,9.350000381469728,9.199999809265137,3.98117470741272
25-07-1980,9.199999809265137,0.0,4000,9.25,9.25,4.002811431884766
28-07-1980,9.149999618530272,0.0,20500,9.25,9.199999809265137,3.98117470741272
29-07-1980,9.0,0.0,35000,9.274999618530272,9.050000190734863,3.916264533996582
30-07-1980,8.899999618530273,0.0,49500,9.100000381469728,9.0,3.89462685585022
31-07-1980,8.850000381469727,0.0,15000,9.0,8.949999809265137,3.872990131378174
01-08-1980,8.824999809265137,0.0,3500,8.850000381469727,8.824999809265137,3.8188979625701904
04-08-1980,8.75,0.0,13500,8.899999618530273,8.899999618530273,3.8513529300689697
05-08-1980,8.800000190734863,0.0,4000,9.0,8.899999618530273,3.8513529300689697
06-08-1980,8.850000381469727,0.0,5000,9.0,8.850000381469727,3.8297178745269775
07-08-1980,8.75,0.0,6000,8.875,8.824999809265137,3.8188979625701904
08-08-1980,8.449999809265137,0.0,18000,8.824999809265137,8.649999618530273,3.7431697845458975
11-08-1980,8.399999618530273,0.0,14500,8.550000190734863,8.449999809265137,3.6566216945648193
12-08-1980,8.300000190734863,0.0,13500,8.449999809265137,8.375,3.624165534973145
13-08-1980,8.25,0.0,23000,8.449999809265137,8.25,3.570074319839477
14-08-1980,8.199999809265137,0.0,8500,8.274999618530273,8.199999809265137,3.5484373569488525
15-08-1980,8.300000190734863,0.0,11500,8.600000381469727,8.600000381469727,3.7215328216552734
18-08-1980,8.475000381469727,0.0,4000,8.649999618530273,8.475000381469727,3.6674399375915527
19-08-1980,8.5,0.0,3000,8.600000381469727,8.5,3.6782591342926025
20-08-1980,8.399999618530273,0.0,7500,8.550000190734863,8.399999618530273,3.63498592376709
21-08-1980,8.300000190734863,0.0,13000,8.399999618530273,8.399999618530273,3.63498592376709
22-08-1980,8.399999618530273,0.0,8500,8.5,8.5,3.6782591342926025
25-08-1980,8.399999618530273,0.0,4500,8.5,8.399999618530273,3.63498592376709
26-08-1980,8.350000381469727,0.0,2500,8.350000381469727,8.350000381469727,3.613348245620728
27-08-1980,8.25,0.0,21000,8.350000381469727,8.350000381469727,3.613348245620728
28-08-1980,8.25,0.0,3000,8.25,8.25,3.570074319839477
29-08-1980,8.0,0.0,10000,8.149999618530273,8.0,3.461889743804932
02-09-1980,8.050000190734863,0.0,1000,8.050000190734863,8.050000190734863,3.483527898788452
03-09-1980,8.100000381469727,0.0,7500,8.5,8.5,3.6782591342926025
04-09-1980,8.600000381469727,0.0,15500,8.899999618530273,8.824999809265137,3.8188979625701904
05-09-1980,8.800000190734863,0.0,2000,8.899999618530273,8.800000190734863,3.808079957962036
08-09-1980,8.725000381469727,0.0,13000,9.100000381469728,9.050000190734863,3.916264533996582
09-09-1980,8.800000190734863,0.0,4500,9.100000381469728,8.800000190734863,3.808079957962036
10-09-1980,8.899999618530273,0.0,1000,8.899999618530273,8.899999618530273,3.8513529300689697
11-09-1980,8.800000190734863,0.0,6500,9.0,8.800000190734863,3.808079957962036
12-09-1980,8.75,0.0,4000,8.850000381469727,8.850000381469727,3.8297178745269775
15-09-1980,8.649999618530273,0.0,13500,8.800000190734863,8.649999618530273,3.7431697845458975
16-09-1980,8.800000190734863,0.0,2500,8.899999618530273,8.824999809265137,3.8188979625701904
17-09-1980,8.875,0.0,35500,9.0,8.949999809265137,3.872990131378174
18-09-1980,8.800000190734863,0.0,8000,8.949999809265137,8.800000190734863,3.808079957962036
19-09-1980,8.850000381469727,0.0,2500,8.949999809265137,8.949999809265137,3.872990131378174
22-09-1980,8.824999809265137,0.0,1500,8.949999809265137,8.824999809265137,3.8188979625701904
23-09-1980,8.850000381469727,0.0,7500,9.0,8.875,3.840534925460816
24-09-1980,8.800000190734863,0.0,2000,8.850000381469727,8.800000190734863,3.808079957962036
25-09-1980,8.75,0.0,3000,8.800000190734863,8.75,3.7864432334899902
26-09-1980,8.75,0.0,2500,8.75,8.75,3.7864432334899902
29-09-1980,8.600000381469727,0.0,12500,8.800000190734863,8.600000381469727,3.7215328216552734
30-09-1980,8.5,0.0,5500,8.699999809265137,8.600000381469727,3.7215328216552734
01-10-1980,8.649999618530273,0.0,2000,8.649999618530273,8.649999618530273,3.7431697845458975
02-10-1980,8.550000190734863,0.0,4000,8.75,8.75,3.7864432334899902
03-10-1980,8.600000381469727,0.0,6500,8.75,8.600000381469727,3.7215328216552734
06-10-1980,8.699999809265137,0.0,4500,8.899999618530273,8.899999618530273,3.8513529300689697
07-10-1980,9.0,0.0,14500,9.149999618530272,9.149999618530272,3.959537982940674
08-10-1980,9.149999618530272,0.0,20000,9.300000190734863,9.300000190734863,4.024448394775391
09-10-1980,9.300000190734863,0.0,35000,9.800000190734863,9.800000190734863,4.240816116333008
10-10-1980,9.899999618530272,0.0,28500,10.350000381469728,10.350000381469728,4.478819370269775
13-10-1980,10.199999809265137,0.0,12500,10.399999618530272,10.399999618530272,4.500457763671875
14-10-1980,10.350000381469728,0.0,9000,10.5,10.399999618530272,4.500457763671875
15-10-1980,10.100000381469728,0.0,5500,10.199999809265137,10.199999809265137,4.41391134262085
16-10-1980,9.899999618530272,0.0,20500,10.199999809265137,9.949999809265137,4.305727005004883
17-10-1980,9.600000381469728,0.0,20500,9.899999618530272,9.649999618530272,4.175904273986816
20-10-1980,9.699999809265137,0.0,23500,9.800000190734863,9.699999809265137,4.197543621063232
21-10-1980,9.699999809265137,0.0,10000,9.899999618530272,9.899999618530272,4.2840895652771
22-10-1980,9.899999618530272,0.0,27500,10.5,10.5,4.543731212615967
23-10-1980,10.225000381469728,0.0,9000,10.399999618530272,10.225000381469728,4.424728393554688
24-10-1980,10.300000190734863,0.0,6500,10.5,10.5,4.543731212615967
27-10-1980,10.300000190734863,0.0,6000,10.399999618530272,10.399999618530272,4.500457763671875
28-10-1980,10.350000381469728,0.0,2000,10.350000381469728,10.350000381469728,4.478819370269775
29-10-1980,10.300000190734863,0.0,9500,10.375,10.300000190734863,4.457184314727783
30-10-1980,10.100000381469728,0.0,9500,10.300000190734863,10.100000381469728,4.370637893676758
31-10-1980,10.100000381469728,0.0,6500,10.274999618530272,10.199999809265137,4.41391134262085
03-11-1980,10.199999809265137,0.0,4500,10.274999618530272,10.274999618530272,4.4463653564453125
05-11-1980,10.300000190734863,0.0,17500,10.399999618530272,10.399999618530272,4.500457763671875
06-11-1980,10.399999618530272,0.0,14500,10.449999809265137,10.449999809265137,4.522094249725342
07-11-1980,10.399999618530272,0.0,5500,10.5,10.399999618530272,4.500457763671875
10-11-1980,10.399999618530272,0.0,1500,10.399999618530272,10.399999618530272,4.500457763671875
11-11-1980,10.425000190734863,0.0,17000,11.300000190734863,11.199999809265137,4.846645832061768
12-11-1980,11.300000190734863,0.0,16000,12.399999618530272,12.399999618530272,5.365931034088135
13-11-1980,12.75,0.0,25000,14.199999809265137,13.600000381469728,5.885211944580078
14-11-1980,13.0,0.0,20000,13.800000190734863,13.600000381469728,5.885211944580078
17-11-1980,13.100000381469728,0.0,14000,13.5,13.5,5.841941356658936
18-11-1980,13.550000190734863,0.0,55500,13.949999809265137,13.800000190734863,5.971760272979736
19-11-1980,13.399999618530272,0.0,8500,13.800000190734863,13.399999618530272,5.798666954040527
20-11-1980,13.199999809265137,0.0,8500,13.550000190734863,13.550000190734863,5.863576412200928
21-11-1980,13.0,0.0,18500,13.600000381469728,13.600000381469728,5.885211944580078
24-11-1980,13.399999618530272,0.0,14500,13.949999809265137,13.399999618530272,5.798666954040527
25-11-1980,13.199999809265137,0.0,6000,13.449999809265137,13.449999809265137,5.820302486419678
26-11-1980,13.5,0.0,4500,13.649999618530272,13.600000381469728,5.885211944580078
28-11-1980,13.475000381469728,0.0,6500,13.649999618530272,13.475000381469728,5.831121921539307
01-12-1980,13.475000381469728,0.0,10000,13.800000190734863,13.649999618530272,5.906850337982178
02-12-1980,13.600000381469728,0.0,16500,13.800000190734863,13.699999809265137,5.928488254547119
03-12-1980,13.5,0.0,6000,13.800000190734863,13.600000381469728,5.885211944580078
04-12-1980,13.5,0.0,2500,13.600000381469728,13.5,5.841941356658936
05-12-1980,13.100000381469728,0.0,23500,13.399999618530272,13.25,5.7337565422058105
08-12-1980,12.574999809265137,0.0,15000,12.899999618530272,12.574999809265137,5.441659450531006
09-12-1980,12.199999809265137,0.0,11500,12.574999809265137,12.300000190734863,5.322657108306885
10-12-1980,11.5,0.0,31000,12.350000381469728,12.100000381469728,5.236109733581543
11-12-1980,12.024999618530272,0.0,53000,12.199999809265137,12.024999618530272,5.203653812408447
12-12-1980,11.800000190734863,0.0,5500,12.0,11.824999809265137,5.117108345031738
15-12-1980,11.800000190734863,0.0,7000,11.824999809265137,11.824999809265137,5.117108345031738
16-12-1980,11.725000381469728,0.0,43500,11.800000190734863,11.75,5.084651947021484
17-12-1980,11.850000381469728,0.0,15500,12.399999618530272,12.399999618530272,5.365931034088135
18-12-1980,12.350000381469728,0.0,11500,12.600000381469728,12.350000381469728,5.344293117523193
19-12-1980,11.824999809265137,0.0,24000,12.300000190734863,11.824999809265137,5.117108345031738
22-12-1980,11.850000381469728,0.0,8000,12.050000190734863,12.050000190734863,5.214471817016602
23-12-1980,12.199999809265137,0.0,23500,12.399999618530272,12.324999809265137,5.333475112915039
24-12-1980,12.125,0.0,1500,12.225000381469728,12.125,5.246927738189697
26-12-1980,12.199999809265137,0.0,1500,12.199999809265137,12.199999809265137,5.279383182525635
29-12-1980,12.0,0.0,16000,12.300000190734863,12.050000190734863,5.214471817016602
30-12-1980,12.050000190734863,0.0,2500,12.050000190734863,12.050000190734863,5.214471817016602
31-12-1980,11.699999809265137,0.0,24500,12.0,12.0,5.192836761474609
02-01-1981,12.0,0.0,1000,12.149999618530272,12.149999618530272,5.257744789123535
05-01-1981,12.199999809265137,0.0,9500,12.300000190734863,12.199999809265137,5.279383182525635
06-01-1981,12.199999809265137,0.0,2500,12.300000190734863,12.199999809265137,5.279383182525635
07-01-1981,11.050000190734863,0.0,55500,11.699999809265137,11.300000190734863,4.889919281005859
08-01-1981,11.300000190734863,0.0,9000,11.5,11.399999618530272,4.933194160461426
09-01-1981,11.199999809265137,0.0,9000,11.399999618530272,11.199999809265137,4.846645832061768
12-01-1981,11.175000190734863,0.0,13500,11.300000190734863,11.175000190734863,4.835829257965088
13-01-1981,10.949999809265137,0.0,16500,11.175000190734863,10.949999809265137,4.738463401794434
14-01-1981,10.899999618530272,0.0,13000,11.100000381469728,11.0,4.7600998878479
15-01-1981,10.5,0.0,16500,11.0,10.524999618530272,4.554551124572754
16-01-1981,10.475000381469728,0.0,21000,10.800000190734863,10.800000190734863,4.673552513122559
19-01-1981,10.850000381469728,0.0,15500,11.100000381469728,11.100000381469728,4.803373336791992
20-01-1981,10.949999809265137,0.0,5500,11.050000190734863,10.949999809265137,4.738463401794434
21-01-1981,10.399999618530272,0.0,24000,10.899999618530272,10.574999809265137,4.57618522644043
22-01-1981,10.399999618530272,0.0,13000,10.600000381469728,10.399999618530272,4.500457763671875
23-01-1981,10.399999618530272,0.0,5500,10.699999809265137,10.5,4.543731212615967
26-01-1981,10.024999618530272,0.0,12500,10.399999618530272,10.024999618530272,4.338181972503662
27-01-1981,9.850000381469728,0.0,25000,10.024999618530272,9.850000381469728,4.262454032897949
28-01-1981,9.75,0.0,13500,9.925000190734863,9.824999809265137,4.251635551452637
29-01-1981,9.449999809265137,0.0,19000,9.75,9.649999618530272,4.175904273986816
30-01-1981,9.699999809265137,0.0,16500,9.925000190734863,9.699999809265137,4.197543621063232
02-02-1981,9.425000190734863,0.0,14500,9.699999809265137,9.425000190734863,4.078539848327637
03-02-1981,9.024999618530272,0.0,19000,9.350000381469728,9.100000381469728,3.937901020050049
04-02-1981,8.699999809265137,0.0,10500,9.100000381469728,9.100000381469728,3.937901020050049
05-02-1981,8.699999809265137,0.0,11000,9.0,8.800000190734863,3.808079957962036
06-02-1981,8.449999809265137,0.0,26500,8.800000190734863,8.800000190734863,3.808079957962036
09-02-1981,8.449999809265137,0.0,8000,8.800000190734863,8.449999809265137,3.6566216945648193
10-02-1981,7.949999809265137,0.0,47000,8.449999809265137,8.399999618530273,3.63498592376709
11-02-1981,8.5,0.0,10000,8.899999618530273,8.899999618530273,3.8513529300689697
12-02-1981,8.800000190734863,0.0,19500,9.074999809265137,9.074999809265137,3.927082300186157
13-02-1981,8.899999618530273,0.0,7500,9.074999809265137,9.0,3.89462685585022
17-02-1981,8.800000190734863,0.0,13500,9.0,9.0,3.89462685585022
18-02-1981,8.899999618530273,0.0,8500,9.100000381469728,9.0,3.89462685585022
19-02-1981,9.100000381469728,0.0,4500,9.199999809265137,9.100000381469728,3.937901020050049
20-02-1981,9.100000381469728,0.0,6500,9.25,9.25,4.002811431884766
23-02-1981,9.300000190734863,0.0,7500,9.399999618530272,9.300000190734863,4.024448394775391
24-02-1981,9.399999618530272,0.0,7000,9.600000381469728,9.550000190734863,4.132632255554199
25-02-1981,9.699999809265137,0.0,4500,9.800000190734863,9.699999809265137,4.197543621063232
26-02-1981,9.649999618530272,0.0,12000,9.800000190734863,9.699999809265137,4.197543621063232
27-02-1981,9.699999809265137,0.0,8000,9.800000190734863,9.699999809265137,4.197543621063232
02-03-1981,9.524999618530272,0.0,14000,9.649999618530272,9.600000381469728,4.154268264770508
03-03-1981,9.600000381469728,0.0,1500,9.600000381469728,9.600000381469728,4.154268264770508
04-03-1981,9.600000381469728,0.0,5500,9.699999809265137,9.649999618530272,4.175904273986816
05-03-1981,9.800000190734863,0.0,9000,10.050000190734863,10.050000190734863,4.348999977111816
06-03-1981,10.0,0.0,23000,10.199999809265137,10.149999618530272,4.392273902893066
09-03-1981,10.199999809265137,0.0,8500,10.399999618530272,10.225000381469728,4.424728393554688
10-03-1981,10.199999809265137,0.0,4500,10.399999618530272,10.199999809265137,4.41391134262085
11-03-1981,9.899999618530272,0.0,10000,10.100000381469728,9.899999618530272,4.2840895652771
12-03-1981,9.899999618530272,0.0,5000,10.199999809265137,10.100000381469728,4.370637893676758
13-03-1981,10.0,0.0,12000,10.199999809265137,10.100000381469728,4.370637893676758
16-03-1981,9.899999618530272,0.0,9000,10.0,9.949999809265137,4.305727005004883
17-03-1981,9.600000381469728,0.0,19000,9.949999809265137,9.600000381469728,4.154268264770508
18-03-1981,9.300000190734863,0.0,10000,9.5,9.300000190734863,4.024448394775391
19-03-1981,9.300000190734863,0.0,6500,9.5,9.5,4.110994815826416
20-03-1981,9.5,0.0,8500,9.675000190734863,9.675000190734863,4.186723709106445
23-03-1981,9.600000381469728,0.0,500,9.600000381469728,9.600000381469728,4.154268264770508
24-03-1981,9.550000190734863,0.0,12000,9.699999809265137,9.550000190734863,4.132632255554199
25-03-1981,9.199999809265137,0.0,6500,9.449999809265137,9.199999809265137,3.98117470741272
26-03-1981,9.149999618530272,0.0,4500,9.300000190734863,9.199999809265137,3.98117470741272
27-03-1981,8.899999618530273,0.0,10500,9.0,9.0,3.89462685585022
30-03-1981,8.800000190734863,0.0,10000,8.949999809265137,8.800000190734863,3.808079957962036
31-03-1981,8.800000190734863,0.0,10500,9.300000190734863,9.300000190734863,4.024448394775391
01-04-1981,9.199999809265137,0.0,2000,9.300000190734863,9.300000190734863,4.024448394775391
02-04-1981,9.199999809265137,0.0,1500,9.25,9.199999809265137,3.98117470741272
03-04-1981,9.024999618530272,0.0,9000,9.175000190734863,9.024999618530272,3.905445098876953
06-04-1981,9.0,0.0,5000,9.100000381469728,9.0,3.89462685585022
07-04-1981,8.850000381469727,0.0,3000,9.100000381469728,8.850000381469727,3.8297178745269775
08-04-1981,8.850000381469727,0.0,16000,9.100000381469728,9.0,3.89462685585022
09-04-1981,8.800000190734863,0.0,6000,9.0,8.850000381469727,3.8297178745269775
10-04-1981,8.800000190734863,0.0,500,8.800000190734863,8.800000190734863,3.808079957962036
13-04-1981,8.550000190734863,0.0,6500,8.699999809265137,8.574999809265137,3.710713624954224
14-04-1981,8.0,0.0,23500,8.399999618530273,8.199999809265137,3.5484373569488525
15-04-1981,8.0,0.0,13000,8.350000381469727,8.25,3.570074319839477
16-04-1981,8.25,0.0,4000,8.300000190734863,8.25,3.570074319839477
20-04-1981,8.25,0.0,11000,8.5,8.399999618530273,3.63498592376709
21-04-1981,8.399999618530273,0.0,10500,8.5,8.399999618530273,3.63498592376709
22-04-1981,8.350000381469727,0.0,16000,8.399999618530273,8.399999618530273,3.63498592376709
23-04-1981,8.425000190734863,0.0,5500,8.600000381469727,8.425000190734863,3.645804882049561
24-04-1981,8.274999618530273,0.0,17000,8.600000381469727,8.274999618530273,3.580893516540528
27-04-1981,8.25,0.0,9000,8.375,8.350000381469727,3.613348245620728
28-04-1981,8.050000190734863,0.0,18500,8.350000381469727,8.050000190734863,3.483527898788452
29-04-1981,8.0,0.0,7500,8.100000381469727,8.0,3.461889743804932
30-04-1981,8.0,0.0,4500,8.100000381469727,8.0,3.461889743804932
01-05-1981,8.0,0.0,12500,8.199999809265137,8.0,3.461889743804932
04-05-1981,8.100000381469727,0.0,4500,8.300000190734863,8.300000190734863,3.591712236404419
05-05-1981,8.199999809265137,0.0,12000,8.375,8.350000381469727,3.613348245620728
06-05-1981,8.274999618530273,0.0,6500,8.375,8.274999618530273,3.580893516540528
07-05-1981,8.125,0.0,10500,8.274999618530273,8.25,3.570074319839477
08-05-1981,8.149999618530273,0.0,4500,8.25,8.149999618530273,3.526801347732544
11-05-1981,8.0,0.0,8000,8.074999809265137,8.0,3.461889743804932
12-05-1981,7.974999904632568,0.0,14000,8.050000190734863,7.974999904632568,3.451072931289673
13-05-1981,7.974999904632568,0.0,6000,8.125,8.0,3.461889743804932
14-05-1981,7.949999809265137,0.0,4500,8.050000190734863,8.050000190734863,3.483527898788452
15-05-1981,8.149999618530273,0.0,16000,8.449999809265137,8.399999618530273,3.63498592376709
18-05-1981,8.399999618530273,0.0,2500,8.5,8.399999618530273,3.63498592376709
19-05-1981,8.350000381469727,0.0,4000,8.399999618530273,8.350000381469727,3.613348245620728
20-05-1981,8.199999809265137,0.0,10500,8.350000381469727,8.350000381469727,3.613348245620728
21-05-1981,8.100000381469727,0.0,8500,8.25,8.199999809265137,3.5484373569488525
22-05-1981,8.149999618530273,0.0,3500,8.199999809265137,8.149999618530273,3.526801347732544
26-05-1981,8.050000190734863,0.0,8500,8.100000381469727,8.050000190734863,3.483527898788452
27-05-1981,8.0,0.0,9500,8.149999618530273,8.0,3.461889743804932
28-05-1981,8.0,0.0,11500,8.149999618530273,8.149999618530273,3.526801347732544
29-05-1981,8.0,0.0,6000,8.100000381469727,8.100000381469727,3.5051639080047607
01-06-1981,8.050000190734863,0.0,1000,8.050000190734863,8.050000190734863,3.483527898788452
02-06-1981,7.949999809265137,0.0,18500,8.0,7.949999809265137,3.4402530193328857
03-06-1981,7.75,0.0,11000,7.925000190734863,7.75,3.3537065982818604
04-06-1981,7.550000190734863,0.0,14500,7.650000095367432,7.650000095367432,3.310432910919189
05-06-1981,7.400000095367432,0.0,10500,7.599999904632568,7.5,3.245521068572998
08-06-1981,7.300000190734863,0.0,16000,7.449999809265137,7.300000190734863,3.158975124359131
09-06-1981,7.400000095367432,0.0,11500,7.574999809265137,7.400000095367432,3.202249050140381
10-06-1981,7.400000095367432,0.0,16500,7.599999904632568,7.400000095367432,3.202249050140381
11-06-1981,7.400000095367432,0.0,2500,7.400000095367432,7.400000095367432,3.202249050140381
12-06-1981,7.5,0.0,4500,7.650000095367432,7.5,3.245521068572998
15-06-1981,7.400000095367432,0.0,3000,7.5,7.400000095367432,3.202249050140381
16-06-1981,7.449999809265137,0.0,2000,7.550000190734863,7.449999809265137,3.2238857746124268
17-06-1981,7.349999904632568,0.0,4000,7.400000095367432,7.400000095367432,3.202249050140381
18-06-1981,7.400000095367432,0.0,16500,7.5,7.5,3.245521068572998
19-06-1981,7.5,0.0,2500,7.5,7.5,3.245521068572998
22-06-1981,7.400000095367432,0.0,3000,7.599999904632568,7.400000095367432,3.202249050140381
23-06-1981,7.349999904632568,0.0,9000,7.550000190734863,7.550000190734863,3.2671589851379395
24-06-1981,7.349999904632568,0.0,10500,7.449999809265137,7.349999904632568,3.180612087249756
25-06-1981,7.400000095367432,0.0,1000,7.5,7.5,3.245521068572998
26-06-1981,7.400000095367432,0.0,2500,7.5,7.5,3.245521068572998
29-06-1981,7.5,0.0,6000,7.650000095367432,7.525000095367432,3.256340980529785
30-06-1981,7.650000095367432,0.0,15000,7.75,7.699999809265137,3.3320701122283936
01-07-1981,7.800000190734863,0.0,5500,8.0,8.0,3.461889743804932
02-07-1981,7.900000095367432,0.0,4500,7.900000095367432,7.900000095367432,3.4186160564422607
06-07-1981,7.75,0.0,8500,7.900000095367432,7.900000095367432,3.4186160564422607
07-07-1981,7.75,0.0,3000,7.849999904632568,7.75,3.3537065982818604
08-07-1981,7.849999904632568,0.0,1500,7.849999904632568,7.849999904632568,3.396979808807373
09-07-1981,7.900000095367432,0.0,17500,8.449999809265137,8.449999809265137,3.6566216945648193
10-07-1981,8.600000381469727,0.0,19500,9.25,9.25,4.002811431884766
13-07-1981,8.899999618530273,0.0,18500,9.300000190734863,8.925000190734863,3.862172365188599
14-07-1981,8.925000190734863,8.925000190734863,0,8.925000190734863,8.925000190734863,3.862172365188599
15-07-1981,8.399999618530273,0.0,27000,8.925000190734863,8.399999618530273,3.63498592376709
16-07-1981,8.300000190734863,0.0,10000,8.5,8.399999618530273,3.63498592376709
17-07-1981,8.5,0.0,2000,8.600000381469727,8.5,3.6782591342926025
20-07-1981,8.300000190734863,0.0,8500,8.600000381469727,8.300000190734863,3.591712236404419
21-07-1981,8.300000190734863,0.0,5500,8.600000381469727,8.600000381469727,3.7215328216552734
22-07-1981,8.475000381469727,0.0,1000,8.5,8.475000381469727,3.6674399375915527
23-07-1981,8.350000381469727,0.0,4500,8.425000190734863,8.350000381469727,3.613348245620728
24-07-1981,8.300000190734863,0.0,3000,8.350000381469727,8.350000381469727,3.613348245620728
27-07-1981,8.300000190734863,0.0,4000,8.399999618530273,8.399999618530273,3.63498592376709
28-07-1981,8.25,0.0,9000,8.300000190734863,8.25,3.570074319839477
29-07-1981,8.100000381469727,0.0,7000,8.25,8.100000381469727,3.5051639080047607
30-07-1981,8.050000190734863,0.0,3000,8.149999618530273,8.149999618530273,3.526801347732544
31-07-1981,8.074999809265137,0.0,4000,8.074999809265137,8.074999809265137,3.494345664978028
03-08-1981,8.074999809265137,8.074999809265137,0,8.074999809265137,8.074999809265137,3.494345664978028
04-08-1981,8.0,0.0,9000,8.100000381469727,8.0,3.461889743804932
05-08-1981,7.900000095367432,0.0,4500,8.0,7.900000095367432,3.4186160564422607
06-08-1981,7.900000095367432,0.0,5000,8.100000381469727,8.050000190734863,3.483527898788452
07-08-1981,8.149999618530273,0.0,1000,8.149999618530273,8.149999618530273,3.526801347732544
10-08-1981,8.050000190734863,0.0,2000,8.149999618530273,8.149999618530273,3.526801347732544
11-08-1981,8.050000190734863,0.0,5000,8.100000381469727,8.050000190734863,3.483527898788452
12-08-1981,7.849999904632568,0.0,12000,8.050000190734863,7.849999904632568,3.396979808807373
13-08-1981,7.849999904632568,7.849999904632568,0,7.849999904632568,7.849999904632568,3.396979808807373
14-08-1981,7.800000190734863,0.0,8000,7.949999809265137,7.800000190734863,3.375342845916748
17-08-1981,7.800000190734863,0.0,1000,7.800000190734863,7.800000190734863,3.375342845916748
18-08-1981,7.800000190734863,0.0,4000,7.900000095367432,7.800000190734863,3.375342845916748
19-08-1981,7.800000190734863,0.0,2000,7.800000190734863,7.800000190734863,3.375342845916748
20-08-1981,7.699999809265137,0.0,10000,7.800000190734863,7.800000190734863,3.375342845916748
21-08-1981,7.800000190734863,0.0,10000,7.875,7.800000190734863,3.375342845916748
24-08-1981,7.599999904632568,0.0,9500,7.724999904632568,7.599999904632568,3.2887966632843018
25-08-1981,7.150000095367432,0.0,20500,7.5,7.300000190734863,3.158975124359131
26-08-1981,7.199999809265137,0.0,6500,7.300000190734863,7.199999809265137,3.11570143699646
27-08-1981,7.099999904632568,0.0,12500,7.275000095367432,7.25,3.1373379230499268
28-08-1981,7.25,0.0,4500,7.300000190734863,7.300000190734863,3.158975124359131
31-08-1981,7.0,0.0,17500,7.300000190734863,7.0,3.0291547775268555
01-09-1981,7.099999904632568,0.0,500,7.099999904632568,7.099999904632568,3.07242751121521
02-09-1981,7.0,0.0,6500,7.199999809265137,7.099999904632568,3.07242751121521
03-09-1981,7.050000190734863,0.0,500,7.050000190734863,7.050000190734863,3.0507912635803223
04-09-1981,7.050000190734863,0.0,4000,7.074999809265137,7.050000190734863,3.0507912635803223
08-09-1981,6.800000190734863,0.0,10500,7.0,6.800000190734863,2.942605972290039
09-09-1981,6.599999904632568,0.0,80000,6.699999809265137,6.599999904632568,2.85606050491333
10-09-1981,6.599999904632568,0.0,9500,6.800000190734863,6.75,2.920970678329468
11-09-1981,6.800000190734863,0.0,14500,7.0,7.0,3.0291547775268555
14-09-1981,6.699999809265137,0.0,17500,7.099999904632568,6.75,2.920970678329468
15-09-1981,6.650000095367432,0.0,7000,6.800000190734863,6.650000095367432,2.8776960372924805
16-09-1981,6.199999809265137,0.0,23500,6.599999904632568,6.300000190734863,2.726238965988159
17-09-1981,5.800000190734863,0.0,30000,6.199999809265137,5.800000190734863,2.5098700523376465
18-09-1981,5.400000095367432,0.0,104000,5.75,5.650000095367432,2.4449596405029297
21-09-1981,5.425000190734863,0.0,27000,5.75,5.75,2.488234281539917
22-09-1981,5.75,0.0,24000,6.099999904632568,5.849999904632568,2.5315070152282715
23-09-1981,5.650000095367432,0.0,16000,5.900000095367432,5.75,2.488234281539917
24-09-1981,5.599999904632568,0.0,22000,5.949999809265137,5.75,2.488234281539917
25-09-1981,5.550000190734863,0.0,10000,5.75,5.550000190734863,2.401686668395996
28-09-1981,5.300000190734863,0.0,23000,5.775000095367432,5.775000095367432,2.4990522861480717
29-09-1981,5.849999904632568,0.0,8000,5.949999809265137,5.849999904632568,2.5315070152282715
30-09-1981,5.699999809265137,0.0,6500,5.824999809265137,5.724999904632568,2.477414846420288
01-10-1981,5.650000095367432,0.0,10000,5.800000190734863,5.800000190734863,2.5098700523376465
02-10-1981,5.849999904632568,0.0,10000,6.199999809265137,6.150000095367432,2.6613285541534424
05-10-1981,6.099999904632568,0.0,2000,6.150000095367432,6.099999904632568,2.6396915912628174
06-10-1981,5.800000190734863,0.0,13000,6.0,5.800000190734863,2.5098700523376465
07-10-1981,5.599999904632568,0.0,20500,5.900000095367432,5.800000190734863,2.5098700523376465
08-10-1981,5.800000190734863,0.0,16500,6.300000190734863,6.25,2.704602003097534
09-10-1981,6.0,0.0,16000,6.300000190734863,6.0,2.5964183807373047
12-10-1981,5.974999904632568,0.0,3000,6.0,6.0,2.5964183807373047
13-10-1981,5.800000190734863,0.0,22000,6.0,5.900000095367432,2.553144216537476
14-10-1981,5.650000095367432,0.0,7500,5.849999904632568,5.650000095367432,2.4449596405029297
15-10-1981,5.5,0.0,25500,5.75,5.75,2.488234281539917
16-10-1981,5.650000095367432,0.0,7500,5.900000095367432,5.900000095367432,2.553144216537476
19-10-1981,5.849999904632568,0.0,5500,6.0,5.875,2.542325973510742
20-10-1981,5.849999904632568,0.0,35000,6.0,5.900000095367432,2.553144216537476
21-10-1981,5.800000190734863,0.0,8000,5.824999809265137,5.824999809265137,2.52068829536438
22-10-1981,5.800000190734863,0.0,3000,5.800000190734863,5.800000190734863,2.5098700523376465
23-10-1981,5.699999809265137,0.0,4500,5.800000190734863,5.800000190734863,2.5098700523376465
26-10-1981,5.699999809265137,0.0,3500,5.75,5.699999809265137,2.466597080230713
27-10-1981,5.699999809265137,0.0,3000,5.75,5.699999809265137,2.466597080230713
28-10-1981,5.650000095367432,0.0,25000,5.75,5.650000095367432,2.4449596405029297
29-10-1981,5.650000095367432,0.0,4500,5.699999809265137,5.675000190734863,2.4557788372039795
30-10-1981,5.650000095367432,0.0,8500,6.0,6.0,2.5964183807373047
02-11-1981,6.0,0.0,12000,6.25,6.25,2.704602003097534
03-11-1981,6.375,0.0,19500,6.449999809265137,6.400000095367432,2.76951265335083
04-11-1981,6.25,0.0,10000,6.349999904632568,6.300000190734863,2.726238965988159
05-11-1981,6.25,0.0,5500,6.300000190734863,6.25,2.704602003097534
06-11-1981,6.099999904632568,0.0,15000,6.199999809265137,6.099999904632568,2.6396915912628174
09-11-1981,6.050000190734863,0.0,5500,6.099999904632568,6.050000190734863,2.6180548667907715
10-11-1981,5.800000190734863,0.0,28000,6.0,5.800000190734863,2.5098700523376465
11-11-1981,5.800000190734863,0.0,2000,5.824999809265137,5.800000190734863,2.5098700523376465
12-11-1981,5.900000095367432,0.0,2000,5.900000095367432,5.900000095367432,2.553144216537476
13-11-1981,5.699999809265137,0.0,6500,5.699999809265137,5.699999809265137,2.466597080230713
16-11-1981,5.75,0.0,4500,5.800000190734863,5.800000190734863,2.5098700523376465
17-11-1981,5.75,0.0,30000,6.0,5.75,2.488234281539917
18-11-1981,5.724999904632568,0.0,6000,5.849999904632568,5.724999904632568,2.477414846420288
19-11-1981,5.699999809265137,0.0,10000,6.0,6.0,2.5964183807373047
20-11-1981,6.050000190734863,0.0,37000,6.25,6.150000095367432,2.6613285541534424
23-11-1981,6.150000095367432,0.0,8500,6.199999809265137,6.150000095367432,2.6613285541534424
24-11-1981,6.25,0.0,31000,6.599999904632568,6.599999904632568,2.85606050491333
25-11-1981,6.599999904632568,0.0,32500,6.949999809265137,6.949999809265137,3.007517576217652
27-11-1981,6.824999809265137,0.0,5500,6.949999809265137,6.824999809265137,2.953425168991089
30-11-1981,6.699999809265137,0.0,16500,6.849999904632568,6.824999809265137,2.953425168991089
01-12-1981,6.650000095367432,0.0,6000,6.849999904632568,6.699999809265137,2.899333477020264
02-12-1981,6.400000095367432,0.0,11000,6.650000095367432,6.400000095367432,2.76951265335083
03-12-1981,6.199999809265137,0.0,10000,6.400000095367432,6.349999904632568,2.747875213623047
04-12-1981,6.349999904632568,0.0,4000,6.400000095367432,6.400000095367432,2.76951265335083
07-12-1981,6.300000190734863,0.0,2000,6.349999904632568,6.349999904632568,2.747875213623047
08-12-1981,6.199999809265137,0.0,5000,6.300000190734863,6.199999809265137,2.6829655170440674
09-12-1981,6.150000095367432,0.0,6000,6.199999809265137,6.199999809265137,2.6829655170440674
10-12-1981,6.199999809265137,0.0,5500,6.300000190734863,6.199999809265137,2.6829655170440674
11-12-1981,6.150000095367432,0.0,15000,6.199999809265137,6.175000190734863,2.6721465587615967
14-12-1981,6.175000190734863,0.0,6000,6.175000190734863,6.175000190734863,2.6721465587615967
15-12-1981,6.175000190734863,0.0,2500,6.25,6.25,2.704602003097534
16-12-1981,6.199999809265137,0.0,5000,6.25,6.199999809265137,2.6829655170440674
17-12-1981,6.150000095367432,0.0,5500,6.175000190734863,6.175000190734863,2.6721465587615967
18-12-1981,6.175000190734863,0.0,10500,6.400000095367432,6.400000095367432,2.76951265335083
21-12-1981,6.550000190734863,0.0,11000,6.599999904632568,6.599999904632568,2.85606050491333
22-12-1981,6.300000190734863,0.0,16000,6.5,6.300000190734863,2.726238965988159
23-12-1981,6.25,0.0,8000,6.300000190734863,6.25,2.704602003097534
24-12-1981,6.175000190734863,0.0,4500,6.25,6.175000190734863,2.6721465587615967
28-12-1981,6.150000095367432,0.0,6500,6.25,6.175000190734863,2.6721465587615967
29-12-1981,6.150000095367432,0.0,10000,6.25,6.150000095367432,2.6613285541534424
30-12-1981,6.099999904632568,0.0,10500,6.25,6.199999809265137,2.6829655170440674
31-12-1981,6.199999809265137,0.0,10500,6.300000190734863,6.300000190734863,2.726238965988159
04-01-1982,6.25,0.0,3500,6.25,6.25,2.704602003097534
05-01-1982,6.099999904632568,0.0,7000,6.25,6.150000095367432,2.6613285541534424
06-01-1982,6.050000190734863,0.0,4000,6.199999809265137,6.074999809265137,2.628872394561768
07-01-1982,6.099999904632568,0.0,6500,6.150000095367432,6.099999904632568,2.6396915912628174
08-01-1982,6.050000190734863,0.0,6500,6.125,6.125,2.650510787963867
11-01-1982,5.800000190734863,0.0,28000,6.199999809265137,5.800000190734863,2.5098700523376465
12-01-1982,5.900000095367432,0.0,7000,6.0,6.0,2.5964183807373047
13-01-1982,5.699999809265137,0.0,13000,5.949999809265137,5.699999809265137,2.466597080230713
14-01-1982,5.550000190734863,0.0,8000,5.699999809265137,5.599999904632568,2.423322916030884
15-01-1982,5.5,0.0,9500,5.699999809265137,5.550000190734863,2.401686668395996
18-01-1982,5.400000095367432,0.0,17000,5.5,5.5,2.38004994392395
19-01-1982,5.349999904632568,0.0,8500,5.5,5.349999904632568,2.315138816833496
20-01-1982,5.25,0.0,5000,5.400000095367432,5.275000095367432,2.282684326171875
21-01-1982,5.0,0.0,212500,5.199999809265137,5.199999809265137,2.250228881835937
22-01-1982,5.199999809265137,0.0,3500,5.275000095367432,5.275000095367432,2.282684326171875
25-01-1982,4.900000095367432,0.0,13000,5.199999809265137,4.949999809265137,2.14204478263855
26-01-1982,4.449999809265137,0.0,31000,4.949999809265137,4.5,1.9473134279251096
27-01-1982,4.150000095367432,0.0,64000,4.699999809265137,4.650000095367432,2.0122241973876958
28-01-1982,4.699999809265137,0.0,5000,5.0,4.900000095367432,2.120408058166504
29-01-1982,4.900000095367432,0.0,19000,5.050000190734863,5.0,2.1636812686920166
01-02-1982,4.949999809265137,0.0,7500,5.050000190734863,4.949999809265137,2.14204478263855
02-02-1982,5.099999904632568,0.0,12000,5.449999809265137,5.449999809265137,2.358412981033325
03-02-1982,5.275000095367432,0.0,13500,5.375,5.300000190734863,2.2935030460357666
04-02-1982,4.949999809265137,0.0,14500,5.175000190734863,4.949999809265137,2.14204478263855
05-02-1982,4.949999809265137,0.0,6500,5.025000095367432,5.0,2.1636812686920166
08-02-1982,4.75,0.0,22000,5.0,4.75,2.055497407913208
09-02-1982,4.599999904632568,0.0,8500,4.800000190734863,4.800000190734863,2.077134132385254
10-02-1982,4.75,0.0,8500,4.849999904632568,4.800000190734863,2.077134132385254
11-02-1982,4.900000095367432,0.0,9500,5.050000190734863,5.050000190734863,2.185318946838379
12-02-1982,4.900000095367432,0.0,7000,5.050000190734863,4.900000095367432,2.120408058166504
16-02-1982,4.800000190734863,0.0,5000,5.0,4.800000190734863,2.077134132385254
17-02-1982,4.849999904632568,0.0,5000,5.0,4.900000095367432,2.120408058166504
18-02-1982,4.900000095367432,0.0,10500,5.099999904632568,5.099999904632568,2.206955671310425
19-02-1982,5.0,0.0,12000,5.074999809265137,5.0,2.1636812686920166
22-02-1982,4.849999904632568,0.0,7000,5.0,4.900000095367432,2.2557532787323
23-02-1982,4.800000190734863,0.0,19000,4.849999904632568,4.800000190734863,2.209717273712158
24-02-1982,4.650000095367432,0.0,19500,4.775000095367432,4.775000095367432,2.1982085704803467
25-02-1982,4.800000190734863,0.0,7000,4.900000095367432,4.849999904632568,2.2327358722686768
26-02-1982,4.800000190734863,0.0,2500,4.849999904632568,4.800000190734863,2.209717273712158
01-03-1982,4.849999904632568,0.0,500,4.849999904632568,4.849999904632568,2.2327358722686768
02-03-1982,4.900000095367432,0.0,9500,5.050000190734863,4.949999809265137,2.278770923614502
03-03-1982,4.849999904632568,0.0,2500,4.900000095367432,4.849999904632568,2.2327358722686768
04-03-1982,4.75,0.0,7500,4.849999904632568,4.849999904632568,2.2327358722686768
05-03-1982,4.800000190734863,0.0,10500,4.849999904632568,4.849999904632568,2.2327358722686768
08-03-1982,4.650000095367432,0.0,12000,4.800000190734863,4.650000095367432,2.1406641006469727
09-03-1982,4.599999904632568,0.0,11000,4.599999904632568,4.599999904632568,2.1176462173461914
10-03-1982,4.599999904632568,0.0,3500,4.699999809265137,4.699999809265137,2.163681983947754
11-03-1982,4.599999904632568,0.0,10500,4.650000095367432,4.599999904632568,2.1176462173461914
12-03-1982,4.150000095367432,0.0,40500,4.5,4.400000095367432,2.0255744457244877
15-03-1982,4.300000190734863,0.0,5000,4.349999904632568,4.349999904632568,2.0025556087493896
16-03-1982,4.349999904632568,0.0,6500,4.449999809265137,4.449999809265137,2.048592090606689
17-03-1982,4.400000095367432,0.0,500,4.400000095367432,4.400000095367432,2.0255744457244877
18-03-1982,4.400000095367432,0.0,13000,4.474999904632568,4.449999809265137,2.048592090606689
19-03-1982,4.400000095367432,0.0,5000,4.449999809265137,4.400000095367432,2.0255744457244877
22-03-1982,4.5,0.0,9000,4.699999809265137,4.699999809265137,2.163681983947754
23-03-1982,4.699999809265137,0.0,6000,4.699999809265137,4.699999809265137,2.163681983947754
24-03-1982,4.800000190734863,0.0,5000,4.900000095367432,4.900000095367432,2.2557532787323
25-03-1982,5.0,0.0,22000,5.199999809265137,5.099999904632568,2.347825288772583
26-03-1982,4.900000095367432,0.0,6500,5.0,4.900000095367432,2.2557532787323
29-03-1982,4.900000095367432,0.0,2000,5.050000190734863,5.0,2.301788806915283
30-03-1982,5.0,0.0,3000,5.050000190734863,5.050000190734863,2.3248074054718018
31-03-1982,5.0,0.0,3500,5.099999904632568,5.0,2.301788806915283
01-04-1982,5.050000190734863,0.0,4500,5.199999809265137,5.199999809265137,2.3938605785369877
02-04-1982,5.25,0.0,3000,5.300000190734863,5.25,2.416878461837769
05-04-1982,5.300000190734863,0.0,4000,5.400000095367432,5.400000095367432,2.4859321117401123
06-04-1982,5.375,0.0,3500,5.400000095367432,5.375,2.4744226932525635
07-04-1982,5.375,0.0,1500,5.449999809265137,5.449999809265137,2.5089499950408936
08-04-1982,5.449999809265137,0.0,4000,5.449999809265137,5.449999809265137,2.5089499950408936
12-04-1982,5.449999809265137,0.0,2000,5.449999809265137,5.449999809265137,2.5089499950408936
13-04-1982,5.449999809265137,0.0,3500,5.449999809265137,5.449999809265137,2.5089499950408936
14-04-1982,5.449999809265137,0.0,2500,5.449999809265137,5.449999809265137,2.5089499950408936
15-04-1982,5.400000095367432,0.0,7000,5.5,5.474999904632568,2.5204591751098637
16-04-1982,5.525000095367432,0.0,6000,5.574999809265137,5.525000095367432,2.543476819992065
19-04-1982,5.5,0.0,7000,5.525000095367432,5.5,2.531967878341675
20-04-1982,5.474999904632568,0.0,5000,5.474999904632568,5.474999904632568,2.5204591751098637
21-04-1982,5.324999809265137,0.0,5500,5.400000095367432,5.324999809265137,2.4514050483703613
22-04-1982,5.275000095367432,0.0,6500,5.349999904632568,5.349999904632568,2.462913751602173
23-04-1982,5.224999904632568,0.0,8500,5.275000095367432,5.275000095367432,2.4283876419067383
26-04-1982,5.300000190734863,0.0,3500,5.349999904632568,5.300000190734863,2.439896821975708
27-04-1982,5.25,0.0,11000,5.349999904632568,5.25,2.416878461837769
28-04-1982,5.125,0.0,5000,5.199999809265137,5.125,2.3593342304229736
29-04-1982,5.150000095367432,0.0,2000,5.175000190734863,5.175000190734863,2.38235092163086
30-04-1982,5.099999904632568,0.0,3000,5.175000190734863,5.150000095367432,2.370842456817627
03-05-1982,5.0,0.0,8000,5.150000095367432,5.0,2.301788806915283
04-05-1982,5.0,0.0,4000,5.0,5.0,2.301788806915283
05-05-1982,5.0,0.0,2000,5.0,5.0,2.301788806915283
06-05-1982,5.025000095367432,0.0,3000,5.074999809265137,5.025000095367432,2.313297748565674
07-05-1982,5.025000095367432,0.0,6500,5.150000095367432,5.150000095367432,2.370842456817627
10-05-1982,4.949999809265137,0.0,6500,5.099999904632568,4.949999809265137,2.278770923614502
11-05-1982,4.800000190734863,0.0,24500,4.900000095367432,4.875,2.244243860244751
12-05-1982,4.800000190734863,0.0,3500,4.875,4.875,2.244243860244751
13-05-1982,4.949999809265137,0.0,2000,4.949999809265137,4.949999809265137,2.278770923614502
14-05-1982,4.875,0.0,5500,4.900000095367432,4.875,2.244243860244751
17-05-1982,4.875,4.875,0,4.875,4.875,2.244243860244751
18-05-1982,4.824999809265137,0.0,4000,4.875,4.875,2.244243860244751
19-05-1982,4.800000190734863,0.0,3500,4.824999809265137,4.800000190734863,2.209717273712158
20-05-1982,4.800000190734863,0.0,4500,4.800000190734863,4.800000190734863,2.209717273712158
21-05-1982,4.800000190734863,0.0,1500,4.800000190734863,4.800000190734863,2.209717273712158
24-05-1982,4.800000190734863,0.0,500,4.800000190734863,4.800000190734863,2.209717273712158
25-05-1982,4.800000190734863,4.800000190734863,0,4.800000190734863,4.800000190734863,2.209717273712158
26-05-1982,4.800000190734863,0.0,4000,4.800000190734863,4.800000190734863,2.209717273712158
27-05-1982,4.800000190734863,0.0,2000,4.875,4.849999904632568,2.2327358722686768
28-05-1982,4.849999904632568,0.0,2000,4.849999904632568,4.849999904632568,2.2327358722686768
01-06-1982,4.824999809265137,0.0,500,4.824999809265137,4.824999809265137,2.22122573852539
02-06-1982,4.849999904632568,0.0,500,4.849999904632568,4.849999904632568,2.2327358722686768
03-06-1982,4.800000190734863,0.0,6000,4.849999904632568,4.800000190734863,2.209717273712158
04-06-1982,4.800000190734863,0.0,1000,4.800000190734863,4.800000190734863,2.209717273712158
07-06-1982,4.699999809265137,0.0,10000,4.75,4.699999809265137,2.163681983947754
08-06-1982,4.5,0.0,36000,4.599999904632568,4.5,2.0716099739074707
09-06-1982,4.400000095367432,0.0,9000,4.5,4.400000095367432,2.0255744457244877
10-06-1982,4.349999904632568,0.0,5500,4.349999904632568,4.349999904632568,2.0025556087493896
11-06-1982,4.099999904632568,0.0,32500,4.300000190734863,4.099999904632568,1.8874666690826416
14-06-1982,3.950000047683716,0.0,18500,4.0,4.0,1.8414307832717896
15-06-1982,3.924999952316284,0.0,3000,3.974999904632568,3.974999904632568,1.8299217224121092
16-06-1982,3.900000095367432,0.0,19500,3.974999904632568,3.974999904632568,1.8299217224121092
17-06-1982,3.849999904632568,0.0,5500,3.974999904632568,3.875,1.783886432647705
18-06-1982,3.799999952316284,0.0,8500,3.900000095367432,3.849999904632568,1.772377610206604
21-06-1982,3.75,0.0,110000,3.900000095367432,3.799999952316284,1.7493598461151123
22-06-1982,3.724999904632568,0.0,17000,3.900000095367432,3.849999904632568,1.772377610206604
23-06-1982,3.849999904632568,0.0,122500,4.0,4.0,1.8414307832717896
24-06-1982,4.0,0.0,78500,4.199999809265137,4.199999809265137,1.933503031730652
25-06-1982,4.150000095367432,0.0,17500,4.25,4.199999809265137,1.933503031730652
28-06-1982,4.150000095367432,0.0,17000,4.25,4.25,1.956520795822144
29-06-1982,4.199999809265137,0.0,7000,4.25,4.199999809265137,1.933503031730652
30-06-1982,4.150000095367432,0.0,28000,4.25,4.175000190734863,1.9219937324523928
01-07-1982,4.125,0.0,1000,4.125,4.125,1.8989757299423216
02-07-1982,4.125,4.125,0,4.125,4.125,1.8989757299423216
06-07-1982,4.099999904632568,0.0,6000,4.125,4.099999904632568,1.8874666690826416
07-07-1982,4.050000190734863,0.0,2000,4.099999904632568,4.050000190734863,1.86444890499115
08-07-1982,3.799999952316284,0.0,30500,4.050000190734863,3.900000095367432,1.7953951358795166
09-07-1982,3.875,0.0,10000,4.050000190734863,4.050000190734863,1.86444890499115
12-07-1982,4.0,0.0,5000,4.0,4.0,1.8414307832717896
13-07-1982,3.900000095367432,0.0,4000,3.950000047683716,3.900000095367432,1.7953951358795166
14-07-1982,3.950000047683716,0.0,4500,4.0,3.950000047683716,1.8184128999710083
15-07-1982,3.950000047683716,0.0,4500,4.0,4.0,1.8414307832717896
16-07-1982,3.950000047683716,0.0,11500,4.0,4.0,1.8414307832717896
19-07-1982,4.0,0.0,2500,4.0,4.0,1.8414307832717896
20-07-1982,3.950000047683716,0.0,2500,3.950000047683716,3.950000047683716,1.8184128999710083
21-07-1982,3.900000095367432,0.0,13000,4.0,3.900000095367432,1.7953951358795166
22-07-1982,3.900000095367432,0.0,2500,3.950000047683716,3.900000095367432,1.7953951358795166
23-07-1982,3.950000047683716,0.0,1000,3.950000047683716,3.950000047683716,1.8184128999710083
26-07-1982,3.849999904632568,0.0,34000,4.0,3.849999904632568,1.772377610206604
27-07-1982,3.900000095367432,0.0,5000,3.950000047683716,3.950000047683716,1.8184128999710083
28-07-1982,3.950000047683716,0.0,13000,4.050000190734863,4.0,1.8414307832717896
29-07-1982,3.900000095367432,0.0,6500,3.900000095367432,3.900000095367432,1.7953951358795166
30-07-1982,3.900000095367432,0.0,3500,3.900000095367432,3.900000095367432,1.7953951358795166
02-08-1982,3.849999904632568,0.0,6500,3.950000047683716,3.950000047683716,1.8184128999710083
03-08-1982,3.849999904632568,0.0,22500,3.950000047683716,3.849999904632568,1.772377610206604
04-08-1982,3.799999952316284,0.0,6500,3.900000095367432,3.799999952316284,1.7493598461151123
05-08-1982,3.799999952316284,0.0,4500,3.799999952316284,3.799999952316284,1.7493598461151123
06-08-1982,3.799999952316284,0.0,500,3.799999952316284,3.799999952316284,1.7493598461151123
09-08-1982,3.700000047683716,0.0,8000,3.75,3.75,1.7263410091400146
10-08-1982,3.75,0.0,500,3.75,3.75,1.7263410091400146
11-08-1982,3.700000047683716,0.0,11000,3.799999952316284,3.700000047683716,1.7033239603042605
12-08-1982,3.700000047683716,0.0,5500,3.724999904632568,3.724999904632568,1.7148329019546509
13-08-1982,3.700000047683716,0.0,3500,3.700000047683716,3.700000047683716,1.7033239603042605
16-08-1982,3.700000047683716,0.0,26500,3.700000047683716,3.700000047683716,1.7033239603042605
17-08-1982,3.700000047683716,0.0,17000,3.849999904632568,3.849999904632568,1.772377610206604
18-08-1982,3.799999952316284,0.0,17000,3.849999904632568,3.799999952316284,1.7493598461151123
19-08-1982,3.724999904632568,0.0,6000,3.75,3.724999904632568,1.7148329019546509
20-08-1982,3.700000047683716,0.0,24500,3.799999952316284,3.775000095367432,1.737850546836853
23-08-1982,3.799999952316284,0.0,10500,3.900000095367432,3.900000095367432,1.7953951358795166
24-08-1982,3.799999952316284,0.0,18500,3.900000095367432,3.799999952316284,1.7493598461151123
25-08-1982,3.775000095367432,0.0,42500,4.400000095367432,4.400000095367432,2.0255744457244877
26-08-1982,4.324999809265137,0.0,20500,4.449999809265137,4.324999809265137,1.9910478591918943
27-08-1982,4.199999809265137,0.0,8000,4.349999904632568,4.199999809265137,1.933503031730652
30-08-1982,3.849999904632568,0.0,27000,4.150000095367432,3.950000047683716,1.8184128999710083
31-08-1982,4.0,0.0,2000,4.050000190734863,4.050000190734863,1.86444890499115
01-09-1982,4.0,0.0,22500,4.150000095367432,4.0,1.8414307832717896
02-09-1982,4.0,0.0,2000,4.050000190734863,4.050000190734863,1.86444890499115
03-09-1982,4.050000190734863,0.0,27000,4.199999809265137,4.199999809265137,1.933503031730652
07-09-1982,4.099999904632568,0.0,18500,4.25,4.099999904632568,1.8874666690826416
08-09-1982,3.950000047683716,0.0,18500,4.050000190734863,4.0,1.8414307832717896
09-09-1982,4.0,0.0,5000,4.050000190734863,4.0,1.8414307832717896
10-09-1982,3.900000095367432,0.0,6000,4.0,3.900000095367432,1.7953951358795166
13-09-1982,3.924999952316284,0.0,1000,3.974999904632568,3.974999904632568,1.8299217224121092
14-09-1982,3.974999904632568,0.0,3000,4.074999809265137,4.074999809265137,1.87595808506012
15-09-1982,4.074999809265137,0.0,18000,4.150000095367432,4.150000095367432,1.91048526763916
16-09-1982,4.199999809265137,0.0,29000,4.300000190734863,4.25,1.956520795822144
17-09-1982,4.175000190734863,0.0,17000,4.300000190734863,4.175000190734863,1.9219937324523928
20-09-1982,4.074999809265137,0.0,19000,4.175000190734863,4.125,1.8989757299423216
21-09-1982,4.074999809265137,0.0,6000,4.150000095367432,4.150000095367432,1.91048526763916
22-09-1982,4.125,0.0,11000,4.199999809265137,4.175000190734863,1.9219937324523928
23-09-1982,4.175000190734863,0.0,4000,4.224999904632568,4.175000190734863,1.9219937324523928
24-09-1982,4.150000095367432,0.0,4500,4.175000190734863,4.150000095367432,1.91048526763916
27-09-1982,4.150000095367432,0.0,500,4.150000095367432,4.150000095367432,1.91048526763916
28-09-1982,4.150000095367432,0.0,3000,4.199999809265137,4.199999809265137,1.933503031730652
29-09-1982,4.125,0.0,6000,4.175000190734863,4.125,1.8989757299423216
30-09-1982,4.125,0.0,2000,4.175000190734863,4.175000190734863,1.9219937324523928
01-10-1982,4.150000095367432,0.0,1500,4.150000095367432,4.150000095367432,1.91048526763916
04-10-1982,4.0,0.0,18500,4.125,4.0,1.8414307832717896
05-10-1982,4.0,0.0,6500,4.150000095367432,4.150000095367432,1.91048526763916
06-10-1982,4.099999904632568,0.0,24500,4.175000190734863,4.175000190734863,1.9219937324523928
07-10-1982,4.125,0.0,10500,4.199999809265137,4.150000095367432,1.91048526763916
08-10-1982,4.099999904632568,0.0,29000,4.150000095367432,4.150000095367432,1.91048526763916
11-10-1982,4.175000190734863,0.0,14000,4.400000095367432,4.400000095367432,2.0255744457244877
12-10-1982,4.25,0.0,17500,4.400000095367432,4.25,1.956520795822144
13-10-1982,4.300000190734863,0.0,18500,4.800000190734863,4.75,2.186699151992798
14-10-1982,4.650000095367432,0.0,20000,4.800000190734863,4.699999809265137,2.163681983947754
15-10-1982,4.625,0.0,2500,4.675000190734863,4.675000190734863,2.1521730422973637
18-10-1982,4.675000190734863,0.0,10000,4.75,4.675000190734863,2.1521730422973637
19-10-1982,4.625,0.0,16500,4.775000095367432,4.625,2.129154920578003
20-10-1982,4.550000190734863,0.0,11000,4.625,4.550000190734863,2.094628095626831
21-10-1982,4.525000095367432,0.0,18500,4.699999809265137,4.650000095367432,2.1406641006469727
22-10-1982,4.550000190734863,0.0,8500,4.650000095367432,4.650000095367432,2.1406641006469727
25-10-1982,4.474999904632568,0.0,10500,4.650000095367432,4.474999904632568,2.060101270675659
26-10-1982,4.400000095367432,0.0,8500,4.474999904632568,4.400000095367432,2.0255744457244877
27-10-1982,4.474999904632568,0.0,3500,4.525000095367432,4.525000095367432,2.0831193923950195
28-10-1982,4.550000190734863,0.0,14000,4.75,4.550000190734863,2.094628095626831
29-10-1982,4.550000190734863,0.0,6000,4.599999904632568,4.599999904632568,2.1176462173461914
01-11-1982,4.425000190734863,0.0,19500,4.599999904632568,4.425000190734863,2.037083864212036
02-11-1982,4.474999904632568,0.0,28000,4.599999904632568,4.574999809265137,2.106137275695801
03-11-1982,4.5,0.0,19000,4.599999904632568,4.550000190734863,2.094628095626831
04-11-1982,4.599999904632568,0.0,15000,4.75,4.650000095367432,2.1406641006469727
05-11-1982,4.550000190734863,0.0,42000,4.699999809265137,4.599999904632568,2.1176462173461914
08-11-1982,4.599999904632568,0.0,16000,4.650000095367432,4.599999904632568,2.1176462173461914
09-11-1982,4.5,0.0,26000,4.650000095367432,4.650000095367432,2.1406641006469727
10-11-1982,4.699999809265137,0.0,6000,4.800000190734863,4.75,2.186699151992798
11-11-1982,4.699999809265137,0.0,4500,4.800000190734863,4.800000190734863,2.209717273712158
12-11-1982,4.949999809265137,0.0,37000,5.150000095367432,5.0,2.301788806915283
15-11-1982,4.925000190734863,0.0,9000,5.0,5.0,2.301788806915283
16-11-1982,4.824999809265137,0.0,7000,4.949999809265137,4.849999904632568,2.2327358722686768
17-11-1982,4.800000190734863,0.0,1000,4.849999904632568,4.849999904632568,2.2327358722686768
18-11-1982,4.775000095367432,0.0,13000,4.800000190734863,4.800000190734863,2.209717273712158
19-11-1982,4.800000190734863,0.0,2000,4.849999904632568,4.800000190734863,2.209717273712158
22-11-1982,4.724999904632568,0.0,7500,4.849999904632568,4.75,2.186699151992798
23-11-1982,4.550000190734863,0.0,16000,4.699999809265137,4.550000190734863,2.094628095626831
24-11-1982,4.550000190734863,0.0,4500,4.599999904632568,4.599999904632568,2.1176462173461914
26-11-1982,4.5,0.0,11000,4.599999904632568,4.550000190734863,2.094628095626831
29-11-1982,4.550000190734863,0.0,2000,4.599999904632568,4.574999809265137,2.106137275695801
30-11-1982,4.5,0.0,14500,4.599999904632568,4.599999904632568,2.1176462173461914
01-12-1982,4.650000095367432,0.0,11500,4.75,4.75,2.186699151992798
02-12-1982,4.75,0.0,8000,4.800000190734863,4.75,2.186699151992798
03-12-1982,4.625,0.0,17000,4.775000095367432,4.775000095367432,2.1982085704803467
06-12-1982,4.699999809265137,0.0,4500,4.775000095367432,4.775000095367432,2.1982085704803467
07-12-1982,4.724999904632568,0.0,12500,4.775000095367432,4.724999904632568,2.175190687179565
08-12-1982,4.650000095367432,0.0,15000,4.775000095367432,4.699999809265137,2.163681983947754
09-12-1982,4.599999904632568,0.0,6500,4.699999809265137,4.599999904632568,2.1176462173461914
10-12-1982,4.599999904632568,0.0,4500,4.650000095367432,4.599999904632568,2.1176462173461914
13-12-1982,4.5,0.0,12500,4.599999904632568,4.5,2.0716099739074707
14-12-1982,4.400000095367432,0.0,9000,4.550000190734863,4.400000095367432,2.0255744457244877
15-12-1982,4.400000095367432,0.0,16000,4.400000095367432,4.400000095367432,2.0255744457244877
16-12-1982,4.224999904632568,0.0,59000,4.300000190734863,4.25,1.956520795822144
17-12-1982,4.199999809265137,0.0,12500,4.324999809265137,4.324999809265137,1.9910478591918943
20-12-1982,4.199999809265137,0.0,9500,4.300000190734863,4.300000190734863,1.9795386791229248
21-12-1982,4.25,0.0,5000,4.349999904632568,4.300000190734863,1.9795386791229248
22-12-1982,4.224999904632568,0.0,12500,4.300000190734863,4.25,1.956520795822144
23-12-1982,4.199999809265137,0.0,30000,4.349999904632568,4.25,1.956520795822144
27-12-1982,4.150000095367432,0.0,6000,4.199999809265137,4.199999809265137,1.933503031730652
28-12-1982,4.199999809265137,0.0,10000,4.300000190734863,4.199999809265137,1.933503031730652
29-12-1982,4.125,0.0,4500,4.199999809265137,4.125,1.8989757299423216
30-12-1982,4.099999904632568,0.0,16000,4.175000190734863,4.099999904632568,1.8874666690826416
31-12-1982,4.099999904632568,0.0,28500,4.199999809265137,4.175000190734863,1.9219937324523928
03-01-1983,4.125,0.0,18000,4.25,4.199999809265137,1.933503031730652
04-01-1983,4.150000095367432,0.0,13500,4.275000095367432,4.275000095367432,1.9680297374725344
05-01-1983,4.300000190734863,0.0,10500,4.400000095367432,4.400000095367432,2.0255744457244877
06-01-1983,4.425000190734863,0.0,30000,4.849999904632568,4.75,2.186699151992798
07-01-1983,4.824999809265137,0.0,34000,4.949999809265137,4.900000095367432,2.2557532787323
10-01-1983,4.849999904632568,0.0,25500,4.949999809265137,4.949999809265137,2.278770923614502
11-01-1983,4.925000190734863,0.0,7000,4.974999904632568,4.925000190734863,2.267262935638428
12-01-1983,4.925000190734863,0.0,9500,5.0,4.949999809265137,2.278770923614502
13-01-1983,4.900000095367432,0.0,7500,4.925000190734863,4.900000095367432,2.2557532787323
14-01-1983,4.800000190734863,0.0,25500,4.900000095367432,4.849999904632568,2.2327358722686768
17-01-1983,4.849999904632568,0.0,6500,4.900000095367432,4.849999904632568,2.2327358722686768
18-01-1983,4.800000190734863,0.0,7000,4.824999809265137,4.824999809265137,2.22122573852539
19-01-1983,4.800000190734863,0.0,5000,4.824999809265137,4.800000190734863,2.209717273712158
20-01-1983,4.824999809265137,0.0,12000,4.925000190734863,4.900000095367432,2.2557532787323
21-01-1983,4.949999809265137,0.0,2500,5.0,4.974999904632568,2.290280342102051
24-01-1983,4.824999809265137,0.0,14000,5.025000095367432,4.824999809265137,2.22122573852539
25-01-1983,4.824999809265137,0.0,10000,5.0,5.0,2.301788806915283
26-01-1983,4.900000095367432,0.0,5500,4.949999809265137,4.900000095367432,2.2557532787323
27-01-1983,4.824999809265137,0.0,6000,4.974999904632568,4.974999904632568,2.290280342102051
28-01-1983,4.800000190734863,0.0,34500,5.0,4.800000190734863,2.209717273712158
31-01-1983,4.800000190734863,0.0,3500,4.800000190734863,4.800000190734863,2.209717273712158
01-02-1983,4.75,0.0,9000,4.800000190734863,4.75,2.186699151992798
02-02-1983,4.699999809265137,0.0,12500,4.75,4.699999809265137,2.163681983947754
03-02-1983,4.699999809265137,0.0,4000,4.800000190734863,4.800000190734863,2.209717273712158
04-02-1983,4.800000190734863,0.0,5000,4.849999904632568,4.800000190734863,2.209717273712158
07-02-1983,4.849999904632568,0.0,11000,4.949999809265137,4.949999809265137,2.278770923614502
08-02-1983,4.925000190734863,0.0,8500,4.974999904632568,4.925000190734863,2.267262935638428
09-02-1983,5.0,0.0,6500,5.099999904632568,5.050000190734863,2.3248074054718018
10-02-1983,5.050000190734863,0.0,11000,5.150000095367432,5.150000095367432,2.370842456817627
11-02-1983,5.199999809265137,0.0,16000,5.300000190734863,5.199999809265137,2.3938605785369877
14-02-1983,5.150000095367432,0.0,4500,5.199999809265137,5.150000095367432,2.370842456817627
15-02-1983,5.099999904632568,0.0,19500,5.25,5.199999809265137,2.3938605785369877
16-02-1983,5.150000095367432,0.0,14500,5.25,5.199999809265137,2.3938605785369877
17-02-1983,5.199999809265137,0.0,7500,5.275000095367432,5.275000095367432,2.4283876419067383
18-02-1983,5.199999809265137,0.0,29000,5.349999904632568,5.300000190734863,2.439896821975708
22-02-1983,5.275000095367432,0.0,18000,5.400000095367432,5.324999809265137,2.4514050483703613
23-02-1983,5.324999809265137,0.0,3000,5.474999904632568,5.474999904632568,2.5204591751098637
24-02-1983,5.425000190734863,0.0,29000,5.75,5.75,2.6470577716827397
25-02-1983,5.625,0.0,41500,5.775000095367432,5.699999809265137,2.6240394115448
28-02-1983,5.5,0.0,8000,5.599999904632568,5.5,2.697610378265381
01-03-1983,5.5,0.0,16500,5.599999904632568,5.550000190734863,2.7221338748931885
02-03-1983,5.599999904632568,0.0,19000,5.699999809265137,5.599999904632568,2.746657609939575
03-03-1983,5.699999809265137,0.0,20000,5.800000190734863,5.800000190734863,2.844752311706543
04-03-1983,5.800000190734863,0.0,56000,6.0,6.0,2.942848920822144
07-03-1983,6.0,0.0,15500,6.099999904632568,6.0,2.942848920822144
08-03-1983,6.0,0.0,15000,6.099999904632568,6.0,2.942848920822144
09-03-1983,5.849999904632568,0.0,20000,5.949999809265137,5.900000095367432,2.8938002586364746
10-03-1983,5.849999904632568,0.0,20000,5.900000095367432,5.875,2.8815388679504395
11-03-1983,5.849999904632568,0.0,5000,5.925000190734863,5.925000190734863,2.906061887741089
14-03-1983,5.925000190734863,0.0,16500,6.0,5.974999904632568,2.930585622787476
15-03-1983,6.0,0.0,6500,6.0,6.0,2.942848920822144
16-03-1983,5.925000190734863,0.0,14500,6.025000095367432,5.925000190734863,2.906061887741089
17-03-1983,5.900000095367432,0.0,5000,5.949999809265137,5.900000095367432,2.8938002586364746
18-03-1983,5.849999904632568,0.0,6500,5.900000095367432,5.849999904632568,2.869276523590088
21-03-1983,5.800000190734863,0.0,7500,5.900000095367432,5.900000095367432,2.8938002586364746
22-03-1983,5.949999809265137,0.0,5000,6.050000190734863,6.0,2.942848920822144
23-03-1983,5.949999809265137,0.0,1500,6.0,6.0,2.942848920822144
24-03-1983,6.0,0.0,11000,6.099999904632568,6.099999904632568,2.991895198822021
25-03-1983,6.025000095367432,0.0,10000,6.150000095367432,6.150000095367432,3.016418933868408
28-03-1983,6.050000190734863,0.0,8000,6.099999904632568,6.050000190734863,2.9673714637756348
29-03-1983,6.050000190734863,0.0,4000,6.099999904632568,6.050000190734863,2.9673714637756348
30-03-1983,6.099999904632568,0.0,11000,6.150000095367432,6.099999904632568,2.991895198822021
31-03-1983,6.150000095367432,0.0,31000,6.300000190734863,6.150000095367432,3.016418933868408
04-04-1983,6.050000190734863,0.0,3500,6.099999904632568,6.050000190734863,2.9673714637756348
05-04-1983,6.0,0.0,34000,6.050000190734863,6.025000095367432,2.9551093578338623
06-04-1983,5.949999809265137,0.0,21500,6.050000190734863,5.949999809265137,2.9183239936828613
07-04-1983,5.949999809265137,0.0,500,5.949999809265137,5.949999809265137,2.9183239936828613
08-04-1983,5.949999809265137,0.0,9500,6.0,6.0,2.942848920822144
11-04-1983,6.0,0.0,32500,6.0,6.0,2.942848920822144
12-04-1983,6.0,0.0,27500,6.0,6.0,2.942848920822144
13-04-1983,6.0,0.0,19000,6.050000190734863,6.0,2.942848920822144
14-04-1983,5.974999904632568,0.0,7500,6.0,5.974999904632568,2.930585622787476
15-04-1983,6.0,0.0,14500,6.050000190734863,6.0,2.942848920822144
18-04-1983,6.0,0.0,4500,6.0,6.0,2.942848920822144
19-04-1983,5.974999904632568,0.0,8500,6.0,6.0,2.942848920822144
20-04-1983,5.949999809265137,0.0,69500,6.0,6.0,2.942848920822144
21-04-1983,5.949999809265137,0.0,14000,6.050000190734863,5.949999809265137,2.9183239936828613
22-04-1983,5.900000095367432,0.0,9500,5.974999904632568,5.974999904632568,2.930585622787476
25-04-1983,5.849999904632568,0.0,16500,5.949999809265137,5.849999904632568,2.869276523590088
26-04-1983,5.800000190734863,0.0,14500,5.974999904632568,5.974999904632568,2.930585622787476
27-04-1983,5.849999904632568,0.0,11500,5.949999809265137,5.900000095367432,2.8938002586364746
28-04-1983,5.900000095367432,0.0,6500,5.900000095367432,5.900000095367432,2.8938002586364746
29-04-1983,5.900000095367432,0.0,7000,5.974999904632568,5.974999904632568,2.930585622787476
02-05-1983,5.849999904632568,0.0,8000,5.974999904632568,5.849999904632568,2.869276523590088
03-05-1983,5.800000190734863,0.0,4500,5.849999904632568,5.849999904632568,2.869276523590088
04-05-1983,5.800000190734863,0.0,18500,5.849999904632568,5.800000190734863,2.844752311706543
05-05-1983,5.775000095367432,0.0,20000,5.900000095367432,5.900000095367432,2.8938002586364746
06-05-1983,5.949999809265137,0.0,12000,6.074999809265137,6.074999809265137,2.97963285446167
09-05-1983,5.925000190734863,0.0,3500,6.074999809265137,5.949999809265137,2.9183239936828613
10-05-1983,5.800000190734863,0.0,155500,5.974999904632568,5.800000190734863,2.844752311706543
11-05-1983,5.75,0.0,14500,5.800000190734863,5.75,2.8202292919158936
12-05-1983,5.800000190734863,0.0,3000,5.900000095367432,5.900000095367432,2.8938002586364746
13-05-1983,5.800000190734863,0.0,57500,5.900000095367432,5.849999904632568,2.869276523590088
16-05-1983,5.699999809265137,0.0,14500,5.974999904632568,5.974999904632568,2.930585622787476
17-05-1983,5.925000190734863,0.0,17000,6.074999809265137,6.074999809265137,2.97963285446167
18-05-1983,6.099999904632568,0.0,25500,6.199999809265137,6.199999809265137,3.040942668914795
19-05-1983,6.150000095367432,0.0,9000,6.199999809265137,6.150000095367432,3.016418933868408
20-05-1983,6.050000190734863,0.0,28500,6.150000095367432,6.050000190734863,2.9673714637756348
23-05-1983,5.949999809265137,0.0,6000,6.0,6.0,2.942848920822144
24-05-1983,6.0,0.0,17000,6.400000095367432,6.300000190734863,3.0899901390075684
25-05-1983,6.449999809265137,0.0,23000,6.650000095367432,6.650000095367432,3.261655569076538
26-05-1983,6.599999904632568,0.0,5500,6.699999809265137,6.599999904632568,3.237133502960205
27-05-1983,6.599999904632568,0.0,3000,6.699999809265137,6.599999904632568,3.237133502960205
31-05-1983,6.5,0.0,2500,6.550000190734863,6.5,3.1880857944488525
01-06-1983,6.199999809265137,0.0,11500,6.449999809265137,6.25,3.0654661655426025
02-06-1983,6.300000190734863,0.0,4500,6.400000095367432,6.375,3.126776218414306
03-06-1983,6.300000190734863,0.0,20000,6.449999809265137,6.300000190734863,3.0899901390075684
06-06-1983,6.25,0.0,2500,6.300000190734863,6.300000190734863,3.0899901390075684
07-06-1983,6.300000190734863,0.0,1000,6.349999904632568,6.300000190734863,3.0899901390075684
08-06-1983,6.275000095367432,0.0,13000,6.275000095367432,6.275000095367432,3.077728509902954
09-06-1983,6.275000095367432,0.0,2500,6.275000095367432,6.275000095367432,3.077728509902954
10-06-1983,6.275000095367432,6.275000095367432,0,6.275000095367432,6.275000095367432,3.077728509902954
13-06-1983,6.199999809265137,0.0,17500,6.25,6.25,3.0654661655426025
14-06-1983,6.25,0.0,7000,6.300000190734863,6.25,3.0654661655426025
15-06-1983,6.25,0.0,4000,6.349999904632568,6.349999904632568,3.114513874053955
16-06-1983,6.199999809265137,0.0,14500,6.300000190734863,6.300000190734863,3.0899901390075684
17-06-1983,6.349999904632568,0.0,5500,6.400000095367432,6.400000095367432,3.139038324356079
20-06-1983,6.400000095367432,0.0,11500,6.474999904632568,6.474999904632568,3.175822734832764
21-06-1983,6.425000190734863,0.0,11000,6.449999809265137,6.425000190734863,3.151299238204956
22-06-1983,6.474999904632568,0.0,7500,6.550000190734863,6.550000190734863,3.212609052658081
23-06-1983,6.5,0.0,1500,6.5,6.5,3.1880857944488525
24-06-1983,6.5,0.0,500,6.5,6.5,3.1880857944488525
27-06-1983,6.525000095367432,0.0,2000,6.599999904632568,6.525000095367432,3.200345993041992
28-06-1983,6.425000190734863,0.0,7000,6.525000095367432,6.425000190734863,3.151299238204956
29-06-1983,6.400000095367432,0.0,10000,6.474999904632568,6.400000095367432,3.139038324356079
30-06-1983,6.349999904632568,0.0,9000,6.400000095367432,6.349999904632568,3.114513874053955
01-07-1983,6.300000190734863,0.0,12000,6.349999904632568,6.300000190734863,3.0899901390075684
05-07-1983,6.300000190734863,0.0,5000,6.324999809265137,6.300000190734863,3.0899901390075684
06-07-1983,6.324999809265137,0.0,500,6.324999809265137,6.324999809265137,3.1022515296936035
07-07-1983,6.300000190734863,0.0,1000,6.300000190734863,6.300000190734863,3.0899901390075684
08-07-1983,6.099999904632568,0.0,9000,6.25,6.099999904632568,2.991895198822021
11-07-1983,6.0,0.0,9000,6.150000095367432,6.0,2.942848920822144
12-07-1983,6.0,0.0,1000,6.0,6.0,2.942848920822144
13-07-1983,6.0,6.0,0,6.0,6.0,2.942848920822144
14-07-1983,5.949999809265137,0.0,12000,6.050000190734863,5.949999809265137,2.9183239936828613
15-07-1983,5.800000190734863,0.0,22000,5.900000095367432,5.800000190734863,2.844752311706543
18-07-1983,5.800000190734863,0.0,1500,5.800000190734863,5.800000190734863,2.844752311706543
19-07-1983,5.800000190734863,0.0,4000,5.849999904632568,5.849999904632568,2.869276523590088
20-07-1983,5.824999809265137,0.0,4500,5.875,5.875,2.8815388679504395
21-07-1983,5.875,0.0,1500,5.900000095367432,5.900000095367432,2.8938002586364746
22-07-1983,5.900000095367432,0.0,6000,5.974999904632568,5.925000190734863,2.906061887741089
25-07-1983,5.974999904632568,0.0,1000,5.974999904632568,5.974999904632568,2.930585622787476
26-07-1983,5.949999809265137,0.0,21000,5.974999904632568,5.974999904632568,2.930585622787476
27-07-1983,5.974999904632568,0.0,3500,5.974999904632568,5.974999904632568,2.930585622787476
28-07-1983,5.949999809265137,0.0,3500,5.974999904632568,5.974999904632568,2.930585622787476
29-07-1983,5.875,0.0,6000,5.949999809265137,5.875,2.8815388679504395
01-08-1983,5.824999809265137,0.0,1500,5.875,5.875,2.8815388679504395
02-08-1983,5.849999904632568,0.0,5500,5.875,5.849999904632568,2.869276523590088
03-08-1983,5.849999904632568,0.0,12000,5.949999809265137,5.900000095367432,2.8938002586364746
04-08-1983,5.875,0.0,3000,5.900000095367432,5.875,2.8815388679504395
05-08-1983,5.800000190734863,0.0,9000,5.849999904632568,5.800000190734863,2.844752311706543
08-08-1983,5.724999904632568,0.0,7500,5.775000095367432,5.724999904632568,2.807967185974121
09-08-1983,5.650000095367432,0.0,11000,5.699999809265137,5.650000095367432,2.771181583404541
10-08-1983,5.625,0.0,17500,5.75,5.724999904632568,2.807967185974121
11-08-1983,5.650000095367432,0.0,18500,5.699999809265137,5.650000095367432,2.771181583404541
12-08-1983,5.675000190734863,0.0,4500,5.724999904632568,5.724999904632568,2.807967185974121
15-08-1983,5.75,0.0,5000,5.800000190734863,5.75,2.8202292919158936
16-08-1983,5.699999809265137,0.0,3000,5.724999904632568,5.699999809265137,2.795705795288086
17-08-1983,5.699999809265137,0.0,5000,5.800000190734863,5.775000095367432,2.832490921020508
18-08-1983,5.800000190734863,0.0,5000,5.849999904632568,5.849999904632568,2.869276523590088
19-08-1983,5.800000190734863,0.0,3500,5.824999809265137,5.800000190734863,2.844752311706543
22-08-1983,5.75,0.0,11500,5.824999809265137,5.824999809265137,2.8570141792297363
23-08-1983,5.824999809265137,0.0,19000,5.900000095367432,5.900000095367432,2.8938002586364746
24-08-1983,5.849999904632568,0.0,1000,5.849999904632568,5.849999904632568,2.869276523590088
25-08-1983,5.849999904632568,0.0,17500,5.900000095367432,5.900000095367432,2.8938002586364746
26-08-1983,5.849999904632568,0.0,2000,5.849999904632568,5.849999904632568,2.869276523590088
29-08-1983,5.849999904632568,5.849999904632568,0,5.849999904632568,5.849999904632568,2.869276523590088
30-08-1983,5.849999904632568,0.0,6500,5.900000095367432,5.900000095367432,2.8938002586364746
31-08-1983,5.824999809265137,0.0,9000,5.875,5.875,2.8815388679504395
01-09-1983,5.800000190734863,0.0,44000,5.900000095367432,5.800000190734863,2.844752311706543
02-09-1983,5.800000190734863,0.0,2500,5.824999809265137,5.824999809265137,2.8570141792297363
06-09-1983,5.849999904632568,0.0,15000,5.900000095367432,5.849999904632568,2.869276523590088
07-09-1983,5.900000095367432,0.0,11500,5.900000095367432,5.900000095367432,2.8938002586364746
08-09-1983,5.875,0.0,6000,5.900000095367432,5.875,2.8815388679504395
09-09-1983,5.875,5.875,0,5.875,5.875,2.8815388679504395
12-09-1983,5.949999809265137,0.0,13500,5.949999809265137,5.949999809265137,2.9183239936828613
13-09-1983,5.949999809265137,0.0,2000,5.949999809265137,5.949999809265137,2.9183239936828613
14-09-1983,5.949999809265137,0.0,8000,5.949999809265137,5.949999809265137,2.9183239936828613
15-09-1983,5.900000095367432,0.0,18000,5.925000190734863,5.900000095367432,2.8938002586364746
16-09-1983,5.849999904632568,0.0,7500,5.900000095367432,5.849999904632568,2.869276523590088
19-09-1983,5.800000190734863,0.0,9000,5.949999809265137,5.900000095367432,2.8938002586364746
20-09-1983,5.900000095367432,0.0,6500,5.974999904632568,5.974999904632568,2.930585622787476
21-09-1983,6.0,0.0,10000,6.0,6.0,2.942848920822144
22-09-1983,5.949999809265137,0.0,6500,6.0,5.949999809265137,2.9183239936828613
23-09-1983,5.949999809265137,5.949999809265137,0,5.949999809265137,5.949999809265137,2.9183239936828613
26-09-1983,5.949999809265137,5.949999809265137,0,5.949999809265137,5.949999809265137,2.9183239936828613
27-09-1983,5.900000095367432,0.0,8500,5.949999809265137,5.900000095367432,2.8938002586364746
28-09-1983,5.900000095367432,0.0,3000,5.900000095367432,5.900000095367432,2.8938002586364746
29-09-1983,5.900000095367432,0.0,500,5.900000095367432,5.900000095367432,2.8938002586364746
30-09-1983,5.849999904632568,0.0,7500,5.900000095367432,5.849999904632568,2.869276523590088
03-10-1983,5.849999904632568,5.849999904632568,0,5.849999904632568,5.849999904632568,2.869276523590088
04-10-1983,5.849999904632568,0.0,5000,5.849999904632568,5.849999904632568,2.869276523590088
05-10-1983,5.800000190734863,0.0,9500,5.849999904632568,5.800000190734863,2.844752311706543
06-10-1983,5.849999904632568,0.0,9000,5.949999809265137,5.949999809265137,2.9183239936828613
07-10-1983,5.849999904632568,0.0,9000,5.949999809265137,5.949999809265137,2.9183239936828613
10-10-1983,5.925000190734863,0.0,1500,5.925000190734863,5.925000190734863,2.906061887741089
11-10-1983,5.849999904632568,0.0,10500,5.925000190734863,5.875,2.8815388679504395
12-10-1983,5.824999809265137,0.0,7500,5.849999904632568,5.824999809265137,2.8570141792297363
13-10-1983,5.824999809265137,0.0,2500,5.824999809265137,5.824999809265137,2.8570141792297363
14-10-1983,5.800000190734863,0.0,11500,5.824999809265137,5.800000190734863,2.844752311706543
17-10-1983,5.800000190734863,0.0,6000,5.849999904632568,5.849999904632568,2.869276523590088
18-10-1983,5.849999904632568,0.0,2000,5.849999904632568,5.849999904632568,2.869276523590088
19-10-1983,5.824999809265137,0.0,11000,5.900000095367432,5.849999904632568,2.869276523590088
20-10-1983,5.800000190734863,0.0,5000,5.849999904632568,5.849999904632568,2.869276523590088
21-10-1983,5.800000190734863,0.0,8500,5.849999904632568,5.800000190734863,2.844752311706543
24-10-1983,5.75,0.0,5500,5.849999904632568,5.849999904632568,2.869276523590088
25-10-1983,5.800000190734863,0.0,11500,5.824999809265137,5.800000190734863,2.844752311706543
26-10-1983,5.75,0.0,4500,5.800000190734863,5.75,2.8202292919158936
27-10-1983,5.699999809265137,0.0,20500,5.75,5.724999904632568,2.807967185974121
28-10-1983,5.824999809265137,0.0,12500,5.849999904632568,5.849999904632568,2.869276523590088
31-10-1983,5.800000190734863,0.0,3500,5.849999904632568,5.849999904632568,2.869276523590088
01-11-1983,5.800000190734863,0.0,2500,5.800000190734863,5.800000190734863,2.844752311706543
02-11-1983,5.800000190734863,0.0,500,5.800000190734863,5.800000190734863,2.844752311706543
03-11-1983,5.75,0.0,7500,5.75,5.75,2.8202292919158936
04-11-1983,5.775000095367432,0.0,7000,5.800000190734863,5.775000095367432,2.832490921020508
07-11-1983,5.75,0.0,11000,5.800000190734863,5.775000095367432,2.832490921020508
08-11-1983,5.775000095367432,0.0,5000,5.775000095367432,5.775000095367432,2.832490921020508
09-11-1983,5.775000095367432,0.0,18000,5.849999904632568,5.849999904632568,2.869276523590088
10-11-1983,5.824999809265137,0.0,17500,5.949999809265137,5.900000095367432,2.8938002586364746
11-11-1983,5.875,0.0,23500,6.0,6.0,2.942848920822144
14-11-1983,6.050000190734863,0.0,15000,6.199999809265137,6.150000095367432,3.016418933868408
15-11-1983,6.199999809265137,0.0,17000,6.449999809265137,6.400000095367432,3.139038324356079
16-11-1983,6.449999809265137,0.0,32000,6.699999809265137,6.599999904632568,3.237133502960205
17-11-1983,6.650000095367432,0.0,48000,7.300000190734863,7.050000190734863,3.457846641540528
18-11-1983,6.949999809265137,0.0,27000,7.199999809265137,6.949999809265137,3.408799648284912
21-11-1983,6.900000095367432,0.0,24500,7.050000190734863,6.974999904632568,3.42106032371521
22-11-1983,6.925000190734863,0.0,36000,7.050000190734863,7.0,3.433322668075561
23-11-1983,7.0,0.0,25000,7.199999809265137,7.099999904632568,3.482369899749756
25-11-1983,7.199999809265137,0.0,30000,7.349999904632568,7.25,3.555941104888916
28-11-1983,7.324999809265137,0.0,7500,7.400000095367432,7.349999904632568,3.604989528656006
29-11-1983,7.150000095367432,0.0,43500,7.300000190734863,7.150000095367432,3.5068931579589844
30-11-1983,7.150000095367432,0.0,12000,7.150000095367432,7.150000095367432,3.5068931579589844
01-12-1983,7.199999809265137,0.0,1000,7.25,7.25,3.555941104888916
02-12-1983,7.224999904632568,0.0,8500,7.300000190734863,7.25,3.555941104888916
05-12-1983,7.199999809265137,0.0,8500,7.300000190734863,7.300000190734863,3.580465078353882
06-12-1983,7.224999904632568,0.0,7000,7.25,7.224999904632568,3.543678998947144
07-12-1983,7.199999809265137,0.0,14000,7.349999904632568,7.349999904632568,3.604989528656006
08-12-1983,7.300000190734863,0.0,22500,7.375,7.300000190734863,3.580465078353882
09-12-1983,7.25,0.0,15500,7.375,7.375,3.617250680923462
12-12-1983,7.324999809265137,0.0,11500,7.400000095367432,7.349999904632568,3.604989528656006
13-12-1983,7.375,0.0,4000,7.400000095367432,7.375,3.617250680923462
14-12-1983,7.375,0.0,21500,7.474999904632568,7.474999904632568,3.666297912597656
15-12-1983,7.449999809265137,0.0,9500,7.449999809265137,7.449999809265137,3.654036521911621
16-12-1983,7.5,0.0,7000,7.5,7.5,3.678558588027954
19-12-1983,7.599999904632568,0.0,16500,7.724999904632568,7.699999809265137,3.7766551971435542
20-12-1983,7.699999809265137,0.0,17500,7.900000095367432,7.800000190734863,3.8257029056549072
21-12-1983,7.75,0.0,9500,7.800000190734863,7.75,3.801178455352783
22-12-1983,7.75,0.0,5000,7.900000095367432,7.900000095367432,3.874749660491944
23-12-1983,7.800000190734863,0.0,4500,7.849999904632568,7.800000190734863,3.8257029056549072
27-12-1983,7.75,0.0,4000,7.824999809265137,7.824999809265137,3.837965250015259
28-12-1983,7.5,0.0,23500,7.775000095367432,7.5,3.678558588027954
29-12-1983,7.400000095367432,0.0,17000,7.550000190734863,7.400000095367432,3.629512310028076
30-12-1983,7.400000095367432,0.0,5500,7.400000095367432,7.400000095367432,3.629512310028076
03-01-1984,7.400000095367432,0.0,15000,7.400000095367432,7.400000095367432,3.629512310028076
04-01-1984,7.400000095367432,0.0,12000,7.5,7.400000095367432,3.629512310028076
05-01-1984,7.199999809265137,0.0,16500,7.449999809265137,7.199999809265137,3.5314173698425293
06-01-1984,6.75,0.0,47500,7.199999809265137,6.75,3.310703992843628
09-01-1984,6.525000095367432,0.0,34000,6.75,6.75,3.310703992843628
10-01-1984,6.849999904632568,0.0,17000,7.0,6.849999904632568,3.3597514629364014
11-01-1984,6.875,0.0,23500,7.099999904632568,7.099999904632568,3.482369899749756
12-01-1984,7.150000095367432,0.0,13500,7.199999809265137,7.150000095367432,3.5068931579589844
13-01-1984,7.050000190734863,0.0,19500,7.199999809265137,7.099999904632568,3.482369899749756
16-01-1984,7.150000095367432,0.0,5000,7.199999809265137,7.199999809265137,3.5314173698425293
17-01-1984,7.099999904632568,0.0,5500,7.199999809265137,7.199999809265137,3.5314173698425293
18-01-1984,7.099999904632568,0.0,6500,7.199999809265137,7.199999809265137,3.5314173698425293
19-01-1984,7.150000095367432,0.0,18000,7.25,7.150000095367432,3.5068931579589844
20-01-1984,7.125,0.0,10500,7.25,7.199999809265137,3.5314173698425293
23-01-1984,7.25,0.0,28500,7.449999809265137,7.449999809265137,3.654036521911621
24-01-1984,7.25,0.0,21500,7.449999809265137,7.349999904632568,3.604989528656006
25-01-1984,7.324999809265137,0.0,9000,7.400000095367432,7.324999809265137,3.592726230621338
26-01-1984,7.25,0.0,3500,7.275000095367432,7.275000095367432,3.568202018737793
27-01-1984,7.25,0.0,19000,7.349999904632568,7.300000190734863,3.580465078353882
30-01-1984,7.099999904632568,0.0,25000,7.349999904632568,7.099999904632568,3.482369899749756
31-01-1984,7.099999904632568,0.0,5500,7.175000190734863,7.175000190734863,3.5191545486450195
01-02-1984,7.150000095367432,0.0,15500,7.199999809265137,7.150000095367432,3.5068931579589844
02-02-1984,7.074999809265137,0.0,4500,7.150000095367432,7.150000095367432,3.5068931579589844
03-02-1984,7.0,0.0,9500,7.099999904632568,7.0,3.433322668075561
06-02-1984,6.800000190734863,0.0,24500,7.0,6.824999809265137,3.34748911857605
07-02-1984,6.800000190734863,0.0,17500,6.849999904632568,6.849999904632568,3.3597514629364014
08-02-1984,6.800000190734863,0.0,12000,6.900000095367432,6.800000190734863,3.335226058959961
09-02-1984,6.625,0.0,24500,6.724999904632568,6.724999904632568,3.2984426021575928
10-02-1984,6.650000095367432,0.0,5500,6.699999809265137,6.699999809265137,3.286179780960083
13-02-1984,6.650000095367432,0.0,1000,6.650000095367432,6.650000095367432,3.261655569076538
14-02-1984,6.599999904632568,0.0,8000,6.650000095367432,6.650000095367432,3.261655569076538
15-02-1984,6.599999904632568,0.0,2500,6.599999904632568,6.599999904632568,3.237133502960205
16-02-1984,6.574999809265137,0.0,11000,6.599999904632568,6.574999809265137,3.224870204925537
17-02-1984,6.574999809265137,0.0,5000,6.599999904632568,6.599999904632568,3.237133502960205
21-02-1984,6.599999904632568,0.0,1500,6.599999904632568,6.599999904632568,3.237133502960205
22-02-1984,6.625,0.0,2500,6.675000190734863,6.625,3.24939513206482
23-02-1984,6.675000190734863,0.0,500,6.675000190734863,6.675000190734863,3.273918390274048
24-02-1984,6.625,0.0,4500,6.675000190734863,6.675000190734863,3.273918390274048
27-02-1984,6.675000190734863,6.675000190734863,0,6.675000190734863,6.675000190734863,3.273918390274048
28-02-1984,6.599999904632568,0.0,3500,6.625,6.599999904632568,3.4434828758239746
29-02-1984,6.599999904632568,0.0,9000,6.625,6.599999904632568,3.4434828758239746
01-03-1984,6.599999904632568,0.0,6000,6.599999904632568,6.599999904632568,3.4434828758239746
02-03-1984,6.599999904632568,0.0,10500,6.599999904632568,6.599999904632568,3.4434828758239746
05-03-1984,6.625,0.0,21000,6.75,6.650000095367432,3.4695708751678467
06-03-1984,6.599999904632568,0.0,110500,6.849999904632568,6.699999809265137,3.495658159255981
07-03-1984,6.675000190734863,0.0,12000,6.699999809265137,6.675000190734863,3.482614755630493
08-03-1984,6.675000190734863,6.675000190734863,0,6.675000190734863,6.675000190734863,3.482614755630493
09-03-1984,6.699999809265137,0.0,6000,6.75,6.724999904632568,3.5087010860443115
12-03-1984,6.675000190734863,0.0,17500,6.775000095367432,6.75,3.5217444896698
13-03-1984,6.599999904632568,0.0,122000,6.849999904632568,6.650000095367432,3.4695708751678467
14-03-1984,6.699999809265137,0.0,5000,6.800000190734863,6.800000190734863,3.547830581665039
15-03-1984,6.800000190734863,0.0,4000,6.849999904632568,6.800000190734863,3.547830581665039
16-03-1984,6.800000190734863,0.0,4500,6.849999904632568,6.849999904632568,3.5739188194274902
19-03-1984,6.849999904632568,0.0,7000,6.900000095367432,6.849999904632568,3.5739188194274902
20-03-1984,6.800000190734863,0.0,30000,6.849999904632568,6.849999904632568,3.5739188194274902
21-03-1984,6.849999904632568,0.0,1000,6.849999904632568,6.849999904632568,3.5739188194274902
22-03-1984,6.800000190734863,0.0,8500,6.849999904632568,6.800000190734863,3.547830581665039
23-03-1984,6.800000190734863,0.0,1500,6.800000190734863,6.800000190734863,3.547830581665039
26-03-1984,6.800000190734863,0.0,12000,6.849999904632568,6.849999904632568,3.5739188194274902
27-03-1984,6.800000190734863,0.0,186000,7.0,6.949999809265137,3.626093626022339
28-03-1984,6.949999809265137,0.0,500,6.949999809265137,6.949999809265137,3.626093626022339
29-03-1984,6.900000095367432,0.0,3500,6.949999809265137,6.900000095367432,3.600006103515625
30-03-1984,6.900000095367432,6.900000095367432,0,6.900000095367432,6.900000095367432,3.600006103515625
02-04-1984,6.800000190734863,0.0,20500,6.875,6.800000190734863,3.547830581665039
03-04-1984,6.800000190734863,0.0,1500,6.800000190734863,6.800000190734863,3.547830581665039
04-04-1984,6.75,0.0,7000,6.824999809265137,6.824999809265137,3.560875415802002
05-04-1984,6.775000095367432,0.0,500,6.775000095367432,6.775000095367432,3.5347883701324463
06-04-1984,6.800000190734863,0.0,1000,6.800000190734863,6.800000190734863,3.547830581665039
09-04-1984,6.775000095367432,0.0,3500,6.800000190734863,6.800000190734863,3.547830581665039
10-04-1984,6.699999809265137,0.0,43000,6.775000095367432,6.75,3.5217444896698
11-04-1984,6.800000190734863,0.0,6000,6.849999904632568,6.800000190734863,3.547830581665039
12-04-1984,6.699999809265137,0.0,9000,6.75,6.699999809265137,3.495658159255981
13-04-1984,6.75,0.0,12000,6.75,6.75,3.5217444896698
16-04-1984,6.699999809265137,0.0,1500,6.699999809265137,6.699999809265137,3.495658159255981
17-04-1984,6.75,0.0,10000,6.800000190734863,6.800000190734863,3.547830581665039
18-04-1984,6.849999904632568,0.0,5500,6.900000095367432,6.849999904632568,3.5739188194274902
19-04-1984,6.849999904632568,0.0,3000,6.849999904632568,6.849999904632568,3.5739188194274902
23-04-1984,6.849999904632568,0.0,2500,6.849999904632568,6.849999904632568,3.5739188194274902
24-04-1984,6.900000095367432,0.0,10000,6.949999809265137,6.949999809265137,3.626093626022339
25-04-1984,6.949999809265137,0.0,5500,7.0,6.949999809265137,3.626093626022339
26-04-1984,7.0,0.0,12000,7.0,7.0,3.652180194854736
27-04-1984,7.0,0.0,25000,7.050000190734863,7.0,3.652180194854736
30-04-1984,7.025000095367432,0.0,3000,7.025000095367432,7.025000095367432,3.6652233600616455
01-05-1984,7.025000095367432,0.0,3500,7.025000095367432,7.025000095367432,3.6652233600616455
02-05-1984,7.050000190734863,0.0,2000,7.099999904632568,7.050000190734863,3.678267955780029
03-05-1984,7.099999904632568,0.0,13500,7.150000095367432,7.099999904632568,3.7043533325195312
04-05-1984,7.150000095367432,0.0,500,7.150000095367432,7.150000095367432,3.730440616607666
07-05-1984,7.150000095367432,0.0,500,7.150000095367432,7.150000095367432,3.730440616607666
08-05-1984,7.099999904632568,0.0,25000,7.099999904632568,7.099999904632568,3.7043533325195312
09-05-1984,7.099999904632568,0.0,8000,7.150000095367432,7.150000095367432,3.730440616607666
10-05-1984,7.125,0.0,5000,7.150000095367432,7.150000095367432,3.730440616607666
11-05-1984,7.199999809265137,0.0,8000,7.25,7.224999904632568,3.7695701122283936
14-05-1984,7.224999904632568,0.0,2500,7.224999904632568,7.224999904632568,3.7695701122283936
15-05-1984,7.25,0.0,7000,7.300000190734863,7.300000190734863,3.808701276779175
16-05-1984,7.25,0.0,5500,7.25,7.25,3.782614946365357
17-05-1984,7.25,0.0,5000,7.25,7.25,3.782614946365357
18-05-1984,7.25,0.0,4500,7.300000190734863,7.25,3.782614946365357
21-05-1984,7.25,0.0,3000,7.300000190734863,7.25,3.782614946365357
22-05-1984,7.224999904632568,0.0,6500,7.275000095367432,7.224999904632568,3.7695701122283936
23-05-1984,7.224999904632568,0.0,4000,7.25,7.224999904632568,3.7695701122283936
24-05-1984,7.050000190734863,0.0,20000,7.199999809265137,7.050000190734863,3.678267955780029
25-05-1984,6.900000095367432,0.0,31000,7.025000095367432,7.0,3.652180194854736
29-05-1984,7.0,0.0,3000,7.025000095367432,7.025000095367432,3.6652233600616455
30-05-1984,6.900000095367432,0.0,11000,7.025000095367432,7.025000095367432,3.6652233600616455
31-05-1984,6.949999809265137,0.0,2500,6.974999904632568,6.949999809265137,3.626093626022339
01-06-1984,7.050000190734863,0.0,8000,7.099999904632568,7.099999904632568,3.7043533325195312
04-06-1984,7.050000190734863,0.0,12500,7.099999904632568,7.099999904632568,3.7043533325195312
05-06-1984,7.050000190734863,0.0,3000,7.050000190734863,7.050000190734863,3.678267955780029
06-06-1984,7.050000190734863,7.050000190734863,0,7.050000190734863,7.050000190734863,3.678267955780029
07-06-1984,7.0,0.0,26500,7.099999904632568,7.0,3.652180194854736
08-06-1984,6.900000095367432,0.0,5500,6.949999809265137,6.949999809265137,3.626093626022339
11-06-1984,6.900000095367432,0.0,5000,6.900000095367432,6.900000095367432,3.600006103515625
12-06-1984,6.849999904632568,0.0,1500,6.849999904632568,6.849999904632568,3.5739188194274902
13-06-1984,6.849999904632568,6.849999904632568,0,6.849999904632568,6.849999904632568,3.5739188194274902
14-06-1984,6.849999904632568,0.0,3500,6.875,6.875,3.5869617462158203
15-06-1984,6.875,0.0,500,6.875,6.875,3.5869617462158203
18-06-1984,6.800000190734863,0.0,9000,6.824999809265137,6.800000190734863,3.547830581665039
19-06-1984,6.824999809265137,0.0,11500,6.900000095367432,6.900000095367432,3.600006103515625
20-06-1984,6.875,0.0,7500,6.949999809265137,6.949999809265137,3.626093626022339
21-06-1984,7.0,0.0,5000,7.025000095367432,7.025000095367432,3.6652233600616455
22-06-1984,7.099999904632568,0.0,8500,7.349999904632568,7.300000190734863,3.808701276779175
25-06-1984,7.150000095367432,0.0,7500,7.199999809265137,7.199999809265137,3.7565274238586426
26-06-1984,7.199999809265137,0.0,7000,7.224999904632568,7.199999809265137,3.7565274238586426
27-06-1984,7.199999809265137,7.199999809265137,0,7.199999809265137,7.199999809265137,3.7565274238586426
28-06-1984,7.125,0.0,10500,7.349999904632568,7.349999904632568,3.834789514541626
29-06-1984,7.300000190734863,0.0,500,7.300000190734863,7.300000190734863,3.808701276779175
02-07-1984,7.324999809265137,0.0,2000,7.324999809265137,7.324999809265137,3.82174563407898
03-07-1984,7.400000095367432,0.0,7500,7.449999809265137,7.400000095367432,3.860875606536865
05-07-1984,7.349999904632568,0.0,16000,7.400000095367432,7.349999904632568,3.834789514541626
06-07-1984,7.300000190734863,0.0,7000,7.349999904632568,7.300000190734863,3.808701276779175
09-07-1984,7.349999904632568,0.0,29500,7.650000095367432,7.599999904632568,3.9652233123779297
10-07-1984,7.5,0.0,26000,7.800000190734863,7.5,3.9130494594573975
11-07-1984,7.400000095367432,0.0,25500,7.449999809265137,7.449999809265137,3.886961936950684
12-07-1984,7.349999904632568,0.0,9500,7.400000095367432,7.349999904632568,3.834789514541626
13-07-1984,7.300000190734863,0.0,7000,7.400000095367432,7.300000190734863,3.808701276779175
16-07-1984,7.275000095367432,0.0,5500,7.300000190734863,7.275000095367432,3.7956583499908447
17-07-1984,7.300000190734863,0.0,2500,7.300000190734863,7.300000190734863,3.808701276779175
18-07-1984,7.25,0.0,4000,7.275000095367432,7.25,3.782614946365357
19-07-1984,7.25,0.0,4500,7.25,7.25,3.782614946365357
20-07-1984,7.224999904632568,0.0,2000,7.224999904632568,7.224999904632568,3.7695701122283936
23-07-1984,7.150000095367432,0.0,6000,7.199999809265137,7.150000095367432,3.730440616607666
24-07-1984,7.150000095367432,0.0,1000,7.150000095367432,7.150000095367432,3.730440616607666
25-07-1984,7.150000095367432,0.0,3000,7.199999809265137,7.199999809265137,3.7565274238586426
26-07-1984,7.199999809265137,0.0,2000,7.199999809265137,7.199999809265137,3.7565274238586426
27-07-1984,7.150000095367432,0.0,1000,7.150000095367432,7.150000095367432,3.730440616607666
30-07-1984,7.099999904632568,0.0,6500,7.199999809265137,7.099999904632568,3.7043533325195312
31-07-1984,7.099999904632568,0.0,2500,7.099999904632568,7.099999904632568,3.7043533325195312
01-08-1984,7.0,0.0,12000,7.150000095367432,7.0,3.652180194854736
02-08-1984,7.0,0.0,6500,7.0,7.0,3.652180194854736
03-08-1984,6.900000095367432,0.0,13500,6.949999809265137,6.949999809265137,3.626093626022339
06-08-1984,7.0,0.0,8000,7.050000190734863,7.0,3.652180194854736
07-08-1984,7.050000190734863,0.0,1500,7.050000190734863,7.050000190734863,3.678267955780029
08-08-1984,6.949999809265137,0.0,4500,7.0,6.949999809265137,3.626093626022339
09-08-1984,6.800000190734863,0.0,9500,7.0,6.800000190734863,3.547830581665039
10-08-1984,6.800000190734863,0.0,165500,6.849999904632568,6.800000190734863,3.547830581665039
13-08-1984,6.875,0.0,8000,6.974999904632568,6.974999904632568,3.639136075973511
14-08-1984,6.925000190734863,0.0,4000,6.974999904632568,6.925000190734863,3.613049745559693
15-08-1984,6.925000190734863,6.925000190734863,0,6.925000190734863,6.925000190734863,3.613049745559693
16-08-1984,6.925000190734863,0.0,11000,7.0,7.0,3.652180194854736
17-08-1984,7.050000190734863,0.0,1500,7.050000190734863,7.050000190734863,3.678267955780029
20-08-1984,7.0,0.0,5000,7.050000190734863,7.050000190734863,3.678267955780029
21-08-1984,6.949999809265137,0.0,20500,7.050000190734863,6.949999809265137,3.626093626022339
22-08-1984,6.900000095367432,0.0,3500,7.0,6.900000095367432,3.600006103515625
23-08-1984,6.900000095367432,0.0,4000,6.949999809265137,6.949999809265137,3.626093626022339
24-08-1984,6.900000095367432,0.0,1000,6.900000095367432,6.900000095367432,3.600006103515625
27-08-1984,6.900000095367432,0.0,2500,6.900000095367432,6.900000095367432,3.600006103515625
28-08-1984,6.900000095367432,6.900000095367432,0,6.900000095367432,6.900000095367432,3.600006103515625
29-08-1984,6.949999809265137,0.0,2500,6.949999809265137,6.949999809265137,3.626093626022339
30-08-1984,6.949999809265137,0.0,10500,7.0,6.974999904632568,3.639136075973511
31-08-1984,6.900000095367432,0.0,3000,6.925000190734863,6.900000095367432,3.600006103515625
04-09-1984,6.875,0.0,1000,6.875,6.875,3.5869617462158203
05-09-1984,6.699999809265137,0.0,13500,6.849999904632568,6.699999809265137,3.495658159255981
06-09-1984,6.599999904632568,0.0,34500,6.675000190734863,6.675000190734863,3.482614755630493
07-09-1984,6.599999904632568,0.0,3500,6.675000190734863,6.599999904632568,3.4434828758239746
10-09-1984,6.599999904632568,0.0,2500,6.599999904632568,6.599999904632568,3.4434828758239746
11-09-1984,6.625,0.0,3000,6.650000095367432,6.625,3.456527709960937
12-09-1984,6.599999904632568,0.0,11500,6.675000190734863,6.675000190734863,3.482614755630493
13-09-1984,6.599999904632568,0.0,11500,6.650000095367432,6.650000095367432,3.4695708751678467
14-09-1984,6.75,0.0,12500,6.75,6.75,3.5217444896698
17-09-1984,6.75,6.75,0,6.75,6.75,3.5217444896698
18-09-1984,6.699999809265137,0.0,1000,6.699999809265137,6.699999809265137,3.495658159255981
19-09-1984,6.599999904632568,0.0,9000,6.650000095367432,6.625,3.456527709960937
20-09-1984,6.625,0.0,500,6.625,6.625,3.456527709960937
21-09-1984,6.599999904632568,0.0,5500,6.650000095367432,6.599999904632568,3.4434828758239746
24-09-1984,6.599999904632568,0.0,500,6.599999904632568,6.599999904632568,3.4434828758239746
25-09-1984,6.599999904632568,0.0,1000,6.599999904632568,6.599999904632568,3.4434828758239746
26-09-1984,6.599999904632568,0.0,19000,6.675000190734863,6.675000190734863,3.482614755630493
27-09-1984,6.724999904632568,0.0,1000,6.724999904632568,6.724999904632568,3.5087010860443115
28-09-1984,6.724999904632568,0.0,3000,6.75,6.75,3.5217444896698
01-10-1984,6.775000095367432,0.0,500,6.775000095367432,6.775000095367432,3.5347883701324463
02-10-1984,6.724999904632568,0.0,10500,6.775000095367432,6.724999904632568,3.5087010860443115
03-10-1984,6.699999809265137,0.0,2000,6.699999809265137,6.699999809265137,3.495658159255981
04-10-1984,6.699999809265137,0.0,6500,6.775000095367432,6.775000095367432,3.5347883701324463
05-10-1984,6.650000095367432,0.0,9000,6.775000095367432,6.650000095367432,3.4695708751678467
08-10-1984,6.650000095367432,0.0,2500,6.650000095367432,6.650000095367432,3.4695708751678467
09-10-1984,6.650000095367432,0.0,2500,6.650000095367432,6.650000095367432,3.4695708751678467
10-10-1984,6.650000095367432,0.0,12500,6.75,6.650000095367432,3.4695708751678467
11-10-1984,6.650000095367432,0.0,1000,6.650000095367432,6.650000095367432,3.4695708751678467
12-10-1984,6.699999809265137,0.0,13000,6.775000095367432,6.775000095367432,3.5347883701324463
15-10-1984,6.775000095367432,0.0,51000,7.0,6.849999904632568,3.5739188194274902
16-10-1984,6.900000095367432,0.0,12000,6.949999809265137,6.949999809265137,3.626093626022339
17-10-1984,6.900000095367432,0.0,1500,6.949999809265137,6.900000095367432,3.600006103515625
18-10-1984,6.875,0.0,11000,6.925000190734863,6.925000190734863,3.613049745559693
19-10-1984,6.849999904632568,0.0,28500,7.050000190734863,7.050000190734863,3.678267955780029
22-10-1984,7.0,0.0,1500,7.0,7.0,3.652180194854736
23-10-1984,7.0,7.0,0,7.0,7.0,3.652180194854736
24-10-1984,7.0,0.0,500,7.0,7.0,3.652180194854736
25-10-1984,6.900000095367432,0.0,2000,6.949999809265137,6.900000095367432,3.600006103515625
26-10-1984,6.900000095367432,0.0,2000,6.900000095367432,6.900000095367432,3.600006103515625
29-10-1984,6.849999904632568,0.0,8500,6.900000095367432,6.849999904632568,3.5739188194274902
30-10-1984,6.849999904632568,0.0,3500,6.900000095367432,6.900000095367432,3.600006103515625
31-10-1984,6.75,0.0,16500,6.800000190734863,6.800000190734863,3.547830581665039
01-11-1984,6.699999809265137,0.0,6500,6.800000190734863,6.699999809265137,3.495658159255981
02-11-1984,6.699999809265137,6.699999809265137,0,6.699999809265137,6.699999809265137,3.495658159255981
05-11-1984,6.650000095367432,0.0,12000,6.699999809265137,6.699999809265137,3.495658159255981
06-11-1984,6.699999809265137,0.0,14000,6.699999809265137,6.699999809265137,3.495658159255981
07-11-1984,6.724999904632568,0.0,5000,6.724999904632568,6.724999904632568,3.5087010860443115
08-11-1984,6.75,0.0,16500,6.900000095367432,6.900000095367432,3.600006103515625
09-11-1984,6.900000095367432,6.900000095367432,0,6.900000095367432,6.900000095367432,3.600006103515625
12-11-1984,6.800000190734863,0.0,19000,6.800000190734863,6.800000190734863,3.547830581665039
13-11-1984,6.75,0.0,2500,6.800000190734863,6.800000190734863,3.547830581665039
14-11-1984,6.699999809265137,0.0,11500,6.75,6.699999809265137,3.495658159255981
15-11-1984,6.699999809265137,6.699999809265137,0,6.699999809265137,6.699999809265137,3.495658159255981
16-11-1984,6.699999809265137,0.0,5000,6.699999809265137,6.699999809265137,3.495658159255981
19-11-1984,6.699999809265137,6.699999809265137,0,6.699999809265137,6.699999809265137,3.495658159255981
20-11-1984,6.699999809265137,0.0,1000,6.699999809265137,6.699999809265137,3.495658159255981
21-11-1984,6.699999809265137,6.699999809265137,0,6.699999809265137,6.699999809265137,3.495658159255981
23-11-1984,6.75,0.0,2500,6.75,6.75,3.5217444896698
26-11-1984,6.75,0.0,7000,6.775000095367432,6.75,3.5217444896698
27-11-1984,6.699999809265137,0.0,9000,6.699999809265137,6.699999809265137,3.495658159255981
28-11-1984,6.650000095367432,0.0,45000,6.650000095367432,6.650000095367432,3.4695708751678467
29-11-1984,6.650000095367432,0.0,6500,6.650000095367432,6.650000095367432,3.4695708751678467
30-11-1984,6.599999904632568,0.0,7000,6.650000095367432,6.599999904632568,3.4434828758239746
03-12-1984,6.599999904632568,0.0,2500,6.599999904632568,6.599999904632568,3.4434828758239746
04-12-1984,6.449999809265137,0.0,14000,6.550000190734863,6.449999809265137,3.3652219772338867
05-12-1984,6.400000095367432,0.0,9500,6.425000190734863,6.400000095367432,3.339134931564331
06-12-1984,6.400000095367432,0.0,4500,6.449999809265137,6.400000095367432,3.339134931564331
07-12-1984,6.400000095367432,0.0,8500,6.5,6.5,3.391310453414917
10-12-1984,6.5,6.5,0,6.5,6.5,3.391310453414917
11-12-1984,6.449999809265137,0.0,2500,6.5,6.449999809265137,3.3652219772338867
12-12-1984,6.5,0.0,11000,6.525000095367432,6.5,3.391310453414917
13-12-1984,6.5,0.0,8500,6.550000190734863,6.5,3.391310453414917
14-12-1984,6.5,0.0,7500,6.5,6.5,3.391310453414917
17-12-1984,6.5,0.0,6000,6.550000190734863,6.5,3.391310453414917
18-12-1984,6.5,0.0,15000,6.599999904632568,6.599999904632568,3.4434828758239746
19-12-1984,6.574999809265137,0.0,8000,6.599999904632568,6.574999809265137,3.4304399490356445
20-12-1984,6.5,0.0,10500,6.550000190734863,6.5,3.391310453414917
21-12-1984,6.5,0.0,6500,6.5,6.5,3.391310453414917
24-12-1984,6.449999809265137,0.0,1000,6.449999809265137,6.449999809265137,3.3652219772338867
26-12-1984,6.5,0.0,10500,6.550000190734863,6.5,3.391310453414917
27-12-1984,6.449999809265137,0.0,6000,6.449999809265137,6.449999809265137,3.3652219772338867
28-12-1984,6.449999809265137,0.0,5000,6.5,6.449999809265137,3.3652219772338867
31-12-1984,6.449999809265137,0.0,7000,6.449999809265137,6.449999809265137,3.3652219772338867
02-01-1985,6.375,0.0,7000,6.449999809265137,6.375,3.326092004776001
03-01-1985,6.300000190734863,0.0,9000,6.349999904632568,6.300000190734863,3.286961317062378
04-01-1985,6.25,0.0,1500,6.300000190734863,6.25,3.26087498664856
07-01-1985,6.199999809265137,0.0,11500,6.25,6.224999904632568,3.247830629348755
08-01-1985,6.199999809265137,0.0,8500,6.199999809265137,6.199999809265137,3.2347888946533203
09-01-1985,6.199999809265137,0.0,18500,6.25,6.25,3.26087498664856
10-01-1985,6.300000190734863,0.0,3000,6.300000190734863,6.300000190734863,3.286961317062378
11-01-1985,6.199999809265137,0.0,10000,6.300000190734863,6.25,3.26087498664856
14-01-1985,6.25,0.0,4000,6.25,6.25,3.26087498664856
15-01-1985,6.25,0.0,3000,6.25,6.25,3.26087498664856
16-01-1985,6.125,0.0,13500,6.25,6.125,3.195657968521118
17-01-1985,5.900000095367432,0.0,17000,6.0,5.949999809265137,3.1043519973754883
18-01-1985,5.849999904632568,0.0,12500,5.974999904632568,5.849999904632568,3.0521786212921143
21-01-1985,5.75,0.0,19000,5.849999904632568,5.849999904632568,3.0521786212921143
22-01-1985,5.900000095367432,0.0,29000,6.099999904632568,6.050000190734863,3.1565263271331787
23-01-1985,6.099999904632568,0.0,6000,6.199999809265137,6.199999809265137,3.2347888946533203
24-01-1985,6.150000095367432,0.0,10500,6.300000190734863,6.25,3.26087498664856
25-01-1985,6.25,0.0,1000,6.300000190734863,6.300000190734863,3.286961317062378
28-01-1985,6.199999809265137,0.0,18500,6.349999904632568,6.199999809265137,3.2347888946533203
29-01-1985,6.199999809265137,0.0,37000,6.25,6.25,3.26087498664856
30-01-1985,6.224999904632568,0.0,9000,6.300000190734863,6.25,3.26087498664856
31-01-1985,6.199999809265137,0.0,11000,6.224999904632568,6.199999809265137,3.2347888946533203
01-02-1985,6.150000095367432,0.0,4500,6.175000190734863,6.175000190734863,3.2217438220977783
04-02-1985,6.025000095367432,0.0,10000,6.099999904632568,6.025000095367432,3.143483161926269
05-02-1985,6.0,0.0,12500,6.150000095367432,6.150000095367432,3.208700180053711
06-02-1985,6.099999904632568,0.0,3500,6.150000095367432,6.150000095367432,3.208700180053711
07-02-1985,6.125,0.0,17500,6.199999809265137,6.199999809265137,3.2347888946533203
08-02-1985,6.199999809265137,0.0,5000,6.25,6.199999809265137,3.2347888946533203
11-02-1985,6.224999904632568,0.0,17000,6.300000190734863,6.300000190734863,3.286961317062378
12-02-1985,6.199999809265137,0.0,13500,6.349999904632568,6.224999904632568,3.247830629348755
13-02-1985,6.175000190734863,0.0,7500,6.224999904632568,6.224999904632568,3.247830629348755
14-02-1985,6.150000095367432,0.0,12000,6.300000190734863,6.150000095367432,3.208700180053711
15-02-1985,6.175000190734863,0.0,15000,6.224999904632568,6.199999809265137,3.2347888946533203
19-02-1985,6.199999809265137,0.0,4500,6.25,6.199999809265137,3.2347888946533203
20-02-1985,6.199999809265137,0.0,3000,6.25,6.25,3.26087498664856
21-02-1985,6.25,0.0,13500,6.349999904632568,6.25,3.26087498664856
22-02-1985,6.175000190734863,0.0,6500,6.224999904632568,6.199999809265137,3.2347888946533203
25-02-1985,6.150000095367432,0.0,5500,6.175000190734863,6.175000190734863,3.2217438220977783
26-02-1985,6.074999809265137,0.0,5500,6.150000095367432,6.074999809265137,3.3891069889068604
27-02-1985,6.099999904632568,0.0,3500,6.150000095367432,6.150000095367432,3.43094801902771
28-02-1985,6.125,0.0,500,6.125,6.125,3.4170022010803223
01-03-1985,6.099999904632568,0.0,4500,6.150000095367432,6.150000095367432,3.43094801902771
04-03-1985,6.125,0.0,3500,6.175000190734863,6.125,3.4170022010803223
05-03-1985,6.099999904632568,0.0,5500,6.175000190734863,6.175000190734863,3.444894790649414
06-03-1985,6.099999904632568,0.0,6500,6.175000190734863,6.175000190734863,3.444894790649414
07-03-1985,6.125,0.0,25000,6.199999809265137,6.175000190734863,3.444894790649414
08-03-1985,6.199999809265137,0.0,7000,6.300000190734863,6.25,3.486736536026001
11-03-1985,6.199999809265137,0.0,6500,6.25,6.199999809265137,3.4588429927825928
12-03-1985,6.199999809265137,0.0,7000,6.25,6.199999809265137,3.4588429927825928
13-03-1985,6.25,0.0,2000,6.25,6.25,3.486736536026001
14-03-1985,6.25,0.0,2000,6.25,6.25,3.486736536026001
15-03-1985,6.25,0.0,2500,6.25,6.25,3.486736536026001
18-03-1985,6.324999809265137,0.0,10000,6.400000095367432,6.324999809265137,3.5285775661468506
19-03-1985,6.324999809265137,0.0,7500,6.400000095367432,6.349999904632568,3.542522430419922
20-03-1985,6.449999809265137,0.0,3000,6.449999809265137,6.449999809265137,3.598310708999634
21-03-1985,6.449999809265137,0.0,12000,6.449999809265137,6.449999809265137,3.598310708999634
22-03-1985,6.449999809265137,0.0,1000,6.5,6.5,3.626206398010254
25-03-1985,6.449999809265137,0.0,3500,6.449999809265137,6.449999809265137,3.598310708999634
26-03-1985,6.425000190734863,0.0,3000,6.449999809265137,6.425000190734863,3.584364652633667
27-03-1985,6.425000190734863,0.0,5500,6.5,6.449999809265137,3.598310708999634
28-03-1985,6.449999809265137,0.0,6000,6.5,6.449999809265137,3.598310708999634
29-03-1985,6.400000095367432,0.0,8500,6.425000190734863,6.400000095367432,3.5704169273376465
01-04-1985,6.550000190734863,0.0,19000,6.599999904632568,6.550000190734863,3.654099941253662
02-04-1985,6.550000190734863,0.0,2500,6.550000190734863,6.550000190734863,3.654099941253662
03-04-1985,6.449999809265137,0.0,4500,6.550000190734863,6.449999809265137,3.598310708999634
04-04-1985,6.400000095367432,0.0,4000,6.400000095367432,6.400000095367432,3.5704169273376465
08-04-1985,6.25,0.0,17000,6.349999904632568,6.25,3.486736536026001
09-04-1985,6.199999809265137,0.0,3500,6.199999809265137,6.199999809265137,3.4588429927825928
10-04-1985,6.199999809265137,0.0,2500,6.25,6.224999904632568,3.4727885723114014
11-04-1985,6.199999809265137,0.0,12000,6.224999904632568,6.199999809265137,3.4588429927825928
12-04-1985,6.199999809265137,0.0,1000,6.199999809265137,6.199999809265137,3.4588429927825928
15-04-1985,6.199999809265137,0.0,4000,6.25,6.199999809265137,3.4588429927825928
16-04-1985,6.25,0.0,6500,6.300000190734863,6.25,3.486736536026001
17-04-1985,6.275000095367432,0.0,3000,6.300000190734863,6.275000095367432,3.500682592391968
18-04-1985,6.275000095367432,0.0,5500,6.300000190734863,6.275000095367432,3.500682592391968
19-04-1985,6.275000095367432,0.0,1500,6.300000190734863,6.300000190734863,3.514630079269409
22-04-1985,6.300000190734863,0.0,3000,6.300000190734863,6.300000190734863,3.514630079269409
23-04-1985,6.275000095367432,0.0,6000,6.324999809265137,6.324999809265137,3.5285775661468506
24-04-1985,6.324999809265137,0.0,12500,6.375,6.375,3.55647087097168
25-04-1985,6.349999904632568,0.0,14500,6.449999809265137,6.400000095367432,3.5704169273376465
26-04-1985,6.349999904632568,0.0,2500,6.400000095367432,6.349999904632568,3.542522430419922
29-04-1985,6.324999809265137,0.0,3000,6.324999809265137,6.324999809265137,3.5285775661468506
30-04-1985,6.300000190734863,0.0,1500,6.300000190734863,6.300000190734863,3.514630079269409
01-05-1985,6.224999904632568,0.0,15000,6.300000190734863,6.224999904632568,3.4727885723114014
02-05-1985,6.25,0.0,14500,6.300000190734863,6.25,3.486736536026001
03-05-1985,6.25,6.25,0,6.25,6.25,3.486736536026001
06-05-1985,6.25,0.0,3500,6.275000095367432,6.25,3.486736536026001
07-05-1985,6.275000095367432,0.0,5500,6.300000190734863,6.300000190734863,3.514630079269409
08-05-1985,6.324999809265137,0.0,1000,6.324999809265137,6.324999809265137,3.5285775661468506
09-05-1985,6.349999904632568,0.0,7000,6.400000095367432,6.400000095367432,3.5704169273376465
10-05-1985,6.425000190734863,0.0,2000,6.599999904632568,6.599999904632568,3.681992530822754
13-05-1985,6.625,0.0,3000,6.625,6.625,3.695940971374512
14-05-1985,6.599999904632568,0.0,2000,6.675000190734863,6.675000190734863,3.72383451461792
15-05-1985,6.75,0.0,3000,6.75,6.75,3.765674829483032
16-05-1985,6.800000190734863,0.0,15500,6.800000190734863,6.800000190734863,3.793567419052124
17-05-1985,6.849999904632568,0.0,2500,6.849999904632568,6.849999904632568,3.821462869644165
20-05-1985,6.900000095367432,0.0,17000,6.949999809265137,6.949999809265137,3.877251625061035
21-05-1985,6.849999904632568,0.0,4500,6.900000095367432,6.849999904632568,3.821462869644165
22-05-1985,6.849999904632568,0.0,2500,6.849999904632568,6.849999904632568,3.821462869644165
23-05-1985,6.800000190734863,0.0,6000,6.875,6.800000190734863,3.793567419052124
24-05-1985,6.75,0.0,67500,6.949999809265137,6.949999809265137,3.877251625061035
28-05-1985,6.900000095367432,0.0,4000,6.949999809265137,6.949999809265137,3.877251625061035
29-05-1985,6.900000095367432,0.0,1000,6.900000095367432,6.900000095367432,3.8493573665618896
30-05-1985,6.849999904632568,0.0,5500,6.900000095367432,6.849999904632568,3.821462869644165
31-05-1985,6.824999809265137,0.0,7500,6.875,6.875,3.83540940284729
03-06-1985,6.824999809265137,0.0,13000,6.875,6.824999809265137,3.807516098022461
04-06-1985,6.824999809265137,0.0,3000,6.900000095367432,6.900000095367432,3.8493573665618896
05-06-1985,6.849999904632568,0.0,7500,6.900000095367432,6.849999904632568,3.821462869644165
06-06-1985,6.900000095367432,0.0,2000,6.900000095367432,6.900000095367432,3.8493573665618896
07-06-1985,6.875,0.0,1500,6.900000095367432,6.875,3.83540940284729
10-06-1985,6.875,0.0,3000,6.925000190734863,6.875,3.83540940284729
11-06-1985,6.724999904632568,0.0,11500,6.849999904632568,6.724999904632568,3.7517282962799072
12-06-1985,6.724999904632568,6.724999904632568,0,6.724999904632568,6.724999904632568,3.7517282962799072
13-06-1985,6.724999904632568,6.724999904632568,0,6.724999904632568,6.724999904632568,3.7517282962799072
14-06-1985,6.650000095367432,0.0,6000,6.699999809265137,6.650000095367432,3.7098875045776367
17-06-1985,6.550000190734863,0.0,4000,6.650000095367432,6.550000190734863,3.654099941253662
18-06-1985,6.525000095367432,0.0,3000,6.550000190734863,6.525000095367432,3.6401522159576416
19-06-1985,6.5,0.0,5500,6.574999809265137,6.5,3.626206398010254
20-06-1985,6.449999809265137,0.0,1000,6.5,6.5,3.626206398010254
21-06-1985,6.400000095367432,0.0,6500,6.449999809265137,6.400000095367432,3.5704169273376465
24-06-1985,6.449999809265137,0.0,2500,6.5,6.449999809265137,3.598310708999634
25-06-1985,6.425000190734863,0.0,17500,6.449999809265137,6.449999809265137,3.598310708999634
26-06-1985,6.400000095367432,0.0,1000,6.400000095367432,6.400000095367432,3.5704169273376465
27-06-1985,6.400000095367432,6.400000095367432,0,6.400000095367432,6.400000095367432,3.5704169273376465
28-06-1985,6.400000095367432,0.0,3000,6.425000190734863,6.425000190734863,3.584364652633667
01-07-1985,6.349999904632568,0.0,6000,6.400000095367432,6.349999904632568,3.542522430419922
02-07-1985,6.375,0.0,2500,6.375,6.375,3.55647087097168
03-07-1985,6.150000095367432,0.0,18500,6.349999904632568,6.25,3.486736536026001
05-07-1985,6.099999904632568,0.0,12500,6.199999809265137,6.175000190734863,3.444894790649414
08-07-1985,6.099999904632568,0.0,3000,6.125,6.099999904632568,3.403053998947144
09-07-1985,6.0,0.0,5500,6.074999809265137,6.0,3.347266912460327
10-07-1985,5.949999809265137,0.0,16500,6.0,6.0,3.347266912460327
11-07-1985,6.0,0.0,8500,6.0,6.0,3.347266912460327
12-07-1985,6.0,6.0,0,6.0,6.0,3.347266912460327
15-07-1985,6.0,0.0,30500,6.099999904632568,6.099999904632568,3.403053998947144
16-07-1985,5.949999809265137,0.0,32500,6.25,6.25,3.486736536026001
17-07-1985,6.0,0.0,21500,6.199999809265137,6.0,3.347266912460327
18-07-1985,5.949999809265137,0.0,2500,6.0,5.949999809265137,3.319371700286865
19-07-1985,5.849999904632568,0.0,27500,6.150000095367432,6.150000095367432,3.43094801902771
22-07-1985,6.074999809265137,0.0,4000,6.099999904632568,6.074999809265137,3.3891069889068604
23-07-1985,6.025000095367432,0.0,5500,6.050000190734863,6.025000095367432,3.3612136840820312
24-07-1985,6.0,0.0,134000,6.050000190734863,6.025000095367432,3.3612136840820312
25-07-1985,6.0,0.0,21500,6.025000095367432,6.0,3.347266912460327
26-07-1985,5.974999904632568,0.0,11000,6.0,5.974999904632568,3.333319664001465
29-07-1985,5.900000095367432,0.0,3000,5.949999809265137,5.900000095367432,3.2914788722991943
30-07-1985,5.925000190734863,0.0,2500,5.925000190734863,5.925000190734863,3.30542516708374
31-07-1985,5.925000190734863,0.0,11500,6.050000190734863,6.050000190734863,3.375159978866577
01-08-1985,5.949999809265137,0.0,11000,6.0,5.949999809265137,3.319371700286865
02-08-1985,5.925000190734863,0.0,4000,5.949999809265137,5.925000190734863,3.30542516708374
05-08-1985,5.925000190734863,0.0,3000,5.925000190734863,5.925000190734863,3.30542516708374
06-08-1985,5.900000095367432,0.0,3000,5.974999904632568,5.900000095367432,3.2914788722991943
07-08-1985,5.875,0.0,8500,5.925000190734863,5.925000190734863,3.30542516708374
08-08-1985,5.974999904632568,0.0,14000,6.0,5.974999904632568,3.333319664001465
09-08-1985,5.974999904632568,0.0,15500,6.0,5.974999904632568,3.333319664001465
12-08-1985,5.949999809265137,0.0,6000,6.0,5.974999904632568,3.333319664001465
13-08-1985,6.0,0.0,5500,6.0,6.0,3.347266912460327
14-08-1985,6.0,0.0,26000,6.050000190734863,6.050000190734863,3.375159978866577
15-08-1985,6.050000190734863,6.050000190734863,0,6.050000190734863,6.050000190734863,3.375159978866577
16-08-1985,6.0,0.0,5500,6.050000190734863,6.0,3.347266912460327
19-08-1985,6.0,0.0,5500,6.0,6.0,3.347266912460327
20-08-1985,6.0,0.0,2500,6.050000190734863,6.050000190734863,3.375159978866577
21-08-1985,6.099999904632568,0.0,500,6.099999904632568,6.099999904632568,3.403053998947144
22-08-1985,6.150000095367432,0.0,15000,6.25,6.25,3.486736536026001
23-08-1985,6.150000095367432,0.0,12500,6.199999809265137,6.199999809265137,3.4588429927825928
26-08-1985,6.150000095367432,0.0,7500,6.300000190734863,6.300000190734863,3.514630079269409
27-08-1985,6.25,0.0,8500,6.400000095367432,6.300000190734863,3.514630079269409
28-08-1985,6.349999904632568,0.0,1500,6.349999904632568,6.349999904632568,3.542522430419922
29-08-1985,6.300000190734863,0.0,4500,6.349999904632568,6.300000190734863,3.514630079269409
30-08-1985,6.300000190734863,6.300000190734863,0,6.300000190734863,6.300000190734863,3.514630079269409
03-09-1985,6.275000095367432,0.0,6500,6.300000190734863,6.275000095367432,3.500682592391968
04-09-1985,6.25,0.0,4000,6.324999809265137,6.25,3.486736536026001
05-09-1985,6.25,0.0,5000,6.25,6.25,3.486736536026001
06-09-1985,6.199999809265137,0.0,13000,6.25,6.199999809265137,3.4588429927825928
09-09-1985,6.199999809265137,0.0,1000,6.199999809265137,6.199999809265137,3.4588429927825928
10-09-1985,6.050000190734863,0.0,16500,6.199999809265137,6.050000190734863,3.375159978866577
11-09-1985,6.050000190734863,0.0,5500,6.099999904632568,6.050000190734863,3.375159978866577
12-09-1985,6.0,0.0,4000,6.0,6.0,3.347266912460327
13-09-1985,6.0,0.0,51000,6.0,6.0,3.347266912460327
16-09-1985,5.949999809265137,0.0,5000,6.0,5.949999809265137,3.319371700286865
17-09-1985,5.900000095367432,0.0,31000,5.974999904632568,5.974999904632568,3.333319664001465
18-09-1985,5.900000095367432,0.0,22500,5.949999809265137,5.949999809265137,3.319371700286865
19-09-1985,5.925000190734863,0.0,140000,5.949999809265137,5.949999809265137,3.319371700286865
20-09-1985,5.849999904632568,0.0,7500,5.949999809265137,5.849999904632568,3.263584852218628
23-09-1985,5.849999904632568,0.0,11000,5.900000095367432,5.900000095367432,3.2914788722991943
24-09-1985,5.800000190734863,0.0,18000,5.900000095367432,5.800000190734863,3.235691547393799
25-09-1985,5.800000190734863,0.0,4000,5.849999904632568,5.849999904632568,3.263584852218628
26-09-1985,5.849999904632568,5.849999904632568,0,5.849999904632568,5.849999904632568,3.263584852218628
30-09-1985,5.800000190734863,0.0,6000,5.875,5.875,3.277531623840332
01-10-1985,5.900000095367432,0.0,3500,5.925000190734863,5.900000095367432,3.2914788722991943
02-10-1985,5.900000095367432,0.0,6500,5.949999809265137,5.949999809265137,3.319371700286865
03-10-1985,5.900000095367432,0.0,11000,5.900000095367432,5.900000095367432,3.2914788722991943
04-10-1985,5.849999904632568,0.0,9000,5.949999809265137,5.849999904632568,3.263584852218628
07-10-1985,5.849999904632568,0.0,7000,5.949999809265137,5.949999809265137,3.319371700286865
08-10-1985,5.949999809265137,5.949999809265137,0,5.949999809265137,5.949999809265137,3.319371700286865
09-10-1985,5.900000095367432,0.0,4000,5.900000095367432,5.900000095367432,3.2914788722991943
10-10-1985,5.900000095367432,5.900000095367432,0,5.900000095367432,5.900000095367432,3.2914788722991943
11-10-1985,5.849999904632568,0.0,49500,5.949999809265137,5.900000095367432,3.2914788722991943
14-10-1985,5.824999809265137,0.0,14500,5.900000095367432,5.849999904632568,3.263584852218628
15-10-1985,5.849999904632568,0.0,1000,5.849999904632568,5.849999904632568,3.263584852218628
16-10-1985,5.800000190734863,0.0,9000,5.849999904632568,5.800000190734863,3.235691547393799
17-10-1985,5.849999904632568,0.0,7500,5.900000095367432,5.849999904632568,3.263584852218628
18-10-1985,5.900000095367432,0.0,500,5.900000095367432,5.900000095367432,3.2914788722991943
21-10-1985,5.900000095367432,0.0,2000,5.949999809265137,5.900000095367432,3.2914788722991943
22-10-1985,5.849999904632568,0.0,10000,5.900000095367432,5.849999904632568,3.263584852218628
23-10-1985,5.824999809265137,0.0,8500,5.824999809265137,5.824999809265137,3.249638080596924
24-10-1985,5.800000190734863,0.0,4000,5.849999904632568,5.849999904632568,3.263584852218628
25-10-1985,5.800000190734863,0.0,2500,5.800000190734863,5.800000190734863,3.235691547393799
28-10-1985,5.75,0.0,5000,5.800000190734863,5.75,3.207797050476074
29-10-1985,5.75,0.0,3000,5.800000190734863,5.800000190734863,3.235691547393799
30-10-1985,5.800000190734863,0.0,5000,5.800000190734863,5.800000190734863,3.235691547393799
31-10-1985,5.75,0.0,1000,5.800000190734863,5.800000190734863,3.235691547393799
01-11-1985,5.800000190734863,0.0,4000,5.849999904632568,5.849999904632568,3.263584852218628
04-11-1985,5.800000190734863,0.0,101000,5.849999904632568,5.849999904632568,3.263584852218628
05-11-1985,5.849999904632568,0.0,2500,5.849999904632568,5.849999904632568,3.263584852218628
06-11-1985,5.75,0.0,26000,5.800000190734863,5.75,3.207797050476074
07-11-1985,5.75,0.0,1500,5.800000190734863,5.800000190734863,3.235691547393799
08-11-1985,5.800000190734863,0.0,7000,5.849999904632568,5.849999904632568,3.263584852218628
11-11-1985,5.824999809265137,0.0,6500,5.900000095367432,5.900000095367432,3.2914788722991943
12-11-1985,5.900000095367432,0.0,18000,6.0,5.900000095367432,3.2914788722991943
13-11-1985,5.900000095367432,0.0,22500,5.925000190734863,5.925000190734863,3.30542516708374
14-11-1985,5.925000190734863,0.0,8500,6.0,6.0,3.347266912460327
15-11-1985,5.949999809265137,0.0,4000,6.0,6.0,3.347266912460327
18-11-1985,5.925000190734863,0.0,42500,5.974999904632568,5.974999904632568,3.333319664001465
19-11-1985,5.925000190734863,0.0,13500,5.974999904632568,5.974999904632568,3.333319664001465
20-11-1985,5.925000190734863,0.0,15500,5.925000190734863,5.925000190734863,3.30542516708374
21-11-1985,5.949999809265137,0.0,6500,6.0,6.0,3.347266912460327
22-11-1985,6.0,0.0,6000,6.074999809265137,6.074999809265137,3.3891069889068604
25-11-1985,6.0,0.0,6000,6.099999904632568,6.050000190734863,3.375159978866577
26-11-1985,5.974999904632568,0.0,2500,6.025000095367432,6.025000095367432,3.3612136840820312
27-11-1985,6.025000095367432,0.0,6500,6.025000095367432,6.025000095367432,3.3612136840820312
29-11-1985,5.925000190734863,0.0,5000,5.974999904632568,5.974999904632568,3.333319664001465
02-12-1985,5.974999904632568,0.0,5000,5.974999904632568,5.974999904632568,3.333319664001465
03-12-1985,5.974999904632568,0.0,7500,6.099999904632568,6.099999904632568,3.403053998947144
04-12-1985,6.050000190734863,0.0,16000,6.300000190734863,6.300000190734863,3.514630079269409
05-12-1985,6.349999904632568,0.0,11000,6.550000190734863,6.474999904632568,3.612258911132813
06-12-1985,6.449999809265137,0.0,15000,6.474999904632568,6.449999809265137,3.598310708999634
09-12-1985,6.400000095367432,0.0,29000,6.599999904632568,6.449999809265137,3.598310708999634
10-12-1985,6.349999904632568,0.0,5500,6.400000095367432,6.400000095367432,3.5704169273376465
11-12-1985,6.349999904632568,0.0,21500,6.449999809265137,6.349999904632568,3.542522430419922
12-12-1985,6.300000190734863,0.0,12000,6.349999904632568,6.300000190734863,3.514630079269409
13-12-1985,6.300000190734863,0.0,25500,6.375,6.375,3.55647087097168
16-12-1985,6.199999809265137,0.0,20000,6.349999904632568,6.300000190734863,3.514630079269409
17-12-1985,6.25,0.0,7500,6.300000190734863,6.25,3.486736536026001
18-12-1985,6.150000095367432,0.0,23500,6.199999809265137,6.150000095367432,3.43094801902771
19-12-1985,6.050000190734863,0.0,16000,6.175000190734863,6.050000190734863,3.375159978866577
20-12-1985,6.0,0.0,19500,6.150000095367432,6.0,3.347266912460327
23-12-1985,5.949999809265137,0.0,18500,6.0,6.0,3.347266912460327
24-12-1985,5.949999809265137,0.0,1000,5.974999904632568,5.949999809265137,3.319371700286865
26-12-1985,5.849999904632568,0.0,16500,5.974999904632568,5.949999809265137,3.319371700286865
27-12-1985,5.900000095367432,0.0,7500,6.0,6.0,3.347266912460327
30-12-1985,5.949999809265137,0.0,19500,6.099999904632568,6.050000190734863,3.375159978866577
31-12-1985,6.074999809265137,0.0,14000,6.150000095367432,6.125,3.4170022010803223
02-01-1986,6.050000190734863,0.0,3500,6.074999809265137,6.050000190734863,3.375159978866577
03-01-1986,6.0,0.0,17500,6.099999904632568,6.074999809265137,3.3891069889068604
06-01-1986,6.0,0.0,7000,6.025000095367432,6.0,3.347266912460327
07-01-1986,6.0,0.0,20500,6.050000190734863,6.0,3.347266912460327
08-01-1986,5.800000190734863,0.0,25000,5.949999809265137,5.800000190734863,3.235691547393799
09-01-1986,5.800000190734863,0.0,7000,5.800000190734863,5.800000190734863,3.235691547393799
10-01-1986,5.724999904632568,0.0,25000,5.849999904632568,5.75,3.207797050476074
13-01-1986,5.724999904632568,0.0,12500,5.775000095367432,5.75,3.207797050476074
14-01-1986,5.75,5.75,0,5.75,5.75,3.207797050476074
15-01-1986,5.724999904632568,0.0,500,5.724999904632568,5.724999904632568,3.1938493251800537
16-01-1986,5.75,0.0,5500,5.800000190734863,5.800000190734863,3.235691547393799
17-01-1986,5.849999904632568,0.0,4000,5.900000095367432,5.849999904632568,3.263584852218628
20-01-1986,5.824999809265137,0.0,19000,5.900000095367432,5.849999904632568,3.263584852218628
21-01-1986,5.75,0.0,2500,5.800000190734863,5.75,3.207797050476074
22-01-1986,5.699999809265137,0.0,12000,5.75,5.699999809265137,3.179903268814087
23-01-1986,5.625,0.0,5500,5.650000095367432,5.625,3.1380629539489746
24-01-1986,5.650000095367432,0.0,2500,5.650000095367432,5.650000095367432,3.1520094871521
27-01-1986,5.550000190734863,0.0,6500,5.650000095367432,5.550000190734863,3.096221923828125
28-01-1986,5.5,0.0,4500,5.525000095367432,5.5,3.0683279037475586
29-01-1986,5.324999809265137,0.0,53000,5.5,5.349999904632568,2.9846460819244385
30-01-1986,5.349999904632568,0.0,6500,5.375,5.349999904632568,2.9846460819244385
31-01-1986,5.375,0.0,12500,5.400000095367432,5.400000095367432,3.012540340423584
03-02-1986,5.324999809265137,0.0,16500,5.400000095367432,5.324999809265137,2.9706990718841557
04-02-1986,5.125,0.0,36000,5.275000095367432,5.125,2.8591232299804688
05-02-1986,4.974999904632568,0.0,41000,5.074999809265137,5.025000095367432,2.803335189819336
06-02-1986,5.050000190734863,0.0,66000,5.150000095367432,5.125,2.8591232299804688
07-02-1986,5.050000190734863,0.0,17000,5.099999904632568,5.074999809265137,2.8312301635742188
10-02-1986,5.074999809265137,0.0,14000,5.150000095367432,5.125,2.8591232299804688
11-02-1986,5.150000095367432,0.0,5500,5.224999904632568,5.224999904632568,2.9149110317230225
12-02-1986,5.099999904632568,0.0,40500,5.275000095367432,5.099999904632568,2.845176935195923
13-02-1986,5.150000095367432,0.0,5000,5.199999809265137,5.175000190734863,2.8870174884796143
14-02-1986,5.224999904632568,0.0,5000,5.224999904632568,5.224999904632568,2.9149110317230225
18-02-1986,5.150000095367432,0.0,10500,5.199999809265137,5.175000190734863,2.8870174884796143
19-02-1986,5.199999809265137,0.0,23500,5.349999904632568,5.275000095367432,2.9428048133850098
20-02-1986,5.099999904632568,0.0,19000,5.275000095367432,5.099999904632568,2.845176935195923
21-02-1986,5.099999904632568,0.0,8000,5.150000095367432,5.099999904632568,2.845176935195923
24-02-1986,5.0,0.0,43000,5.050000190734863,5.050000190734863,2.8172831535339355
25-02-1986,5.025000095367432,0.0,1500,5.099999904632568,5.099999904632568,2.845176935195923
26-02-1986,5.050000190734863,0.0,2000,5.050000190734863,5.050000190734863,3.0570521354675293
27-02-1986,4.974999904632568,0.0,3500,5.050000190734863,5.050000190734863,3.0570521354675293
28-02-1986,5.0,0.0,1000,5.0,5.0,3.026783943176269
03-03-1986,4.974999904632568,0.0,3000,4.974999904632568,4.974999904632568,3.011650562286377
04-03-1986,4.949999809265137,0.0,3500,5.0,5.0,3.026783943176269
05-03-1986,4.949999809265137,0.0,3000,4.949999809265137,4.949999809265137,2.9965157508850098
06-03-1986,4.900000095367432,0.0,3000,4.974999904632568,4.974999904632568,3.011650562286377
07-03-1986,4.900000095367432,0.0,9000,4.925000190734863,4.925000190734863,2.9813826084136963
10-03-1986,4.824999809265137,0.0,12500,4.925000190734863,4.824999809265137,2.9208462238311768
11-03-1986,4.75,0.0,52000,4.875,4.849999904632568,2.935980796813965
12-03-1986,4.849999904632568,0.0,42500,5.099999904632568,5.099999904632568,3.0873193740844727
13-03-1986,5.099999904632568,0.0,30500,5.175000190734863,5.175000190734863,3.132721185684204
14-03-1986,5.050000190734863,0.0,21000,5.175000190734863,5.099999904632568,3.0873193740844727
17-03-1986,5.025000095367432,0.0,22500,5.199999809265137,5.099999904632568,3.0873193740844727
18-03-1986,5.099999904632568,0.0,12000,5.150000095367432,5.150000095367432,3.11758804321289
19-03-1986,5.150000095367432,5.150000095367432,0,5.150000095367432,5.150000095367432,3.11758804321289
20-03-1986,5.150000095367432,0.0,12000,5.25,5.25,3.1781227588653564
21-03-1986,5.25,0.0,62000,5.449999809265137,5.449999809265137,3.299193859100342
24-03-1986,5.300000190734863,0.0,91000,5.449999809265137,5.349999904632568,3.238658905029297
25-03-1986,5.324999809265137,0.0,26500,5.375,5.375,3.253792285919189
26-03-1986,5.300000190734863,0.0,94500,5.375,5.349999904632568,3.238658905029297
27-03-1986,5.324999809265137,0.0,19000,5.375,5.375,3.253792285919189
31-03-1986,5.400000095367432,0.0,15000,5.400000095367432,5.400000095367432,3.2689270973205566
01-04-1986,5.349999904632568,0.0,28000,5.400000095367432,5.349999904632568,3.238658905029297
02-04-1986,5.324999809265137,0.0,16500,5.375,5.324999809265137,3.2235236167907715
03-04-1986,5.300000190734863,0.0,17500,5.375,5.300000190734863,3.208391666412353
04-04-1986,5.25,0.0,39000,5.349999904632568,5.25,3.1781227588653564
07-04-1986,5.199999809265137,0.0,12000,5.275000095367432,5.199999809265137,3.1478545665740967
08-04-1986,5.199999809265137,0.0,10500,5.224999904632568,5.199999809265137,3.1478545665740967
09-04-1986,5.175000190734863,0.0,6000,5.224999904632568,5.199999809265137,3.1478545665740967
10-04-1986,5.199999809265137,0.0,2000,5.224999904632568,5.224999904632568,3.1629881858825684
11-04-1986,5.199999809265137,0.0,4000,5.199999809265137,5.199999809265137,3.1478545665740967
14-04-1986,5.150000095367432,0.0,12000,5.199999809265137,5.199999809265137,3.1478545665740967
15-04-1986,5.175000190734863,0.0,8000,5.224999904632568,5.224999904632568,3.1629881858825684
16-04-1986,5.175000190734863,0.0,10500,5.224999904632568,5.224999904632568,3.1629881858825684
17-04-1986,5.175000190734863,0.0,2500,5.175000190734863,5.175000190734863,3.132721185684204
18-04-1986,5.099999904632568,0.0,23000,5.175000190734863,5.099999904632568,3.0873193740844727
21-04-1986,5.099999904632568,0.0,13000,5.150000095367432,5.099999904632568,3.0873193740844727
22-04-1986,5.050000190734863,0.0,4500,5.125,5.125,3.1024529933929443
23-04-1986,5.050000190734863,0.0,10000,5.150000095367432,5.150000095367432,3.11758804321289
24-04-1986,5.150000095367432,0.0,4500,5.199999809265137,5.199999809265137,3.1478545665740967
25-04-1986,5.099999904632568,0.0,33500,5.224999904632568,5.099999904632568,3.0873193740844727
28-04-1986,5.050000190734863,0.0,7000,5.099999904632568,5.050000190734863,3.0570521354675293
29-04-1986,5.050000190734863,0.0,8000,5.074999809265137,5.050000190734863,3.0570521354675293
30-04-1986,5.0,0.0,24000,5.050000190734863,5.0,3.026783943176269
01-05-1986,5.0,0.0,7000,5.025000095367432,5.025000095367432,3.041917562484741
02-05-1986,4.925000190734863,0.0,21500,5.0,4.974999904632568,3.011650562286377
05-05-1986,4.949999809265137,0.0,20500,5.0,5.0,3.026783943176269
06-05-1986,5.0,0.0,4500,5.025000095367432,5.0,3.026783943176269
07-05-1986,4.974999904632568,0.0,13500,5.025000095367432,5.025000095367432,3.041917562484741
08-05-1986,4.974999904632568,0.0,6500,5.025000095367432,5.025000095367432,3.041917562484741
09-05-1986,4.974999904632568,0.0,30000,5.074999809265137,5.0,3.026783943176269
12-05-1986,5.0,0.0,22000,5.074999809265137,5.074999809265137,3.07218599319458
13-05-1986,5.0,0.0,7000,5.025000095367432,5.0,3.026783943176269
14-05-1986,5.0,0.0,12500,5.050000190734863,5.050000190734863,3.0570521354675293
15-05-1986,5.0,0.0,9000,5.050000190734863,5.0,3.026783943176269
16-05-1986,5.0,0.0,5500,5.0,5.0,3.026783943176269
19-05-1986,5.0,0.0,8000,5.0,5.0,3.026783943176269
20-05-1986,5.0,0.0,8500,5.050000190734863,5.0,3.026783943176269
21-05-1986,4.974999904632568,0.0,20000,5.025000095367432,5.025000095367432,3.041917562484741
22-05-1986,5.025000095367432,0.0,10500,5.050000190734863,5.050000190734863,3.0570521354675293
23-05-1986,5.0,0.0,19000,5.050000190734863,5.050000190734863,3.0570521354675293
27-05-1986,5.025000095367432,0.0,33500,5.074999809265137,5.025000095367432,3.041917562484741
28-05-1986,5.0,0.0,158000,5.099999904632568,5.050000190734863,3.0570521354675293
29-05-1986,5.050000190734863,0.0,10500,5.150000095367432,5.150000095367432,3.11758804321289
30-05-1986,5.150000095367432,0.0,4000,5.175000190734863,5.150000095367432,3.11758804321289
02-06-1986,5.074999809265137,0.0,13000,5.175000190734863,5.074999809265137,3.07218599319458
03-06-1986,5.074999809265137,0.0,12500,5.150000095367432,5.150000095367432,3.11758804321289
04-06-1986,5.099999904632568,0.0,22500,5.150000095367432,5.125,3.1024529933929443
05-06-1986,5.099999904632568,0.0,7500,5.150000095367432,5.150000095367432,3.11758804321289
06-06-1986,5.150000095367432,0.0,108000,5.199999809265137,5.150000095367432,3.11758804321289
09-06-1986,5.199999809265137,0.0,28000,5.25,5.25,3.1781227588653564
10-06-1986,5.199999809265137,0.0,47000,5.300000190734863,5.300000190734863,3.208391666412353
11-06-1986,5.300000190734863,0.0,18000,5.400000095367432,5.400000095367432,3.2689270973205566
12-06-1986,5.400000095367432,0.0,12000,5.474999904632568,5.474999904632568,3.314327955245972
13-06-1986,5.5,0.0,7000,5.525000095367432,5.525000095367432,3.3445968627929688
16-06-1986,5.550000190734863,0.0,34000,5.75,5.75,3.480801105499268
17-06-1986,5.699999809265137,0.0,48500,5.849999904632568,5.849999904632568,3.5413365364074707
18-06-1986,5.800000190734863,0.0,15500,5.900000095367432,5.900000095367432,3.571603775024414
19-06-1986,5.800000190734863,0.0,8500,5.824999809265137,5.800000190734863,3.511069774627685
20-06-1986,5.474999904632568,0.0,64000,5.849999904632568,5.474999904632568,3.314327955245972
23-06-1986,5.5,0.0,1500,5.5,5.5,3.3294618129730225
24-06-1986,5.5,0.0,12500,5.650000095367432,5.650000095367432,3.42026686668396
25-06-1986,5.699999809265137,0.0,11500,5.75,5.75,3.480801105499268
26-06-1986,5.775000095367432,0.0,6500,5.849999904632568,5.849999904632568,3.5413365364074707
27-06-1986,5.900000095367432,0.0,21000,6.099999904632568,6.099999904632568,3.692676544189453
30-06-1986,6.025000095367432,0.0,22000,6.099999904632568,6.099999904632568,3.692676544189453
01-07-1986,6.0,0.0,33500,6.050000190734863,6.0,3.632140874862671
02-07-1986,5.800000190734863,0.0,44000,5.974999904632568,5.875,3.55647087097168
03-07-1986,5.824999809265137,0.0,14000,5.949999809265137,5.900000095367432,3.571603775024414
07-07-1986,5.75,0.0,11000,5.849999904632568,5.75,3.480801105499268
08-07-1986,5.599999904632568,0.0,17000,5.699999809265137,5.599999904632568,3.3899965286254883
09-07-1986,5.599999904632568,0.0,1500,5.599999904632568,5.599999904632568,3.3899965286254883
10-07-1986,5.574999809265137,0.0,8500,5.650000095367432,5.650000095367432,3.42026686668396
11-07-1986,5.599999904632568,0.0,11000,5.724999904632568,5.724999904632568,3.4656670093536377
14-07-1986,5.599999904632568,0.0,26000,5.699999809265137,5.599999904632568,3.3899965286254883
15-07-1986,5.550000190734863,0.0,3000,5.550000190734863,5.550000190734863,3.359729766845703
16-07-1986,5.400000095367432,0.0,24500,5.5,5.400000095367432,3.2689270973205566
17-07-1986,5.425000190734863,0.0,1000,5.449999809265137,5.425000190734863,3.284060478210449
18-07-1986,5.425000190734863,0.0,4500,5.5,5.5,3.3294618129730225
21-07-1986,5.349999904632568,0.0,26500,5.449999809265137,5.375,3.253792285919189
22-07-1986,5.400000095367432,0.0,2500,5.400000095367432,5.400000095367432,3.2689270973205566
23-07-1986,5.400000095367432,0.0,24500,5.525000095367432,5.525000095367432,3.3445968627929688
24-07-1986,5.449999809265137,0.0,24500,5.525000095367432,5.525000095367432,3.3445968627929688
25-07-1986,5.525000095367432,0.0,7000,5.574999809265137,5.525000095367432,3.3445968627929688
28-07-1986,5.349999904632568,0.0,10000,5.474999904632568,5.349999904632568,3.238658905029297
29-07-1986,5.349999904632568,0.0,5500,5.349999904632568,5.349999904632568,3.238658905029297
30-07-1986,5.349999904632568,0.0,4000,5.400000095367432,5.400000095367432,3.2689270973205566
31-07-1986,5.400000095367432,0.0,7000,5.449999809265137,5.449999809265137,3.299193859100342
01-08-1986,5.400000095367432,0.0,8000,5.449999809265137,5.449999809265137,3.299193859100342
04-08-1986,5.349999904632568,0.0,23500,5.400000095367432,5.349999904632568,3.238658905029297
05-08-1986,5.349999904632568,0.0,30000,5.425000190734863,5.375,3.253792285919189
06-08-1986,5.375,0.0,5500,5.449999809265137,5.425000190734863,3.284060478210449
07-08-1986,5.474999904632568,0.0,18500,5.525000095367432,5.525000095367432,3.3445968627929688
08-08-1986,5.5,0.0,8000,5.5,5.5,3.3294618129730225
11-08-1986,5.474999904632568,0.0,15000,5.525000095367432,5.5,3.3294618129730225
12-08-1986,5.5,0.0,5000,5.550000190734863,5.525000095367432,3.3445968627929688
13-08-1986,5.525000095367432,0.0,13000,5.599999904632568,5.550000190734863,3.359729766845703
14-08-1986,5.574999809265137,0.0,5500,5.599999904632568,5.574999809265137,3.374863147735596
15-08-1986,5.550000190734863,0.0,17000,5.650000095367432,5.650000095367432,3.42026686668396
18-08-1986,5.599999904632568,0.0,5500,5.650000095367432,5.599999904632568,3.3899965286254883
19-08-1986,5.599999904632568,0.0,6000,5.650000095367432,5.625,3.4051318168640137
20-08-1986,5.599999904632568,0.0,11500,5.650000095367432,5.650000095367432,3.42026686668396
21-08-1986,5.625,0.0,1000,5.650000095367432,5.625,3.4051318168640137
22-08-1986,5.574999809265137,0.0,3500,5.625,5.625,3.4051318168640137
25-08-1986,5.599999904632568,0.0,11000,5.625,5.625,3.4051318168640137
26-08-1986,5.599999904632568,0.0,6000,5.650000095367432,5.650000095367432,3.42026686668396
27-08-1986,5.599999904632568,0.0,3500,5.675000190734863,5.599999904632568,3.3899965286254883
28-08-1986,5.599999904632568,5.599999904632568,0,5.599999904632568,5.599999904632568,3.3899965286254883
29-08-1986,5.599999904632568,0.0,53500,5.625,5.599999904632568,3.3899965286254883
02-09-1986,5.599999904632568,5.599999904632568,0,5.599999904632568,5.599999904632568,3.3899965286254883
03-09-1986,5.574999809265137,0.0,28000,5.650000095367432,5.574999809265137,3.374863147735596
04-09-1986,5.574999809265137,0.0,9000,5.699999809265137,5.699999809265137,3.450533866882324
05-09-1986,5.650000095367432,0.0,8000,5.675000190734863,5.675000190734863,3.4354002475738525
08-09-1986,5.650000095367432,0.0,4500,5.75,5.75,3.480801105499268
09-09-1986,5.675000190734863,0.0,500,5.675000190734863,5.675000190734863,3.4354002475738525
10-09-1986,5.699999809265137,0.0,1000,5.699999809265137,5.699999809265137,3.450533866882324
11-09-1986,5.675000190734863,0.0,12000,5.699999809265137,5.675000190734863,3.4354002475738525
12-09-1986,5.599999904632568,0.0,55500,5.650000095367432,5.599999904632568,3.3899965286254883
15-09-1986,5.599999904632568,0.0,5000,5.599999904632568,5.599999904632568,3.3899965286254883
16-09-1986,5.599999904632568,0.0,13500,5.650000095367432,5.625,3.4051318168640137
17-09-1986,5.599999904632568,0.0,7500,5.599999904632568,5.599999904632568,3.3899965286254883
18-09-1986,5.599999904632568,0.0,27500,5.599999904632568,5.599999904632568,3.3899965286254883
19-09-1986,5.574999809265137,0.0,20500,5.625,5.625,3.4051318168640137
22-09-1986,5.574999809265137,0.0,8500,5.625,5.625,3.4051318168640137
23-09-1986,5.625,5.625,0,5.625,5.625,3.4051318168640137
24-09-1986,5.550000190734863,0.0,10000,5.599999904632568,5.550000190734863,3.359729766845703
25-09-1986,5.449999809265137,0.0,25000,5.550000190734863,5.449999809265137,3.299193859100342
26-09-1986,5.400000095367432,0.0,19000,5.474999904632568,5.400000095367432,3.2689270973205566
29-09-1986,5.400000095367432,5.400000095367432,0,5.400000095367432,5.400000095367432,3.2689270973205566
30-09-1986,5.349999904632568,0.0,7000,5.375,5.375,3.253792285919189
01-10-1986,5.375,5.375,0,5.375,5.375,3.253792285919189
02-10-1986,5.349999904632568,0.0,11000,5.400000095367432,5.349999904632568,3.238658905029297
03-10-1986,5.349999904632568,0.0,500,5.349999904632568,5.349999904632568,3.238658905029297
06-10-1986,5.349999904632568,0.0,1000,5.349999904632568,5.349999904632568,3.238658905029297
07-10-1986,5.349999904632568,0.0,8000,5.400000095367432,5.349999904632568,3.238658905029297
08-10-1986,5.324999809265137,0.0,4000,5.349999904632568,5.324999809265137,3.2235236167907715
09-10-1986,5.275000095367432,0.0,4500,5.349999904632568,5.275000095367432,3.1932566165924072
10-10-1986,5.25,0.0,3500,5.25,5.25,3.1781227588653564
13-10-1986,5.25,5.25,0,5.25,5.25,3.1781227588653564
14-10-1986,5.199999809265137,0.0,36500,5.275000095367432,5.199999809265137,3.1478545665740967
15-10-1986,5.150000095367432,0.0,33000,5.199999809265137,5.199999809265137,3.1478545665740967
16-10-1986,5.199999809265137,5.199999809265137,0,5.199999809265137,5.199999809265137,3.1478545665740967
17-10-1986,5.150000095367432,0.0,5500,5.199999809265137,5.175000190734863,3.132721185684204
20-10-1986,5.175000190734863,0.0,500,5.175000190734863,5.175000190734863,3.132721185684204
21-10-1986,5.150000095367432,0.0,8500,5.199999809265137,5.199999809265137,3.1478545665740967
22-10-1986,5.150000095367432,0.0,1000,5.150000095367432,5.150000095367432,3.11758804321289
23-10-1986,5.125,0.0,9500,5.175000190734863,5.175000190734863,3.132721185684204
24-10-1986,5.150000095367432,0.0,500,5.150000095367432,5.150000095367432,3.11758804321289
27-10-1986,5.125,0.0,500,5.125,5.125,3.1024529933929443
28-10-1986,5.099999904632568,0.0,10500,5.125,5.099999904632568,3.0873193740844727
29-10-1986,5.099999904632568,0.0,1500,5.099999904632568,5.099999904632568,3.0873193740844727
30-10-1986,5.099999904632568,0.0,9000,5.099999904632568,5.099999904632568,3.0873193740844727
31-10-1986,5.099999904632568,0.0,7000,5.199999809265137,5.125,3.1024529933929443
03-11-1986,5.099999904632568,0.0,3500,5.150000095367432,5.099999904632568,3.0873193740844727
04-11-1986,5.099999904632568,0.0,2500,5.150000095367432,5.099999904632568,3.0873193740844727
05-11-1986,5.150000095367432,0.0,4000,5.150000095367432,5.150000095367432,3.11758804321289
06-11-1986,5.074999809265137,0.0,54500,5.175000190734863,5.150000095367432,3.11758804321289
07-11-1986,5.099999904632568,0.0,109500,5.199999809265137,5.199999809265137,3.1478545665740967
10-11-1986,5.150000095367432,0.0,104000,5.199999809265137,5.175000190734863,3.132721185684204
11-11-1986,5.150000095367432,0.0,500,5.150000095367432,5.150000095367432,3.11758804321289
12-11-1986,5.150000095367432,0.0,1500,5.150000095367432,5.150000095367432,3.11758804321289
13-11-1986,5.125,0.0,3000,5.150000095367432,5.150000095367432,3.11758804321289
14-11-1986,5.150000095367432,5.150000095367432,0,5.150000095367432,5.150000095367432,3.11758804321289
17-11-1986,5.125,0.0,16500,5.175000190734863,5.125,3.1024529933929443
18-11-1986,5.175000190734863,0.0,9000,5.224999904632568,5.199999809265137,3.1478545665740967
19-11-1986,5.199999809265137,5.199999809265137,0,5.199999809265137,5.199999809265137,3.1478545665740967
20-11-1986,5.199999809265137,0.0,3000,5.199999809265137,5.199999809265137,3.1478545665740967
21-11-1986,5.125,0.0,17500,5.199999809265137,5.199999809265137,3.1478545665740967
24-11-1986,5.199999809265137,0.0,11000,5.25,5.199999809265137,3.1478545665740967
25-11-1986,5.150000095367432,0.0,14500,5.25,5.25,3.1781227588653564
26-11-1986,5.150000095367432,0.0,3000,5.199999809265137,5.150000095367432,3.11758804321289
28-11-1986,5.125,0.0,5000,5.125,5.125,3.1024529933929443
01-12-1986,5.125,0.0,1000,5.125,5.125,3.1024529933929443
02-12-1986,5.150000095367432,0.0,13000,5.275000095367432,5.275000095367432,3.1932566165924072
03-12-1986,5.199999809265137,0.0,130500,5.25,5.199999809265137,3.1478545665740967
04-12-1986,5.199999809265137,0.0,2500,5.199999809265137,5.199999809265137,3.1478545665740967
05-12-1986,5.150000095367432,0.0,8000,5.199999809265137,5.199999809265137,3.1478545665740967
08-12-1986,5.099999904632568,0.0,26000,5.150000095367432,5.150000095367432,3.11758804321289
09-12-1986,5.125,0.0,170000,5.199999809265137,5.125,3.1024529933929443
10-12-1986,5.125,0.0,10500,5.175000190734863,5.150000095367432,3.11758804321289
11-12-1986,5.099999904632568,0.0,193500,5.125,5.099999904632568,3.0873193740844727
12-12-1986,5.050000190734863,0.0,21000,5.125,5.050000190734863,3.0570521354675293
15-12-1986,5.0,0.0,33000,5.099999904632568,5.050000190734863,3.0570521354675293
16-12-1986,5.0,0.0,48500,5.050000190734863,5.050000190734863,3.0570521354675293
17-12-1986,5.0,0.0,20000,5.050000190734863,5.0,3.026783943176269
18-12-1986,5.0,0.0,13500,5.050000190734863,5.0,3.026783943176269
19-12-1986,5.0,0.0,58500,5.300000190734863,5.300000190734863,3.208391666412353
22-12-1986,5.099999904632568,0.0,24000,5.300000190734863,5.199999809265137,3.1478545665740967
23-12-1986,5.050000190734863,0.0,9500,5.150000095367432,5.050000190734863,3.0570521354675293
24-12-1986,5.025000095367432,0.0,12500,5.150000095367432,5.099999904632568,3.0873193740844727
26-12-1986,5.025000095367432,0.0,27000,5.074999809265137,5.025000095367432,3.041917562484741
29-12-1986,5.025000095367432,0.0,2500,5.025000095367432,5.025000095367432,3.041917562484741
30-12-1986,4.925000190734863,0.0,34500,5.025000095367432,4.925000190734863,2.9813826084136963
31-12-1986,4.824999809265137,0.0,39500,4.900000095367432,4.849999904632568,2.935980796813965
02-01-1987,4.900000095367432,0.0,8000,5.0,5.0,3.026783943176269
05-01-1987,4.949999809265137,0.0,31000,5.349999904632568,5.199999809265137,3.1478545665740967
06-01-1987,5.150000095367432,0.0,13000,5.25,5.199999809265137,3.1478545665740967
07-01-1987,5.074999809265137,0.0,4000,5.150000095367432,5.125,3.1024529933929443
08-01-1987,5.050000190734863,0.0,16000,5.099999904632568,5.099999904632568,3.0873193740844727
09-01-1987,5.099999904632568,0.0,3000,5.150000095367432,5.150000095367432,3.11758804321289
12-01-1987,5.074999809265137,0.0,17500,5.125,5.074999809265137,3.07218599319458
13-01-1987,5.0,0.0,247000,5.074999809265137,5.025000095367432,3.041917562484741
14-01-1987,5.074999809265137,0.0,34500,5.150000095367432,5.150000095367432,3.11758804321289
15-01-1987,5.150000095367432,0.0,15500,5.175000190734863,5.150000095367432,3.11758804321289
16-01-1987,5.150000095367432,0.0,31500,5.175000190734863,5.150000095367432,3.11758804321289
19-01-1987,5.150000095367432,0.0,10000,5.199999809265137,5.199999809265137,3.1478545665740967
20-01-1987,5.175000190734863,0.0,6500,5.199999809265137,5.175000190734863,3.132721185684204
21-01-1987,5.150000095367432,0.0,35500,5.199999809265137,5.150000095367432,3.11758804321289
22-01-1987,5.150000095367432,0.0,1500,5.150000095367432,5.150000095367432,3.11758804321289
23-01-1987,5.150000095367432,0.0,16000,5.175000190734863,5.150000095367432,3.11758804321289
26-01-1987,5.150000095367432,0.0,23000,5.150000095367432,5.150000095367432,3.11758804321289
27-01-1987,5.175000190734863,0.0,42000,5.199999809265137,5.199999809265137,3.1478545665740967
28-01-1987,5.199999809265137,0.0,2500,5.199999809265137,5.199999809265137,3.1478545665740967
29-01-1987,5.199999809265137,0.0,2500,5.199999809265137,5.199999809265137,3.1478545665740967
30-01-1987,5.150000095367432,0.0,23000,5.199999809265137,5.199999809265137,3.1478545665740967
02-02-1987,5.199999809265137,0.0,6000,5.25,5.25,3.1781227588653564
03-02-1987,5.199999809265137,0.0,24000,5.25,5.25,3.1781227588653564
04-02-1987,5.25,0.0,11500,5.349999904632568,5.349999904632568,3.238658905029297
05-02-1987,5.400000095367432,0.0,8500,5.449999809265137,5.449999809265137,3.299193859100342
06-02-1987,5.449999809265137,0.0,12500,5.550000190734863,5.5,3.3294618129730225
09-02-1987,5.400000095367432,0.0,10000,5.550000190734863,5.400000095367432,3.2689270973205566
10-02-1987,5.349999904632568,0.0,26000,5.425000190734863,5.349999904632568,3.238658905029297
11-02-1987,5.324999809265137,0.0,6000,5.349999904632568,5.349999904632568,3.238658905029297
12-02-1987,5.324999809265137,0.0,3000,5.349999904632568,5.324999809265137,3.2235236167907715
13-02-1987,5.300000190734863,0.0,38500,5.349999904632568,5.349999904632568,3.238658905029297
17-02-1987,5.300000190734863,0.0,23500,5.349999904632568,5.349999904632568,3.238658905029297
18-02-1987,5.324999809265137,0.0,11000,5.400000095367432,5.349999904632568,3.238658905029297
19-02-1987,5.400000095367432,0.0,3000,5.400000095367432,5.400000095367432,3.2689270973205566
20-02-1987,5.349999904632568,0.0,4000,5.400000095367432,5.400000095367432,3.2689270973205566
23-02-1987,5.5,0.0,15000,5.599999904632568,5.550000190734863,3.359729766845703
24-02-1987,5.449999809265137,0.0,4000,5.5,5.449999809265137,3.299193859100342
25-02-1987,5.449999809265137,5.449999809265137,0,5.449999809265137,5.449999809265137,3.299193859100342
26-02-1987,5.349999904632568,0.0,2000,5.375,5.349999904632568,3.2869069576263428
27-02-1987,5.349999904632568,0.0,11500,5.375,5.375,3.3022656440734863
02-03-1987,5.349999904632568,0.0,14500,5.400000095367432,5.349999904632568,3.2869069576263428
03-03-1987,5.349999904632568,0.0,5500,5.375,5.349999904632568,3.2869069576263428
04-03-1987,5.349999904632568,0.0,7000,5.400000095367432,5.400000095367432,3.317626476287842
05-03-1987,5.349999904632568,0.0,32000,5.400000095367432,5.349999904632568,3.2869069576263428
06-03-1987,5.349999904632568,0.0,3000,5.349999904632568,5.349999904632568,3.2869069576263428
09-03-1987,5.349999904632568,0.0,17500,5.375,5.349999904632568,3.2869069576263428
10-03-1987,5.349999904632568,0.0,7500,5.400000095367432,5.349999904632568,3.2869069576263428
11-03-1987,5.400000095367432,0.0,13500,5.5,5.5,3.37906265258789
12-03-1987,5.425000190734863,0.0,5000,5.449999809265137,5.425000190734863,3.3329854011535645
13-03-1987,5.425000190734863,0.0,1000,5.474999904632568,5.425000190734863,3.3329854011535645
16-03-1987,5.400000095367432,0.0,12500,5.449999809265137,5.425000190734863,3.3329854011535645
17-03-1987,5.425000190734863,0.0,6500,5.5,5.5,3.37906265258789
18-03-1987,5.550000190734863,0.0,18500,5.675000190734863,5.675000190734863,3.486578941345215
19-03-1987,5.599999904632568,0.0,7500,5.699999809265137,5.599999904632568,3.4404995441436768
20-03-1987,5.550000190734863,0.0,95000,5.699999809265137,5.699999809265137,3.501938819885254
23-03-1987,5.599999904632568,0.0,12500,5.75,5.699999809265137,3.501938819885254
24-03-1987,5.699999809265137,0.0,11500,5.800000190734863,5.800000190734863,3.563375473022461
25-03-1987,5.75,0.0,4500,5.800000190734863,5.800000190734863,3.563375473022461
26-03-1987,5.800000190734863,0.0,24500,6.0,6.0,3.6862504482269287
27-03-1987,5.900000095367432,0.0,6500,5.949999809265137,5.949999809265137,3.655531406402588
30-03-1987,5.75,0.0,26000,5.900000095367432,5.800000190734863,3.563375473022461
31-03-1987,5.800000190734863,0.0,1500,5.849999904632568,5.849999904632568,3.5940945148468018
01-04-1987,5.75,0.0,32000,5.800000190734863,5.800000190734863,3.563375473022461
02-04-1987,5.675000190734863,0.0,50500,5.900000095367432,5.675000190734863,3.486578941345215
03-04-1987,5.699999809265137,0.0,8000,5.75,5.75,3.5326573848724365
06-04-1987,5.699999809265137,0.0,6000,5.75,5.699999809265137,3.501938819885254
07-04-1987,5.650000095367432,0.0,7000,5.675000190734863,5.650000095367432,3.4712188243865967
08-04-1987,5.650000095367432,0.0,5500,5.650000095367432,5.650000095367432,3.4712188243865967
09-04-1987,5.550000190734863,0.0,24000,5.650000095367432,5.599999904632568,3.4404995441436768
10-04-1987,5.550000190734863,0.0,13000,5.550000190734863,5.550000190734863,3.409780979156494
13-04-1987,5.550000190734863,0.0,5000,5.650000095367432,5.599999904632568,3.4404995441436768
14-04-1987,5.550000190734863,0.0,20500,5.550000190734863,5.550000190734863,3.409780979156494
15-04-1987,5.550000190734863,0.0,32000,5.574999809265137,5.550000190734863,3.409780979156494
16-04-1987,5.525000095367432,0.0,24000,5.599999904632568,5.525000095367432,3.3944218158721924
20-04-1987,5.525000095367432,5.525000095367432,0,5.525000095367432,5.525000095367432,3.3944218158721924
21-04-1987,5.525000095367432,0.0,9500,5.550000190734863,5.525000095367432,3.3944218158721924
22-04-1987,5.525000095367432,0.0,31500,5.625,5.599999904632568,3.4404995441436768
23-04-1987,5.599999904632568,0.0,12000,5.599999904632568,5.599999904632568,3.4404995441436768
24-04-1987,5.625,0.0,11500,5.650000095367432,5.625,3.4558591842651367
27-04-1987,5.599999904632568,0.0,8000,5.625,5.599999904632568,3.4404995441436768
28-04-1987,5.650000095367432,0.0,2500,5.650000095367432,5.650000095367432,3.4712188243865967
29-04-1987,5.650000095367432,5.650000095367432,0,5.650000095367432,5.650000095367432,3.4712188243865967
30-04-1987,5.650000095367432,0.0,5000,5.699999809265137,5.699999809265137,3.501938819885254
01-05-1987,5.724999904632568,0.0,6000,5.724999904632568,5.724999904632568,3.5172970294952397
04-05-1987,5.75,0.0,30000,5.800000190734863,5.75,3.5326573848724365
05-05-1987,5.800000190734863,0.0,4000,5.849999904632568,5.849999904632568,3.5940945148468018
06-05-1987,6.0,0.0,40000,6.150000095367432,6.150000095367432,3.778406381607056
07-05-1987,6.150000095367432,0.0,27000,6.400000095367432,6.150000095367432,3.778406381607056
08-05-1987,6.175000190734863,0.0,18500,6.400000095367432,6.400000095367432,3.93200159072876
11-05-1987,6.400000095367432,0.0,36000,6.75,6.75,4.147031307220459
12-05-1987,6.650000095367432,0.0,11500,6.75,6.675000190734863,4.100954055786133
13-05-1987,6.599999904632568,0.0,7500,6.625,6.599999904632568,4.054875373840332
14-05-1987,6.599999904632568,0.0,1500,6.599999904632568,6.599999904632568,4.054875373840332
15-05-1987,6.449999809265137,0.0,13500,6.625,6.449999809265137,3.9627182483673096
18-05-1987,6.449999809265137,0.0,16500,6.5,6.5,3.9934372901916495
19-05-1987,6.449999809265137,0.0,8000,6.550000190734863,6.449999809265137,3.9627182483673096
20-05-1987,6.425000190734863,0.0,2500,6.449999809265137,6.425000190734863,3.947360038757324
21-05-1987,6.425000190734863,0.0,9500,6.574999809265137,6.574999809265137,4.039515495300293
22-05-1987,6.599999904632568,0.0,6000,6.699999809265137,6.699999809265137,4.116312503814697
26-05-1987,6.699999809265137,0.0,22000,6.949999809265137,6.949999809265137,4.269906044006348
27-05-1987,6.900000095367432,0.0,38000,7.099999904632568,7.099999904632568,4.362063407897949
28-05-1987,7.150000095367432,0.0,37000,7.449999809265137,7.324999809265137,4.500297546386719
29-05-1987,7.199999809265137,0.0,29500,7.324999809265137,7.199999809265137,4.423500061035156
01-06-1987,7.199999809265137,0.0,3500,7.199999809265137,7.199999809265137,4.423500061035156
02-06-1987,7.150000095367432,0.0,11500,7.199999809265137,7.199999809265137,4.423500061035156
03-06-1987,7.125,0.0,4500,7.175000190734863,7.175000190734863,4.408141136169434
04-06-1987,7.099999904632568,0.0,4500,7.150000095367432,7.150000095367432,4.392782211303711
05-06-1987,7.125,0.0,7500,7.175000190734863,7.175000190734863,4.408141136169434
08-06-1987,7.099999904632568,0.0,11500,7.199999809265137,7.150000095367432,4.392782211303711
09-06-1987,7.025000095367432,0.0,9000,7.150000095367432,7.025000095367432,4.315985679626465
10-06-1987,7.025000095367432,0.0,9500,7.099999904632568,7.025000095367432,4.315985679626465
11-06-1987,7.0,0.0,4500,7.050000190734863,7.025000095367432,4.315985679626465
12-06-1987,7.0,0.0,4000,7.050000190734863,7.050000190734863,4.331344604492188
15-06-1987,7.0,0.0,9500,7.099999904632568,7.0,4.300624847412109
16-06-1987,6.949999809265137,0.0,6000,7.0,7.0,4.300624847412109
17-06-1987,6.949999809265137,0.0,1500,6.949999809265137,6.949999809265137,4.269906044006348
18-06-1987,6.925000190734863,0.0,4000,6.974999904632568,6.974999904632568,4.285267353057861
19-06-1987,6.925000190734863,0.0,41000,7.050000190734863,6.974999904632568,4.285267353057861
22-06-1987,6.900000095367432,0.0,8500,6.949999809265137,6.949999809265137,4.269906044006348
23-06-1987,6.900000095367432,0.0,2500,6.900000095367432,6.900000095367432,4.2391886711120605
24-06-1987,6.849999904632568,0.0,1500,6.849999904632568,6.849999904632568,4.208468437194824
25-06-1987,6.849999904632568,0.0,2500,6.849999904632568,6.849999904632568,4.208468437194824
26-06-1987,6.849999904632568,6.849999904632568,0,6.849999904632568,6.849999904632568,4.208468437194824
29-06-1987,6.824999809265137,0.0,6500,6.824999809265137,6.824999809265137,4.193109512329102
30-06-1987,6.800000190734863,0.0,3000,6.849999904632568,6.849999904632568,4.208468437194824
01-07-1987,6.775000095367432,0.0,2000,6.800000190734863,6.775000095367432,4.162391185760498
02-07-1987,6.800000190734863,0.0,2500,6.800000190734863,6.800000190734863,4.177749633789063
06-07-1987,6.824999809265137,0.0,6500,6.875,6.824999809265137,4.193109512329102
07-07-1987,6.75,0.0,10000,6.800000190734863,6.75,4.147031307220459
08-07-1987,6.699999809265137,0.0,16000,6.724999904632568,6.724999904632568,4.131672382354736
09-07-1987,6.699999809265137,0.0,12500,6.800000190734863,6.775000095367432,4.162391185760498
10-07-1987,6.800000190734863,0.0,3000,6.800000190734863,6.800000190734863,4.177749633789063
13-07-1987,6.775000095367432,0.0,2500,6.800000190734863,6.775000095367432,4.162391185760498
14-07-1987,6.775000095367432,6.775000095367432,0,6.775000095367432,6.775000095367432,4.162391185760498
15-07-1987,6.775000095367432,6.775000095367432,0,6.775000095367432,6.775000095367432,4.162391185760498
16-07-1987,6.699999809265137,0.0,22500,6.75,6.75,4.147031307220459
17-07-1987,6.699999809265137,0.0,13000,6.724999904632568,6.724999904632568,4.131672382354736
20-07-1987,6.724999904632568,0.0,68000,6.775000095367432,6.75,4.147031307220459
21-07-1987,6.724999904632568,0.0,4000,6.724999904632568,6.724999904632568,4.131672382354736
22-07-1987,6.724999904632568,0.0,2000,6.75,6.75,4.147031307220459
23-07-1987,6.699999809265137,0.0,9500,6.75,6.75,4.147031307220459
24-07-1987,6.724999904632568,0.0,3500,6.800000190734863,6.800000190734863,4.177749633789063
27-07-1987,6.800000190734863,0.0,7500,6.800000190734863,6.800000190734863,4.177749633789063
28-07-1987,6.800000190734863,0.0,7000,6.849999904632568,6.849999904632568,4.208468437194824
29-07-1987,6.800000190734863,0.0,23000,6.824999809265137,6.800000190734863,4.177749633789063
30-07-1987,6.800000190734863,0.0,4000,6.800000190734863,6.800000190734863,4.177749633789063
31-07-1987,6.800000190734863,0.0,23000,6.849999904632568,6.800000190734863,4.177749633789063
03-08-1987,6.800000190734863,0.0,24000,6.900000095367432,6.900000095367432,4.2391886711120605
04-08-1987,6.849999904632568,0.0,2500,6.849999904632568,6.849999904632568,4.208468437194824
05-08-1987,6.75,0.0,25500,6.800000190734863,6.800000190734863,4.177749633789063
06-08-1987,6.849999904632568,0.0,4000,6.849999904632568,6.849999904632568,4.208468437194824
07-08-1987,6.775000095367432,0.0,14000,6.900000095367432,6.849999904632568,4.208468437194824
10-08-1987,6.849999904632568,0.0,8000,6.900000095367432,6.900000095367432,4.2391886711120605
11-08-1987,6.900000095367432,0.0,7500,6.949999809265137,6.900000095367432,4.2391886711120605
12-08-1987,6.900000095367432,0.0,13000,6.925000190734863,6.900000095367432,4.2391886711120605
13-08-1987,6.849999904632568,0.0,6500,6.849999904632568,6.849999904632568,4.208468437194824
14-08-1987,6.900000095367432,0.0,500,6.900000095367432,6.900000095367432,4.2391886711120605
17-08-1987,6.824999809265137,0.0,5500,6.875,6.849999904632568,4.208468437194824
18-08-1987,6.775000095367432,0.0,6500,6.800000190734863,6.775000095367432,4.162391185760498
19-08-1987,6.800000190734863,0.0,3000,6.800000190734863,6.800000190734863,4.177749633789063
20-08-1987,6.800000190734863,6.800000190734863,0,6.800000190734863,6.800000190734863,4.177749633789063
21-08-1987,6.800000190734863,0.0,6500,6.849999904632568,6.800000190734863,4.177749633789063
24-08-1987,6.800000190734863,6.800000190734863,0,6.800000190734863,6.800000190734863,4.177749633789063
25-08-1987,6.75,0.0,500,6.75,6.75,4.147031307220459
26-08-1987,6.75,0.0,7500,6.75,6.75,4.147031307220459
27-08-1987,6.699999809265137,0.0,5000,6.699999809265137,6.699999809265137,4.116312503814697
28-08-1987,6.650000095367432,0.0,4000,6.699999809265137,6.650000095367432,4.085593700408936
31-08-1987,6.650000095367432,0.0,1000,6.650000095367432,6.650000095367432,4.085593700408936
01-09-1987,6.599999904632568,0.0,9000,6.599999904632568,6.599999904632568,4.054875373840332
02-09-1987,6.525000095367432,0.0,13500,6.574999809265137,6.525000095367432,4.008796691894531
03-09-1987,6.5,0.0,3500,6.525000095367432,6.525000095367432,4.008796691894531
04-09-1987,6.349999904632568,0.0,19500,6.5,6.400000095367432,3.93200159072876
08-09-1987,6.050000190734863,0.0,28000,6.349999904632568,6.050000190734863,3.7169694900512695
09-09-1987,6.0,0.0,9000,6.0,6.0,3.6862504482269287
10-09-1987,6.0,0.0,6500,6.0,6.0,3.6862504482269287
11-09-1987,6.025000095367432,0.0,16500,6.099999904632568,6.050000190734863,3.7169694900512695
14-09-1987,6.099999904632568,0.0,3500,6.099999904632568,6.099999904632568,3.7476885318756095
15-09-1987,6.099999904632568,6.099999904632568,0,6.099999904632568,6.099999904632568,3.7476885318756095
16-09-1987,6.099999904632568,0.0,4000,6.099999904632568,6.099999904632568,3.7476885318756095
17-09-1987,6.099999904632568,0.0,5000,6.099999904632568,6.099999904632568,3.7476885318756095
18-09-1987,6.074999809265137,0.0,2500,6.074999809265137,6.074999809265137,3.732328176498413
21-09-1987,6.050000190734863,0.0,3000,6.050000190734863,6.050000190734863,3.7169694900512695
22-09-1987,6.0,0.0,3000,6.050000190734863,6.050000190734863,3.7169694900512695
23-09-1987,6.199999809265137,0.0,15000,6.199999809265137,6.199999809265137,3.809124708175659
24-09-1987,6.25,0.0,500,6.25,6.25,3.839844942092896
25-09-1987,6.25,0.0,31500,6.25,6.25,3.839844942092896
28-09-1987,6.349999904632568,0.0,3500,6.349999904632568,6.349999904632568,3.901281356811523
29-09-1987,6.300000190734863,0.0,7500,6.300000190734863,6.300000190734863,3.870563268661499
30-09-1987,6.300000190734863,0.0,6000,6.300000190734863,6.300000190734863,3.870563268661499
01-10-1987,6.300000190734863,0.0,5000,6.300000190734863,6.300000190734863,3.870563268661499
02-10-1987,6.300000190734863,0.0,6000,6.300000190734863,6.300000190734863,3.870563268661499
05-10-1987,6.300000190734863,0.0,4000,6.300000190734863,6.300000190734863,3.870563268661499
06-10-1987,6.300000190734863,0.0,4500,6.349999904632568,6.324999809265137,3.885922431945801
07-10-1987,6.300000190734863,0.0,7500,6.300000190734863,6.300000190734863,3.870563268661499
08-10-1987,6.300000190734863,0.0,2000,6.324999809265137,6.324999809265137,3.885922431945801
09-10-1987,6.300000190734863,0.0,4000,6.300000190734863,6.300000190734863,3.870563268661499
12-10-1987,6.25,0.0,22000,6.300000190734863,6.25,3.839844942092896
13-10-1987,6.25,0.0,5500,6.25,6.25,3.839844942092896
14-10-1987,6.150000095367432,0.0,6500,6.199999809265137,6.150000095367432,3.778406381607056
15-10-1987,6.050000190734863,0.0,4500,6.099999904632568,6.050000190734863,3.7169694900512695
16-10-1987,5.800000190734863,0.0,12500,6.050000190734863,5.800000190734863,3.563375473022461
19-10-1987,5.699999809265137,0.0,72500,5.775000095367432,5.699999809265137,3.501938819885254
20-10-1987,5.550000190734863,0.0,59500,5.675000190734863,5.650000095367432,3.4712188243865967
21-10-1987,5.525000095367432,0.0,42000,5.699999809265137,5.525000095367432,3.3944218158721924
22-10-1987,5.375,0.0,47000,5.5,5.375,3.3022656440734863
23-10-1987,4.699999809265137,0.0,85500,5.25,5.125,3.148672342300415
26-10-1987,4.800000190734863,0.0,26500,5.074999809265137,4.800000190734863,2.949000835418701
27-10-1987,4.599999904632568,0.0,15000,4.775000095367432,4.699999809265137,2.8875632286071777
28-10-1987,4.599999904632568,0.0,13000,4.650000095367432,4.599999904632568,2.826125383377075
29-10-1987,4.574999809265137,0.0,25000,4.699999809265137,4.699999809265137,2.8875632286071777
30-10-1987,4.775000095367432,0.0,12000,4.900000095367432,4.900000095367432,3.0104384422302246
02-11-1987,4.824999809265137,0.0,6500,5.0,5.0,3.071875095367432
03-11-1987,4.949999809265137,0.0,8000,5.050000190734863,5.0,3.071875095367432
04-11-1987,5.0,5.0,0,5.0,5.0,3.071875095367432
05-11-1987,4.949999809265137,0.0,15000,5.0,5.0,3.071875095367432
06-11-1987,5.0,0.0,1500,5.050000190734863,5.050000190734863,3.1025936603546143
09-11-1987,4.974999904632568,0.0,5000,5.0,4.974999904632568,3.056516408920288
10-11-1987,4.949999809265137,0.0,12500,4.974999904632568,4.949999809265137,3.041156530380249
11-11-1987,4.949999809265137,0.0,50000,4.949999809265137,4.949999809265137,3.041156530380249
12-11-1987,5.0,0.0,6000,5.0,5.0,3.071875095367432
13-11-1987,5.050000190734863,0.0,500,5.050000190734863,5.050000190734863,3.1025936603546143
16-11-1987,4.949999809265137,0.0,21000,4.974999904632568,4.949999809265137,3.041156530380249
17-11-1987,4.949999809265137,0.0,1000,4.949999809265137,4.949999809265137,3.041156530380249
18-11-1987,4.949999809265137,0.0,7500,4.949999809265137,4.949999809265137,3.041156530380249
19-11-1987,5.0,0.0,4000,5.099999904632568,5.099999904632568,3.1333134174346924
20-11-1987,5.0,0.0,18000,5.099999904632568,5.0,3.071875095367432
23-11-1987,4.949999809265137,0.0,39500,5.074999809265137,5.0,3.071875095367432
24-11-1987,5.0,0.0,5000,5.0,5.0,3.071875095367432
25-11-1987,5.0,0.0,6500,5.0,5.0,3.071875095367432
27-11-1987,5.0,0.0,2000,5.0,5.0,3.071875095367432
30-11-1987,4.949999809265137,0.0,26000,5.0,4.949999809265137,3.041156530380249
01-12-1987,4.949999809265137,0.0,25000,4.949999809265137,4.949999809265137,3.041156530380249
02-12-1987,4.949999809265137,0.0,9000,5.0,5.0,3.071875095367432
03-12-1987,4.949999809265137,0.0,18500,4.949999809265137,4.949999809265137,3.041156530380249
04-12-1987,4.949999809265137,0.0,2500,4.949999809265137,4.949999809265137,3.041156530380249
07-12-1987,5.0,0.0,1500,5.0,5.0,3.071875095367432
08-12-1987,5.0,0.0,6000,5.050000190734863,5.050000190734863,3.1025936603546143
09-12-1987,4.949999809265137,0.0,8500,5.150000095367432,5.150000095367432,3.164031505584717
10-12-1987,5.125,0.0,3500,5.224999904632568,5.150000095367432,3.164031505584717
11-12-1987,4.974999904632568,0.0,10000,5.0,4.974999904632568,3.056516408920288
14-12-1987,5.0,0.0,4000,5.050000190734863,5.050000190734863,3.1025936603546143
15-12-1987,5.050000190734863,0.0,500,5.050000190734863,5.050000190734863,3.1025936603546143
16-12-1987,5.050000190734863,0.0,2500,5.050000190734863,5.050000190734863,3.1025936603546143
17-12-1987,5.050000190734863,0.0,8000,5.050000190734863,5.050000190734863,3.1025936603546143
18-12-1987,5.099999904632568,0.0,13500,5.199999809265137,5.199999809265137,3.194751262664795
21-12-1987,5.0,0.0,14500,5.099999904632568,5.0,3.071875095367432
22-12-1987,5.0,0.0,8500,5.050000190734863,5.0,3.071875095367432
23-12-1987,5.0,0.0,3500,5.050000190734863,5.050000190734863,3.1025936603546143
24-12-1987,5.050000190734863,0.0,2500,5.050000190734863,5.050000190734863,3.1025936603546143
28-12-1987,4.974999904632568,0.0,22000,5.050000190734863,4.974999904632568,3.056516408920288
29-12-1987,4.949999809265137,0.0,2500,4.949999809265137,4.949999809265137,3.041156530380249
30-12-1987,4.949999809265137,4.949999809265137,0,4.949999809265137,4.949999809265137,3.041156530380249
31-12-1987,4.949999809265137,4.949999809265137,1000,4.949999809265137,4.949999809265137,3.041156530380249
04-01-1988,5.0,5.0,28500,5.0,5.0,3.071875095367432
05-01-1988,5.0,5.0,2000,5.0,5.0,3.071875095367432
06-01-1988,5.0,5.0,0,5.0,5.0,3.071875095367432
07-01-1988,5.0,5.0,0,5.0,5.0,3.071875095367432
08-01-1988,5.025000095367432,5.025000095367432,4000,5.025000095367432,5.025000095367432,3.0872349739074707
11-01-1988,5.0,5.0,5000,5.0,5.0,3.071875095367432
12-01-1988,5.0,5.0,3500,5.0,5.0,3.071875095367432
13-01-1988,5.025000095367432,5.025000095367432,2500,5.025000095367432,5.025000095367432,3.0872349739074707
14-01-1988,5.050000190734863,5.050000190734863,2000,5.050000190734863,5.050000190734863,3.1025936603546143
15-01-1988,5.099999904632568,5.099999904632568,1500,5.099999904632568,5.099999904632568,3.1333134174346924
18-01-1988,5.050000190734863,5.074999809265137,3000,5.074999809265137,5.050000190734863,3.1025936603546143
19-01-1988,5.074999809265137,5.074999809265137,25000,5.074999809265137,5.074999809265137,3.1179537773132324
20-01-1988,5.074999809265137,5.074999809265137,2000,5.074999809265137,5.074999809265137,3.1179537773132324
21-01-1988,5.074999809265137,5.074999809265137,0,5.074999809265137,5.074999809265137,3.1179537773132324
22-01-1988,5.125,5.125,3500,5.125,5.125,3.148672342300415
25-01-1988,5.150000095367432,5.150000095367432,5000,5.150000095367432,5.150000095367432,3.164031505584717
26-01-1988,5.150000095367432,5.150000095367432,22000,5.199999809265137,5.199999809265137,3.194751262664795
27-01-1988,5.25,5.25,5500,5.349999904632568,5.349999904632568,3.2869069576263428
28-01-1988,5.400000095367432,5.400000095367432,11000,5.5,5.5,3.37906265258789
29-01-1988,5.550000190734863,5.550000190734863,7000,5.599999904632568,5.599999904632568,3.4404995441436768
01-02-1988,5.574999809265137,5.574999809265137,18000,5.625,5.574999809265137,3.425140857696533
02-02-1988,5.550000190734863,5.550000190734863,2500,5.550000190734863,5.550000190734863,3.409780979156494
03-02-1988,5.574999809265137,5.574999809265137,500,5.574999809265137,5.574999809265137,3.425140857696533
04-02-1988,5.550000190734863,5.599999904632568,10500,5.599999904632568,5.550000190734863,3.409780979156494
05-02-1988,5.574999809265137,5.574999809265137,3000,5.574999809265137,5.574999809265137,3.425140857696533
08-02-1988,5.550000190734863,5.550000190734863,2000,5.550000190734863,5.550000190734863,3.409780979156494
09-02-1988,5.525000095367432,5.525000095367432,4500,5.550000190734863,5.550000190734863,3.409780979156494
10-02-1988,5.550000190734863,5.550000190734863,2500,5.574999809265137,5.574999809265137,3.425140857696533
11-02-1988,5.599999904632568,5.599999904632568,3000,5.599999904632568,5.599999904632568,3.4404995441436768
12-02-1988,5.625,5.625,6000,5.625,5.625,3.4558591842651367
16-02-1988,5.599999904632568,5.599999904632568,1500,5.599999904632568,5.599999904632568,3.4404995441436768
17-02-1988,5.599999904632568,5.599999904632568,3000,5.599999904632568,5.599999904632568,3.4404995441436768
18-02-1988,5.550000190734863,5.599999904632568,6000,5.599999904632568,5.550000190734863,3.409780979156494
19-02-1988,5.525000095367432,5.525000095367432,1000,5.525000095367432,5.525000095367432,3.3944218158721924
22-02-1988,5.5,5.5,3500,5.574999809265137,5.574999809265137,3.425140857696533
23-02-1988,5.574999809265137,5.574999809265137,0,5.574999809265137,5.574999809265137,3.425140857696533
24-02-1988,5.5,5.525000095367432,7000,5.525000095367432,5.5,3.37906265258789
25-02-1988,5.449999809265137,5.474999904632568,16000,5.474999904632568,5.449999809265137,3.348344564437866
26-02-1988,5.5,5.5,9500,5.5,5.5,3.37906265258789
29-02-1988,5.5,5.5,6000,5.599999904632568,5.599999904632568,3.4404995441436768
01-03-1988,5.5,5.5,1000,5.5,5.5,3.428034782409668
02-03-1988,5.550000190734863,5.550000190734863,5000,5.550000190734863,5.550000190734863,3.4591987133026123
03-03-1988,5.525000095367432,5.525000095367432,4000,5.525000095367432,5.525000095367432,3.4436163902282715
04-03-1988,5.5,5.525000095367432,7000,5.525000095367432,5.5,3.428034782409668
07-03-1988,5.474999904632568,5.474999904632568,2000,5.5,5.5,3.428034782409668
08-03-1988,5.550000190734863,5.550000190734863,4000,5.550000190734863,5.550000190734863,3.4591987133026123
09-03-1988,5.5,5.5,12500,5.650000095367432,5.650000095367432,3.521527051925659
10-03-1988,5.699999809265137,5.699999809265137,9000,5.75,5.699999809265137,3.55269193649292
11-03-1988,5.75,5.75,4000,5.800000190734863,5.800000190734863,3.6150193214416495
14-03-1988,5.775000095367432,5.775000095367432,17000,5.775000095367432,5.775000095367432,3.599437952041626
15-03-1988,5.775000095367432,5.800000190734863,2500,5.800000190734863,5.775000095367432,3.599437952041626
16-03-1988,5.75,5.75,5000,5.775000095367432,5.775000095367432,3.599437952041626
17-03-1988,5.75,5.75,3000,5.75,5.75,3.583855390548706
18-03-1988,5.75,5.75,1000,5.75,5.75,3.583855390548706
21-03-1988,5.75,5.75,0,5.75,5.75,3.583855390548706
22-03-1988,5.75,5.800000190734863,6500,5.800000190734863,5.75,3.583855390548706
23-03-1988,5.75,5.75,63000,5.775000095367432,5.775000095367432,3.599437952041626
24-03-1988,5.75,5.775000095367432,64500,5.775000095367432,5.75,3.583855390548706
25-03-1988,5.75,5.75,17500,5.75,5.75,3.583855390548706
28-03-1988,5.699999809265137,5.699999809265137,29000,5.75,5.75,3.583855390548706
29-03-1988,5.800000190734863,5.800000190734863,500,5.800000190734863,5.800000190734863,3.6150193214416495
30-03-1988,5.800000190734863,5.800000190734863,0,5.800000190734863,5.800000190734863,3.6150193214416495
31-03-1988,5.800000190734863,5.800000190734863,17500,5.849999904632568,5.849999904632568,3.6461822986602783
04-04-1988,5.800000190734863,5.800000190734863,0,5.800000190734863,5.800000190734863,3.6150193214416495
05-04-1988,5.849999904632568,5.900000095367432,3000,5.900000095367432,5.849999904632568,3.6461822986602783
06-04-1988,5.849999904632568,5.849999904632568,1000,5.849999904632568,5.849999904632568,3.6461822986602783
07-04-1988,5.824999809265137,5.824999809265137,7500,5.900000095367432,5.849999904632568,3.6461822986602783
08-04-1988,5.849999904632568,5.849999904632568,9000,5.900000095367432,5.900000095367432,3.677346229553223
11-04-1988,5.875,5.875,5500,5.875,5.875,3.661762952804565
12-04-1988,5.875,5.900000095367432,1500,5.900000095367432,5.875,3.661762952804565
13-04-1988,5.875,5.875,4000,5.875,5.875,3.661762952804565
14-04-1988,5.875,5.900000095367432,11000,5.900000095367432,5.875,3.661762952804565
15-04-1988,5.875,5.875,8500,5.900000095367432,5.875,3.661762952804565
18-04-1988,5.875,5.875,18000,5.900000095367432,5.875,3.661762952804565
19-04-1988,5.900000095367432,5.900000095367432,6000,5.900000095367432,5.900000095367432,3.677346229553223
20-04-1988,5.900000095367432,5.900000095367432,1500,5.900000095367432,5.900000095367432,3.677346229553223
21-04-1988,5.900000095367432,5.900000095367432,4000,5.900000095367432,5.900000095367432,3.677346229553223
22-04-1988,5.900000095367432,5.900000095367432,1500,5.925000190734863,5.925000190734863,3.692928791046143
25-04-1988,5.875,5.900000095367432,39500,5.925000190734863,5.875,3.661762952804565
26-04-1988,5.875,5.875,0,5.875,5.875,3.661762952804565
27-04-1988,5.875,5.875,2500,5.900000095367432,5.900000095367432,3.677346229553223
28-04-1988,5.900000095367432,5.900000095367432,0,5.900000095367432,5.900000095367432,3.677346229553223
29-04-1988,5.875,5.900000095367432,21500,5.900000095367432,5.875,3.661762952804565
02-05-1988,5.875,5.875,25000,5.875,5.875,3.661762952804565
03-05-1988,5.875,5.875,7500,5.875,5.875,3.661762952804565
04-05-1988,5.875,5.875,2500,5.875,5.875,3.661762952804565
05-05-1988,5.875,5.875,7500,5.925000190734863,5.925000190734863,3.692928791046143
06-05-1988,5.925000190734863,5.925000190734863,1000,5.925000190734863,5.925000190734863,3.692928791046143
09-05-1988,5.900000095367432,5.900000095367432,3000,5.900000095367432,5.900000095367432,3.677346229553223
10-05-1988,5.900000095367432,5.900000095367432,14000,5.925000190734863,5.900000095367432,3.677346229553223
11-05-1988,5.900000095367432,5.900000095367432,2000,5.900000095367432,5.900000095367432,3.677346229553223
12-05-1988,5.900000095367432,5.900000095367432,2500,5.900000095367432,5.900000095367432,3.677346229553223
13-05-1988,5.900000095367432,5.900000095367432,9500,5.900000095367432,5.900000095367432,3.677346229553223
16-05-1988,5.875,5.875,8500,5.925000190734863,5.925000190734863,3.692928791046143
17-05-1988,5.925000190734863,5.925000190734863,0,5.925000190734863,5.925000190734863,3.692928791046143
18-05-1988,5.925000190734863,5.925000190734863,15000,5.925000190734863,5.925000190734863,3.692928791046143
19-05-1988,5.925000190734863,5.925000190734863,20000,5.925000190734863,5.925000190734863,3.692928791046143
20-05-1988,5.900000095367432,5.900000095367432,7500,5.900000095367432,5.900000095367432,3.677346229553223
23-05-1988,5.900000095367432,5.900000095367432,23000,5.900000095367432,5.900000095367432,3.677346229553223
24-05-1988,5.875,5.875,8000,5.875,5.875,3.661762952804565
25-05-1988,5.900000095367432,5.900000095367432,9000,5.900000095367432,5.900000095367432,3.677346229553223
26-05-1988,5.900000095367432,5.900000095367432,500,5.900000095367432,5.900000095367432,3.677346229553223
27-05-1988,5.900000095367432,5.900000095367432,0,5.900000095367432,5.900000095367432,3.677346229553223
31-05-1988,5.900000095367432,5.900000095367432,1500,5.900000095367432,5.900000095367432,3.677346229553223
01-06-1988,5.949999809265137,5.949999809265137,3500,6.025000095367432,6.0,3.7396740913391113
02-06-1988,5.925000190734863,5.949999809265137,51500,5.949999809265137,5.925000190734863,3.692928791046143
03-06-1988,5.925000190734863,5.925000190734863,7000,6.0,6.0,3.7396740913391113
06-06-1988,6.0,6.0,7000,6.0,6.0,3.7396740913391113
07-06-1988,6.0,6.0,0,6.0,6.0,3.7396740913391113
08-06-1988,6.0,6.0,0,6.0,6.0,3.7396740913391113
09-06-1988,6.025000095367432,6.025000095367432,2500,6.025000095367432,6.025000095367432,3.755257368087769
10-06-1988,6.025000095367432,6.025000095367432,2000,6.074999809265137,6.025000095367432,3.755257368087769
13-06-1988,6.025000095367432,6.025000095367432,0,6.025000095367432,6.025000095367432,3.755257368087769
14-06-1988,6.025000095367432,6.025000095367432,4500,6.025000095367432,6.025000095367432,3.755257368087769
15-06-1988,6.0,6.0,5500,6.0,6.0,3.7396740913391113
16-06-1988,6.0,6.0,4000,6.0,6.0,3.7396740913391113
17-06-1988,6.0,6.0,9500,6.0,6.0,3.7396740913391113
20-06-1988,6.0,6.0,3500,6.0,6.0,3.7396740913391113
21-06-1988,6.025000095367432,6.025000095367432,2500,6.025000095367432,6.025000095367432,3.755257368087769
22-06-1988,6.074999809265137,6.074999809265137,2500,6.074999809265137,6.074999809265137,3.7864201068878174
23-06-1988,6.050000190734863,6.074999809265137,6000,6.099999904632568,6.099999904632568,3.802002668380737
24-06-1988,6.074999809265137,6.099999904632568,4000,6.125,6.099999904632568,3.802002668380737
27-06-1988,6.099999904632568,6.099999904632568,5000,6.175000190734863,6.175000190734863,3.8487472534179688
28-06-1988,6.175000190734863,6.175000190734863,0,6.175000190734863,6.175000190734863,3.8487472534179688
29-06-1988,6.099999904632568,6.125,1500,6.125,6.099999904632568,3.802002668380737
30-06-1988,6.099999904632568,6.099999904632568,0,6.099999904632568,6.099999904632568,3.802002668380737
01-07-1988,6.025000095367432,6.025000095367432,15000,6.025000095367432,6.025000095367432,3.755257368087769
05-07-1988,6.025000095367432,6.025000095367432,8500,6.025000095367432,6.025000095367432,3.755257368087769
06-07-1988,6.050000190734863,6.050000190734863,1500,6.050000190734863,6.050000190734863,3.770838737487793
07-07-1988,6.050000190734863,6.050000190734863,0,6.050000190734863,6.050000190734863,3.770838737487793
08-07-1988,6.050000190734863,6.050000190734863,0,6.050000190734863,6.050000190734863,3.770838737487793
11-07-1988,6.025000095367432,6.050000190734863,8000,6.050000190734863,6.050000190734863,3.770838737487793
12-07-1988,6.074999809265137,6.074999809265137,2500,6.125,6.125,3.8175840377807617
13-07-1988,6.074999809265137,6.074999809265137,4500,6.074999809265137,6.074999809265137,3.7864201068878174
14-07-1988,6.050000190734863,6.074999809265137,7000,6.099999904632568,6.099999904632568,3.802002668380737
15-07-1988,6.099999904632568,6.099999904632568,3000,6.099999904632568,6.099999904632568,3.802002668380737
18-07-1988,6.150000095367432,6.150000095367432,500,6.150000095367432,6.150000095367432,3.83316707611084
19-07-1988,6.125,6.175000190734863,1500,6.175000190734863,6.125,3.8175840377807617
20-07-1988,6.125,6.125,5500,6.175000190734863,6.175000190734863,3.8487472534179688
21-07-1988,6.175000190734863,6.175000190734863,500,6.175000190734863,6.175000190734863,3.8487472534179688
22-07-1988,6.175000190734863,6.175000190734863,0,6.175000190734863,6.175000190734863,3.8487472534179688
25-07-1988,6.175000190734863,6.175000190734863,12500,6.175000190734863,6.175000190734863,3.8487472534179688
26-07-1988,6.199999809265137,6.199999809265137,1000,6.199999809265137,6.199999809265137,3.864330291748047
27-07-1988,6.150000095367432,6.199999809265137,5000,6.199999809265137,6.150000095367432,3.83316707611084
28-07-1988,6.050000190734863,6.099999904632568,42500,6.099999904632568,6.050000190734863,3.770838737487793
29-07-1988,6.050000190734863,6.050000190734863,0,6.050000190734863,6.050000190734863,3.770838737487793
01-08-1988,6.050000190734863,6.050000190734863,2000,6.050000190734863,6.050000190734863,3.770838737487793
02-08-1988,6.050000190734863,6.050000190734863,6000,6.050000190734863,6.050000190734863,3.770838737487793
03-08-1988,6.0,6.025000095367432,6500,6.025000095367432,6.0,3.7396740913391113
04-08-1988,6.0,6.0,1000,6.0,6.0,3.7396740913391113
05-08-1988,6.0,6.0,16000,6.025000095367432,6.025000095367432,3.755257368087769
08-08-1988,6.025000095367432,6.025000095367432,0,6.025000095367432,6.025000095367432,3.755257368087769
09-08-1988,6.025000095367432,6.025000095367432,5500,6.025000095367432,6.025000095367432,3.755257368087769
10-08-1988,6.025000095367432,6.025000095367432,3000,6.025000095367432,6.025000095367432,3.755257368087769
11-08-1988,6.025000095367432,6.025000095367432,2000,6.025000095367432,6.025000095367432,3.755257368087769
12-08-1988,6.025000095367432,6.025000095367432,1500,6.025000095367432,6.025000095367432,3.755257368087769
15-08-1988,6.025000095367432,6.025000095367432,2500,6.025000095367432,6.025000095367432,3.755257368087769
16-08-1988,6.025000095367432,6.025000095367432,500,6.025000095367432,6.025000095367432,3.755257368087769
17-08-1988,6.025000095367432,6.025000095367432,17500,6.025000095367432,6.025000095367432,3.755257368087769
18-08-1988,6.025000095367432,6.025000095367432,1000,6.025000095367432,6.025000095367432,3.755257368087769
19-08-1988,6.0,6.025000095367432,24000,6.025000095367432,6.0,3.7396740913391113
22-08-1988,6.0,6.0,11500,6.025000095367432,6.025000095367432,3.755257368087769
23-08-1988,6.025000095367432,6.025000095367432,51500,6.025000095367432,6.025000095367432,3.755257368087769
24-08-1988,6.025000095367432,6.025000095367432,2500,6.025000095367432,6.025000095367432,3.755257368087769
25-08-1988,6.025000095367432,6.025000095367432,0,6.025000095367432,6.025000095367432,3.755257368087769
26-08-1988,6.025000095367432,6.025000095367432,6000,6.025000095367432,6.025000095367432,3.755257368087769
29-08-1988,6.025000095367432,6.025000095367432,9500,6.025000095367432,6.025000095367432,3.755257368087769
30-08-1988,6.050000190734863,6.050000190734863,500,6.050000190734863,6.050000190734863,3.770838737487793
31-08-1988,6.025000095367432,6.025000095367432,18000,6.099999904632568,6.099999904632568,3.802002668380737
01-09-1988,6.099999904632568,6.099999904632568,3500,6.099999904632568,6.099999904632568,3.802002668380737
02-09-1988,6.074999809265137,6.074999809265137,2500,6.074999809265137,6.074999809265137,3.7864201068878174
06-09-1988,6.099999904632568,6.099999904632568,5000,6.099999904632568,6.099999904632568,3.802002668380737
07-09-1988,6.150000095367432,6.150000095367432,0,6.150000095367432,6.150000095367432,3.83316707611084
08-09-1988,6.099999904632568,6.099999904632568,1500,6.099999904632568,6.099999904632568,3.802002668380737
09-09-1988,6.099999904632568,6.125,6000,6.125,6.099999904632568,3.802002668380737
12-09-1988,6.074999809265137,6.074999809265137,5000,6.074999809265137,6.074999809265137,3.7864201068878174
13-09-1988,6.074999809265137,6.125,2000,6.125,6.074999809265137,3.7864201068878174
14-09-1988,6.050000190734863,6.099999904632568,5500,6.099999904632568,6.050000190734863,3.770838737487793
15-09-1988,6.074999809265137,6.074999809265137,6500,6.074999809265137,6.074999809265137,3.7864201068878174
16-09-1988,6.074999809265137,6.074999809265137,5000,6.074999809265137,6.074999809265137,3.7864201068878174
19-09-1988,6.125,6.125,500,6.125,6.125,3.8175840377807617
20-09-1988,6.125,6.125,0,6.125,6.125,3.8175840377807617
21-09-1988,6.125,6.125,0,6.125,6.125,3.8175840377807617
22-09-1988,6.099999904632568,6.099999904632568,5000,6.099999904632568,6.099999904632568,3.802002668380737
23-09-1988,6.099999904632568,6.099999904632568,6500,6.099999904632568,6.099999904632568,3.802002668380737
26-09-1988,6.050000190734863,6.074999809265137,347000,6.074999809265137,6.050000190734863,3.770838737487793
27-09-1988,6.050000190734863,6.050000190734863,13000,6.050000190734863,6.050000190734863,3.770838737487793
28-09-1988,6.050000190734863,6.050000190734863,1500,6.050000190734863,6.050000190734863,3.770838737487793
29-09-1988,6.050000190734863,6.050000190734863,0,6.050000190734863,6.050000190734863,3.770838737487793
30-09-1988,6.074999809265137,6.074999809265137,500,6.074999809265137,6.074999809265137,3.7864201068878174
03-10-1988,6.025000095367432,6.050000190734863,10500,6.050000190734863,6.025000095367432,3.755257368087769
04-10-1988,6.025000095367432,6.025000095367432,8000,6.025000095367432,6.025000095367432,3.755257368087769
05-10-1988,6.025000095367432,6.025000095367432,500,6.025000095367432,6.025000095367432,3.755257368087769
06-10-1988,6.025000095367432,6.025000095367432,1000,6.025000095367432,6.025000095367432,3.755257368087769
07-10-1988,6.025000095367432,6.025000095367432,6000,6.025000095367432,6.025000095367432,3.755257368087769
10-10-1988,6.0,6.0,6500,6.050000190734863,6.050000190734863,3.770838737487793
11-10-1988,6.050000190734863,6.074999809265137,2500,6.074999809265137,6.050000190734863,3.770838737487793
12-10-1988,6.050000190734863,6.050000190734863,0,6.050000190734863,6.050000190734863,3.770838737487793
13-10-1988,6.025000095367432,6.025000095367432,9500,6.050000190734863,6.050000190734863,3.770838737487793
14-10-1988,6.050000190734863,6.050000190734863,1000,6.050000190734863,6.050000190734863,3.770838737487793
17-10-1988,6.050000190734863,6.050000190734863,500,6.050000190734863,6.050000190734863,3.770838737487793
18-10-1988,6.050000190734863,6.050000190734863,1500,6.050000190734863,6.050000190734863,3.770838737487793
19-10-1988,6.050000190734863,6.050000190734863,1500,6.050000190734863,6.050000190734863,3.770838737487793
20-10-1988,6.050000190734863,6.050000190734863,1500,6.050000190734863,6.050000190734863,3.770838737487793
21-10-1988,6.050000190734863,6.050000190734863,35000,6.050000190734863,6.050000190734863,3.770838737487793
24-10-1988,6.050000190734863,6.050000190734863,15500,6.050000190734863,6.050000190734863,3.770838737487793
25-10-1988,6.050000190734863,6.050000190734863,2000,6.050000190734863,6.050000190734863,3.770838737487793
26-10-1988,6.050000190734863,6.050000190734863,10000,6.050000190734863,6.050000190734863,3.770838737487793
27-10-1988,6.050000190734863,6.050000190734863,4000,6.050000190734863,6.050000190734863,3.770838737487793
28-10-1988,6.050000190734863,6.050000190734863,0,6.050000190734863,6.050000190734863,3.770838737487793
31-10-1988,6.074999809265137,6.074999809265137,1000,6.074999809265137,6.074999809265137,3.7864201068878174
01-11-1988,6.050000190734863,6.050000190734863,7000,6.050000190734863,6.050000190734863,3.770838737487793
02-11-1988,6.050000190734863,6.050000190734863,1500,6.050000190734863,6.050000190734863,3.770838737487793
03-11-1988,6.050000190734863,6.050000190734863,1000,6.050000190734863,6.050000190734863,3.770838737487793
04-11-1988,6.050000190734863,6.050000190734863,2000,6.050000190734863,6.050000190734863,3.770838737487793
07-11-1988,6.050000190734863,6.050000190734863,7500,6.050000190734863,6.050000190734863,3.770838737487793
08-11-1988,6.074999809265137,6.074999809265137,2500,6.074999809265137,6.074999809265137,3.7864201068878174
09-11-1988,6.074999809265137,6.074999809265137,2500,6.074999809265137,6.074999809265137,3.7864201068878174
10-11-1988,6.074999809265137,6.074999809265137,500,6.074999809265137,6.074999809265137,3.7864201068878174
11-11-1988,6.074999809265137,6.074999809265137,2000,6.074999809265137,6.074999809265137,3.7864201068878174
14-11-1988,6.074999809265137,6.099999904632568,1500,6.099999904632568,6.074999809265137,3.7864201068878174
15-11-1988,6.074999809265137,6.074999809265137,45000,6.074999809265137,6.074999809265137,3.7864201068878174
16-11-1988,6.074999809265137,6.099999904632568,48500,6.099999904632568,6.074999809265137,3.7864201068878174
17-11-1988,6.050000190734863,6.050000190734863,6500,6.050000190734863,6.050000190734863,3.770838737487793
18-11-1988,6.050000190734863,6.050000190734863,29000,6.050000190734863,6.050000190734863,3.770838737487793
21-11-1988,6.050000190734863,6.074999809265137,10500,6.074999809265137,6.050000190734863,3.770838737487793
22-11-1988,6.025000095367432,6.050000190734863,77000,6.050000190734863,6.025000095367432,3.755257368087769
23-11-1988,6.025000095367432,6.025000095367432,16500,6.025000095367432,6.025000095367432,3.755257368087769
25-11-1988,6.050000190734863,6.050000190734863,500,6.050000190734863,6.050000190734863,3.770838737487793
28-11-1988,6.025000095367432,6.025000095367432,13000,6.050000190734863,6.050000190734863,3.770838737487793
29-11-1988,6.025000095367432,6.025000095367432,6000,6.025000095367432,6.025000095367432,3.755257368087769
30-11-1988,6.025000095367432,6.025000095367432,6500,6.050000190734863,6.050000190734863,3.770838737487793
01-12-1988,6.074999809265137,6.074999809265137,1500,6.074999809265137,6.074999809265137,3.7864201068878174
02-12-1988,6.074999809265137,6.074999809265137,6500,6.099999904632568,6.099999904632568,3.802002668380737
05-12-1988,6.150000095367432,6.150000095367432,5000,6.25,6.25,3.895495176315308
06-12-1988,6.300000190734863,6.300000190734863,4000,6.324999809265137,6.324999809265137,3.942239999771118
07-12-1988,6.324999809265137,6.349999904632568,11000,6.400000095367432,6.324999809265137,3.942239999771118
08-12-1988,6.25,6.275000095367432,3000,6.275000095367432,6.25,3.895495176315308
09-12-1988,6.150000095367432,6.199999809265137,28500,6.199999809265137,6.150000095367432,3.83316707611084
12-12-1988,6.150000095367432,6.150000095367432,0,6.150000095367432,6.150000095367432,3.83316707611084
13-12-1988,6.150000095367432,6.150000095367432,1000,6.175000190734863,6.175000190734863,3.8487472534179688
14-12-1988,6.150000095367432,6.175000190734863,5500,6.175000190734863,6.150000095367432,3.83316707611084
15-12-1988,6.150000095367432,6.150000095367432,16000,6.175000190734863,6.150000095367432,3.83316707611084
16-12-1988,6.150000095367432,6.150000095367432,1000,6.150000095367432,6.150000095367432,3.83316707611084
19-12-1988,6.150000095367432,6.150000095367432,1000,6.150000095367432,6.150000095367432,3.83316707611084
20-12-1988,6.150000095367432,6.150000095367432,0,6.150000095367432,6.150000095367432,3.83316707611084
21-12-1988,6.150000095367432,6.150000095367432,6500,6.150000095367432,6.150000095367432,3.83316707611084
22-12-1988,6.150000095367432,6.150000095367432,3000,6.150000095367432,6.150000095367432,3.83316707611084
23-12-1988,6.175000190734863,6.175000190734863,500,6.175000190734863,6.175000190734863,3.8487472534179688
27-12-1988,6.150000095367432,6.150000095367432,3000,6.150000095367432,6.150000095367432,3.83316707611084
28-12-1988,6.150000095367432,6.150000095367432,9000,6.150000095367432,6.150000095367432,3.83316707611084
29-12-1988,6.150000095367432,6.150000095367432,0,6.150000095367432,6.150000095367432,3.83316707611084
30-12-1988,6.150000095367432,6.150000095367432,6000,6.199999809265137,6.199999809265137,3.864330291748047
03-01-1989,6.125,6.150000095367432,9000,6.150000095367432,6.125,3.8175840377807617
04-01-1989,6.150000095367432,6.150000095367432,1500,6.150000095367432,6.150000095367432,3.83316707611084
05-01-1989,6.074999809265137,6.074999809265137,11500,6.099999904632568,6.099999904632568,3.802002668380737
06-01-1989,6.050000190734863,6.074999809265137,9000,6.074999809265137,6.050000190734863,3.770838737487793
09-01-1989,6.025000095367432,6.025000095367432,500,6.025000095367432,6.025000095367432,3.755257368087769
10-01-1989,6.050000190734863,6.050000190734863,14000,6.050000190734863,6.050000190734863,3.770838737487793
11-01-1989,6.025000095367432,6.050000190734863,27000,6.050000190734863,6.025000095367432,3.755257368087769
12-01-1989,6.025000095367432,6.025000095367432,5000,6.025000095367432,6.025000095367432,3.755257368087769
13-01-1989,6.074999809265137,6.074999809265137,500,6.074999809265137,6.074999809265137,3.7864201068878174
16-01-1989,6.050000190734863,6.050000190734863,2500,6.050000190734863,6.050000190734863,3.770838737487793
17-01-1989,6.050000190734863,6.050000190734863,2500,6.050000190734863,6.050000190734863,3.770838737487793
18-01-1989,6.074999809265137,6.074999809265137,500,6.074999809265137,6.074999809265137,3.7864201068878174
19-01-1989,6.050000190734863,6.050000190734863,2000,6.050000190734863,6.050000190734863,3.770838737487793
20-01-1989,6.050000190734863,6.050000190734863,5000,6.150000095367432,6.150000095367432,3.83316707611084
23-01-1989,6.150000095367432,6.150000095367432,0,6.150000095367432,6.150000095367432,3.83316707611084
24-01-1989,6.099999904632568,6.099999904632568,6000,6.150000095367432,6.150000095367432,3.83316707611084
25-01-1989,6.125,6.199999809265137,4000,6.199999809265137,6.125,3.8175840377807617
26-01-1989,6.125,6.125,31500,6.199999809265137,6.199999809265137,3.864330291748047
27-01-1989,6.25,6.25,2500,6.300000190734863,6.300000190734863,3.926658391952514
30-01-1989,6.25,6.25,1000,6.25,6.25,3.895495176315308
31-01-1989,6.300000190734863,6.300000190734863,500,6.300000190734863,6.300000190734863,3.926658391952514
01-02-1989,6.300000190734863,6.300000190734863,0,6.300000190734863,6.300000190734863,3.926658391952514
02-02-1989,6.300000190734863,6.300000190734863,500,6.300000190734863,6.300000190734863,3.926658391952514
03-02-1989,6.25,6.25,6500,6.300000190734863,6.300000190734863,3.926658391952514
06-02-1989,6.300000190734863,6.300000190734863,1000,6.300000190734863,6.300000190734863,3.926658391952514
07-02-1989,6.300000190734863,6.300000190734863,6000,6.324999809265137,6.324999809265137,3.942239999771118
08-02-1989,6.349999904632568,6.349999904632568,2000,6.400000095367432,6.400000095367432,3.98898720741272
09-02-1989,6.375,6.375,1000,6.375,6.375,3.9734041690826416
10-02-1989,6.349999904632568,6.349999904632568,10000,6.349999904632568,6.349999904632568,3.957821846008301
13-02-1989,6.349999904632568,6.349999904632568,0,6.349999904632568,6.349999904632568,3.957821846008301
14-02-1989,6.349999904632568,6.349999904632568,5000,6.349999904632568,6.349999904632568,3.957821846008301
15-02-1989,6.324999809265137,6.324999809265137,3000,6.324999809265137,6.324999809265137,3.942239999771118
16-02-1989,6.324999809265137,6.324999809265137,6000,6.324999809265137,6.324999809265137,3.942239999771118
17-02-1989,6.349999904632568,6.349999904632568,0,6.349999904632568,6.349999904632568,3.957821846008301
21-02-1989,6.349999904632568,6.349999904632568,5000,6.349999904632568,6.349999904632568,3.957821846008301
22-02-1989,6.349999904632568,6.400000095367432,2500,6.400000095367432,6.349999904632568,3.957821846008301
23-02-1989,6.324999809265137,6.324999809265137,16500,6.324999809265137,6.324999809265137,3.942239999771118
24-02-1989,6.349999904632568,6.349999904632568,0,6.349999904632568,6.349999904632568,3.957821846008301
27-02-1989,6.324999809265137,6.324999809265137,10000,6.324999809265137,6.324999809265137,3.942239999771118
28-02-1989,6.224999904632568,6.224999904632568,1000,6.25,6.25,3.94539737701416
01-03-1989,6.224999904632568,6.224999904632568,9000,6.25,6.25,3.94539737701416
02-03-1989,6.224999904632568,6.224999904632568,500,6.224999904632568,6.224999904632568,3.929614543914795
03-03-1989,6.275000095367432,6.275000095367432,0,6.275000095367432,6.275000095367432,3.96117901802063
06-03-1989,6.25,6.275000095367432,7500,6.275000095367432,6.25,3.94539737701416
07-03-1989,6.25,6.25,3000,6.25,6.25,3.94539737701416
08-03-1989,6.25,6.25,4000,6.300000190734863,6.300000190734863,3.9769599437713614
09-03-1989,6.300000190734863,6.300000190734863,7000,6.300000190734863,6.300000190734863,3.9769599437713614
10-03-1989,6.300000190734863,6.300000190734863,9500,6.300000190734863,6.300000190734863,3.9769599437713614
13-03-1989,6.275000095367432,6.275000095367432,6500,6.300000190734863,6.300000190734863,3.9769599437713614
14-03-1989,6.324999809265137,6.324999809265137,4500,6.375,6.349999904632568,4.0085225105285645
15-03-1989,6.375,6.375,0,6.375,6.375,4.024304389953613
16-03-1989,6.349999904632568,6.349999904632568,10000,6.375,6.375,4.024304389953613
17-03-1989,6.349999904632568,6.349999904632568,1500,6.375,6.375,4.024304389953613
20-03-1989,6.349999904632568,6.349999904632568,8000,6.349999904632568,6.349999904632568,4.0085225105285645
21-03-1989,6.349999904632568,6.349999904632568,2500,6.375,6.375,4.024304389953613
22-03-1989,6.400000095367432,6.400000095367432,21000,6.474999904632568,6.474999904632568,4.087430953979492
23-03-1989,6.400000095367432,6.5,8500,6.5,6.5,4.103211879730225
27-03-1989,6.550000190734863,6.550000190734863,9500,6.599999904632568,6.599999904632568,4.166339874267578
28-03-1989,6.599999904632568,6.599999904632568,8000,6.650000095367432,6.650000095367432,4.197902679443359
29-03-1989,6.599999904632568,6.599999904632568,2000,6.650000095367432,6.599999904632568,4.166339874267578
30-03-1989,6.650000095367432,6.650000095367432,0,6.650000095367432,6.650000095367432,4.197902679443359
31-03-1989,6.599999904632568,6.599999904632568,6500,6.599999904632568,6.599999904632568,4.166339874267578
03-04-1989,6.599999904632568,6.599999904632568,13000,6.599999904632568,6.599999904632568,4.166339874267578
04-04-1989,6.550000190734863,6.550000190734863,10500,6.599999904632568,6.550000190734863,4.134775638580322
05-04-1989,6.550000190734863,6.550000190734863,500,6.550000190734863,6.550000190734863,4.134775638580322
06-04-1989,6.550000190734863,6.550000190734863,8500,6.550000190734863,6.550000190734863,4.134775638580322
07-04-1989,6.525000095367432,6.525000095367432,10500,6.550000190734863,6.525000095367432,4.118993282318115
10-04-1989,6.5,6.5,6500,6.5,6.5,4.103211879730225
11-04-1989,6.5,6.5,2500,6.5,6.5,4.103211879730225
12-04-1989,6.5,6.5,4500,6.5,6.5,4.103211879730225
13-04-1989,6.474999904632568,6.474999904632568,62500,6.599999904632568,6.574999809265137,4.1505560874938965
14-04-1989,6.550000190734863,6.550000190734863,12000,6.650000095367432,6.650000095367432,4.197902679443359
17-04-1989,6.599999904632568,6.599999904632568,3000,6.599999904632568,6.599999904632568,4.166339874267578
18-04-1989,6.650000095367432,6.650000095367432,500,6.650000095367432,6.650000095367432,4.197902679443359
19-04-1989,6.599999904632568,6.599999904632568,3000,6.650000095367432,6.599999904632568,4.166339874267578
20-04-1989,6.650000095367432,6.650000095367432,0,6.650000095367432,6.650000095367432,4.197902679443359
21-04-1989,6.599999904632568,6.599999904632568,51500,6.650000095367432,6.650000095367432,4.197902679443359
24-04-1989,6.699999809265137,6.699999809265137,7500,6.75,6.75,4.26102876663208
25-04-1989,6.800000190734863,6.800000190734863,19500,6.800000190734863,6.800000190734863,4.292591094970703
26-04-1989,6.800000190734863,6.849999904632568,15000,6.849999904632568,6.800000190734863,4.292591094970703
27-04-1989,6.800000190734863,6.824999809265137,15000,6.824999809265137,6.800000190734863,4.292591094970703
28-04-1989,6.775000095367432,6.775000095367432,1500,6.775000095367432,6.775000095367432,4.276810169219971
01-05-1989,6.699999809265137,6.75,15500,6.75,6.699999809265137,4.229465961456299
02-05-1989,6.650000095367432,6.650000095367432,1000,6.650000095367432,6.650000095367432,4.197902679443359
03-05-1989,6.599999904632568,6.599999904632568,21500,6.599999904632568,6.599999904632568,4.166339874267578
04-05-1989,6.650000095367432,6.650000095367432,10500,6.699999809265137,6.699999809265137,4.229465961456299
05-05-1989,6.699999809265137,6.699999809265137,10000,6.699999809265137,6.699999809265137,4.229465961456299
08-05-1989,6.699999809265137,6.724999904632568,11500,6.724999904632568,6.699999809265137,4.229465961456299
09-05-1989,6.699999809265137,6.699999809265137,5000,6.699999809265137,6.699999809265137,4.229465961456299
10-05-1989,6.699999809265137,6.699999809265137,2000,6.699999809265137,6.699999809265137,4.229465961456299
11-05-1989,6.699999809265137,6.699999809265137,4500,6.75,6.75,4.26102876663208
12-05-1989,6.75,6.75,500,6.75,6.75,4.26102876663208
15-05-1989,6.724999904632568,6.724999904632568,1000,6.724999904632568,6.724999904632568,4.245245933532715
16-05-1989,6.699999809265137,6.699999809265137,1000,6.699999809265137,6.699999809265137,4.229465961456299
17-05-1989,6.699999809265137,6.699999809265137,0,6.699999809265137,6.699999809265137,4.229465961456299
18-05-1989,6.650000095367432,6.650000095367432,4000,6.650000095367432,6.650000095367432,4.197902679443359
19-05-1989,6.650000095367432,6.650000095367432,9000,6.675000190734863,6.675000190734863,4.213684558868408
22-05-1989,6.650000095367432,6.650000095367432,1500,6.675000190734863,6.650000095367432,4.197902679443359
23-05-1989,6.650000095367432,6.650000095367432,7500,6.650000095367432,6.650000095367432,4.197902679443359
24-05-1989,6.675000190734863,6.675000190734863,500,6.675000190734863,6.675000190734863,4.213684558868408
25-05-1989,6.650000095367432,6.650000095367432,1000,6.650000095367432,6.650000095367432,4.197902679443359
26-05-1989,6.650000095367432,6.650000095367432,8500,6.675000190734863,6.675000190734863,4.213684558868408
30-05-1989,6.650000095367432,6.650000095367432,3000,6.650000095367432,6.650000095367432,4.197902679443359
31-05-1989,6.650000095367432,6.650000095367432,3500,6.650000095367432,6.650000095367432,4.197902679443359
01-06-1989,6.650000095367432,6.650000095367432,5500,6.675000190734863,6.650000095367432,4.197902679443359
02-06-1989,6.650000095367432,6.650000095367432,500,6.650000095367432,6.650000095367432,4.197902679443359
05-06-1989,6.650000095367432,6.650000095367432,2500,6.650000095367432,6.650000095367432,4.197902679443359
06-06-1989,6.650000095367432,6.650000095367432,17500,6.675000190734863,6.650000095367432,4.197902679443359
07-06-1989,6.675000190734863,6.675000190734863,500,6.675000190734863,6.675000190734863,4.213684558868408
08-06-1989,6.625,6.625,10000,6.625,6.625,4.182120800018311
09-06-1989,6.625,6.625,0,6.625,6.625,4.182120800018311
12-06-1989,6.599999904632568,6.599999904632568,11500,6.625,6.625,4.182120800018311
13-06-1989,6.625,6.650000095367432,3500,6.650000095367432,6.625,4.182120800018311
14-06-1989,6.650000095367432,6.650000095367432,0,6.650000095367432,6.650000095367432,4.197902679443359
15-06-1989,6.625,6.625,1000,6.625,6.625,4.182120800018311
16-06-1989,6.625,6.625,1500,6.625,6.625,4.182120800018311
19-06-1989,6.650000095367432,6.650000095367432,0,6.650000095367432,6.650000095367432,4.197902679443359
20-06-1989,6.650000095367432,6.650000095367432,0,6.650000095367432,6.650000095367432,4.197902679443359
21-06-1989,6.650000095367432,6.650000095367432,76500,6.675000190734863,6.675000190734863,4.213684558868408
22-06-1989,6.650000095367432,6.650000095367432,1500,6.650000095367432,6.650000095367432,4.197902679443359
23-06-1989,6.699999809265137,6.699999809265137,0,6.699999809265137,6.699999809265137,4.229465961456299
26-06-1989,6.675000190734863,6.699999809265137,6500,6.699999809265137,6.675000190734863,4.213684558868408
27-06-1989,6.724999904632568,6.724999904632568,0,6.724999904632568,6.724999904632568,4.245245933532715
28-06-1989,6.724999904632568,6.724999904632568,0,6.724999904632568,6.724999904632568,4.245245933532715
29-06-1989,6.675000190734863,6.675000190734863,5500,6.675000190734863,6.675000190734863,4.213684558868408
30-06-1989,6.625,6.625,3000,6.625,6.625,4.182120800018311
03-07-1989,6.625,6.625,5000,6.625,6.625,4.182120800018311
05-07-1989,6.699999809265137,6.699999809265137,0,6.699999809265137,6.699999809265137,4.229465961456299
06-07-1989,6.650000095367432,6.650000095367432,4000,6.650000095367432,6.650000095367432,4.197902679443359
07-07-1989,6.650000095367432,6.650000095367432,6000,6.675000190734863,6.675000190734863,4.213684558868408
10-07-1989,6.675000190734863,6.675000190734863,1000,6.675000190734863,6.675000190734863,4.213684558868408
11-07-1989,6.675000190734863,6.675000190734863,500,6.675000190734863,6.675000190734863,4.213684558868408
12-07-1989,6.699999809265137,6.699999809265137,10000,6.800000190734863,6.800000190734863,4.292591094970703
13-07-1989,6.775000095367432,6.775000095367432,3000,6.800000190734863,6.800000190734863,4.292591094970703
14-07-1989,6.849999904632568,6.849999904632568,1500,6.875,6.875,4.339934349060059
17-07-1989,6.925000190734863,6.925000190734863,2000,6.949999809265137,6.949999809265137,4.387280464172363
18-07-1989,6.974999904632568,6.974999904632568,5000,7.074999809265137,7.074999809265137,4.466187953948975
19-07-1989,7.125,7.125,10500,7.25,7.25,4.576659679412842
20-07-1989,7.224999904632568,7.224999904632568,8500,7.275000095367432,7.275000095367432,4.592441558837891
21-07-1989,7.275000095367432,7.275000095367432,26500,7.349999904632568,7.349999904632568,4.639786243438721
24-07-1989,7.349999904632568,7.349999904632568,33500,7.425000190734863,7.349999904632568,4.639786243438721
25-07-1989,7.349999904632568,7.349999904632568,3000,7.349999904632568,7.349999904632568,4.639786243438721
26-07-1989,7.349999904632568,7.349999904632568,1500,7.349999904632568,7.349999904632568,4.639786243438721
27-07-1989,7.349999904632568,7.349999904632568,1000,7.349999904632568,7.349999904632568,4.639786243438721
28-07-1989,7.375,7.400000095367432,3000,7.425000190734863,7.425000190734863,4.687131404876709
31-07-1989,7.400000095367432,7.400000095367432,2500,7.449999809265137,7.449999809265137,4.702911853790283
01-08-1989,7.449999809265137,7.449999809265137,11000,7.5,7.5,4.734475612640381
02-08-1989,7.5,7.5,23500,7.574999809265137,7.574999809265137,4.781820297241211
03-08-1989,7.574999809265137,7.599999904632568,6500,7.599999904632568,7.574999809265137,4.781820297241211
04-08-1989,7.599999904632568,7.599999904632568,1500,7.625,7.625,4.813382625579834
07-08-1989,7.599999904632568,7.599999904632568,1000,7.599999904632568,7.599999904632568,4.797602653503418
08-08-1989,7.574999809265137,7.599999904632568,18500,7.599999904632568,7.574999809265137,4.781820297241211
09-08-1989,7.574999809265137,7.574999809265137,20000,7.574999809265137,7.574999809265137,4.781820297241211
10-08-1989,7.550000190734863,7.550000190734863,2000,7.550000190734863,7.550000190734863,4.766040325164795
11-08-1989,7.550000190734863,7.550000190734863,26000,7.574999809265137,7.574999809265137,4.781820297241211
14-08-1989,7.474999904632568,7.550000190734863,62500,7.550000190734863,7.474999904632568,4.718693733215332
15-08-1989,7.474999904632568,7.474999904632568,0,7.474999904632568,7.474999904632568,4.718693733215332
16-08-1989,7.324999809265137,7.449999809265137,44000,7.449999809265137,7.324999809265137,4.624004364013672
17-08-1989,7.199999809265137,7.275000095367432,29000,7.275000095367432,7.199999809265137,4.545097827911377
18-08-1989,7.224999904632568,7.224999904632568,0,7.224999904632568,7.224999904632568,4.560877323150635
21-08-1989,7.099999904632568,7.150000095367432,44000,7.150000095367432,7.099999904632568,4.481970310211182
22-08-1989,7.074999809265137,7.074999809265137,11000,7.074999809265137,7.074999809265137,4.466187953948975
23-08-1989,7.050000190734863,7.074999809265137,41000,7.074999809265137,7.050000190734863,4.4504075050354
24-08-1989,7.099999904632568,7.099999904632568,0,7.099999904632568,7.099999904632568,4.481970310211182
25-08-1989,7.0,7.0,1500,7.0,7.0,4.418843746185303
28-08-1989,7.0,7.0,0,7.0,7.0,4.418843746185303
29-08-1989,7.0,7.0,9000,7.099999904632568,7.099999904632568,4.481970310211182
30-08-1989,7.099999904632568,7.099999904632568,33500,7.199999809265137,7.199999809265137,4.545097827911377
31-08-1989,7.224999904632568,7.224999904632568,103000,7.275000095367432,7.275000095367432,4.592441558837891
01-09-1989,7.275000095367432,7.275000095367432,30500,7.324999809265137,7.324999809265137,4.624004364013672
05-09-1989,7.275000095367432,7.324999809265137,50500,7.324999809265137,7.275000095367432,4.592441558837891
06-09-1989,7.300000190734863,7.324999809265137,14500,7.324999809265137,7.324999809265137,4.624004364013672
07-09-1989,7.324999809265137,7.349999904632568,53500,7.375,7.375,4.655567646026611
08-09-1989,7.400000095367432,7.400000095367432,1000,7.400000095367432,7.400000095367432,4.671350002288818
11-09-1989,7.375,7.375,77000,7.400000095367432,7.400000095367432,4.671350002288818
12-09-1989,7.400000095367432,7.400000095367432,25000,7.400000095367432,7.400000095367432,4.671350002288818
13-09-1989,7.375,7.375,500,7.375,7.375,4.655567646026611
14-09-1989,7.349999904632568,7.349999904632568,105500,7.349999904632568,7.349999904632568,4.639786243438721
15-09-1989,7.349999904632568,7.349999904632568,500,7.349999904632568,7.349999904632568,4.639786243438721
18-09-1989,7.349999904632568,7.349999904632568,6500,7.349999904632568,7.349999904632568,4.639786243438721
19-09-1989,7.349999904632568,7.349999904632568,4000,7.375,7.375,4.655567646026611
20-09-1989,7.425000190734863,7.425000190734863,0,7.425000190734863,7.425000190734863,4.687131404876709
21-09-1989,7.425000190734863,7.425000190734863,0,7.425000190734863,7.425000190734863,4.687131404876709
22-09-1989,7.375,7.375,1500,7.400000095367432,7.400000095367432,4.671350002288818
25-09-1989,7.375,7.375,500,7.375,7.375,4.655567646026611
26-09-1989,7.375,7.375,2500,7.375,7.375,4.655567646026611
27-09-1989,7.375,7.375,500,7.375,7.375,4.655567646026611
28-09-1989,7.349999904632568,7.375,3000,7.375,7.349999904632568,4.639786243438721
29-09-1989,7.425000190734863,7.425000190734863,0,7.425000190734863,7.425000190734863,4.687131404876709
02-10-1989,7.375,7.375,500,7.375,7.375,4.655567646026611
03-10-1989,7.324999809265137,7.375,30000,7.375,7.349999904632568,4.639786243438721
04-10-1989,7.349999904632568,7.349999904632568,1000,7.349999904632568,7.349999904632568,4.639786243438721
05-10-1989,7.349999904632568,7.349999904632568,3000,7.375,7.375,4.655567646026611
06-10-1989,7.574999809265137,7.574999809265137,156000,8.074999809265137,8.074999809265137,5.097451210021973
09-10-1989,8.274999618530273,8.274999618530273,624500,10.800000190734863,9.824999809265137,6.202163696289063
10-10-1989,9.024999618530272,9.75,305500,9.75,9.050000190734863,5.7129340171813965
11-10-1989,8.699999809265137,9.050000190734863,35000,9.050000190734863,8.850000381469727,5.586681365966797
12-10-1989,8.75,8.899999618530273,46500,9.0,8.774999618530273,5.539335250854492
13-10-1989,8.050000190734863,8.725000381469727,36500,8.725000381469727,8.050000190734863,5.081671714782715
16-10-1989,7.849999904632568,8.0,71000,8.25,8.25,5.207922458648682
17-10-1989,8.149999618530273,8.199999809265137,15000,8.25,8.199999809265137,5.176361083984375
18-10-1989,8.199999809265137,8.25,19000,8.350000381469727,8.350000381469727,5.2710490226745605
19-10-1989,8.350000381469727,8.350000381469727,6500,8.399999618530273,8.399999618530273,5.302614212036133
20-10-1989,8.350000381469727,8.350000381469727,36000,8.449999809265137,8.449999809265137,5.334176540374756
23-10-1989,8.5,8.5,12500,8.600000381469727,8.600000381469727,5.428866386413574
24-10-1989,8.550000190734863,8.649999618530273,7500,8.649999618530273,8.574999809265137,5.413084030151367
25-10-1989,8.5,8.524999618530273,5500,8.550000190734863,8.5,5.365740776062012
26-10-1989,8.449999809265137,8.449999809265137,13500,8.5,8.5,5.365740776062012
27-10-1989,8.25,8.449999809265137,17000,8.449999809265137,8.300000190734863,5.239488124847412
30-10-1989,8.350000381469727,8.350000381469727,3000,8.399999618530273,8.399999618530273,5.302614212036133
31-10-1989,8.350000381469727,8.350000381469727,12000,8.475000381469727,8.475000381469727,5.349957942962647
01-11-1989,8.425000190734863,8.425000190734863,2500,8.425000190734863,8.425000190734863,5.318395137786865
02-11-1989,8.274999618530273,8.375,28000,8.375,8.300000190734863,5.239488124847412
03-11-1989,8.25,8.300000190734863,3000,8.300000190734863,8.300000190734863,5.239488124847412
06-11-1989,8.300000190734863,8.300000190734863,500,8.300000190734863,8.300000190734863,5.239488124847412
07-11-1989,8.350000381469727,8.350000381469727,500,8.350000381469727,8.350000381469727,5.2710490226745605
08-11-1989,8.399999618530273,8.399999618530273,8000,8.5,8.5,5.365740776062012
09-11-1989,8.399999618530273,8.449999809265137,2500,8.449999809265137,8.399999618530273,5.302614212036133
10-11-1989,8.399999618530273,8.399999618530273,3000,8.449999809265137,8.449999809265137,5.334176540374756
13-11-1989,8.350000381469727,8.449999809265137,16500,8.449999809265137,8.350000381469727,5.2710490226745605
14-11-1989,8.300000190734863,8.350000381469727,2500,8.350000381469727,8.300000190734863,5.239488124847412
15-11-1989,8.225000381469727,8.25,6000,8.25,8.225000381469727,5.192142486572266
16-11-1989,8.149999618530273,8.175000190734863,3500,8.175000190734863,8.149999618530273,5.144796371459961
17-11-1989,8.100000381469727,8.125,7000,8.125,8.100000381469727,5.113234996795654
20-11-1989,8.0,8.050000190734863,3000,8.050000190734863,8.0,5.050107479095459
21-11-1989,7.900000095367432,7.949999809265137,6500,7.949999809265137,7.900000095367432,4.986980438232422
22-11-1989,7.699999809265137,7.849999904632568,37500,7.849999904632568,7.699999809265137,4.860727787017822
24-11-1989,7.599999904632568,7.650000095367432,9000,7.650000095367432,7.599999904632568,4.797602653503418
27-11-1989,7.599999904632568,7.599999904632568,500,7.599999904632568,7.599999904632568,4.797602653503418
28-11-1989,7.574999809265137,7.625,25000,7.75,7.724999904632568,4.876510620117188
29-11-1989,7.775000095367432,7.775000095367432,7500,7.800000190734863,7.800000190734863,4.923855781555176
30-11-1989,7.849999904632568,7.849999904632568,14000,7.974999904632568,7.974999904632568,5.03432559967041
01-12-1989,7.925000190734863,7.949999809265137,4000,7.974999904632568,7.949999809265137,5.018543243408203
04-12-1989,7.974999904632568,7.974999904632568,13000,8.0,8.0,5.050107479095459
05-12-1989,7.925000190734863,7.974999904632568,4500,7.974999904632568,7.925000190734863,5.002761363983154
06-12-1989,7.775000095367432,7.875,14500,7.875,7.775000095367432,4.9080729484558105
07-12-1989,7.775000095367432,7.775000095367432,5500,7.800000190734863,7.775000095367432,4.9080729484558105
08-12-1989,7.800000190734863,7.800000190734863,500,7.800000190734863,7.800000190734863,4.923855781555176
11-12-1989,7.900000095367432,7.900000095367432,0,7.900000095367432,7.900000095367432,4.986980438232422
12-12-1989,7.800000190734863,7.800000190734863,6500,7.800000190734863,7.800000190734863,4.923855781555176
13-12-1989,7.800000190734863,7.800000190734863,10500,7.800000190734863,7.800000190734863,4.923855781555176
14-12-1989,7.699999809265137,7.75,14500,7.775000095367432,7.699999809265137,4.860727787017822
15-12-1989,7.425000190734863,7.599999904632568,32500,7.599999904632568,7.425000190734863,4.687131404876709
18-12-1989,7.324999809265137,7.474999904632568,29000,7.474999904632568,7.324999809265137,4.624004364013672
19-12-1989,7.199999809265137,7.349999904632568,27500,7.349999904632568,7.25,4.576659679412842
20-12-1989,7.199999809265137,7.199999809265137,2500,7.199999809265137,7.199999809265137,4.545097827911377
21-12-1989,6.900000095367432,7.199999809265137,348000,7.25,7.050000190734863,4.4504075050354
22-12-1989,6.925000190734863,7.0,75500,7.0,6.925000190734863,4.3714985847473145
26-12-1989,6.849999904632568,6.900000095367432,25000,6.900000095367432,6.849999904632568,4.324152946472168
27-12-1989,6.724999904632568,6.849999904632568,31000,6.849999904632568,6.724999904632568,4.245245933532715
28-12-1989,6.625,6.650000095367432,47500,6.699999809265137,6.625,4.182120800018311
29-12-1989,6.625,6.675000190734863,51500,6.875,6.849999904632568,4.324152946472168
02-01-1990,6.849999904632568,6.875,19000,6.949999809265137,6.949999809265137,4.387280464172363
03-01-1990,6.949999809265137,6.974999904632568,20500,6.974999904632568,6.949999809265137,4.387280464172363
04-01-1990,6.925000190734863,6.925000190734863,4000,6.949999809265137,6.949999809265137,4.387280464172363
05-01-1990,6.925000190734863,6.925000190734863,500,6.925000190734863,6.925000190734863,4.3714985847473145
08-01-1990,6.925000190734863,6.925000190734863,6500,6.949999809265137,6.949999809265137,4.387280464172363
09-01-1990,6.949999809265137,6.974999904632568,89000,7.099999904632568,7.0,4.418843746185303
10-01-1990,6.925000190734863,6.925000190734863,19000,6.949999809265137,6.949999809265137,4.387280464172363
11-01-1990,6.800000190734863,7.0,49500,7.0,6.800000190734863,4.292591094970703
12-01-1990,6.550000190734863,6.724999904632568,51500,6.724999904632568,6.550000190734863,4.134775638580322
15-01-1990,6.550000190734863,6.550000190734863,13000,6.599999904632568,6.550000190734863,4.134775638580322
16-01-1990,6.574999809265137,6.574999809265137,10000,6.574999809265137,6.574999809265137,4.1505560874938965
17-01-1990,6.525000095367432,6.550000190734863,3500,6.550000190734863,6.550000190734863,4.134775638580322
18-01-1990,6.5,6.5,6500,6.550000190734863,6.550000190734863,4.134775638580322
19-01-1990,6.574999809265137,6.574999809265137,500,6.574999809265137,6.574999809265137,4.1505560874938965
22-01-1990,6.474999904632568,6.574999809265137,8000,6.574999809265137,6.474999904632568,4.087430953979492
23-01-1990,6.25,6.375,32500,6.375,6.25,3.94539737701416
24-01-1990,6.175000190734863,6.199999809265137,13500,6.199999809265137,6.199999809265137,3.9138333797454834
25-01-1990,6.224999904632568,6.224999904632568,6000,6.300000190734863,6.300000190734863,3.9769599437713614
26-01-1990,6.349999904632568,6.349999904632568,2000,6.349999904632568,6.349999904632568,4.0085225105285645
29-01-1990,6.300000190734863,6.324999809265137,14000,6.324999809265137,6.324999809265137,3.992741107940674
30-01-1990,6.324999809265137,6.324999809265137,5000,6.349999904632568,6.349999904632568,4.0085225105285645
31-01-1990,6.324999809265137,6.324999809265137,10000,6.474999904632568,6.474999904632568,4.087430953979492
01-02-1990,6.400000095367432,6.5,6000,6.5,6.474999904632568,4.087430953979492
02-02-1990,6.425000190734863,6.425000190734863,18500,6.550000190734863,6.550000190734863,4.134775638580322
05-02-1990,6.425000190734863,6.5,23000,6.5,6.425000190734863,4.0558671951293945
06-02-1990,6.425000190734863,6.449999809265137,17500,6.525000095367432,6.525000095367432,4.118993282318115
07-02-1990,6.574999809265137,6.574999809265137,10500,6.699999809265137,6.699999809265137,4.229465961456299
08-02-1990,6.699999809265137,6.75,1500,6.75,6.699999809265137,4.229465961456299
09-02-1990,6.724999904632568,6.724999904632568,5500,6.75,6.75,4.26102876663208
12-02-1990,6.75,6.800000190734863,5000,6.849999904632568,6.849999904632568,4.324152946472168
13-02-1990,6.849999904632568,6.849999904632568,11500,6.849999904632568,6.849999904632568,4.324152946472168
14-02-1990,6.800000190734863,6.800000190734863,2500,6.800000190734863,6.800000190734863,4.292591094970703
15-02-1990,6.824999809265137,6.824999809265137,500,6.824999809265137,6.824999809265137,4.308372497558594
16-02-1990,6.800000190734863,6.800000190734863,2000,6.824999809265137,6.824999809265137,4.308372497558594
20-02-1990,6.800000190734863,6.800000190734863,1000,6.824999809265137,6.824999809265137,4.308372497558594
21-02-1990,6.75,6.800000190734863,6500,6.800000190734863,6.75,4.26102876663208
22-02-1990,6.775000095367432,6.775000095367432,500,6.775000095367432,6.775000095367432,4.276810169219971
23-02-1990,6.775000095367432,6.775000095367432,500,6.775000095367432,6.775000095367432,4.276810169219971
26-02-1990,6.775000095367432,6.775000095367432,5500,6.775000095367432,6.775000095367432,4.276810169219971
27-02-1990,6.724999904632568,6.775000095367432,6000,6.775000095367432,6.724999904632568,4.245245933532715
28-02-1990,6.75,6.75,500,6.75,6.75,4.26102876663208
01-03-1990,6.699999809265137,6.75,5500,6.75,6.699999809265137,4.229465961456299
02-03-1990,6.699999809265137,6.699999809265137,19000,6.75,6.75,4.26102876663208
05-03-1990,6.724999904632568,6.724999904632568,6000,6.724999904632568,6.724999904632568,4.245245933532715
06-03-1990,6.675000190734863,6.675000190734863,4500,6.699999809265137,6.675000190734863,4.264413356781006
07-03-1990,6.724999904632568,6.724999904632568,30500,6.800000190734863,6.75,4.3123273849487305
08-03-1990,6.800000190734863,6.800000190734863,0,6.800000190734863,6.800000190734863,4.344271183013916
09-03-1990,6.75,6.75,2500,6.75,6.75,4.3123273849487305
12-03-1990,6.775000095367432,6.800000190734863,14500,6.824999809265137,6.824999809265137,4.360242366790772
13-03-1990,6.75,6.824999809265137,18000,6.824999809265137,6.75,4.3123273849487305
14-03-1990,6.724999904632568,6.724999904632568,1000,6.724999904632568,6.724999904632568,4.296355724334717
15-03-1990,6.724999904632568,6.724999904632568,4000,6.775000095367432,6.724999904632568,4.296355724334717
16-03-1990,6.724999904632568,6.724999904632568,1000,6.724999904632568,6.724999904632568,4.296355724334717
19-03-1990,6.800000190734863,6.800000190734863,0,6.800000190734863,6.800000190734863,4.344271183013916
20-03-1990,6.75,6.75,6000,6.75,6.75,4.3123273849487305
21-03-1990,6.775000095367432,6.800000190734863,19000,6.800000190734863,6.775000095367432,4.3282999992370605
22-03-1990,6.849999904632568,6.849999904632568,0,6.849999904632568,6.849999904632568,4.376212596893311
23-03-1990,6.775000095367432,6.775000095367432,4000,6.775000095367432,6.775000095367432,4.3282999992370605
26-03-1990,6.800000190734863,6.800000190734863,5000,6.800000190734863,6.800000190734863,4.344271183013916
27-03-1990,6.775000095367432,6.775000095367432,500,6.775000095367432,6.775000095367432,4.3282999992370605
28-03-1990,6.724999904632568,6.724999904632568,6000,6.75,6.75,4.3123273849487305
29-03-1990,6.75,6.75,28500,6.800000190734863,6.800000190734863,4.344271183013916
30-03-1990,6.849999904632568,6.849999904632568,0,6.849999904632568,6.849999904632568,4.376212596893311
02-04-1990,6.775000095367432,6.775000095367432,1500,6.775000095367432,6.775000095367432,4.3282999992370605
03-04-1990,6.824999809265137,6.824999809265137,0,6.824999809265137,6.824999809265137,4.360242366790772
04-04-1990,6.775000095367432,6.775000095367432,22500,6.800000190734863,6.800000190734863,4.344271183013916
05-04-1990,6.800000190734863,6.800000190734863,16000,6.800000190734863,6.800000190734863,4.344271183013916
06-04-1990,6.775000095367432,6.775000095367432,3000,6.775000095367432,6.775000095367432,4.3282999992370605
09-04-1990,6.775000095367432,6.775000095367432,3000,6.775000095367432,6.775000095367432,4.3282999992370605
10-04-1990,6.800000190734863,6.800000190734863,1500,6.800000190734863,6.800000190734863,4.344271183013916
11-04-1990,6.824999809265137,6.824999809265137,0,6.824999809265137,6.824999809265137,4.360242366790772
12-04-1990,6.800000190734863,6.800000190734863,4500,6.800000190734863,6.800000190734863,4.344271183013916
16-04-1990,6.800000190734863,6.800000190734863,20000,6.824999809265137,6.800000190734863,4.344271183013916
17-04-1990,6.800000190734863,6.800000190734863,17500,6.800000190734863,6.800000190734863,4.344271183013916
18-04-1990,6.75,6.800000190734863,19500,6.800000190734863,6.75,4.3123273849487305
19-04-1990,6.724999904632568,6.724999904632568,6500,6.724999904632568,6.724999904632568,4.296355724334717
20-04-1990,6.724999904632568,6.775000095367432,17500,6.775000095367432,6.724999904632568,4.296355724334717
23-04-1990,6.599999904632568,6.675000190734863,7500,6.675000190734863,6.599999904632568,4.216499328613281
24-04-1990,6.550000190734863,6.550000190734863,10000,6.550000190734863,6.550000190734863,4.184555530548096
25-04-1990,6.449999809265137,6.5,14000,6.5,6.449999809265137,4.120668411254883
26-04-1990,6.300000190734863,6.400000095367432,7000,6.400000095367432,6.324999809265137,4.040811538696289
27-04-1990,6.099999904632568,6.324999809265137,33500,6.324999809265137,6.099999904632568,3.897066831588745
30-04-1990,5.949999809265137,6.050000190734863,41500,6.050000190734863,5.949999809265137,3.801236152648926
01-05-1990,5.849999904632568,5.900000095367432,35000,5.925000190734863,5.849999904632568,3.737349271774292
02-05-1990,5.800000190734863,5.849999904632568,5500,5.849999904632568,5.849999904632568,3.737349271774292
03-05-1990,5.900000095367432,5.900000095367432,3500,5.925000190734863,5.925000190734863,3.785264492034912
04-05-1990,5.875,5.949999809265137,11500,5.949999809265137,5.875,3.7533209323883057
07-05-1990,5.900000095367432,5.900000095367432,4500,6.0,6.0,3.8331799507141113
08-05-1990,6.0,6.0,3500,6.050000190734863,6.050000190734863,3.8651232719421382
09-05-1990,6.025000095367432,6.050000190734863,5000,6.125,6.125,3.9130377769470215
10-05-1990,6.050000190734863,6.074999809265137,5500,6.125,6.050000190734863,3.8651232719421382
11-05-1990,6.074999809265137,6.099999904632568,12500,6.099999904632568,6.099999904632568,3.897066831588745
14-05-1990,6.099999904632568,6.099999904632568,10500,6.150000095367432,6.150000095367432,3.9290096759796143
15-05-1990,6.150000095367432,6.150000095367432,500,6.150000095367432,6.150000095367432,3.9290096759796143
16-05-1990,6.199999809265137,6.199999809265137,500,6.199999809265137,6.199999809265137,3.9609525203704834
17-05-1990,6.175000190734863,6.175000190734863,5000,6.175000190734863,6.175000190734863,3.94498062133789
18-05-1990,6.199999809265137,6.199999809265137,29500,6.324999809265137,6.324999809265137,4.040811538696289
21-05-1990,6.400000095367432,6.400000095367432,0,6.400000095367432,6.400000095367432,4.088726997375488
22-05-1990,6.25,6.300000190734863,4000,6.300000190734863,6.25,3.9928948879241934
23-05-1990,6.300000190734863,6.300000190734863,500,6.300000190734863,6.300000190734863,4.024838447570801
24-05-1990,6.224999904632568,6.275000095367432,5000,6.275000095367432,6.224999904632568,3.9769229888916016
25-05-1990,6.175000190734863,6.175000190734863,10000,6.224999904632568,6.224999904632568,3.9769229888916016
29-05-1990,6.150000095367432,6.175000190734863,11000,6.175000190734863,6.150000095367432,3.9290096759796143
30-05-1990,6.150000095367432,6.150000095367432,1500,6.150000095367432,6.150000095367432,3.9290096759796143
31-05-1990,6.099999904632568,6.125,5500,6.125,6.099999904632568,3.897066831588745
01-06-1990,6.099999904632568,6.099999904632568,500,6.099999904632568,6.099999904632568,3.897066831588745
04-06-1990,6.099999904632568,6.099999904632568,1500,6.150000095367432,6.150000095367432,3.9290096759796143
05-06-1990,6.099999904632568,6.099999904632568,3500,6.150000095367432,6.150000095367432,3.9290096759796143
06-06-1990,6.074999809265137,6.099999904632568,5500,6.099999904632568,6.074999809265137,3.881093978881836
07-06-1990,6.125,6.125,3500,6.175000190734863,6.175000190734863,3.94498062133789
08-06-1990,6.099999904632568,6.125,5000,6.125,6.099999904632568,3.897066831588745
11-06-1990,6.050000190734863,6.050000190734863,2500,6.050000190734863,6.050000190734863,3.8651232719421382
12-06-1990,6.074999809265137,6.074999809265137,2500,6.125,6.125,3.9130377769470215
13-06-1990,6.074999809265137,6.074999809265137,2500,6.099999904632568,6.099999904632568,3.897066831588745
14-06-1990,6.099999904632568,6.099999904632568,0,6.099999904632568,6.099999904632568,3.897066831588745
15-06-1990,6.074999809265137,6.074999809265137,3000,6.099999904632568,6.074999809265137,3.881093978881836
18-06-1990,6.074999809265137,6.074999809265137,500,6.074999809265137,6.074999809265137,3.881093978881836
19-06-1990,6.050000190734863,6.050000190734863,1500,6.050000190734863,6.050000190734863,3.8651232719421382
20-06-1990,6.050000190734863,6.050000190734863,11500,6.050000190734863,6.050000190734863,3.8651232719421382
21-06-1990,6.050000190734863,6.050000190734863,10500,6.050000190734863,6.050000190734863,3.8651232719421382
22-06-1990,5.824999809265137,6.0,15000,6.0,5.824999809265137,3.721378326416016
25-06-1990,5.824999809265137,5.824999809265137,1000,5.824999809265137,5.824999809265137,3.721378326416016
26-06-1990,5.724999904632568,5.775000095367432,6000,5.775000095367432,5.724999904632568,3.657491445541382
27-06-1990,5.5,5.675000190734863,215000,5.675000190734863,5.599999904632568,3.5776333808898926
28-06-1990,5.599999904632568,5.599999904632568,9500,5.699999809265137,5.699999809265137,3.641521453857422
29-06-1990,5.675000190734863,5.675000190734863,1000,5.675000190734863,5.675000190734863,3.625548839569092
02-07-1990,5.699999809265137,5.699999809265137,7000,5.800000190734863,5.800000190734863,3.70540714263916
03-07-1990,5.849999904632568,5.849999904632568,8000,5.849999904632568,5.849999904632568,3.737349271774292
05-07-1990,5.800000190734863,5.800000190734863,5500,5.849999904632568,5.849999904632568,3.737349271774292
06-07-1990,5.849999904632568,5.849999904632568,0,5.849999904632568,5.849999904632568,3.737349271774292
09-07-1990,5.849999904632568,5.849999904632568,4500,5.949999809265137,5.949999809265137,3.801236152648926
10-07-1990,5.949999809265137,5.949999809265137,4000,5.949999809265137,5.949999809265137,3.801236152648926
11-07-1990,6.0,6.0,5000,6.0,6.0,3.8331799507141113
12-07-1990,5.949999809265137,5.974999904632568,3000,5.974999904632568,5.949999809265137,3.801236152648926
13-07-1990,6.0,6.0,3000,6.050000190734863,6.0,3.8331799507141113
16-07-1990,6.0,6.0,0,6.0,6.0,3.8331799507141113
17-07-1990,6.0,6.050000190734863,1000,6.050000190734863,6.0,3.8331799507141113
18-07-1990,6.0,6.0,0,6.0,6.0,3.8331799507141113
19-07-1990,6.0,6.0,0,6.0,6.0,3.8331799507141113
20-07-1990,5.849999904632568,5.974999904632568,14500,5.974999904632568,5.875,3.7533209323883057
23-07-1990,5.800000190734863,5.849999904632568,11500,5.849999904632568,5.800000190734863,3.70540714263916
24-07-1990,5.75,5.800000190734863,5500,5.800000190734863,5.75,3.673465251922608
25-07-1990,5.800000190734863,5.800000190734863,19000,5.800000190734863,5.800000190734863,3.70540714263916
26-07-1990,5.699999809265137,5.75,3500,5.75,5.699999809265137,3.641521453857422
27-07-1990,5.699999809265137,5.699999809265137,0,5.699999809265137,5.699999809265137,3.641521453857422
30-07-1990,5.599999904632568,5.650000095367432,34500,5.650000095367432,5.599999904632568,3.5776333808898926
31-07-1990,5.650000095367432,5.650000095367432,500,5.650000095367432,5.650000095367432,3.609577894210816
01-08-1990,5.599999904632568,5.599999904632568,20500,5.650000095367432,5.650000095367432,3.609577894210816
02-08-1990,5.724999904632568,5.724999904632568,46000,5.949999809265137,5.949999809265137,3.801236152648926
03-08-1990,6.150000095367432,6.150000095367432,16000,6.199999809265137,6.175000190734863,3.94498062133789
06-08-1990,6.224999904632568,6.224999904632568,8000,6.349999904632568,6.349999904632568,4.056782245635986
07-08-1990,6.25,6.324999809265137,10500,6.324999809265137,6.25,3.9928948879241934
08-08-1990,6.074999809265137,6.199999809265137,6500,6.199999809265137,6.074999809265137,3.881093978881836
09-08-1990,6.025000095367432,6.050000190734863,31500,6.050000190734863,6.050000190734863,3.8651232719421382
10-08-1990,5.925000190734863,6.025000095367432,10500,6.025000095367432,5.925000190734863,3.785264492034912
13-08-1990,5.875,5.900000095367432,1500,5.900000095367432,5.875,3.7533209323883057
14-08-1990,5.925000190734863,5.925000190734863,4000,5.974999904632568,5.974999904632568,3.817207336425781
15-08-1990,5.949999809265137,5.949999809265137,1000,5.949999809265137,5.949999809265137,3.801236152648926
16-08-1990,5.900000095367432,5.949999809265137,8500,5.949999809265137,5.900000095367432,3.769293785095215
17-08-1990,5.849999904632568,5.849999904632568,1000,5.849999904632568,5.849999904632568,3.737349271774292
20-08-1990,5.849999904632568,5.849999904632568,0,5.849999904632568,5.849999904632568,3.737349271774292
21-08-1990,5.699999809265137,5.849999904632568,25500,5.849999904632568,5.699999809265137,3.641521453857422
22-08-1990,5.650000095367432,5.650000095367432,1000,5.650000095367432,5.650000095367432,3.609577894210816
23-08-1990,5.5,5.650000095367432,11500,5.650000095367432,5.5,3.5137481689453125
24-08-1990,5.5,5.550000190734863,5500,5.550000190734863,5.5,3.5137481689453125
27-08-1990,5.5,5.5,18000,5.5,5.5,3.5137481689453125
28-08-1990,5.5,5.5,500,5.5,5.5,3.5137481689453125
29-08-1990,5.449999809265137,5.449999809265137,1500,5.449999809265137,5.449999809265137,3.481804847717285
30-08-1990,5.375,5.5,10500,5.5,5.375,3.433889865875244
31-08-1990,5.349999904632568,5.349999904632568,3000,5.400000095367432,5.400000095367432,3.4498631954193115
04-09-1990,5.300000190734863,5.400000095367432,9500,5.400000095367432,5.300000190734863,3.3859751224517822
05-09-1990,5.275000095367432,5.300000190734863,15500,5.300000190734863,5.275000095367432,3.370003461837769
06-09-1990,5.300000190734863,5.300000190734863,27000,5.5,5.5,3.5137481689453125
07-09-1990,5.425000190734863,5.449999809265137,3500,5.449999809265137,5.425000190734863,3.465834140777588
10-09-1990,5.425000190734863,5.425000190734863,0,5.425000190734863,5.425000190734863,3.465834140777588
11-09-1990,5.425000190734863,5.425000190734863,0,5.425000190734863,5.425000190734863,3.465834140777588
12-09-1990,5.400000095367432,5.400000095367432,75000,5.400000095367432,5.400000095367432,3.4498631954193115
13-09-1990,5.400000095367432,5.400000095367432,3000,5.400000095367432,5.400000095367432,3.4498631954193115
14-09-1990,5.425000190734863,5.425000190734863,5000,5.425000190734863,5.425000190734863,3.465834140777588
17-09-1990,5.425000190734863,5.425000190734863,40000,5.425000190734863,5.425000190734863,3.465834140777588
18-09-1990,5.400000095367432,5.425000190734863,22500,5.425000190734863,5.400000095367432,3.4498631954193115
19-09-1990,5.400000095367432,5.400000095367432,500,5.400000095367432,5.400000095367432,3.4498631954193115
20-09-1990,5.375,5.375,24500,5.375,5.375,3.433889865875244
21-09-1990,5.375,5.375,0,5.375,5.375,3.433889865875244
24-09-1990,5.275000095367432,5.300000190734863,3000,5.300000190734863,5.275000095367432,3.370003461837769
25-09-1990,5.275000095367432,5.275000095367432,0,5.275000095367432,5.275000095367432,3.370003461837769
26-09-1990,5.099999904632568,5.275000095367432,5500,5.275000095367432,5.099999904632568,3.2582030296325684
27-09-1990,5.0,5.025000095367432,7000,5.025000095367432,5.0,3.194316864013672
28-09-1990,4.900000095367432,4.949999809265137,11000,4.949999809265137,4.900000095367432,3.1304309368133545
01-10-1990,5.0,5.0,53000,5.025000095367432,5.0,3.194316864013672
02-10-1990,5.0,5.0,0,5.0,5.0,3.194316864013672
03-10-1990,5.050000190734863,5.050000190734863,10000,5.050000190734863,5.050000190734863,3.226259469985962
04-10-1990,5.050000190734863,5.050000190734863,75000,5.050000190734863,5.050000190734863,3.226259469985962
05-10-1990,5.050000190734863,5.050000190734863,1500,5.050000190734863,5.050000190734863,3.226259469985962
08-10-1990,5.0,5.050000190734863,10500,5.050000190734863,5.0,3.194316864013672
09-10-1990,4.949999809265137,4.949999809265137,2000,4.949999809265137,4.949999809265137,3.1623735427856445
10-10-1990,4.925000190734863,4.925000190734863,500,4.925000190734863,4.925000190734863,3.14640212059021
11-10-1990,4.800000190734863,4.875,5500,4.875,4.849999904632568,3.098487377166748
12-10-1990,4.849999904632568,4.849999904632568,0,4.849999904632568,4.849999904632568,3.098487377166748
15-10-1990,4.75,4.800000190734863,3000,4.800000190734863,4.800000190734863,3.0665438175201416
16-10-1990,4.800000190734863,4.800000190734863,4000,4.800000190734863,4.800000190734863,3.0665438175201416
17-10-1990,4.599999904632568,4.75,18000,4.75,4.599999904632568,2.9387707710266118
18-10-1990,4.550000190734863,4.599999904632568,14500,4.650000095367432,4.550000190734863,2.9068284034729004
19-10-1990,4.474999904632568,4.5,30000,4.525000095367432,4.525000095367432,2.8908567428588867
22-10-1990,4.449999809265137,4.474999904632568,6500,4.474999904632568,4.474999904632568,2.858912706375122
23-10-1990,4.449999809265137,4.449999809265137,1000,4.449999809265137,4.449999809265137,2.842942237854004
24-10-1990,4.449999809265137,4.449999809265137,2000,4.449999809265137,4.449999809265137,2.842942237854004
25-10-1990,4.449999809265137,4.449999809265137,0,4.449999809265137,4.449999809265137,2.842942237854004
26-10-1990,4.449999809265137,4.449999809265137,0,4.449999809265137,4.449999809265137,2.842942237854004
29-10-1990,4.449999809265137,4.449999809265137,0,4.449999809265137,4.449999809265137,2.842942237854004
30-10-1990,4.449999809265137,4.449999809265137,0,4.449999809265137,4.449999809265137,2.842942237854004
31-10-1990,4.474999904632568,4.474999904632568,3000,4.525000095367432,4.525000095367432,2.8908567428588867
01-11-1990,4.5,4.5,500,4.5,4.5,2.874884605407715
02-11-1990,4.5,4.5,99000,4.550000190734863,4.550000190734863,2.9068284034729004
05-11-1990,4.5,4.599999904632568,129000,4.599999904632568,4.5,2.874884605407715
06-11-1990,4.525000095367432,4.525000095367432,5000,4.525000095367432,4.525000095367432,2.8908567428588867
07-11-1990,4.474999904632568,4.474999904632568,46500,4.550000190734863,4.550000190734863,2.9068284034729004
08-11-1990,4.5,4.5,5500,4.574999809265137,4.574999809265137,2.922800779342652
09-11-1990,4.574999809265137,4.574999809265137,11500,4.599999904632568,4.599999904632568,2.9387707710266118
12-11-1990,4.474999904632568,4.599999904632568,48500,4.599999904632568,4.574999809265137,2.922800779342652
13-11-1990,4.525000095367432,4.525000095367432,500,4.525000095367432,4.525000095367432,2.8908567428588867
14-11-1990,4.525000095367432,4.550000190734863,22000,4.574999809265137,4.550000190734863,2.9068284034729004
15-11-1990,4.5,4.550000190734863,325000,4.550000190734863,4.5,2.874884605407715
16-11-1990,4.5,4.5,2500,4.550000190734863,4.550000190734863,2.9068284034729004
19-11-1990,4.550000190734863,4.550000190734863,0,4.550000190734863,4.550000190734863,2.9068284034729004
20-11-1990,4.449999809265137,4.5,5000,4.5,4.449999809265137,2.842942237854004
21-11-1990,4.449999809265137,4.449999809265137,500,4.449999809265137,4.449999809265137,2.842942237854004
23-11-1990,4.449999809265137,4.449999809265137,1000,4.449999809265137,4.449999809265137,2.842942237854004
26-11-1990,4.400000095367432,4.400000095367432,26000,4.400000095367432,4.400000095367432,2.810999870300293
27-11-1990,4.400000095367432,4.400000095367432,2500,4.5,4.5,2.874884605407715
28-11-1990,4.449999809265137,4.550000190734863,11000,4.550000190734863,4.449999809265137,2.842942237854004
29-11-1990,4.449999809265137,4.449999809265137,1500,4.449999809265137,4.449999809265137,2.842942237854004
30-11-1990,4.449999809265137,4.449999809265137,0,4.449999809265137,4.449999809265137,2.842942237854004
03-12-1990,4.449999809265137,4.449999809265137,5500,4.550000190734863,4.550000190734863,2.9068284034729004
04-12-1990,4.574999809265137,4.574999809265137,2500,4.574999809265137,4.574999809265137,2.922800779342652
05-12-1990,4.5,4.525000095367432,15000,4.525000095367432,4.5,2.874884605407715
06-12-1990,4.449999809265137,4.550000190734863,5000,4.574999809265137,4.5,2.874884605407715
07-12-1990,4.449999809265137,4.449999809265137,5000,4.550000190734863,4.550000190734863,2.9068284034729004
10-12-1990,4.474999904632568,4.5,12000,4.5,4.474999904632568,2.858912706375122
11-12-1990,4.449999809265137,4.449999809265137,500,4.449999809265137,4.449999809265137,2.842942237854004
12-12-1990,4.425000190734863,4.425000190734863,3500,4.449999809265137,4.449999809265137,2.842942237854004
13-12-1990,4.449999809265137,4.449999809265137,5000,4.449999809265137,4.449999809265137,2.842942237854004
14-12-1990,4.400000095367432,4.400000095367432,2000,4.400000095367432,4.400000095367432,2.810999870300293
17-12-1990,4.400000095367432,4.400000095367432,18000,4.400000095367432,4.400000095367432,2.810999870300293
18-12-1990,4.400000095367432,4.400000095367432,20000,4.400000095367432,4.400000095367432,2.810999870300293
19-12-1990,4.375,4.375,8500,4.474999904632568,4.474999904632568,2.858912706375122
20-12-1990,4.5,4.5,36500,4.5,4.5,2.874884605407715
21-12-1990,4.5,4.550000190734863,7000,4.550000190734863,4.5,2.874884605407715
24-12-1990,4.349999904632568,4.449999809265137,11500,4.449999809265137,4.349999904632568,2.77905535697937
26-12-1990,4.300000190734863,4.349999904632568,82500,4.349999904632568,4.300000190734863,2.747112989425659
27-12-1990,4.050000190734863,4.224999904632568,18000,4.25,4.050000190734863,2.587396144866944
28-12-1990,4.050000190734863,4.050000190734863,9000,4.175000190734863,4.175000190734863,2.667254447937012
31-12-1990,4.224999904632568,4.224999904632568,6500,4.300000190734863,4.300000190734863,2.747112989425659
02-01-1991,4.275000095367432,4.275000095367432,500,4.275000095367432,4.275000095367432,2.731141805648804
03-01-1991,4.199999809265137,4.224999904632568,3000,4.224999904632568,4.199999809265137,2.6832268238067627
04-01-1991,4.199999809265137,4.199999809265137,1000,4.199999809265137,4.199999809265137,2.6832268238067627
07-01-1991,4.025000095367432,4.150000095367432,14000,4.150000095367432,4.050000190734863,2.587396144866944
08-01-1991,3.924999952316284,4.025000095367432,10000,4.025000095367432,3.924999952316284,2.5075385570526123
09-01-1991,3.950000047683716,3.974999904632568,8500,4.0,3.950000047683716,2.523509979248047
10-01-1991,3.875,3.900000095367432,14500,3.900000095367432,3.900000095367432,2.491567373275757
11-01-1991,3.924999952316284,3.924999952316284,2000,3.924999952316284,3.924999952316284,2.5075385570526123
14-01-1991,3.924999952316284,3.924999952316284,4500,3.950000047683716,3.950000047683716,2.523509979248047
15-01-1991,3.900000095367432,3.900000095367432,9500,3.924999952316284,3.900000095367432,2.491567373275757
16-01-1991,3.900000095367432,3.900000095367432,1500,3.950000047683716,3.950000047683716,2.523509979248047
17-01-1991,3.950000047683716,3.950000047683716,2000,4.025000095367432,4.025000095367432,2.571425199508667
18-01-1991,4.025000095367432,4.025000095367432,0,4.025000095367432,4.025000095367432,2.571425199508667
21-01-1991,4.0,4.0,1000,4.0,4.0,2.555452823638916
22-01-1991,4.050000190734863,4.050000190734863,6000,4.150000095367432,4.150000095367432,2.651283025741577
23-01-1991,4.175000190734863,4.199999809265137,1000,4.199999809265137,4.175000190734863,2.667254447937012
24-01-1991,4.224999904632568,4.224999904632568,11000,4.349999904632568,4.349999904632568,2.77905535697937
25-01-1991,4.349999904632568,4.349999904632568,0,4.349999904632568,4.349999904632568,2.77905535697937
28-01-1991,4.175000190734863,4.324999809265137,24000,4.324999809265137,4.300000190734863,2.747112989425659
29-01-1991,4.300000190734863,4.300000190734863,1000,4.300000190734863,4.300000190734863,2.747112989425659
30-01-1991,4.300000190734863,4.300000190734863,1500,4.300000190734863,4.300000190734863,2.747112989425659
31-01-1991,4.300000190734863,4.300000190734863,36500,4.349999904632568,4.349999904632568,2.77905535697937
01-02-1991,4.375,4.375,9000,4.400000095367432,4.400000095367432,2.810999870300293
04-02-1991,4.375,4.375,7000,4.400000095367432,4.400000095367432,2.810999870300293
05-02-1991,4.349999904632568,4.349999904632568,7000,4.400000095367432,4.400000095367432,2.810999870300293
06-02-1991,4.400000095367432,4.400000095367432,12000,4.449999809265137,4.449999809265137,2.842942237854004
07-02-1991,4.275000095367432,4.400000095367432,37000,4.400000095367432,4.400000095367432,2.810999870300293
08-02-1991,4.300000190734863,4.349999904632568,17500,4.349999904632568,4.300000190734863,2.747112989425659
11-02-1991,4.25,4.25,21500,4.349999904632568,4.300000190734863,2.747112989425659
12-02-1991,4.300000190734863,4.300000190734863,50500,4.349999904632568,4.300000190734863,2.747112989425659
13-02-1991,4.300000190734863,4.300000190734863,6500,4.349999904632568,4.349999904632568,2.77905535697937
14-02-1991,4.275000095367432,4.349999904632568,16000,4.349999904632568,4.275000095367432,2.731141805648804
15-02-1991,4.300000190734863,4.300000190734863,3500,4.349999904632568,4.349999904632568,2.77905535697937
19-02-1991,4.375,4.375,15500,4.400000095367432,4.400000095367432,2.810999870300293
20-02-1991,4.425000190734863,4.449999809265137,9000,4.449999809265137,4.425000190734863,2.826970100402832
21-02-1991,4.425000190734863,4.425000190734863,5000,4.425000190734863,4.425000190734863,2.826970100402832
22-02-1991,4.400000095367432,4.425000190734863,21000,4.449999809265137,4.400000095367432,2.810999870300293
25-02-1991,4.400000095367432,4.449999809265137,2500,4.449999809265137,4.400000095367432,2.810999870300293
26-02-1991,4.449999809265137,4.449999809265137,12500,4.550000190734863,4.525000095367432,2.8908567428588867
27-02-1991,4.525000095367432,4.525000095367432,0,4.525000095367432,4.525000095367432,2.8908567428588867
28-02-1991,4.525000095367432,4.525000095367432,28500,4.550000190734863,4.525000095367432,2.8908567428588867
01-03-1991,4.574999809265137,4.574999809265137,9000,4.699999809265137,4.699999809265137,3.002657413482666
04-03-1991,4.75,4.75,7000,4.849999904632568,4.849999904632568,3.098487377166748
05-03-1991,4.900000095367432,4.900000095367432,11000,5.199999809265137,5.199999809265137,3.322089433670044
06-03-1991,5.125,5.175000190734863,13000,5.25,5.199999809265137,3.373997211456299
07-03-1991,5.074999809265137,5.074999809265137,2500,5.074999809265137,5.074999809265137,3.2928919792175293
08-03-1991,5.074999809265137,5.074999809265137,3000,5.074999809265137,5.074999809265137,3.2928919792175293
11-03-1991,4.949999809265137,5.025000095367432,12000,5.025000095367432,4.949999809265137,3.2117855548858643
12-03-1991,4.599999904632568,4.900000095367432,43000,4.900000095367432,4.599999904632568,2.9846889972686768
13-03-1991,4.625,4.650000095367432,9500,4.675000190734863,4.650000095367432,3.01713228225708
14-03-1991,4.599999904632568,4.599999904632568,1500,4.599999904632568,4.599999904632568,2.9846889972686768
15-03-1991,4.5,4.550000190734863,12500,4.550000190734863,4.5,2.919804811477661
18-03-1991,4.550000190734863,4.550000190734863,2500,4.550000190734863,4.550000190734863,2.9522476196289062
19-03-1991,4.550000190734863,4.550000190734863,0,4.550000190734863,4.550000190734863,2.9522476196289062
20-03-1991,4.550000190734863,4.550000190734863,2000,4.550000190734863,4.550000190734863,2.9522476196289062
21-03-1991,4.5,4.525000095367432,5500,4.525000095367432,4.5,2.919804811477661
22-03-1991,4.5,4.5,0,4.5,4.5,2.919804811477661
25-03-1991,4.5,4.5,500,4.5,4.5,2.919804811477661
26-03-1991,4.425000190734863,4.449999809265137,4000,4.525000095367432,4.525000095367432,2.9360265731811523
27-03-1991,4.550000190734863,4.550000190734863,1500,4.550000190734863,4.550000190734863,2.9522476196289062
28-03-1991,4.550000190734863,4.550000190734863,0,4.550000190734863,4.550000190734863,2.9522476196289062
01-04-1991,4.5,4.5,3000,4.5,4.5,2.919804811477661
02-04-1991,4.5,4.5,1500,4.550000190734863,4.550000190734863,2.9522476196289062
03-04-1991,4.599999904632568,4.599999904632568,3500,4.625,4.625,3.000911235809326
04-04-1991,4.599999904632568,4.675000190734863,4000,4.675000190734863,4.599999904632568,2.9846889972686768
05-04-1991,4.550000190734863,4.550000190734863,2500,4.550000190734863,4.550000190734863,2.9522476196289062
08-04-1991,4.599999904632568,4.599999904632568,7000,4.650000095367432,4.599999904632568,2.9846889972686768
09-04-1991,4.599999904632568,4.650000095367432,1500,4.650000095367432,4.599999904632568,2.9846889972686768
10-04-1991,4.550000190734863,4.550000190734863,3500,4.599999904632568,4.599999904632568,2.9846889972686768
11-04-1991,4.5,4.550000190734863,8500,4.599999904632568,4.599999904632568,2.9846889972686768
12-04-1991,4.574999809265137,4.650000095367432,3500,4.650000095367432,4.599999904632568,2.9846889972686768
15-04-1991,4.525000095367432,4.599999904632568,9500,4.599999904632568,4.525000095367432,2.9360265731811523
16-04-1991,4.525000095367432,4.525000095367432,1500,4.574999809265137,4.574999809265137,2.968469381332397
17-04-1991,4.599999904632568,4.625,3000,4.650000095367432,4.650000095367432,3.01713228225708
18-04-1991,4.574999809265137,4.599999904632568,15000,4.599999904632568,4.574999809265137,2.968469381332397
19-04-1991,4.574999809265137,4.574999809265137,14500,4.625,4.625,3.000911235809326
22-04-1991,4.574999809265137,4.599999904632568,2500,4.599999904632568,4.574999809265137,2.968469381332397
23-04-1991,4.550000190734863,4.574999809265137,76000,4.574999809265137,4.574999809265137,2.968469381332397
24-04-1991,4.525000095367432,4.574999809265137,10000,4.574999809265137,4.574999809265137,2.968469381332397
25-04-1991,4.574999809265137,4.574999809265137,0,4.574999809265137,4.574999809265137,2.968469381332397
26-04-1991,4.550000190734863,4.550000190734863,2000,4.550000190734863,4.550000190734863,2.9522476196289062
29-04-1991,4.474999904632568,4.525000095367432,12500,4.525000095367432,4.474999904632568,2.903583526611328
30-04-1991,4.349999904632568,4.474999904632568,67500,4.474999904632568,4.375,2.8386998176574707
01-05-1991,4.400000095367432,4.400000095367432,2000,4.5,4.5,2.919804811477661
02-05-1991,4.5,4.5,1000,4.550000190734863,4.550000190734863,2.9522476196289062
03-05-1991,4.599999904632568,4.599999904632568,65500,4.949999809265137,4.949999809265137,3.2117855548858643
06-05-1991,5.074999809265137,5.074999809265137,102000,5.599999904632568,5.400000095367432,3.503767490386963
07-05-1991,5.449999809265137,5.449999809265137,44000,5.5,5.449999809265137,3.536207914352417
08-05-1991,5.300000190734863,5.425000190734863,20500,5.449999809265137,5.300000190734863,3.438881158828736
09-05-1991,5.25,5.25,10500,5.349999904632568,5.349999904632568,3.47132420539856
10-05-1991,5.150000095367432,5.300000190734863,9500,5.300000190734863,5.199999809265137,3.373997211456299
13-05-1991,5.199999809265137,5.25,3000,5.25,5.199999809265137,3.373997211456299
14-05-1991,5.074999809265137,5.074999809265137,29500,5.150000095367432,5.150000095367432,3.341554641723633
15-05-1991,5.150000095367432,5.150000095367432,0,5.150000095367432,5.150000095367432,3.341554641723633
16-05-1991,5.150000095367432,5.150000095367432,0,5.150000095367432,5.150000095367432,3.341554641723633
17-05-1991,4.974999904632568,5.099999904632568,11000,5.099999904632568,4.974999904632568,3.2280068397521973
20-05-1991,4.875,4.974999904632568,7500,4.974999904632568,4.875,3.1631219387054443
21-05-1991,4.775000095367432,4.824999809265137,31000,4.849999904632568,4.800000190734863,3.1144587993621826
22-05-1991,4.800000190734863,4.800000190734863,1500,4.800000190734863,4.800000190734863,3.1144587993621826
23-05-1991,4.775000095367432,4.775000095367432,1500,4.775000095367432,4.775000095367432,3.0982375144958496
24-05-1991,4.775000095367432,4.775000095367432,0,4.775000095367432,4.775000095367432,3.0982375144958496
28-05-1991,4.800000190734863,4.800000190734863,3000,4.800000190734863,4.800000190734863,3.1144587993621826
29-05-1991,4.800000190734863,4.800000190734863,3500,4.849999904632568,4.800000190734863,3.1144587993621826
30-05-1991,4.849999904632568,4.849999904632568,7500,4.949999809265137,4.949999809265137,3.2117855548858643
31-05-1991,5.0,5.0,1000,5.0,5.0,3.2442281246185303
03-06-1991,5.0,5.0,500,5.0,5.0,3.2442281246185303
04-06-1991,4.949999809265137,4.949999809265137,139500,5.0,5.0,3.2442281246185303
05-06-1991,4.900000095367432,4.949999809265137,11000,4.949999809265137,4.900000095367432,3.179343938827514
06-06-1991,4.875,4.875,500,4.875,4.875,3.1631219387054443
07-06-1991,4.875,4.875,0,4.875,4.875,3.1631219387054443
10-06-1991,4.849999904632568,4.849999904632568,1000,4.849999904632568,4.849999904632568,3.146901130676269
11-06-1991,4.849999904632568,4.849999904632568,0,4.849999904632568,4.849999904632568,3.146901130676269
12-06-1991,4.800000190734863,4.800000190734863,3000,4.800000190734863,4.800000190734863,3.1144587993621826
13-06-1991,4.800000190734863,4.800000190734863,7500,4.800000190734863,4.800000190734863,3.1144587993621826
14-06-1991,4.775000095367432,4.775000095367432,5500,4.849999904632568,4.849999904632568,3.146901130676269
17-06-1991,4.849999904632568,4.849999904632568,0,4.849999904632568,4.849999904632568,3.146901130676269
18-06-1991,4.849999904632568,4.849999904632568,0,4.849999904632568,4.849999904632568,3.146901130676269
19-06-1991,4.800000190734863,4.875,4500,4.875,4.800000190734863,3.1144587993621826
20-06-1991,4.724999904632568,4.800000190734863,5000,4.800000190734863,4.775000095367432,3.0982375144958496
21-06-1991,4.699999809265137,4.699999809265137,63500,4.724999904632568,4.699999809265137,3.0495738983154297
24-06-1991,4.650000095367432,4.699999809265137,3500,4.699999809265137,4.650000095367432,3.01713228225708
25-06-1991,4.650000095367432,4.650000095367432,2500,4.650000095367432,4.650000095367432,3.01713228225708
26-06-1991,4.650000095367432,4.650000095367432,2000,4.650000095367432,4.650000095367432,3.01713228225708
27-06-1991,4.650000095367432,4.650000095367432,2000,4.650000095367432,4.650000095367432,3.01713228225708
28-06-1991,4.675000190734863,4.675000190734863,500,4.675000190734863,4.675000190734863,3.033353567123413
01-07-1991,4.650000095367432,4.650000095367432,2500,4.650000095367432,4.650000095367432,3.01713228225708
02-07-1991,4.650000095367432,4.650000095367432,6000,4.650000095367432,4.650000095367432,3.01713228225708
03-07-1991,4.599999904632568,4.599999904632568,1500,4.599999904632568,4.599999904632568,2.9846889972686768
05-07-1991,4.599999904632568,4.599999904632568,0,4.599999904632568,4.599999904632568,2.9846889972686768
08-07-1991,4.599999904632568,4.599999904632568,500,4.599999904632568,4.599999904632568,2.9846889972686768
09-07-1991,4.599999904632568,4.599999904632568,0,4.599999904632568,4.599999904632568,2.9846889972686768
10-07-1991,4.599999904632568,4.599999904632568,500,4.599999904632568,4.599999904632568,2.9846889972686768
11-07-1991,4.599999904632568,4.599999904632568,0,4.599999904632568,4.599999904632568,2.9846889972686768
12-07-1991,4.599999904632568,4.599999904632568,3000,4.599999904632568,4.599999904632568,2.9846889972686768
15-07-1991,4.550000190734863,4.599999904632568,7500,4.599999904632568,4.550000190734863,2.9522476196289062
16-07-1991,4.449999809265137,4.5,38000,4.525000095367432,4.525000095367432,2.9360265731811523
17-07-1991,4.5,4.5,50000,4.5,4.5,2.919804811477661
18-07-1991,4.5,4.5,0,4.5,4.5,2.919804811477661
19-07-1991,4.5,4.525000095367432,2500,4.525000095367432,4.5,2.919804811477661
22-07-1991,4.525000095367432,4.525000095367432,500,4.525000095367432,4.525000095367432,2.9360265731811523
23-07-1991,4.449999809265137,4.525000095367432,12000,4.525000095367432,4.449999809265137,2.8873629570007324
24-07-1991,4.5,4.5,12000,4.550000190734863,4.5,2.919804811477661
25-07-1991,4.5,4.5,500,4.5,4.5,2.919804811477661
26-07-1991,4.5,4.5,0,4.5,4.5,2.919804811477661
29-07-1991,4.5,4.5,1500,4.5,4.5,2.919804811477661
30-07-1991,4.5,4.5,1500,4.5,4.5,2.919804811477661
31-07-1991,4.5,4.5,0,4.5,4.5,2.919804811477661
01-08-1991,4.5,4.5,0,4.5,4.5,2.919804811477661
02-08-1991,4.5,4.5,0,4.5,4.5,2.919804811477661
05-08-1991,4.550000190734863,4.550000190734863,4000,4.550000190734863,4.550000190734863,2.9522476196289062
06-08-1991,4.550000190734863,4.574999809265137,6000,4.574999809265137,4.550000190734863,2.9522476196289062
07-08-1991,4.550000190734863,4.550000190734863,1000,4.550000190734863,4.550000190734863,2.9522476196289062
08-08-1991,4.599999904632568,4.599999904632568,1000,4.599999904632568,4.599999904632568,2.9846889972686768
09-08-1991,4.650000095367432,4.650000095367432,1500,4.675000190734863,4.675000190734863,3.033353567123413
12-08-1991,4.574999809265137,4.724999904632568,16000,4.724999904632568,4.599999904632568,2.9846889972686768
13-08-1991,4.550000190734863,4.550000190734863,1500,4.550000190734863,4.550000190734863,2.9522476196289062
14-08-1991,4.550000190734863,4.550000190734863,2000,4.550000190734863,4.550000190734863,2.9522476196289062
15-08-1991,4.550000190734863,4.550000190734863,0,4.550000190734863,4.550000190734863,2.9522476196289062
16-08-1991,4.550000190734863,4.574999809265137,13000,4.574999809265137,4.550000190734863,2.9522476196289062
19-08-1991,4.574999809265137,4.574999809265137,1500,4.574999809265137,4.574999809265137,2.968469381332397
20-08-1991,4.599999904632568,4.599999904632568,5000,4.599999904632568,4.599999904632568,2.9846889972686768
21-08-1991,4.525000095367432,4.550000190734863,13000,4.550000190734863,4.525000095367432,2.9360265731811523
22-08-1991,4.525000095367432,4.525000095367432,1500,4.525000095367432,4.525000095367432,2.9360265731811523
23-08-1991,4.525000095367432,4.525000095367432,6000,4.550000190734863,4.550000190734863,2.9522476196289062
26-08-1991,4.550000190734863,4.550000190734863,0,4.550000190734863,4.550000190734863,2.9522476196289062
27-08-1991,4.550000190734863,4.550000190734863,0,4.550000190734863,4.550000190734863,2.9522476196289062
28-08-1991,4.550000190734863,4.599999904632568,2000,4.599999904632568,4.550000190734863,2.9522476196289062
29-08-1991,4.550000190734863,4.550000190734863,1000,4.550000190734863,4.550000190734863,2.9522476196289062
30-08-1991,4.525000095367432,4.550000190734863,13500,4.550000190734863,4.550000190734863,2.9522476196289062
03-09-1991,4.525000095367432,4.550000190734863,4500,4.550000190734863,4.525000095367432,2.9360265731811523
04-09-1991,4.525000095367432,4.525000095367432,3000,4.525000095367432,4.525000095367432,2.9360265731811523
05-09-1991,4.449999809265137,4.5,17500,4.5,4.449999809265137,2.8873629570007324
06-09-1991,4.400000095367432,4.449999809265137,11000,4.449999809265137,4.400000095367432,2.854921340942383
09-09-1991,4.449999809265137,4.449999809265137,12000,4.449999809265137,4.449999809265137,2.8873629570007324
10-09-1991,4.400000095367432,4.400000095367432,5000,4.400000095367432,4.400000095367432,2.854921340942383
11-09-1991,4.425000190734863,4.425000190734863,1500,4.425000190734863,4.425000190734863,2.8711416721343994
12-09-1991,4.349999904632568,4.400000095367432,5500,4.400000095367432,4.400000095367432,2.854921340942383
13-09-1991,4.349999904632568,4.349999904632568,5500,4.349999904632568,4.349999904632568,2.8224778175354004
16-09-1991,4.349999904632568,4.349999904632568,11000,4.400000095367432,4.400000095367432,2.854921340942383
17-09-1991,4.300000190734863,4.349999904632568,5000,4.349999904632568,4.300000190734863,2.790036678314209
18-09-1991,4.300000190734863,4.300000190734863,2000,4.300000190734863,4.300000190734863,2.790036678314209
19-09-1991,4.275000095367432,4.349999904632568,4000,4.349999904632568,4.275000095367432,2.773815870285034
20-09-1991,4.275000095367432,4.324999809265137,13500,4.324999809265137,4.275000095367432,2.773815870285034
23-09-1991,4.25,4.25,10000,4.25,4.25,2.757593870162964
24-09-1991,4.25,4.25,1000,4.25,4.25,2.757593870162964
25-09-1991,4.224999904632568,4.275000095367432,12000,4.275000095367432,4.224999904632568,2.741372585296631
26-09-1991,4.175000190734863,4.275000095367432,24500,4.275000095367432,4.199999809265137,2.7251522541046143
27-09-1991,4.175000190734863,4.175000190734863,5500,4.25,4.25,2.757593870162964
30-09-1991,4.199999809265137,4.199999809265137,4000,4.224999904632568,4.224999904632568,2.741372585296631
01-10-1991,4.175000190734863,4.25,10000,4.25,4.175000190734863,2.708930253982544
02-10-1991,4.125,4.150000095367432,2000,4.175000190734863,4.125,2.676487445831299
03-10-1991,4.099999904632568,4.150000095367432,11500,4.150000095367432,4.125,2.676487445831299
04-10-1991,4.050000190734863,4.099999904632568,10000,4.099999904632568,4.050000190734863,2.627824068069458
07-10-1991,4.099999904632568,4.099999904632568,5000,4.099999904632568,4.099999904632568,2.6602671146392822
08-10-1991,4.050000190734863,4.050000190734863,5000,4.050000190734863,4.050000190734863,2.627824068069458
09-10-1991,4.050000190734863,4.050000190734863,8000,4.050000190734863,4.050000190734863,2.627824068069458
10-10-1991,4.025000095367432,4.050000190734863,17000,4.050000190734863,4.025000095367432,2.6116037368774414
11-10-1991,4.0,4.0,1000,4.0,4.0,2.595381736755371
14-10-1991,3.974999904632568,3.974999904632568,6500,4.0,4.0,2.595381736755371
15-10-1991,3.950000047683716,3.950000047683716,6000,3.950000047683716,3.950000047683716,2.562940120697021
16-10-1991,3.950000047683716,4.0,78500,4.099999904632568,4.099999904632568,2.6602671146392822
17-10-1991,4.099999904632568,4.150000095367432,63500,4.400000095367432,4.349999904632568,2.8224778175354004
18-10-1991,4.300000190734863,4.300000190734863,23000,4.400000095367432,4.400000095367432,2.854921340942383
21-10-1991,4.275000095367432,4.400000095367432,39000,4.400000095367432,4.275000095367432,2.773815870285034
22-10-1991,4.275000095367432,4.275000095367432,500,4.275000095367432,4.275000095367432,2.773815870285034
23-10-1991,4.175000190734863,4.224999904632568,4500,4.224999904632568,4.224999904632568,2.741372585296631
24-10-1991,4.125,4.175000190734863,2500,4.175000190734863,4.125,2.676487445831299
25-10-1991,4.125,4.125,5000,4.125,4.125,2.676487445831299
28-10-1991,4.175000190734863,4.175000190734863,500,4.175000190734863,4.175000190734863,2.708930253982544
29-10-1991,4.125,4.125,6000,4.224999904632568,4.224999904632568,2.741372585296631
30-10-1991,4.199999809265137,4.224999904632568,1500,4.224999904632568,4.199999809265137,2.7251522541046143
31-10-1991,4.199999809265137,4.199999809265137,500,4.199999809265137,4.199999809265137,2.7251522541046143
01-11-1991,4.199999809265137,4.199999809265137,0,4.199999809265137,4.199999809265137,2.7251522541046143
04-11-1991,4.199999809265137,4.199999809265137,2500,4.199999809265137,4.199999809265137,2.7251522541046143
05-11-1991,4.199999809265137,4.199999809265137,5000,4.199999809265137,4.199999809265137,2.7251522541046143
06-11-1991,4.150000095367432,4.199999809265137,7500,4.199999809265137,4.199999809265137,2.7251522541046143
07-11-1991,4.199999809265137,4.199999809265137,0,4.199999809265137,4.199999809265137,2.7251522541046143
08-11-1991,4.125,4.150000095367432,9500,4.150000095367432,4.125,2.676487445831299
11-11-1991,4.125,4.125,0,4.125,4.125,2.676487445831299
12-11-1991,4.099999904632568,4.125,9500,4.150000095367432,4.099999904632568,2.6602671146392822
13-11-1991,4.099999904632568,4.099999904632568,4500,4.099999904632568,4.099999904632568,2.6602671146392822
14-11-1991,4.099999904632568,4.099999904632568,3500,4.125,4.125,2.676487445831299
15-11-1991,4.099999904632568,4.125,2500,4.125,4.099999904632568,2.6602671146392822
18-11-1991,4.050000190734863,4.150000095367432,9000,4.150000095367432,4.099999904632568,2.6602671146392822
19-11-1991,4.050000190734863,4.099999904632568,7500,4.175000190734863,4.175000190734863,2.708930253982544
20-11-1991,4.050000190734863,4.125,4000,4.125,4.050000190734863,2.627824068069458
21-11-1991,3.974999904632568,4.025000095367432,66500,4.025000095367432,4.0,2.595381736755371
22-11-1991,4.0,4.0,1500,4.0,4.0,2.595381736755371
25-11-1991,3.950000047683716,3.974999904632568,29000,3.974999904632568,3.950000047683716,2.562940120697021
26-11-1991,3.825000047683716,3.924999952316284,33500,3.950000047683716,3.825000047683716,2.4818339347839355
27-11-1991,3.799999952316284,3.825000047683716,31500,3.825000047683716,3.825000047683716,2.4818339347839355
29-11-1991,3.849999904632568,3.849999904632568,7500,3.849999904632568,3.849999904632568,2.498055219650269
02-12-1991,3.825000047683716,3.849999904632568,5500,3.849999904632568,3.849999904632568,2.498055219650269
03-12-1991,3.825000047683716,3.825000047683716,1500,3.825000047683716,3.825000047683716,2.4818339347839355
04-12-1991,3.775000095367432,3.825000047683716,29500,3.825000047683716,3.799999952316284,2.4656128883361816
05-12-1991,3.75,3.775000095367432,14000,3.775000095367432,3.75,2.4331705570220947
06-12-1991,3.775000095367432,3.775000095367432,8500,3.775000095367432,3.775000095367432,2.4493908882141118
09-12-1991,3.75,3.75,3000,3.75,3.75,2.4331705570220947
10-12-1991,3.75,3.75,6500,3.775000095367432,3.75,2.4331705570220947
11-12-1991,3.650000095367432,3.724999904632568,97000,3.724999904632568,3.724999904632568,2.416949510574341
12-12-1991,3.75,3.75,1500,3.775000095367432,3.775000095367432,2.4493908882141118
13-12-1991,3.825000047683716,3.825000047683716,3500,3.875,3.825000047683716,2.4818339347839355
16-12-1991,3.825000047683716,3.825000047683716,6000,3.825000047683716,3.825000047683716,2.4818339347839355
17-12-1991,3.799999952316284,3.799999952316284,11000,3.799999952316284,3.799999952316284,2.4656128883361816
18-12-1991,3.775000095367432,3.799999952316284,25000,3.799999952316284,3.775000095367432,2.4493908882141118
19-12-1991,3.724999904632568,3.75,12000,3.75,3.724999904632568,2.416949510574341
20-12-1991,3.75,3.75,17500,3.825000047683716,3.775000095367432,2.4493908882141118
23-12-1991,3.75,3.775000095367432,82000,3.825000047683716,3.825000047683716,2.4818339347839355
24-12-1991,3.775000095367432,3.825000047683716,11500,3.825000047683716,3.825000047683716,2.4818339347839355
26-12-1991,3.775000095367432,3.825000047683716,2000,3.825000047683716,3.775000095367432,2.4493908882141118
27-12-1991,3.724999904632568,3.775000095367432,38500,3.799999952316284,3.724999904632568,2.416949510574341
30-12-1991,3.724999904632568,3.724999904632568,30000,3.775000095367432,3.75,2.4331705570220947
31-12-1991,3.549999952316284,3.75,116000,3.775000095367432,3.549999952316284,2.3034019470214844
02-01-1992,3.650000095367432,3.650000095367432,15500,3.724999904632568,3.724999904632568,2.416949510574341
03-01-1992,3.75,3.75,1000,3.799999952316284,3.799999952316284,2.4656128883361816
06-01-1992,3.799999952316284,3.849999904632568,26500,3.849999904632568,3.825000047683716,2.4818339347839355
07-01-1992,3.799999952316284,3.825000047683716,20000,3.825000047683716,3.799999952316284,2.4656128883361816
08-01-1992,3.799999952316284,3.849999904632568,18500,3.849999904632568,3.849999904632568,2.498055219650269
09-01-1992,3.799999952316284,3.875,12000,3.875,3.799999952316284,2.4656128883361816
10-01-1992,3.825000047683716,3.849999904632568,9500,3.875,3.825000047683716,2.4818339347839355
13-01-1992,3.849999904632568,3.875,6000,3.900000095367432,3.875,2.5142757892608643
14-01-1992,3.875,3.875,10000,4.025000095367432,4.0,2.595381736755371
15-01-1992,4.0,4.050000190734863,43500,4.349999904632568,4.349999904632568,2.8224778175354004
16-01-1992,4.224999904632568,4.224999904632568,34000,4.275000095367432,4.25,2.757593870162964
17-01-1992,4.25,4.300000190734863,28000,4.324999809265137,4.324999809265137,2.8062572479248047
20-01-1992,4.25,4.324999809265137,11000,4.324999809265137,4.25,2.757593870162964
21-01-1992,4.175000190734863,4.275000095367432,10000,4.275000095367432,4.175000190734863,2.708930253982544
22-01-1992,4.175000190734863,4.175000190734863,2500,4.175000190734863,4.175000190734863,2.708930253982544
23-01-1992,4.025000095367432,4.175000190734863,10000,4.175000190734863,4.025000095367432,2.6116037368774414
24-01-1992,4.074999809265137,4.074999809265137,3500,4.099999904632568,4.099999904632568,2.6602671146392822
27-01-1992,4.074999809265137,4.099999904632568,7500,4.099999904632568,4.099999904632568,2.6602671146392822
28-01-1992,4.099999904632568,4.150000095367432,5000,4.150000095367432,4.099999904632568,2.6602671146392822
29-01-1992,4.099999904632568,4.099999904632568,5500,4.150000095367432,4.099999904632568,2.6602671146392822
30-01-1992,4.150000095367432,4.150000095367432,3500,4.175000190734863,4.175000190734863,2.708930253982544
31-01-1992,4.074999809265137,4.175000190734863,5000,4.175000190734863,4.074999809265137,2.644045114517212
03-02-1992,4.099999904632568,4.099999904632568,5000,4.099999904632568,4.099999904632568,2.6602671146392822
04-02-1992,4.150000095367432,4.150000095367432,4500,4.150000095367432,4.150000095367432,2.692709445953369
05-02-1992,4.199999809265137,4.199999809265137,3000,4.199999809265137,4.199999809265137,2.7251522541046143
06-02-1992,4.199999809265137,4.224999904632568,34500,4.25,4.25,2.757593870162964
07-02-1992,4.199999809265137,4.275000095367432,25500,4.300000190734863,4.199999809265137,2.7251522541046143
10-02-1992,4.224999904632568,4.224999904632568,3000,4.224999904632568,4.224999904632568,2.741372585296631
11-02-1992,4.224999904632568,4.224999904632568,7500,4.25,4.25,2.757593870162964
12-02-1992,4.275000095367432,4.275000095367432,6000,4.275000095367432,4.275000095367432,2.773815870285034
13-02-1992,4.275000095367432,4.275000095367432,6500,4.275000095367432,4.275000095367432,2.773815870285034
14-02-1992,4.224999904632568,4.300000190734863,5500,4.300000190734863,4.224999904632568,2.741372585296631
18-02-1992,4.224999904632568,4.275000095367432,14000,4.275000095367432,4.224999904632568,2.741372585296631
19-02-1992,4.199999809265137,4.199999809265137,5000,4.275000095367432,4.275000095367432,2.773815870285034
20-02-1992,4.275000095367432,4.324999809265137,21000,4.324999809265137,4.324999809265137,2.8062572479248047
21-02-1992,4.324999809265137,4.324999809265137,27500,4.474999904632568,4.474999904632568,2.903583526611328
24-02-1992,4.425000190734863,4.425000190734863,9500,4.474999904632568,4.449999809265137,2.8873629570007324
25-02-1992,4.349999904632568,4.425000190734863,27000,4.449999809265137,4.400000095367432,2.854921340942383
26-02-1992,4.449999809265137,4.449999809265137,18500,4.474999904632568,4.474999904632568,2.903583526611328
27-02-1992,4.449999809265137,4.449999809265137,3000,4.5,4.5,2.919804811477661
28-02-1992,4.525000095367432,4.525000095367432,2000,4.525000095367432,4.525000095367432,2.9360265731811523
02-03-1992,4.550000190734863,4.550000190734863,17000,4.650000095367432,4.550000190734863,2.9522476196289062
03-03-1992,4.5,4.550000190734863,4000,4.550000190734863,4.5,2.919804811477661
04-03-1992,4.5,4.525000095367432,6000,4.525000095367432,4.5,2.919804811477661
05-03-1992,4.449999809265137,4.5,7500,4.5,4.449999809265137,2.8873629570007324
06-03-1992,4.400000095367432,4.400000095367432,2000,4.400000095367432,4.400000095367432,2.907184839248657
09-03-1992,4.400000095367432,4.400000095367432,5000,4.400000095367432,4.400000095367432,2.907184839248657
10-03-1992,4.449999809265137,4.449999809265137,2000,4.449999809265137,4.449999809265137,2.940220594406128
11-03-1992,4.400000095367432,4.400000095367432,5000,4.449999809265137,4.449999809265137,2.940220594406128
12-03-1992,4.474999904632568,4.5,3000,4.5,4.474999904632568,2.956737756729126
13-03-1992,4.5,4.5,2000,4.5,4.5,2.973256349563598
16-03-1992,4.550000190734863,4.550000190734863,2000,4.550000190734863,4.550000190734863,3.006293296813965
17-03-1992,4.550000190734863,4.550000190734863,4500,4.550000190734863,4.550000190734863,3.006293296813965
18-03-1992,4.5,4.550000190734863,17000,4.550000190734863,4.550000190734863,3.006293296813965
19-03-1992,4.550000190734863,4.550000190734863,2000,4.550000190734863,4.550000190734863,3.006293296813965
20-03-1992,4.474999904632568,4.5,4000,4.5,4.474999904632568,2.956737756729126
23-03-1992,4.425000190734863,4.425000190734863,12500,4.474999904632568,4.474999904632568,2.956737756729126
24-03-1992,4.449999809265137,4.5,15500,4.5,4.449999809265137,2.940220594406128
25-03-1992,4.449999809265137,4.449999809265137,0,4.449999809265137,4.449999809265137,2.940220594406128
26-03-1992,4.425000190734863,4.425000190734863,5000,4.425000190734863,4.425000190734863,2.9237022399902344
27-03-1992,4.25,4.375,49000,4.400000095367432,4.25,2.8080763816833496
30-03-1992,4.224999904632568,4.25,9500,4.25,4.224999904632568,2.7915573120117188
31-03-1992,4.224999904632568,4.224999904632568,0,4.224999904632568,4.224999904632568,2.7915573120117188
01-04-1992,4.25,4.25,500,4.25,4.25,2.8080763816833496
02-04-1992,4.25,4.25,16000,4.300000190734863,4.300000190734863,2.8411123752593994
03-04-1992,4.25,4.25,3500,4.275000095367432,4.275000095367432,2.824594497680664
06-04-1992,4.150000095367432,4.224999904632568,36000,4.224999904632568,4.199999809265137,2.7750399112701416
07-04-1992,4.150000095367432,4.199999809265137,20500,4.199999809265137,4.150000095367432,2.742004156112671
08-04-1992,4.150000095367432,4.150000095367432,0,4.150000095367432,4.150000095367432,2.742004156112671
09-04-1992,4.099999904632568,4.150000095367432,7500,4.150000095367432,4.150000095367432,2.742004156112671
10-04-1992,4.050000190734863,4.175000190734863,9500,4.175000190734863,4.050000190734863,2.675930976867676
13-04-1992,4.050000190734863,4.050000190734863,3000,4.050000190734863,4.050000190734863,2.675930976867676
14-04-1992,4.050000190734863,4.050000190734863,1000,4.050000190734863,4.050000190734863,2.675930976867676
15-04-1992,3.974999904632568,4.0,5000,4.0,3.974999904632568,2.62637710571289
16-04-1992,3.950000047683716,3.974999904632568,25500,3.974999904632568,3.950000047683716,2.609858989715576
20-04-1992,3.974999904632568,3.974999904632568,500,3.974999904632568,3.974999904632568,2.62637710571289
21-04-1992,3.924999952316284,3.950000047683716,3500,3.950000047683716,3.924999952316284,2.5933403968811035
22-04-1992,3.924999952316284,3.924999952316284,12500,3.924999952316284,3.924999952316284,2.5933403968811035
23-04-1992,3.924999952316284,3.950000047683716,2000,3.950000047683716,3.924999952316284,2.5933403968811035
24-04-1992,3.900000095367432,3.924999952316284,8000,3.924999952316284,3.900000095367432,2.5768227577209477
27-04-1992,3.900000095367432,3.900000095367432,20000,3.950000047683716,3.950000047683716,2.609858989715576
28-04-1992,3.950000047683716,3.950000047683716,0,3.950000047683716,3.950000047683716,2.609858989715576
29-04-1992,3.950000047683716,3.950000047683716,0,3.950000047683716,3.950000047683716,2.609858989715576
30-04-1992,3.974999904632568,3.974999904632568,1000,3.974999904632568,3.974999904632568,2.62637710571289
01-05-1992,3.950000047683716,3.950000047683716,4500,3.974999904632568,3.974999904632568,2.62637710571289
04-05-1992,3.974999904632568,3.974999904632568,0,3.974999904632568,3.974999904632568,2.62637710571289
05-05-1992,3.950000047683716,3.950000047683716,17500,3.974999904632568,3.950000047683716,2.609858989715576
06-05-1992,3.950000047683716,3.950000047683716,0,3.950000047683716,3.950000047683716,2.609858989715576
07-05-1992,3.950000047683716,3.950000047683716,14000,3.950000047683716,3.950000047683716,2.609858989715576
08-05-1992,3.950000047683716,3.950000047683716,0,3.950000047683716,3.950000047683716,2.609858989715576
11-05-1992,3.900000095367432,3.924999952316284,9000,3.924999952316284,3.900000095367432,2.5768227577209477
12-05-1992,3.700000047683716,3.849999904632568,89000,3.875,3.700000047683716,2.444677829742432
13-05-1992,3.700000047683716,3.724999904632568,37000,3.75,3.700000047683716,2.444677829742432
14-05-1992,3.700000047683716,3.700000047683716,5500,3.700000047683716,3.700000047683716,2.444677829742432
15-05-1992,3.525000095367432,3.650000095367432,51500,3.650000095367432,3.549999952316284,2.345569372177124
18-05-1992,3.575000047683716,3.575000047683716,70500,3.650000095367432,3.650000095367432,2.411642074584961
19-05-1992,3.5999999046325684,3.674999952316284,31000,3.674999952316284,3.5999999046325684,2.378605604171753
20-05-1992,3.5999999046325684,3.5999999046325684,23500,3.5999999046325684,3.5999999046325684,2.378605604171753
21-05-1992,3.5999999046325684,3.625,6000,3.625,3.5999999046325684,2.378605604171753
22-05-1992,3.5999999046325684,3.625,16000,3.674999952316284,3.674999952316284,2.428159713745117
26-05-1992,3.5999999046325684,3.650000095367432,32500,3.650000095367432,3.5999999046325684,2.378605604171753
27-05-1992,3.5999999046325684,3.5999999046325684,41000,3.625,3.625,2.395123243331909
28-05-1992,3.5999999046325684,3.5999999046325684,11500,3.625,3.625,2.395123243331909
29-05-1992,3.5999999046325684,3.5999999046325684,6500,3.650000095367432,3.650000095367432,2.411642074584961
01-06-1992,3.650000095367432,3.650000095367432,2500,3.674999952316284,3.674999952316284,2.428159713745117
02-06-1992,3.650000095367432,3.674999952316284,15000,3.674999952316284,3.674999952316284,2.428159713745117
03-06-1992,3.650000095367432,3.674999952316284,9000,3.674999952316284,3.674999952316284,2.428159713745117
04-06-1992,3.700000047683716,3.700000047683716,6000,3.700000047683716,3.700000047683716,2.444677829742432
05-06-1992,3.700000047683716,3.700000047683716,500,3.700000047683716,3.700000047683716,2.444677829742432
08-06-1992,3.75,3.75,1500,3.775000095367432,3.775000095367432,2.494232177734375
09-06-1992,3.674999952316284,3.724999904632568,5000,3.724999904632568,3.700000047683716,2.444677829742432
10-06-1992,3.674999952316284,3.700000047683716,3500,3.700000047683716,3.674999952316284,2.428159713745117
11-06-1992,3.674999952316284,3.674999952316284,3000,3.700000047683716,3.700000047683716,2.444677829742432
12-06-1992,3.700000047683716,3.700000047683716,12500,3.700000047683716,3.700000047683716,2.444677829742432
15-06-1992,3.575000047683716,3.650000095367432,25500,3.650000095367432,3.575000047683716,2.3620870113372803
16-06-1992,3.549999952316284,3.575000047683716,23500,3.5999999046325684,3.575000047683716,2.3620870113372803
17-06-1992,3.5,3.549999952316284,23500,3.549999952316284,3.5,2.312532663345337
18-06-1992,3.4749999046325684,3.5,34500,3.5,3.5,2.312532663345337
19-06-1992,3.5,3.5,25000,3.575000047683716,3.575000047683716,2.3620870113372803
22-06-1992,3.5,3.575000047683716,59000,3.575000047683716,3.5,2.312532663345337
23-06-1992,3.450000047683716,3.4749999046325684,17500,3.4749999046325684,3.4749999046325684,2.296014308929444
24-06-1992,3.4749999046325684,3.4749999046325684,0,3.4749999046325684,3.4749999046325684,2.296014308929444
25-06-1992,3.424999952316284,3.450000047683716,28500,3.450000047683716,3.424999952316284,2.2629785537719727
26-06-1992,3.424999952316284,3.424999952316284,16500,3.424999952316284,3.424999952316284,2.2629785537719727
29-06-1992,3.400000095367432,3.424999952316284,14000,3.424999952316284,3.424999952316284,2.2629785537719727
30-06-1992,3.400000095367432,3.424999952316284,3000,3.424999952316284,3.400000095367432,2.246460437774658
01-07-1992,3.400000095367432,3.400000095367432,17500,3.424999952316284,3.424999952316284,2.2629785537719727
02-07-1992,3.450000047683716,3.450000047683716,500,3.450000047683716,3.450000047683716,2.279496908187866
06-07-1992,3.450000047683716,3.450000047683716,0,3.450000047683716,3.450000047683716,2.279496908187866
07-07-1992,3.4749999046325684,3.4749999046325684,54500,3.625,3.625,2.395123243331909
08-07-1992,3.525000095367432,3.625,9000,3.625,3.525000095367432,2.3290505409240723
09-07-1992,3.549999952316284,3.549999952316284,500,3.549999952316284,3.549999952316284,2.345569372177124
10-07-1992,3.5,3.549999952316284,6000,3.549999952316284,3.549999952316284,2.345569372177124
13-07-1992,3.5,3.525000095367432,43000,3.549999952316284,3.5,2.312532663345337
14-07-1992,3.525000095367432,3.525000095367432,12000,3.525000095367432,3.525000095367432,2.3290505409240723
15-07-1992,3.525000095367432,3.575000047683716,9000,3.625,3.625,2.395123243331909
16-07-1992,3.525000095367432,3.625,44000,3.625,3.575000047683716,2.3620870113372803
17-07-1992,3.575000047683716,3.5999999046325684,4000,3.625,3.575000047683716,2.3620870113372803
20-07-1992,3.549999952316284,3.575000047683716,17500,3.625,3.575000047683716,2.3620870113372803
21-07-1992,3.5999999046325684,3.625,6500,3.625,3.5999999046325684,2.378605604171753
22-07-1992,3.625,3.625,2000,3.625,3.625,2.395123243331909
23-07-1992,3.575000047683716,3.575000047683716,1000,3.575000047683716,3.575000047683716,2.3620870113372803
24-07-1992,3.5999999046325684,3.5999999046325684,500,3.5999999046325684,3.5999999046325684,2.378605604171753
27-07-1992,3.549999952316284,3.575000047683716,3500,3.5999999046325684,3.5999999046325684,2.378605604171753
28-07-1992,3.549999952316284,3.575000047683716,10000,3.5999999046325684,3.5999999046325684,2.378605604171753
29-07-1992,3.549999952316284,3.5999999046325684,4500,3.5999999046325684,3.549999952316284,2.345569372177124
30-07-1992,3.5999999046325684,3.5999999046325684,500,3.5999999046325684,3.5999999046325684,2.378605604171753
31-07-1992,3.5999999046325684,3.5999999046325684,4000,3.625,3.625,2.395123243331909
03-08-1992,3.549999952316284,3.5999999046325684,12000,3.5999999046325684,3.549999952316284,2.345569372177124
04-08-1992,3.549999952316284,3.549999952316284,4000,3.5999999046325684,3.575000047683716,2.3620870113372803
05-08-1992,3.575000047683716,3.5999999046325684,2500,3.5999999046325684,3.575000047683716,2.3620870113372803
06-08-1992,3.549999952316284,3.549999952316284,1500,3.549999952316284,3.549999952316284,2.345569372177124
07-08-1992,3.575000047683716,3.575000047683716,2500,3.575000047683716,3.575000047683716,2.3620870113372803
10-08-1992,3.575000047683716,3.575000047683716,0,3.575000047683716,3.575000047683716,2.3620870113372803
11-08-1992,3.549999952316284,3.549999952316284,3500,3.575000047683716,3.575000047683716,2.3620870113372803
12-08-1992,3.575000047683716,3.575000047683716,13000,3.575000047683716,3.575000047683716,2.3620870113372803
13-08-1992,3.549999952316284,3.549999952316284,8500,3.549999952316284,3.549999952316284,2.345569372177124
14-08-1992,3.5999999046325684,3.5999999046325684,2500,3.5999999046325684,3.5999999046325684,2.378605604171753
17-08-1992,3.5999999046325684,3.5999999046325684,1000,3.5999999046325684,3.5999999046325684,2.378605604171753
18-08-1992,3.5999999046325684,3.5999999046325684,0,3.5999999046325684,3.5999999046325684,2.378605604171753
19-08-1992,3.549999952316284,3.5999999046325684,9500,3.5999999046325684,3.575000047683716,2.3620870113372803
20-08-1992,3.575000047683716,3.575000047683716,3000,3.575000047683716,3.575000047683716,2.3620870113372803
21-08-1992,3.549999952316284,3.5999999046325684,2000,3.5999999046325684,3.549999952316284,2.345569372177124
24-08-1992,3.5,3.549999952316284,14500,3.549999952316284,3.549999952316284,2.345569372177124
25-08-1992,3.575000047683716,3.575000047683716,4000,3.575000047683716,3.575000047683716,2.3620870113372803
26-08-1992,3.525000095367432,3.525000095367432,2000,3.525000095367432,3.525000095367432,2.3290505409240723
27-08-1992,3.5,3.5,4500,3.525000095367432,3.525000095367432,2.3290505409240723
28-08-1992,3.525000095367432,3.525000095367432,0,3.525000095367432,3.525000095367432,2.3290505409240723
31-08-1992,3.575000047683716,3.575000047683716,3500,3.575000047683716,3.575000047683716,2.3620870113372803
01-09-1992,3.549999952316284,3.575000047683716,13000,3.575000047683716,3.575000047683716,2.3620870113372803
02-09-1992,3.575000047683716,3.575000047683716,3000,3.575000047683716,3.575000047683716,2.3620870113372803
03-09-1992,3.575000047683716,3.575000047683716,45000,3.5999999046325684,3.5999999046325684,2.378605604171753
04-09-1992,3.575000047683716,3.575000047683716,13500,3.5999999046325684,3.575000047683716,2.3620870113372803
08-09-1992,3.575000047683716,3.5999999046325684,6500,3.5999999046325684,3.575000047683716,2.3620870113372803
09-09-1992,3.575000047683716,3.5999999046325684,11000,3.625,3.575000047683716,2.3620870113372803
10-09-1992,3.575000047683716,3.5999999046325684,4500,3.5999999046325684,3.575000047683716,2.3620870113372803
11-09-1992,3.575000047683716,3.575000047683716,2000,3.575000047683716,3.575000047683716,2.3620870113372803
14-09-1992,3.5999999046325684,3.5999999046325684,20500,3.625,3.625,2.395123243331909
15-09-1992,3.575000047683716,3.575000047683716,1000,3.575000047683716,3.575000047683716,2.3620870113372803
16-09-1992,3.5999999046325684,3.5999999046325684,10500,3.625,3.625,2.395123243331909
17-09-1992,3.625,3.625,12500,3.625,3.625,2.395123243331909
18-09-1992,3.625,3.625,25500,3.674999952316284,3.674999952316284,2.428159713745117
21-09-1992,3.650000095367432,3.650000095367432,5000,3.650000095367432,3.650000095367432,2.411642074584961
22-09-1992,3.650000095367432,3.674999952316284,6000,3.674999952316284,3.650000095367432,2.411642074584961
23-09-1992,3.5999999046325684,3.625,45000,3.650000095367432,3.650000095367432,2.411642074584961
24-09-1992,3.549999952316284,3.650000095367432,23000,3.650000095367432,3.549999952316284,2.345569372177124
25-09-1992,3.549999952316284,3.549999952316284,6000,3.549999952316284,3.549999952316284,2.345569372177124
28-09-1992,3.525000095367432,3.525000095367432,20000,3.549999952316284,3.549999952316284,2.345569372177124
29-09-1992,3.525000095367432,3.525000095367432,2500,3.525000095367432,3.525000095367432,2.3290505409240723
30-09-1992,3.5,3.525000095367432,63500,3.525000095367432,3.5,2.312532663345337
01-10-1992,3.5,3.5,15000,3.549999952316284,3.525000095367432,2.3290505409240723
02-10-1992,3.5,3.5,23000,3.549999952316284,3.549999952316284,2.345569372177124
05-10-1992,3.5,3.5,6000,3.5,3.5,2.312532663345337
06-10-1992,3.4749999046325684,3.4749999046325684,33500,3.5,3.4749999046325684,2.296014308929444
07-10-1992,3.450000047683716,3.450000047683716,9000,3.5,3.4749999046325684,2.296014308929444
08-10-1992,3.4749999046325684,3.4749999046325684,15500,3.525000095367432,3.525000095367432,2.3290505409240723
09-10-1992,3.4749999046325684,3.4749999046325684,5000,3.5,3.5,2.312532663345337
12-10-1992,3.5,3.549999952316284,12000,3.549999952316284,3.525000095367432,2.3290505409240723
13-10-1992,3.5,3.5,14000,3.525000095367432,3.525000095367432,2.3290505409240723
14-10-1992,3.5,3.5,10000,3.5,3.5,2.312532663345337
15-10-1992,3.525000095367432,3.525000095367432,3000,3.525000095367432,3.525000095367432,2.3290505409240723
16-10-1992,3.5,3.5,1500,3.5,3.5,2.312532663345337
19-10-1992,3.525000095367432,3.525000095367432,4500,3.525000095367432,3.525000095367432,2.3290505409240723
20-10-1992,3.5,3.549999952316284,16500,3.549999952316284,3.5,2.312532663345337
21-10-1992,3.4749999046325684,3.525000095367432,16000,3.525000095367432,3.4749999046325684,2.296014308929444
22-10-1992,3.4749999046325684,3.4749999046325684,220500,3.4749999046325684,3.4749999046325684,2.296014308929444
23-10-1992,3.4749999046325684,3.4749999046325684,19500,3.5,3.5,2.312532663345337
26-10-1992,3.450000047683716,3.5,43500,3.5,3.450000047683716,2.279496908187866
27-10-1992,3.450000047683716,3.450000047683716,500,3.450000047683716,3.450000047683716,2.279496908187866
28-10-1992,3.450000047683716,3.450000047683716,6500,3.450000047683716,3.450000047683716,2.279496908187866
29-10-1992,3.450000047683716,3.450000047683716,0,3.450000047683716,3.450000047683716,2.279496908187866
30-10-1992,3.424999952316284,3.4749999046325684,12000,3.4749999046325684,3.424999952316284,2.2629785537719727
02-11-1992,3.424999952316284,3.424999952316284,1500,3.424999952316284,3.424999952316284,2.2629785537719727
03-11-1992,3.424999952316284,3.424999952316284,2500,3.4749999046325684,3.4749999046325684,2.296014308929444
04-11-1992,3.450000047683716,3.450000047683716,1500,3.450000047683716,3.450000047683716,2.279496908187866
05-11-1992,3.450000047683716,3.450000047683716,0,3.450000047683716,3.450000047683716,2.279496908187866
06-11-1992,3.450000047683716,3.450000047683716,5000,3.450000047683716,3.450000047683716,2.279496908187866
09-11-1992,3.450000047683716,3.4749999046325684,9000,3.4749999046325684,3.450000047683716,2.279496908187866
10-11-1992,3.424999952316284,3.424999952316284,50500,3.424999952316284,3.424999952316284,2.2629785537719727
11-11-1992,3.424999952316284,3.424999952316284,0,3.424999952316284,3.424999952316284,2.2629785537719727
12-11-1992,3.400000095367432,3.400000095367432,35500,3.400000095367432,3.400000095367432,2.246460437774658
13-11-1992,3.375,3.400000095367432,20500,3.424999952316284,3.400000095367432,2.246460437774658
16-11-1992,3.375,3.424999952316284,12000,3.424999952316284,3.375,2.229941844940185
17-11-1992,3.400000095367432,3.424999952316284,5500,3.424999952316284,3.400000095367432,2.246460437774658
18-11-1992,3.400000095367432,3.400000095367432,0,3.400000095367432,3.400000095367432,2.246460437774658
19-11-1992,3.375,3.400000095367432,30000,3.400000095367432,3.375,2.229941844940185
20-11-1992,3.375,3.375,6500,3.400000095367432,3.375,2.229941844940185
23-11-1992,3.375,3.400000095367432,6500,3.400000095367432,3.375,2.229941844940185
24-11-1992,3.375,3.400000095367432,55000,3.424999952316284,3.424999952316284,2.2629785537719727
25-11-1992,3.424999952316284,3.424999952316284,10000,3.549999952316284,3.549999952316284,2.345569372177124
27-11-1992,3.5,3.5,1000,3.5,3.5,2.312532663345337
30-11-1992,3.4749999046325684,3.525000095367432,12000,3.525000095367432,3.5,2.312532663345337
01-12-1992,3.4749999046325684,3.4749999046325684,6500,3.5,3.4749999046325684,2.296014308929444
02-12-1992,3.4749999046325684,3.4749999046325684,7500,3.5,3.4749999046325684,2.296014308929444
03-12-1992,3.4749999046325684,3.5,5000,3.5,3.4749999046325684,2.296014308929444
04-12-1992,3.4749999046325684,3.4749999046325684,9500,3.525000095367432,3.525000095367432,2.3290505409240723
07-12-1992,3.5,3.5,10000,3.525000095367432,3.525000095367432,2.3290505409240723
08-12-1992,3.5,3.5,11500,3.525000095367432,3.525000095367432,2.3290505409240723
09-12-1992,3.5,3.5,26000,3.5,3.5,2.312532663345337
10-12-1992,3.525000095367432,3.525000095367432,11500,3.549999952316284,3.549999952316284,2.345569372177124
11-12-1992,3.525000095367432,3.549999952316284,10500,3.575000047683716,3.575000047683716,2.3620870113372803
14-12-1992,3.525000095367432,3.575000047683716,12500,3.575000047683716,3.549999952316284,2.345569372177124
15-12-1992,3.549999952316284,3.575000047683716,11500,3.625,3.625,2.395123243331909
16-12-1992,3.625,3.674999952316284,19500,3.674999952316284,3.674999952316284,2.428159713745117
17-12-1992,3.700000047683716,3.700000047683716,2500,3.724999904632568,3.724999904632568,2.461195707321167
18-12-1992,3.700000047683716,3.700000047683716,38500,3.775000095367432,3.775000095367432,2.494232177734375
21-12-1992,3.674999952316284,3.775000095367432,10000,3.775000095367432,3.700000047683716,2.444677829742432
22-12-1992,3.575000047683716,3.650000095367432,10000,3.650000095367432,3.575000047683716,2.3620870113372803
23-12-1992,3.525000095367432,3.549999952316284,39000,3.549999952316284,3.525000095367432,2.3290505409240723
24-12-1992,3.525000095367432,3.525000095367432,2000,3.525000095367432,3.525000095367432,2.3290505409240723
28-12-1992,3.4749999046325684,3.5,22000,3.5,3.5,2.312532663345337
29-12-1992,3.400000095367432,3.450000047683716,80500,3.450000047683716,3.400000095367432,2.246460437774658
30-12-1992,3.424999952316284,3.450000047683716,26500,3.5,3.5,2.312532663345337
31-12-1992,3.450000047683716,3.450000047683716,13500,3.525000095367432,3.4749999046325684,2.296014308929444
04-01-1993,3.400000095367432,3.424999952316284,17500,3.424999952316284,3.400000095367432,2.246460437774658
05-01-1993,3.400000095367432,3.400000095367432,6000,3.450000047683716,3.450000047683716,2.279496908187866
06-01-1993,3.4749999046325684,3.4749999046325684,500,3.4749999046325684,3.4749999046325684,2.296014308929444
07-01-1993,3.450000047683716,3.5,15500,3.5,3.450000047683716,2.279496908187866
08-01-1993,3.450000047683716,3.450000047683716,5500,3.450000047683716,3.450000047683716,2.279496908187866
11-01-1993,3.3499999046325684,3.4749999046325684,62500,3.4749999046325684,3.375,2.229941844940185
12-01-1993,3.400000095367432,3.400000095367432,4000,3.450000047683716,3.450000047683716,2.279496908187866
13-01-1993,3.450000047683716,3.450000047683716,1500,3.450000047683716,3.450000047683716,2.279496908187866
14-01-1993,3.375,3.400000095367432,15500,3.424999952316284,3.424999952316284,2.2629785537719727
15-01-1993,3.375,3.400000095367432,17000,3.450000047683716,3.450000047683716,2.279496908187866
18-01-1993,3.450000047683716,3.450000047683716,1000,3.450000047683716,3.450000047683716,2.279496908187866
19-01-1993,3.3499999046325684,3.450000047683716,37000,3.450000047683716,3.424999952316284,2.2629785537719727
20-01-1993,3.400000095367432,3.450000047683716,6500,3.450000047683716,3.400000095367432,2.246460437774658
21-01-1993,3.424999952316284,3.424999952316284,1500,3.450000047683716,3.450000047683716,2.279496908187866
22-01-1993,3.450000047683716,3.450000047683716,2000,3.450000047683716,3.450000047683716,2.279496908187866
25-01-1993,3.400000095367432,3.400000095367432,7000,3.4749999046325684,3.4749999046325684,2.296014308929444
26-01-1993,3.4749999046325684,3.4749999046325684,15000,3.549999952316284,3.549999952316284,2.345569372177124
27-01-1993,3.4749999046325684,3.5,9500,3.525000095367432,3.5,2.312532663345337
28-01-1993,3.4749999046325684,3.549999952316284,3000,3.549999952316284,3.525000095367432,2.3290505409240723
29-01-1993,3.4749999046325684,3.525000095367432,3500,3.525000095367432,3.5,2.312532663345337
01-02-1993,3.450000047683716,3.450000047683716,6500,3.4749999046325684,3.4749999046325684,2.296014308929444
02-02-1993,3.450000047683716,3.4749999046325684,6500,3.4749999046325684,3.4749999046325684,2.296014308929444
03-02-1993,3.5,3.5,34500,3.525000095367432,3.525000095367432,2.3290505409240723
04-02-1993,3.525000095367432,3.525000095367432,10000,3.575000047683716,3.575000047683716,2.3620870113372803
05-02-1993,3.575000047683716,3.575000047683716,10000,3.575000047683716,3.575000047683716,2.3620870113372803
08-02-1993,3.575000047683716,3.575000047683716,6000,3.5999999046325684,3.5999999046325684,2.378605604171753
09-02-1993,3.5999999046325684,3.5999999046325684,7000,3.625,3.625,2.395123243331909
10-02-1993,3.549999952316284,3.5999999046325684,10500,3.5999999046325684,3.549999952316284,2.345569372177124
11-02-1993,3.625,3.625,2000,3.674999952316284,3.674999952316284,2.428159713745117
12-02-1993,3.625,3.650000095367432,4500,3.650000095367432,3.625,2.395123243331909
16-02-1993,3.625,3.625,19500,3.625,3.625,2.395123243331909
17-02-1993,3.650000095367432,3.650000095367432,12500,3.650000095367432,3.650000095367432,2.411642074584961
18-02-1993,3.650000095367432,3.650000095367432,500,3.650000095367432,3.650000095367432,2.411642074584961
19-02-1993,3.674999952316284,3.674999952316284,4000,3.674999952316284,3.674999952316284,2.428159713745117
22-02-1993,3.650000095367432,3.674999952316284,7500,3.674999952316284,3.650000095367432,2.411642074584961
23-02-1993,3.674999952316284,3.674999952316284,1500,3.674999952316284,3.674999952316284,2.428159713745117
24-02-1993,3.650000095367432,3.650000095367432,3000,3.674999952316284,3.674999952316284,2.428159713745117
25-02-1993,3.700000047683716,3.700000047683716,5000,3.75,3.75,2.4777135848999023
26-02-1993,3.700000047683716,3.724999904632568,17500,3.75,3.75,2.4777135848999023
01-03-1993,3.75,3.775000095367432,1500,3.775000095367432,3.75,2.4777135848999023
02-03-1993,3.75,3.75,0,3.75,3.75,2.4777135848999023
03-03-1993,3.724999904632568,3.724999904632568,10000,3.775000095367432,3.724999904632568,2.461195707321167
04-03-1993,3.724999904632568,3.75,6000,3.75,3.75,2.4777135848999023
05-03-1993,3.650000095367432,3.650000095367432,8000,3.700000047683716,3.700000047683716,2.4979679584503174
08-03-1993,3.674999952316284,3.700000047683716,8500,3.75,3.724999904632568,2.514845848083496
09-03-1993,3.724999904632568,3.75,22000,3.75,3.724999904632568,2.514845848083496
10-03-1993,3.724999904632568,3.724999904632568,8500,3.75,3.75,2.531723737716675
11-03-1993,3.724999904632568,3.75,2000,3.75,3.724999904632568,2.514845848083496
12-03-1993,3.700000047683716,3.700000047683716,8500,3.75,3.75,2.531723737716675
15-03-1993,3.75,3.75,500,3.75,3.75,2.531723737716675
16-03-1993,3.799999952316284,3.799999952316284,48000,3.900000095367432,3.875,2.616115093231201
17-03-1993,3.825000047683716,3.875,16000,3.900000095367432,3.825000047683716,2.582358360290528
18-03-1993,3.799999952316284,3.799999952316284,52500,3.900000095367432,3.900000095367432,2.632993221282959
19-03-1993,3.900000095367432,3.900000095367432,1000,3.900000095367432,3.900000095367432,2.632993221282959
22-03-1993,3.900000095367432,3.900000095367432,0,3.900000095367432,3.900000095367432,2.632993221282959
23-03-1993,3.875,3.875,6500,3.875,3.875,2.616115093231201
24-03-1993,3.849999904632568,3.849999904632568,10500,3.875,3.875,2.616115093231201
25-03-1993,3.849999904632568,3.849999904632568,2000,3.849999904632568,3.849999904632568,2.5992372035980225
26-03-1993,3.849999904632568,3.849999904632568,100500,3.849999904632568,3.849999904632568,2.5992372035980225
29-03-1993,3.849999904632568,3.849999904632568,2500,3.875,3.849999904632568,2.5992372035980225
30-03-1993,3.849999904632568,3.849999904632568,1000,3.849999904632568,3.849999904632568,2.5992372035980225
31-03-1993,3.775000095367432,3.849999904632568,40000,3.849999904632568,3.775000095367432,2.548602342605591
01-04-1993,3.775000095367432,3.799999952316284,3500,3.799999952316284,3.775000095367432,2.548602342605591
02-04-1993,3.75,3.75,12500,3.75,3.75,2.531723737716675
05-04-1993,3.775000095367432,3.775000095367432,1500,3.775000095367432,3.775000095367432,2.548602342605591
06-04-1993,3.724999904632568,3.799999952316284,37500,3.799999952316284,3.724999904632568,2.514845848083496
07-04-1993,3.674999952316284,3.700000047683716,16000,3.700000047683716,3.700000047683716,2.4979679584503174
08-04-1993,3.75,3.75,12500,3.75,3.75,2.531723737716675
12-04-1993,3.775000095367432,3.775000095367432,1000,3.775000095367432,3.775000095367432,2.548602342605591
13-04-1993,3.799999952316284,3.799999952316284,500,3.799999952316284,3.799999952316284,2.565480709075928
14-04-1993,3.775000095367432,3.775000095367432,1000,3.775000095367432,3.775000095367432,2.548602342605591
15-04-1993,3.775000095367432,3.775000095367432,0,3.775000095367432,3.775000095367432,2.548602342605591
16-04-1993,3.775000095367432,3.799999952316284,6000,3.799999952316284,3.775000095367432,2.548602342605591
19-04-1993,3.75,3.75,19000,3.825000047683716,3.825000047683716,2.582358360290528
20-04-1993,3.799999952316284,3.825000047683716,20000,3.825000047683716,3.799999952316284,2.565480709075928
21-04-1993,3.75,3.799999952316284,6500,3.799999952316284,3.75,2.531723737716675
22-04-1993,3.650000095367432,3.799999952316284,16000,3.799999952316284,3.650000095367432,2.4642117023468018
23-04-1993,3.650000095367432,3.650000095367432,17500,3.674999952316284,3.674999952316284,2.4810893535614014
26-04-1993,3.700000047683716,3.700000047683716,3000,3.724999904632568,3.724999904632568,2.514845848083496
27-04-1993,3.674999952316284,3.674999952316284,13000,3.700000047683716,3.674999952316284,2.4810893535614014
28-04-1993,3.674999952316284,3.674999952316284,4500,3.75,3.75,2.531723737716675
29-04-1993,3.700000047683716,3.775000095367432,22000,3.775000095367432,3.700000047683716,2.4979679584503174
30-04-1993,3.75,3.75,11000,3.775000095367432,3.75,2.531723737716675
03-05-1993,3.724999904632568,3.724999904632568,1500,3.75,3.75,2.531723737716675
04-05-1993,3.724999904632568,3.75,5500,3.75,3.724999904632568,2.514845848083496
05-05-1993,3.75,3.75,2000,3.75,3.75,2.531723737716675
06-05-1993,3.724999904632568,3.75,17000,3.75,3.724999904632568,2.514845848083496
07-05-1993,3.75,3.75,6500,3.75,3.75,2.531723737716675
10-05-1993,3.724999904632568,3.75,11500,3.75,3.75,2.531723737716675
11-05-1993,3.724999904632568,3.75,7500,3.75,3.724999904632568,2.514845848083496
12-05-1993,3.724999904632568,3.75,1500,3.75,3.724999904632568,2.514845848083496
13-05-1993,3.75,3.75,6000,3.75,3.75,2.531723737716675
14-05-1993,3.75,3.75,1500,3.75,3.75,2.531723737716675
17-05-1993,3.75,3.75,0,3.75,3.75,2.531723737716675
18-05-1993,3.75,3.75,13500,3.75,3.75,2.531723737716675
19-05-1993,3.724999904632568,3.724999904632568,5000,3.724999904632568,3.724999904632568,2.514845848083496
20-05-1993,3.724999904632568,3.724999904632568,9500,3.75,3.75,2.531723737716675
21-05-1993,3.724999904632568,3.75,9000,3.75,3.724999904632568,2.514845848083496
24-05-1993,3.724999904632568,3.724999904632568,7000,3.75,3.724999904632568,2.514845848083496
25-05-1993,3.724999904632568,3.724999904632568,8000,3.75,3.75,2.531723737716675
26-05-1993,3.75,3.75,1000,3.75,3.75,2.531723737716675
27-05-1993,3.75,3.75,2500,3.75,3.75,2.531723737716675
28-05-1993,3.700000047683716,3.724999904632568,9000,3.724999904632568,3.724999904632568,2.514845848083496
01-06-1993,3.700000047683716,3.724999904632568,15500,3.724999904632568,3.724999904632568,2.514845848083496
02-06-1993,3.700000047683716,3.724999904632568,28000,3.724999904632568,3.724999904632568,2.514845848083496
03-06-1993,3.724999904632568,3.75,2000,3.75,3.724999904632568,2.514845848083496
04-06-1993,3.724999904632568,3.724999904632568,1500,3.724999904632568,3.724999904632568,2.514845848083496
07-06-1993,3.724999904632568,3.724999904632568,6500,3.75,3.75,2.531723737716675
08-06-1993,3.724999904632568,3.724999904632568,7500,3.75,3.75,2.531723737716675
09-06-1993,3.724999904632568,3.724999904632568,4000,3.724999904632568,3.724999904632568,2.514845848083496
10-06-1993,3.724999904632568,3.75,4500,3.75,3.75,2.531723737716675
11-06-1993,3.75,3.75,26500,3.75,3.75,2.531723737716675
14-06-1993,3.724999904632568,3.724999904632568,4000,3.724999904632568,3.724999904632568,2.514845848083496
15-06-1993,3.650000095367432,3.700000047683716,8500,3.700000047683716,3.700000047683716,2.4979679584503174
16-06-1993,3.650000095367432,3.650000095367432,8500,3.724999904632568,3.724999904632568,2.514845848083496
17-06-1993,3.724999904632568,3.724999904632568,0,3.724999904632568,3.724999904632568,2.514845848083496
18-06-1993,3.724999904632568,3.724999904632568,8000,3.724999904632568,3.724999904632568,2.514845848083496
21-06-1993,3.700000047683716,3.724999904632568,11500,3.724999904632568,3.700000047683716,2.4979679584503174
22-06-1993,3.700000047683716,3.700000047683716,1000,3.700000047683716,3.700000047683716,2.4979679584503174
23-06-1993,3.700000047683716,3.700000047683716,7500,3.724999904632568,3.724999904632568,2.514845848083496
24-06-1993,3.700000047683716,3.700000047683716,1000,3.700000047683716,3.700000047683716,2.4979679584503174
25-06-1993,3.650000095367432,3.700000047683716,11000,3.700000047683716,3.700000047683716,2.4979679584503174
28-06-1993,3.625,3.700000047683716,29000,3.700000047683716,3.625,2.4473330974578857
29-06-1993,3.650000095367432,3.674999952316284,12500,3.700000047683716,3.700000047683716,2.4979679584503174
30-06-1993,3.625,3.674999952316284,27500,3.674999952316284,3.674999952316284,2.4810893535614014
01-07-1993,3.724999904632568,3.724999904632568,1500,3.724999904632568,3.724999904632568,2.514845848083496
02-07-1993,3.724999904632568,3.724999904632568,0,3.724999904632568,3.724999904632568,2.514845848083496
06-07-1993,3.650000095367432,3.674999952316284,6000,3.700000047683716,3.700000047683716,2.4979679584503174
07-07-1993,3.650000095367432,3.650000095367432,4500,3.650000095367432,3.650000095367432,2.4642117023468018
08-07-1993,3.625,3.625,2000,3.625,3.625,2.4473330974578857
09-07-1993,3.650000095367432,3.674999952316284,7500,3.674999952316284,3.650000095367432,2.4642117023468018
12-07-1993,3.674999952316284,3.674999952316284,2000,3.674999952316284,3.674999952316284,2.4810893535614014
13-07-1993,3.674999952316284,3.674999952316284,0,3.674999952316284,3.674999952316284,2.4810893535614014
14-07-1993,3.700000047683716,3.700000047683716,500,3.700000047683716,3.700000047683716,2.4979679584503174
15-07-1993,3.700000047683716,3.700000047683716,0,3.700000047683716,3.700000047683716,2.4979679584503174
16-07-1993,3.700000047683716,3.700000047683716,1000,3.700000047683716,3.700000047683716,2.4979679584503174
19-07-1993,3.650000095367432,3.674999952316284,7000,3.674999952316284,3.674999952316284,2.4810893535614014
20-07-1993,3.700000047683716,3.700000047683716,4000,3.724999904632568,3.700000047683716,2.4979679584503174
21-07-1993,3.700000047683716,3.700000047683716,5000,3.700000047683716,3.700000047683716,2.4979679584503174
22-07-1993,3.650000095367432,3.674999952316284,18500,3.700000047683716,3.650000095367432,2.4642117023468018
23-07-1993,3.650000095367432,3.650000095367432,0,3.650000095367432,3.650000095367432,2.4642117023468018
26-07-1993,3.625,3.625,8500,3.625,3.625,2.4473330974578857
27-07-1993,3.674999952316284,3.674999952316284,3500,3.674999952316284,3.674999952316284,2.4810893535614014
28-07-1993,3.650000095367432,3.650000095367432,21000,3.700000047683716,3.700000047683716,2.4979679584503174
29-07-1993,3.650000095367432,3.650000095367432,2500,3.650000095367432,3.650000095367432,2.4642117023468018
30-07-1993,3.650000095367432,3.650000095367432,16500,3.700000047683716,3.674999952316284,2.4810893535614014
02-08-1993,3.700000047683716,3.700000047683716,5000,3.700000047683716,3.700000047683716,2.4979679584503174
03-08-1993,3.724999904632568,3.724999904632568,10000,3.75,3.75,2.531723737716675
04-08-1993,3.724999904632568,3.724999904632568,3000,3.724999904632568,3.724999904632568,2.514845848083496
05-08-1993,3.700000047683716,3.724999904632568,31000,3.724999904632568,3.700000047683716,2.4979679584503174
06-08-1993,3.700000047683716,3.700000047683716,0,3.700000047683716,3.700000047683716,2.4979679584503174
09-08-1993,3.700000047683716,3.724999904632568,23000,3.75,3.724999904632568,2.514845848083496
10-08-1993,3.75,3.75,32000,3.799999952316284,3.799999952316284,2.565480709075928
11-08-1993,3.825000047683716,3.825000047683716,43000,3.900000095367432,3.900000095367432,2.632993221282959
12-08-1993,3.849999904632568,3.900000095367432,97500,3.900000095367432,3.849999904632568,2.5992372035980225
13-08-1993,3.825000047683716,3.875,16000,3.875,3.825000047683716,2.582358360290528
16-08-1993,3.849999904632568,3.849999904632568,10500,3.875,3.875,2.616115093231201
17-08-1993,3.849999904632568,3.849999904632568,9500,3.974999904632568,3.974999904632568,2.6836273670196533
18-08-1993,3.924999952316284,3.950000047683716,26500,3.974999904632568,3.950000047683716,2.6667497158050537
19-08-1993,3.924999952316284,3.950000047683716,3000,3.950000047683716,3.950000047683716,2.6667497158050537
20-08-1993,3.900000095367432,3.900000095367432,6000,3.924999952316284,3.900000095367432,2.632993221282959
23-08-1993,3.875,3.875,3000,3.924999952316284,3.924999952316284,2.6498711109161377
24-08-1993,3.900000095367432,3.924999952316284,8500,3.924999952316284,3.900000095367432,2.632993221282959
25-08-1993,3.825000047683716,3.875,8500,3.875,3.825000047683716,2.582358360290528
26-08-1993,3.775000095367432,3.799999952316284,17500,3.799999952316284,3.775000095367432,2.548602342605591
27-08-1993,3.75,3.75,27500,3.75,3.75,2.531723737716675
30-08-1993,3.75,3.799999952316284,13500,3.825000047683716,3.825000047683716,2.582358360290528
31-08-1993,3.799999952316284,3.799999952316284,1000,3.849999904632568,3.849999904632568,2.5992372035980225
01-09-1993,3.799999952316284,3.900000095367432,7000,3.924999952316284,3.799999952316284,2.565480709075928
02-09-1993,3.799999952316284,3.799999952316284,6000,3.849999904632568,3.849999904632568,2.5992372035980225
03-09-1993,3.825000047683716,3.875,7000,3.875,3.875,2.616115093231201
07-09-1993,3.799999952316284,3.825000047683716,4000,3.825000047683716,3.799999952316284,2.565480709075928
08-09-1993,3.799999952316284,3.799999952316284,1000,3.799999952316284,3.799999952316284,2.565480709075928
09-09-1993,3.825000047683716,3.825000047683716,2500,3.825000047683716,3.825000047683716,2.582358360290528
10-09-1993,3.825000047683716,3.825000047683716,0,3.825000047683716,3.825000047683716,2.582358360290528
13-09-1993,3.799999952316284,3.825000047683716,9000,3.825000047683716,3.799999952316284,2.565480709075928
14-09-1993,3.799999952316284,3.799999952316284,5000,3.799999952316284,3.799999952316284,2.565480709075928
15-09-1993,3.799999952316284,3.799999952316284,4000,3.825000047683716,3.799999952316284,2.565480709075928
16-09-1993,3.799999952316284,3.799999952316284,27000,3.799999952316284,3.799999952316284,2.565480709075928
17-09-1993,3.799999952316284,3.799999952316284,3000,3.799999952316284,3.799999952316284,2.565480709075928
20-09-1993,3.799999952316284,3.799999952316284,3000,3.799999952316284,3.799999952316284,2.565480709075928
21-09-1993,3.75,3.825000047683716,20000,3.825000047683716,3.775000095367432,2.548602342605591
22-09-1993,3.775000095367432,3.775000095367432,1500,3.775000095367432,3.775000095367432,2.548602342605591
23-09-1993,3.775000095367432,3.775000095367432,1500,3.775000095367432,3.775000095367432,2.548602342605591
24-09-1993,3.775000095367432,3.799999952316284,2000,3.799999952316284,3.775000095367432,2.548602342605591
27-09-1993,3.799999952316284,3.799999952316284,5000,3.799999952316284,3.799999952316284,2.565480709075928
28-09-1993,3.799999952316284,3.799999952316284,500,3.799999952316284,3.799999952316284,2.565480709075928
29-09-1993,3.799999952316284,3.849999904632568,3000,3.849999904632568,3.799999952316284,2.565480709075928
30-09-1993,3.799999952316284,3.799999952316284,2000,3.799999952316284,3.799999952316284,2.565480709075928
01-10-1993,3.799999952316284,3.799999952316284,7500,3.799999952316284,3.799999952316284,2.565480709075928
04-10-1993,3.775000095367432,3.799999952316284,15000,3.799999952316284,3.775000095367432,2.548602342605591
05-10-1993,3.799999952316284,3.799999952316284,2000,3.799999952316284,3.799999952316284,2.565480709075928
06-10-1993,3.799999952316284,3.799999952316284,5000,3.799999952316284,3.799999952316284,2.565480709075928
07-10-1993,3.799999952316284,3.799999952316284,5000,3.799999952316284,3.799999952316284,2.565480709075928
08-10-1993,3.775000095367432,3.775000095367432,1500,3.775000095367432,3.775000095367432,2.548602342605591
11-10-1993,3.775000095367432,3.775000095367432,13500,3.825000047683716,3.825000047683716,2.582358360290528
12-10-1993,3.799999952316284,3.799999952316284,7000,3.799999952316284,3.799999952316284,2.565480709075928
13-10-1993,3.825000047683716,3.825000047683716,1500,3.849999904632568,3.849999904632568,2.5992372035980225
14-10-1993,3.849999904632568,3.849999904632568,0,3.849999904632568,3.849999904632568,2.5992372035980225
15-10-1993,3.825000047683716,3.825000047683716,1500,3.825000047683716,3.825000047683716,2.582358360290528
18-10-1993,3.825000047683716,3.849999904632568,6000,3.849999904632568,3.849999904632568,2.5992372035980225
19-10-1993,3.825000047683716,3.825000047683716,12000,3.875,3.875,2.616115093231201
20-10-1993,3.825000047683716,3.849999904632568,1500,3.849999904632568,3.825000047683716,2.582358360290528
21-10-1993,3.799999952316284,3.825000047683716,5000,3.849999904632568,3.799999952316284,2.565480709075928
22-10-1993,3.799999952316284,3.799999952316284,4500,3.825000047683716,3.825000047683716,2.582358360290528
25-10-1993,3.849999904632568,3.849999904632568,2000,3.849999904632568,3.849999904632568,2.5992372035980225
26-10-1993,3.849999904632568,3.849999904632568,6000,3.849999904632568,3.849999904632568,2.5992372035980225
27-10-1993,3.799999952316284,3.849999904632568,18000,3.849999904632568,3.825000047683716,2.582358360290528
28-10-1993,3.799999952316284,3.799999952316284,500,3.799999952316284,3.799999952316284,2.565480709075928
29-10-1993,3.799999952316284,3.799999952316284,7000,3.825000047683716,3.825000047683716,2.582358360290528
01-11-1993,3.799999952316284,3.799999952316284,2500,3.825000047683716,3.825000047683716,2.582358360290528
02-11-1993,3.825000047683716,3.825000047683716,2000,3.825000047683716,3.825000047683716,2.582358360290528
03-11-1993,3.700000047683716,3.825000047683716,44500,3.825000047683716,3.700000047683716,2.4979679584503174
04-11-1993,3.724999904632568,3.75,17000,3.799999952316284,3.724999904632568,2.514845848083496
05-11-1993,3.75,3.75,2000,3.775000095367432,3.775000095367432,2.548602342605591
08-11-1993,3.75,3.75,4000,3.775000095367432,3.775000095367432,2.548602342605591
09-11-1993,3.775000095367432,3.775000095367432,50000,3.974999904632568,3.950000047683716,2.6667497158050537
10-11-1993,3.875,3.950000047683716,10500,3.950000047683716,3.924999952316284,2.6498711109161377
11-11-1993,3.924999952316284,3.924999952316284,500,3.924999952316284,3.924999952316284,2.6498711109161377
12-11-1993,3.924999952316284,3.924999952316284,0,3.924999952316284,3.924999952316284,2.6498711109161377
15-11-1993,3.924999952316284,3.924999952316284,3500,3.924999952316284,3.924999952316284,2.6498711109161377
16-11-1993,3.825000047683716,3.924999952316284,16500,3.924999952316284,3.849999904632568,2.5992372035980225
17-11-1993,3.900000095367432,3.900000095367432,1500,3.900000095367432,3.900000095367432,2.632993221282959
18-11-1993,3.849999904632568,3.849999904632568,8000,3.900000095367432,3.900000095367432,2.632993221282959
19-11-1993,3.900000095367432,3.900000095367432,1000,3.900000095367432,3.900000095367432,2.632993221282959
22-11-1993,3.799999952316284,3.849999904632568,7500,3.849999904632568,3.799999952316284,2.565480709075928
23-11-1993,3.799999952316284,3.799999952316284,500,3.799999952316284,3.799999952316284,2.565480709075928
24-11-1993,3.799999952316284,3.799999952316284,500,3.799999952316284,3.799999952316284,2.565480709075928
26-11-1993,3.799999952316284,3.799999952316284,6500,3.825000047683716,3.825000047683716,2.582358360290528
29-11-1993,3.799999952316284,3.799999952316284,3000,3.799999952316284,3.799999952316284,2.565480709075928
30-11-1993,3.799999952316284,3.799999952316284,3000,3.799999952316284,3.799999952316284,2.565480709075928
01-12-1993,3.799999952316284,3.799999952316284,2500,3.825000047683716,3.825000047683716,2.582358360290528
02-12-1993,3.825000047683716,3.825000047683716,0,3.825000047683716,3.825000047683716,2.582358360290528
03-12-1993,3.825000047683716,3.825000047683716,4500,3.849999904632568,3.849999904632568,2.5992372035980225
06-12-1993,3.900000095367432,3.900000095367432,4000,3.900000095367432,3.900000095367432,2.632993221282959
07-12-1993,3.875,3.875,20000,3.900000095367432,3.900000095367432,2.632993221282959
08-12-1993,3.825000047683716,3.849999904632568,13000,3.849999904632568,3.825000047683716,2.582358360290528
09-12-1993,3.825000047683716,3.825000047683716,1000,3.825000047683716,3.825000047683716,2.582358360290528
10-12-1993,3.825000047683716,3.849999904632568,1500,3.849999904632568,3.825000047683716,2.582358360290528
13-12-1993,3.825000047683716,3.825000047683716,9000,3.825000047683716,3.825000047683716,2.582358360290528
14-12-1993,3.799999952316284,3.825000047683716,11500,3.849999904632568,3.849999904632568,2.5992372035980225
15-12-1993,3.799999952316284,3.799999952316284,12000,3.825000047683716,3.799999952316284,2.565480709075928
16-12-1993,3.799999952316284,3.799999952316284,0,3.799999952316284,3.799999952316284,2.565480709075928
17-12-1993,3.825000047683716,3.849999904632568,9500,3.849999904632568,3.825000047683716,2.582358360290528
20-12-1993,3.799999952316284,3.875,17500,3.875,3.799999952316284,2.565480709075928
21-12-1993,3.799999952316284,3.799999952316284,18000,3.799999952316284,3.799999952316284,2.565480709075928
22-12-1993,3.799999952316284,3.799999952316284,6000,3.825000047683716,3.825000047683716,2.582358360290528
23-12-1993,3.775000095367432,3.799999952316284,13000,3.799999952316284,3.799999952316284,2.565480709075928
27-12-1993,3.799999952316284,3.799999952316284,22500,3.825000047683716,3.799999952316284,2.565480709075928
28-12-1993,3.799999952316284,3.799999952316284,1000,3.799999952316284,3.799999952316284,2.565480709075928
29-12-1993,3.799999952316284,3.825000047683716,13500,3.849999904632568,3.799999952316284,2.565480709075928
30-12-1993,3.75,3.775000095367432,26500,3.825000047683716,3.775000095367432,2.548602342605591
31-12-1993,3.825000047683716,3.825000047683716,5000,3.825000047683716,3.825000047683716,2.582358360290528
03-01-1994,3.799999952316284,3.875,6000,3.875,3.799999952316284,2.565480709075928
04-01-1994,3.825000047683716,3.825000047683716,2500,3.849999904632568,3.849999904632568,2.5992372035980225
05-01-1994,3.799999952316284,3.799999952316284,1500,3.799999952316284,3.799999952316284,2.565480709075928
06-01-1994,3.75,3.799999952316284,6000,3.799999952316284,3.75,2.531723737716675
07-01-1994,3.775000095367432,3.775000095367432,7000,3.849999904632568,3.849999904632568,2.5992372035980225
10-01-1994,3.825000047683716,3.825000047683716,1000,3.825000047683716,3.825000047683716,2.582358360290528
11-01-1994,3.849999904632568,3.875,5500,3.900000095367432,3.849999904632568,2.5992372035980225
12-01-1994,3.849999904632568,3.900000095367432,6500,3.924999952316284,3.849999904632568,2.5992372035980225
13-01-1994,3.900000095367432,3.900000095367432,2000,3.900000095367432,3.900000095367432,2.632993221282959
14-01-1994,3.900000095367432,3.900000095367432,1000,3.900000095367432,3.900000095367432,2.632993221282959
17-01-1994,3.950000047683716,3.950000047683716,31000,4.050000190734863,4.025000095367432,2.717384099960327
18-01-1994,4.0,4.0,10500,4.025000095367432,4.0,2.700505495071411
19-01-1994,4.0,4.025000095367432,10500,4.025000095367432,4.025000095367432,2.717384099960327
20-01-1994,4.074999809265137,4.074999809265137,14500,4.175000190734863,4.175000190734863,2.818652391433716
21-01-1994,4.074999809265137,4.125,14500,4.175000190734863,4.125,2.784895896911621
24-01-1994,4.150000095367432,4.150000095367432,46000,4.300000190734863,4.224999904632568,2.8524086475372314
25-01-1994,4.224999904632568,4.25,61000,4.300000190734863,4.25,2.8692874908447266
26-01-1994,4.224999904632568,4.25,57500,4.25,4.224999904632568,2.8524086475372314
27-01-1994,4.224999904632568,4.25,3000,4.25,4.25,2.8692874908447266
28-01-1994,4.25,4.25,500,4.25,4.25,2.8692874908447266
31-01-1994,4.224999904632568,4.25,28000,4.300000190734863,4.300000190734863,2.9030439853668213
01-02-1994,4.300000190734863,4.300000190734863,4000,4.300000190734863,4.300000190734863,2.9030439853668213
02-02-1994,4.275000095367432,4.300000190734863,24500,4.300000190734863,4.300000190734863,2.9030439853668213
03-02-1994,4.150000095367432,4.300000190734863,31500,4.300000190734863,4.199999809265137,2.835531234741211
04-02-1994,4.099999904632568,4.199999809265137,9000,4.199999809265137,4.099999904632568,2.7680184841156006
07-02-1994,4.074999809265137,4.150000095367432,3500,4.150000095367432,4.125,2.784895896911621
08-02-1994,4.099999904632568,4.099999904632568,3500,4.150000095367432,4.099999904632568,2.7680184841156006
09-02-1994,4.074999809265137,4.074999809265137,2500,4.074999809265137,4.074999809265137,2.751139640808105
10-02-1994,4.074999809265137,4.125,3000,4.125,4.074999809265137,2.751139640808105
11-02-1994,4.074999809265137,4.074999809265137,500,4.074999809265137,4.074999809265137,2.751139640808105
14-02-1994,4.125,4.125,3500,4.125,4.125,2.784895896911621
15-02-1994,4.125,4.125,9500,4.199999809265137,4.175000190734863,2.818652391433716
16-02-1994,4.150000095367432,4.199999809265137,2000,4.199999809265137,4.199999809265137,2.835531234741211
17-02-1994,4.199999809265137,4.199999809265137,5000,4.199999809265137,4.199999809265137,2.835531234741211
18-02-1994,4.150000095367432,4.199999809265137,21500,4.199999809265137,4.150000095367432,2.801775455474853
22-02-1994,4.150000095367432,4.150000095367432,1000,4.150000095367432,4.150000095367432,2.801775455474853
23-02-1994,4.125,4.125,19500,4.150000095367432,4.125,2.784895896911621
24-02-1994,4.125,4.125,9000,4.175000190734863,4.150000095367432,2.801775455474853
25-02-1994,4.074999809265137,4.125,17000,4.125,4.074999809265137,2.751139640808105
28-02-1994,4.0,4.074999809265137,35000,4.074999809265137,4.0,2.700505495071411
01-03-1994,4.0,4.0,6500,4.0,4.0,2.700505495071411
02-03-1994,4.0,4.0,10500,4.050000190734863,4.050000190734863,2.734261512756348
03-03-1994,4.0,4.025000095367432,36000,4.025000095367432,4.0,2.700505495071411
04-03-1994,4.050000190734863,4.050000190734863,1000,4.050000190734863,4.050000190734863,2.734261512756348
07-03-1994,3.924999952316284,3.924999952316284,5000,3.924999952316284,3.924999952316284,2.7032692432403564
08-03-1994,3.924999952316284,3.924999952316284,0,3.924999952316284,3.924999952316284,2.7032692432403564
09-03-1994,3.924999952316284,3.924999952316284,0,3.924999952316284,3.924999952316284,2.7032692432403564
10-03-1994,3.950000047683716,3.950000047683716,4500,4.0,3.974999904632568,2.737705707550049
11-03-1994,3.974999904632568,3.974999904632568,1500,3.974999904632568,3.974999904632568,2.737705707550049
14-03-1994,3.974999904632568,3.974999904632568,500,3.974999904632568,3.974999904632568,2.737705707550049
15-03-1994,4.025000095367432,4.025000095367432,1500,4.025000095367432,4.025000095367432,2.7721428871154785
16-03-1994,4.025000095367432,4.025000095367432,500,4.025000095367432,4.025000095367432,2.7721428871154785
17-03-1994,4.025000095367432,4.025000095367432,12000,4.025000095367432,4.025000095367432,2.7721428871154785
18-03-1994,4.0,4.025000095367432,5500,4.025000095367432,4.0,2.754924058914185
21-03-1994,4.0,4.0,4500,4.0,4.0,2.754924058914185
22-03-1994,4.0,4.0,0,4.0,4.0,2.754924058914185
23-03-1994,4.0,4.0,0,4.0,4.0,2.754924058914185
24-03-1994,3.950000047683716,3.974999904632568,11000,3.974999904632568,3.950000047683716,2.720487594604492
25-03-1994,3.950000047683716,3.950000047683716,7500,3.974999904632568,3.974999904632568,2.737705707550049
28-03-1994,3.950000047683716,3.950000047683716,500,3.950000047683716,3.950000047683716,2.720487594604492
29-03-1994,3.950000047683716,3.950000047683716,10500,3.950000047683716,3.950000047683716,2.720487594604492
30-03-1994,3.974999904632568,3.974999904632568,1000,3.974999904632568,3.974999904632568,2.737705707550049
31-03-1994,3.900000095367432,3.974999904632568,7500,3.974999904632568,3.900000095367432,2.6860508918762207
04-04-1994,3.849999904632568,3.950000047683716,14500,3.950000047683716,3.875,2.668832540512085
05-04-1994,3.900000095367432,3.924999952316284,9500,3.924999952316284,3.900000095367432,2.6860508918762207
06-04-1994,3.849999904632568,3.849999904632568,1000,3.849999904632568,3.849999904632568,2.651614189147949
07-04-1994,3.875,3.875,7000,3.875,3.875,2.668832540512085
08-04-1994,3.849999904632568,3.849999904632568,8500,3.900000095367432,3.849999904632568,2.651614189147949
11-04-1994,3.849999904632568,3.900000095367432,9500,3.900000095367432,3.849999904632568,2.651614189147949
12-04-1994,3.849999904632568,3.849999904632568,6500,3.849999904632568,3.849999904632568,2.651614189147949
13-04-1994,3.900000095367432,3.900000095367432,1000,3.900000095367432,3.900000095367432,2.6860508918762207
14-04-1994,3.924999952316284,3.924999952316284,1000,3.924999952316284,3.924999952316284,2.7032692432403564
15-04-1994,3.924999952316284,3.924999952316284,0,3.924999952316284,3.924999952316284,2.7032692432403564
18-04-1994,3.950000047683716,3.950000047683716,1000,3.950000047683716,3.950000047683716,2.720487594604492
19-04-1994,3.950000047683716,4.0,6000,4.0,3.950000047683716,2.720487594604492
20-04-1994,4.0,4.0,1000,4.0,4.0,2.754924058914185
21-04-1994,4.0,4.0,1500,4.025000095367432,4.025000095367432,2.7721428871154785
22-04-1994,4.025000095367432,4.050000190734863,4500,4.050000190734863,4.025000095367432,2.7721428871154785
25-04-1994,4.025000095367432,4.025000095367432,3000,4.025000095367432,4.025000095367432,2.7721428871154785
26-04-1994,4.050000190734863,4.050000190734863,1000,4.050000190734863,4.050000190734863,2.789360761642456
28-04-1994,4.050000190734863,4.050000190734863,0,4.050000190734863,4.050000190734863,2.789360761642456
29-04-1994,4.050000190734863,4.050000190734863,0,4.050000190734863,4.050000190734863,2.789360761642456
02-05-1994,4.099999904632568,4.099999904632568,1000,4.099999904632568,4.099999904632568,2.823797702789306
03-05-1994,4.050000190734863,4.050000190734863,11000,4.050000190734863,4.050000190734863,2.789360761642456
04-05-1994,4.025000095367432,4.025000095367432,500,4.025000095367432,4.025000095367432,2.7721428871154785
05-05-1994,4.025000095367432,4.025000095367432,0,4.025000095367432,4.025000095367432,2.7721428871154785
06-05-1994,3.974999904632568,4.0,3000,4.0,3.974999904632568,2.737705707550049
09-05-1994,3.974999904632568,3.974999904632568,5500,4.0,4.0,2.754924058914185
10-05-1994,3.950000047683716,3.974999904632568,27000,4.0,4.0,2.754924058914185
11-05-1994,3.950000047683716,3.950000047683716,8500,4.0,4.0,2.754924058914185
12-05-1994,4.0,4.0,0,4.0,4.0,2.754924058914185
13-05-1994,4.0,4.0,3000,4.0,4.0,2.754924058914185
16-05-1994,4.0,4.0,0,4.0,4.0,2.754924058914185
17-05-1994,3.974999904632568,3.974999904632568,5000,3.974999904632568,3.974999904632568,2.737705707550049
18-05-1994,3.974999904632568,3.974999904632568,0,3.974999904632568,3.974999904632568,2.737705707550049
19-05-1994,3.950000047683716,3.950000047683716,2500,3.950000047683716,3.950000047683716,2.720487594604492
20-05-1994,3.974999904632568,3.974999904632568,13000,4.025000095367432,4.025000095367432,2.7721428871154785
23-05-1994,4.025000095367432,4.025000095367432,500,4.025000095367432,4.025000095367432,2.7721428871154785
24-05-1994,3.974999904632568,3.974999904632568,500,3.974999904632568,3.974999904632568,2.737705707550049
25-05-1994,3.974999904632568,3.974999904632568,0,3.974999904632568,3.974999904632568,2.737705707550049
26-05-1994,3.950000047683716,3.950000047683716,1000,3.950000047683716,3.950000047683716,2.720487594604492
27-05-1994,3.950000047683716,3.950000047683716,3000,3.974999904632568,3.974999904632568,2.737705707550049
31-05-1994,3.924999952316284,3.950000047683716,5000,3.950000047683716,3.924999952316284,2.7032692432403564
01-06-1994,3.924999952316284,3.924999952316284,0,3.924999952316284,3.924999952316284,2.7032692432403564
02-06-1994,3.924999952316284,3.924999952316284,142000,3.924999952316284,3.924999952316284,2.7032692432403564
03-06-1994,3.849999904632568,3.974999904632568,39000,3.974999904632568,3.875,2.668832540512085
06-06-1994,3.799999952316284,3.849999904632568,17000,3.849999904632568,3.825000047683716,2.634395837783813
07-06-1994,3.799999952316284,3.799999952316284,500,3.799999952316284,3.799999952316284,2.617177963256836
08-06-1994,3.775000095367432,3.825000047683716,16000,3.825000047683716,3.775000095367432,2.5999596118927
09-06-1994,3.75,3.775000095367432,11500,3.799999952316284,3.799999952316284,2.617177963256836
10-06-1994,3.799999952316284,3.799999952316284,6000,3.825000047683716,3.825000047683716,2.634395837783813
13-06-1994,3.799999952316284,3.799999952316284,7500,3.799999952316284,3.799999952316284,2.617177963256836
14-06-1994,3.799999952316284,3.799999952316284,0,3.799999952316284,3.799999952316284,2.617177963256836
15-06-1994,3.799999952316284,3.799999952316284,0,3.799999952316284,3.799999952316284,2.617177963256836
16-06-1994,3.775000095367432,3.775000095367432,5000,3.775000095367432,3.775000095367432,2.5999596118927
17-06-1994,3.674999952316284,3.75,8000,3.75,3.674999952316284,2.5310864448547363
20-06-1994,3.674999952316284,3.674999952316284,2000,3.674999952316284,3.674999952316284,2.5310864448547363
21-06-1994,3.650000095367432,3.700000047683716,14500,3.700000047683716,3.650000095367432,2.5138680934906006
22-06-1994,3.650000095367432,3.674999952316284,8500,3.700000047683716,3.700000047683716,2.5483040809631348
23-06-1994,3.700000047683716,3.700000047683716,7500,3.775000095367432,3.775000095367432,2.5999596118927
24-06-1994,3.775000095367432,3.775000095367432,16500,3.825000047683716,3.775000095367432,2.5999596118927
27-06-1994,3.799999952316284,3.799999952316284,2000,3.799999952316284,3.799999952316284,2.617177963256836
28-06-1994,3.849999904632568,3.849999904632568,1500,3.849999904632568,3.849999904632568,2.651614189147949
29-06-1994,3.825000047683716,3.825000047683716,500,3.825000047683716,3.825000047683716,2.634395837783813
30-06-1994,3.799999952316284,3.825000047683716,10500,3.825000047683716,3.799999952316284,2.617177963256836
01-07-1994,3.825000047683716,3.849999904632568,38000,3.849999904632568,3.825000047683716,2.634395837783813
05-07-1994,3.900000095367432,3.900000095367432,8000,3.900000095367432,3.900000095367432,2.6860508918762207
06-07-1994,3.924999952316284,3.924999952316284,2500,3.924999952316284,3.924999952316284,2.7032692432403564
07-07-1994,3.825000047683716,3.900000095367432,30500,3.900000095367432,3.825000047683716,2.634395837783813
08-07-1994,3.849999904632568,3.849999904632568,500,3.849999904632568,3.849999904632568,2.651614189147949
11-07-1994,3.849999904632568,3.849999904632568,2000,3.900000095367432,3.900000095367432,2.6860508918762207
12-07-1994,3.900000095367432,3.900000095367432,0,3.900000095367432,3.900000095367432,2.6860508918762207
13-07-1994,3.825000047683716,3.849999904632568,32500,3.849999904632568,3.825000047683716,2.634395837783813
14-07-1994,3.875,3.875,1000,3.875,3.875,2.668832540512085
15-07-1994,3.875,3.875,3000,3.875,3.875,2.668832540512085
18-07-1994,3.900000095367432,3.900000095367432,2000,3.900000095367432,3.900000095367432,2.6860508918762207
19-07-1994,3.900000095367432,3.900000095367432,0,3.900000095367432,3.900000095367432,2.6860508918762207
20-07-1994,3.875,3.875,1500,3.875,3.875,2.668832540512085
21-07-1994,3.875,3.875,0,3.875,3.875,2.668832540512085
22-07-1994,3.875,3.875,1500,3.924999952316284,3.924999952316284,2.7032692432403564
25-07-1994,3.924999952316284,3.924999952316284,3500,3.950000047683716,3.950000047683716,2.720487594604492
26-07-1994,3.950000047683716,3.950000047683716,3500,4.0,4.0,2.754924058914185
27-07-1994,4.0,4.0,0,4.0,4.0,2.754924058914185
28-07-1994,4.025000095367432,4.050000190734863,14500,4.099999904632568,4.025000095367432,2.7721428871154785
29-07-1994,4.025000095367432,4.025000095367432,6000,4.025000095367432,4.025000095367432,2.7721428871154785
01-08-1994,4.025000095367432,4.025000095367432,5500,4.025000095367432,4.025000095367432,2.7721428871154785
02-08-1994,4.025000095367432,4.025000095367432,5000,4.025000095367432,4.025000095367432,2.7721428871154785
03-08-1994,4.050000190734863,4.050000190734863,5000,4.074999809265137,4.050000190734863,2.789360761642456
04-08-1994,4.050000190734863,4.050000190734863,2000,4.050000190734863,4.050000190734863,2.789360761642456
05-08-1994,4.025000095367432,4.050000190734863,9000,4.050000190734863,4.025000095367432,2.7721428871154785
08-08-1994,4.025000095367432,4.025000095367432,2500,4.025000095367432,4.025000095367432,2.7721428871154785
09-08-1994,4.0,4.0,3000,4.0,4.0,2.754924058914185
10-08-1994,3.950000047683716,4.0,11000,4.0,3.950000047683716,2.720487594604492
11-08-1994,3.950000047683716,3.950000047683716,2000,3.950000047683716,3.950000047683716,2.720487594604492
12-08-1994,3.950000047683716,3.950000047683716,3000,4.0,4.0,2.754924058914185
15-08-1994,3.950000047683716,3.950000047683716,2500,3.950000047683716,3.950000047683716,2.720487594604492
16-08-1994,3.950000047683716,3.950000047683716,3500,3.974999904632568,3.974999904632568,2.737705707550049
17-08-1994,3.974999904632568,3.974999904632568,500,3.974999904632568,3.974999904632568,2.737705707550049
18-08-1994,4.0,4.0,4000,4.0,4.0,2.754924058914185
19-08-1994,4.0,4.0,0,4.0,4.0,2.754924058914185
22-08-1994,3.974999904632568,3.974999904632568,3000,3.974999904632568,3.974999904632568,2.737705707550049
23-08-1994,4.0,4.0,5500,4.0,4.0,2.754924058914185
24-08-1994,4.0,4.0,5500,4.0,4.0,2.754924058914185
25-08-1994,4.0,4.050000190734863,6000,4.050000190734863,4.0,2.754924058914185
26-08-1994,3.974999904632568,4.050000190734863,5500,4.050000190734863,3.974999904632568,2.737705707550049
29-08-1994,3.950000047683716,3.950000047683716,2000,3.950000047683716,3.950000047683716,2.720487594604492
30-08-1994,3.950000047683716,3.950000047683716,0,3.950000047683716,3.950000047683716,2.720487594604492
31-08-1994,3.950000047683716,3.950000047683716,2000,3.950000047683716,3.950000047683716,2.720487594604492
01-09-1994,4.0,4.0,500,4.0,4.0,2.754924058914185
02-09-1994,3.974999904632568,3.974999904632568,1000,3.974999904632568,3.974999904632568,2.737705707550049
06-09-1994,3.974999904632568,3.974999904632568,2500,3.974999904632568,3.974999904632568,2.737705707550049
07-09-1994,4.0,4.0,7000,4.0,4.0,2.754924058914185
08-09-1994,4.025000095367432,4.025000095367432,5000,4.025000095367432,4.025000095367432,2.7721428871154785
09-09-1994,4.0,4.0,500,4.0,4.0,2.754924058914185
12-09-1994,4.0,4.0,0,4.0,4.0,2.754924058914185
13-09-1994,4.0,4.025000095367432,3500,4.025000095367432,4.0,2.754924058914185
14-09-1994,4.0,4.0,4000,4.0,4.0,2.754924058914185
15-09-1994,4.0,4.025000095367432,2000,4.025000095367432,4.0,2.754924058914185
16-09-1994,4.0,4.0,2000,4.0,4.0,2.754924058914185
19-09-1994,4.0,4.0,2500,4.0,4.0,2.754924058914185
20-09-1994,4.0,4.0,0,4.0,4.0,2.754924058914185
21-09-1994,3.974999904632568,4.0,5500,4.0,3.974999904632568,2.737705707550049
22-09-1994,4.0,4.0,500,4.0,4.0,2.754924058914185
23-09-1994,3.950000047683716,3.974999904632568,4000,4.0,3.974999904632568,2.737705707550049
26-09-1994,4.0,4.0,14000,4.0,4.0,2.754924058914185
27-09-1994,4.0,4.0,5000,4.0,4.0,2.754924058914185
28-09-1994,4.0,4.0,1000,4.050000190734863,4.050000190734863,2.789360761642456
29-09-1994,4.050000190734863,4.050000190734863,0,4.050000190734863,4.050000190734863,2.789360761642456
30-09-1994,4.050000190734863,4.050000190734863,0,4.050000190734863,4.050000190734863,2.789360761642456
03-10-1994,4.0,4.025000095367432,32500,4.050000190734863,4.0,2.754924058914185
04-10-1994,4.0,4.0,5000,4.0,4.0,2.754924058914185
05-10-1994,4.0,4.0,0,4.0,4.0,2.754924058914185
06-10-1994,3.974999904632568,3.974999904632568,4500,3.974999904632568,3.974999904632568,2.737705707550049
07-10-1994,4.0,4.0,7500,4.0,4.0,2.754924058914185
10-10-1994,3.974999904632568,3.974999904632568,500,3.974999904632568,3.974999904632568,2.737705707550049
11-10-1994,3.974999904632568,3.974999904632568,6000,4.025000095367432,3.974999904632568,2.737705707550049
12-10-1994,4.025000095367432,4.025000095367432,500,4.025000095367432,4.025000095367432,2.7721428871154785
13-10-1994,4.0,4.0,13500,4.0,4.0,2.754924058914185
14-10-1994,4.0,4.0,1000,4.0,4.0,2.754924058914185
17-10-1994,4.0,4.0,5000,4.0,4.0,2.754924058914185
18-10-1994,4.0,4.0,1000,4.0,4.0,2.754924058914185
19-10-1994,3.974999904632568,3.974999904632568,10000,3.974999904632568,3.974999904632568,2.737705707550049
20-10-1994,4.0,4.025000095367432,4000,4.025000095367432,4.0,2.754924058914185
21-10-1994,4.0,4.0,0,4.0,4.0,2.754924058914185
24-10-1994,4.050000190734863,4.050000190734863,30000,4.125,4.050000190734863,2.789360761642456
25-10-1994,4.0,4.0,15000,4.099999904632568,4.099999904632568,2.823797702789306
26-10-1994,4.025000095367432,4.050000190734863,8500,4.050000190734863,4.025000095367432,2.7721428871154785
27-10-1994,4.0,4.050000190734863,18500,4.050000190734863,4.025000095367432,2.7721428871154785
28-10-1994,4.0,4.0,3500,4.025000095367432,4.0,2.754924058914185
31-10-1994,4.0,4.0,0,4.0,4.0,2.754924058914185
01-11-1994,3.974999904632568,3.974999904632568,1500,3.974999904632568,3.974999904632568,2.737705707550049
02-11-1994,4.0,4.0,3000,4.0,4.0,2.754924058914185
03-11-1994,3.974999904632568,3.974999904632568,3500,4.025000095367432,4.025000095367432,2.7721428871154785
04-11-1994,4.025000095367432,4.025000095367432,5500,4.074999809265137,4.074999809265137,2.8065788745880127
07-11-1994,4.125,4.125,1000,4.125,4.125,2.841015338897705
08-11-1994,4.150000095367432,4.150000095367432,12500,4.175000190734863,4.150000095367432,2.858234167098999
09-11-1994,4.150000095367432,4.150000095367432,1500,4.150000095367432,4.150000095367432,2.858234167098999
10-11-1994,4.199999809265137,4.199999809265137,5000,4.199999809265137,4.199999809265137,2.8926713466644287
11-11-1994,4.25,4.25,1000,4.25,4.25,2.9271066188812256
14-11-1994,4.300000190734863,4.300000190734863,9000,4.375,4.324999809265137,2.978761911392212
15-11-1994,4.349999904632568,4.375,8000,4.400000095367432,4.400000095367432,3.0304176807403564
16-11-1994,4.400000095367432,4.400000095367432,0,4.400000095367432,4.400000095367432,3.0304176807403564
17-11-1994,4.375,4.400000095367432,6000,4.400000095367432,4.375,3.0131988525390625
18-11-1994,4.375,4.425000190734863,3000,4.425000190734863,4.425000190734863,3.047635316848755
21-11-1994,4.375,4.400000095367432,5000,4.400000095367432,4.400000095367432,3.0304176807403564
22-11-1994,4.349999904632568,4.349999904632568,10500,4.375,4.349999904632568,2.995979785919189
23-11-1994,4.25,4.324999809265137,18000,4.324999809265137,4.25,2.9271066188812256
25-11-1994,4.224999904632568,4.224999904632568,5000,4.224999904632568,4.224999904632568,2.909888505935669
28-11-1994,4.199999809265137,4.199999809265137,15000,4.199999809265137,4.199999809265137,2.8926713466644287
29-11-1994,4.175000190734863,4.175000190734863,3000,4.175000190734863,4.175000190734863,2.875452041625977
30-11-1994,4.150000095367432,4.175000190734863,9500,4.175000190734863,4.150000095367432,2.858234167098999
01-12-1994,4.150000095367432,4.150000095367432,1000,4.150000095367432,4.150000095367432,2.858234167098999
02-12-1994,4.150000095367432,4.150000095367432,2500,4.150000095367432,4.150000095367432,2.858234167098999
05-12-1994,4.0,4.074999809265137,44000,4.074999809265137,4.0,2.754924058914185
06-12-1994,3.900000095367432,3.974999904632568,11500,3.974999904632568,3.900000095367432,2.6860508918762207
07-12-1994,3.849999904632568,3.900000095367432,15000,3.900000095367432,3.849999904632568,2.651614189147949
08-12-1994,3.849999904632568,3.849999904632568,7000,3.849999904632568,3.849999904632568,2.651614189147949
09-12-1994,3.825000047683716,3.875,8000,3.875,3.825000047683716,2.634395837783813
12-12-1994,3.825000047683716,3.825000047683716,0,3.825000047683716,3.825000047683716,2.634395837783813
13-12-1994,3.825000047683716,3.825000047683716,1500,3.825000047683716,3.825000047683716,2.634395837783813
14-12-1994,3.799999952316284,3.799999952316284,10000,3.799999952316284,3.799999952316284,2.617177963256836
15-12-1994,3.75,3.825000047683716,12500,3.825000047683716,3.75,2.5827412605285645
16-12-1994,3.724999904632568,3.724999904632568,24000,3.75,3.75,2.5827412605285645
19-12-1994,3.75,3.75,0,3.75,3.75,2.5827412605285645
20-12-1994,3.5999999046325684,3.5999999046325684,45500,3.700000047683716,3.700000047683716,2.5483040809631348
21-12-1994,3.700000047683716,3.700000047683716,5000,3.75,3.75,2.5827412605285645
22-12-1994,3.75,3.75,5000,3.75,3.75,2.5827412605285645
23-12-1994,3.724999904632568,3.724999904632568,1500,3.75,3.75,2.5827412605285645
27-12-1994,3.700000047683716,3.75,20500,3.75,3.700000047683716,2.5483040809631348
28-12-1994,3.674999952316284,3.674999952316284,85000,3.724999904632568,3.724999904632568,2.5655224323272705
29-12-1994,3.700000047683716,3.700000047683716,34500,3.724999904632568,3.724999904632568,2.5655224323272705
30-12-1994,3.674999952316284,3.724999904632568,93000,3.724999904632568,3.674999952316284,2.5310864448547363
03-01-1995,3.700000047683716,3.700000047683716,10500,3.700000047683716,3.700000047683716,2.5483040809631348
04-01-1995,3.674999952316284,3.674999952316284,37000,3.700000047683716,3.700000047683716,2.5483040809631348
05-01-1995,3.400000095367432,3.400000095367432,459500,3.5,3.5,2.410558223724365
06-01-1995,3.525000095367432,3.525000095367432,45500,3.575000047683716,3.575000047683716,2.4622137546539307
09-01-1995,3.575000047683716,3.5999999046325684,4000,3.5999999046325684,3.575000047683716,2.4622137546539307
10-01-1995,3.575000047683716,3.575000047683716,0,3.575000047683716,3.575000047683716,2.4622137546539307
11-01-1995,3.575000047683716,3.575000047683716,5000,3.575000047683716,3.575000047683716,2.4622137546539307
12-01-1995,3.575000047683716,3.5999999046325684,7500,3.5999999046325684,3.5999999046325684,2.4794318675994877
13-01-1995,3.549999952316284,3.549999952316284,7500,3.549999952316284,3.549999952316284,2.4449949264526367
16-01-1995,3.5,3.549999952316284,116000,3.549999952316284,3.549999952316284,2.4449949264526367
17-01-1995,3.575000047683716,3.575000047683716,7000,3.575000047683716,3.575000047683716,2.4622137546539307
18-01-1995,3.549999952316284,3.5999999046325684,6000,3.5999999046325684,3.549999952316284,2.4449949264526367
19-01-1995,3.575000047683716,3.575000047683716,4500,3.5999999046325684,3.5999999046325684,2.4794318675994877
20-01-1995,3.575000047683716,3.575000047683716,1000,3.5999999046325684,3.5999999046325684,2.4794318675994877
23-01-1995,3.575000047683716,3.575000047683716,500,3.575000047683716,3.575000047683716,2.4622137546539307
24-01-1995,3.5999999046325684,3.5999999046325684,25000,3.5999999046325684,3.5999999046325684,2.4794318675994877
25-01-1995,3.650000095367432,3.650000095367432,4500,3.650000095367432,3.650000095367432,2.5138680934906006
26-01-1995,3.674999952316284,3.674999952316284,2500,3.674999952316284,3.674999952316284,2.5310864448547363
27-01-1995,3.650000095367432,3.650000095367432,1500,3.650000095367432,3.650000095367432,2.5138680934906006
30-01-1995,3.650000095367432,3.650000095367432,4500,3.674999952316284,3.674999952316284,2.5310864448547363
31-01-1995,3.674999952316284,3.674999952316284,1500,3.674999952316284,3.674999952316284,2.5310864448547363
01-02-1995,3.674999952316284,3.674999952316284,5000,3.674999952316284,3.674999952316284,2.5310864448547363
02-02-1995,3.700000047683716,3.700000047683716,15000,3.700000047683716,3.700000047683716,2.5483040809631348
03-02-1995,3.625,3.650000095367432,25500,3.650000095367432,3.625,2.496649980545044
06-02-1995,3.625,3.625,9000,3.674999952316284,3.625,2.496649980545044
07-02-1995,3.5999999046325684,3.5999999046325684,3000,3.5999999046325684,3.5999999046325684,2.4794318675994877
08-02-1995,3.5999999046325684,3.625,6000,3.625,3.5999999046325684,2.4794318675994877
09-02-1995,3.575000047683716,3.5999999046325684,7000,3.5999999046325684,3.575000047683716,2.4622137546539307
10-02-1995,3.400000095367432,3.400000095367432,260500,3.4749999046325684,3.4749999046325684,2.3933393955230717
13-02-1995,3.450000047683716,3.450000047683716,27000,3.5,3.5,2.410558223724365
14-02-1995,3.4749999046325684,3.4749999046325684,2000,3.5,3.5,2.410558223724365
15-02-1995,3.5,3.5,11000,3.549999952316284,3.549999952316284,2.4449949264526367
16-02-1995,3.549999952316284,3.549999952316284,4000,3.5999999046325684,3.5999999046325684,2.4794318675994877
17-02-1995,3.575000047683716,3.575000047683716,2500,3.5999999046325684,3.5999999046325684,2.4794318675994877
21-02-1995,3.575000047683716,3.575000047683716,18500,3.625,3.625,2.496649980545044
22-02-1995,3.5999999046325684,3.5999999046325684,14000,3.674999952316284,3.674999952316284,2.5310864448547363
23-02-1995,3.650000095367432,3.650000095367432,16500,3.700000047683716,3.674999952316284,2.5310864448547363
24-02-1995,3.674999952316284,3.700000047683716,7000,3.700000047683716,3.700000047683716,2.5483040809631348
27-02-1995,3.674999952316284,3.674999952316284,1500,3.674999952316284,3.674999952316284,2.5310864448547363
28-02-1995,3.549999952316284,3.674999952316284,66000,3.674999952316284,3.549999952316284,2.4449949264526367
01-03-1995,3.400000095367432,3.5999999046325684,259000,3.5999999046325684,3.450000047683716,2.376121997833252
02-03-1995,3.424999952316284,3.424999952316284,36000,3.450000047683716,3.450000047683716,2.376121997833252
03-03-1995,3.4749999046325684,3.4749999046325684,10000,3.5,3.5,2.410558223724365
06-03-1995,3.400000095367432,3.400000095367432,19500,3.4749999046325684,3.4749999046325684,2.449324607849121
07-03-1995,3.450000047683716,3.450000047683716,114500,3.5,3.5,2.4669454097747803
08-03-1995,3.549999952316284,3.549999952316284,22000,3.5999999046325684,3.5999999046325684,2.5374298095703125
09-03-1995,3.575000047683716,3.575000047683716,43000,3.650000095367432,3.650000095367432,2.5726723670959477
10-03-1995,3.5999999046325684,3.650000095367432,116000,3.650000095367432,3.5999999046325684,2.5374298095703125
13-03-1995,3.5999999046325684,3.5999999046325684,66500,3.625,3.5999999046325684,2.5374298095703125
14-03-1995,3.5999999046325684,3.5999999046325684,218000,3.625,3.625,2.555051326751709
15-03-1995,3.625,3.625,78500,3.650000095367432,3.650000095367432,2.5726723670959477
16-03-1995,3.625,3.625,41000,3.650000095367432,3.650000095367432,2.5726723670959477
17-03-1995,3.650000095367432,3.650000095367432,53000,3.674999952316284,3.650000095367432,2.5726723670959477
20-03-1995,3.650000095367432,3.650000095367432,32000,3.75,3.75,2.6431565284729004
21-03-1995,3.75,3.75,44500,3.900000095367432,3.875,2.7312614917755127
22-03-1995,3.825000047683716,3.900000095367432,29500,3.924999952316284,3.825000047683716,2.696019172668457
23-03-1995,3.825000047683716,3.875,13000,3.875,3.825000047683716,2.696019172668457
24-03-1995,3.799999952316284,3.825000047683716,17000,3.875,3.825000047683716,2.696019172668457
27-03-1995,3.775000095367432,3.799999952316284,22500,3.799999952316284,3.799999952316284,2.6783981323242188
28-03-1995,3.75,3.75,10000,3.875,3.875,2.7312614917755127
29-03-1995,3.799999952316284,3.849999904632568,9000,3.849999904632568,3.799999952316284,2.6783981323242188
30-03-1995,3.799999952316284,3.799999952316284,9500,3.825000047683716,3.825000047683716,2.696019172668457
31-03-1995,3.799999952316284,3.799999952316284,28000,3.825000047683716,3.825000047683716,2.696019172668457
03-04-1995,3.825000047683716,3.825000047683716,1500,3.825000047683716,3.825000047683716,2.696019172668457
04-04-1995,3.799999952316284,3.799999952316284,8500,3.849999904632568,3.849999904632568,2.7136402130126958
05-04-1995,3.799999952316284,3.825000047683716,2000,3.825000047683716,3.799999952316284,2.6783981323242188
06-04-1995,3.849999904632568,3.849999904632568,6500,3.875,3.875,2.7312614917755127
07-04-1995,3.825000047683716,3.849999904632568,17000,3.900000095367432,3.900000095367432,2.748882532119751
10-04-1995,3.924999952316284,3.950000047683716,5000,3.974999904632568,3.974999904632568,2.801745176315308
11-04-1995,3.924999952316284,3.974999904632568,14500,3.974999904632568,3.950000047683716,2.7841246128082275
12-04-1995,3.875,3.900000095367432,45500,3.900000095367432,3.875,2.7312614917755127
13-04-1995,3.924999952316284,3.924999952316284,14500,3.974999904632568,3.950000047683716,2.7841246128082275
17-04-1995,3.924999952316284,3.950000047683716,9000,3.950000047683716,3.924999952316284,2.76650333404541
18-04-1995,3.924999952316284,3.950000047683716,53000,3.974999904632568,3.974999904632568,2.801745176315308
19-04-1995,3.900000095367432,3.924999952316284,4500,3.950000047683716,3.900000095367432,2.748882532119751
20-04-1995,3.875,3.924999952316284,41000,3.950000047683716,3.950000047683716,2.7841246128082275
21-04-1995,3.950000047683716,3.950000047683716,26000,4.0,3.974999904632568,2.801745176315308
24-04-1995,3.950000047683716,3.974999904632568,13000,4.0,4.0,2.819366693496704
25-04-1995,3.974999904632568,4.0,2500,4.0,3.974999904632568,2.801745176315308
26-04-1995,3.974999904632568,3.974999904632568,1000,3.974999904632568,3.974999904632568,2.801745176315308
27-04-1995,3.974999904632568,3.974999904632568,0,3.974999904632568,3.974999904632568,2.801745176315308
28-04-1995,4.0,4.0,3000,4.0,4.0,2.819366693496704
01-05-1995,4.0,4.0,9000,4.0,4.0,2.819366693496704
02-05-1995,3.950000047683716,3.950000047683716,14500,4.025000095367432,4.0,2.819366693496704
03-05-1995,4.0,4.0,11500,4.025000095367432,4.025000095367432,2.8369882106781006
04-05-1995,3.924999952316284,4.0,52000,4.025000095367432,4.025000095367432,2.8369882106781006
05-05-1995,3.950000047683716,3.950000047683716,18500,4.0,4.0,2.819366693496704
08-05-1995,3.950000047683716,3.950000047683716,3000,3.974999904632568,3.974999904632568,2.801745176315308
09-05-1995,4.0,4.0,42000,4.050000190734863,4.050000190734863,2.8546087741851807
10-05-1995,4.025000095367432,4.074999809265137,12500,4.074999809265137,4.025000095367432,2.8369882106781006
11-05-1995,4.0,4.0,60000,4.074999809265137,4.074999809265137,2.87222957611084
12-05-1995,4.099999904632568,4.099999904632568,3500,4.099999904632568,4.099999904632568,2.8898518085479736
15-05-1995,4.0,4.050000190734863,1500,4.050000190734863,4.0,2.819366693496704
16-05-1995,3.950000047683716,3.950000047683716,31500,4.050000190734863,4.050000190734863,2.8546087741851807
17-05-1995,4.074999809265137,4.074999809265137,3500,4.074999809265137,4.074999809265137,2.87222957611084
18-05-1995,4.0,4.025000095367432,7500,4.025000095367432,4.0,2.819366693496704
19-05-1995,4.025000095367432,4.050000190734863,5500,4.050000190734863,4.025000095367432,2.8369882106781006
22-05-1995,4.025000095367432,4.025000095367432,2000,4.050000190734863,4.050000190734863,2.8546087741851807
23-05-1995,4.050000190734863,4.050000190734863,11500,4.150000095367432,4.150000095367432,2.925093173980713
24-05-1995,4.099999904632568,4.099999904632568,6500,4.125,4.125,2.9074721336364746
25-05-1995,4.099999904632568,4.099999904632568,5000,4.099999904632568,4.099999904632568,2.8898518085479736
26-05-1995,4.125,4.125,5000,4.125,4.125,2.9074721336364746
30-05-1995,4.125,4.125,1500,4.125,4.125,2.9074721336364746
31-05-1995,4.175000190734863,4.175000190734863,1000,4.175000190734863,4.175000190734863,2.942713975906372
01-06-1995,4.175000190734863,4.175000190734863,2500,4.175000190734863,4.175000190734863,2.942713975906372
02-06-1995,4.150000095367432,4.150000095367432,25500,4.275000095367432,4.199999809265137,2.960336208343506
05-06-1995,4.175000190734863,4.175000190734863,11000,4.199999809265137,4.199999809265137,2.960336208343506
06-06-1995,4.199999809265137,4.199999809265137,2000,4.199999809265137,4.199999809265137,2.960336208343506
07-06-1995,4.199999809265137,4.199999809265137,1000,4.199999809265137,4.199999809265137,2.960336208343506
08-06-1995,4.224999904632568,4.224999904632568,16000,4.25,4.224999904632568,2.9779560565948486
09-06-1995,4.224999904632568,4.25,26500,4.25,4.25,2.995577096939087
12-06-1995,4.300000190734863,4.300000190734863,29500,4.324999809265137,4.300000190734863,3.030819892883301
13-06-1995,4.324999809265137,4.324999809265137,7000,4.375,4.324999809265137,3.0484402179718018
14-06-1995,4.349999904632568,4.349999904632568,39000,4.400000095367432,4.400000095367432,3.101304292678833
15-06-1995,4.324999809265137,4.349999904632568,7000,4.349999904632568,4.349999904632568,3.06606125831604
16-06-1995,4.349999904632568,4.400000095367432,34000,4.449999809265137,4.349999904632568,3.06606125831604
19-06-1995,4.349999904632568,4.349999904632568,7500,4.375,4.349999904632568,3.06606125831604
20-06-1995,4.300000190734863,4.349999904632568,11000,4.349999904632568,4.324999809265137,3.0484402179718018
21-06-1995,4.324999809265137,4.324999809265137,0,4.324999809265137,4.324999809265137,3.0484402179718018
22-06-1995,4.224999904632568,4.275000095367432,59000,4.349999904632568,4.349999904632568,3.06606125831604
23-06-1995,4.349999904632568,4.349999904632568,135000,4.949999809265137,4.900000095367432,3.4537241458892822
26-06-1995,5.074999809265137,5.175000190734863,340500,5.375,5.125,3.6123125553131104
27-06-1995,4.949999809265137,5.0,138000,5.050000190734863,4.974999904632568,3.506587266921997
28-06-1995,4.824999809265137,5.0,65000,5.0,4.849999904632568,3.418482542037964
29-06-1995,4.800000190734863,4.849999904632568,36000,4.849999904632568,4.824999809265137,3.4008610248565674
30-06-1995,4.824999809265137,4.824999809265137,28000,4.949999809265137,4.925000190734863,3.4713454246521
03-07-1995,4.974999904632568,4.974999904632568,100500,5.449999809265137,5.375,3.788523197174072
05-07-1995,5.224999904632568,5.449999809265137,106000,5.5,5.224999904632568,3.682796239852905
06-07-1995,5.025000095367432,5.25,120000,5.300000190734863,5.125,3.6123125553131104
07-07-1995,5.150000095367432,5.150000095367432,100000,5.25,5.25,3.700417995452881
10-07-1995,5.099999904632568,5.224999904632568,58500,5.25,5.150000095367432,3.629934310913086
11-07-1995,5.125,5.150000095367432,29000,5.199999809265137,5.150000095367432,3.629934310913086
12-07-1995,5.099999904632568,5.175000190734863,48000,5.175000190734863,5.125,3.6123125553131104
13-07-1995,5.074999809265137,5.074999809265137,17000,5.175000190734863,5.175000190734863,3.647554874420166
14-07-1995,5.099999904632568,5.099999904632568,22500,5.199999809265137,5.175000190734863,3.647554874420166
17-07-1995,5.074999809265137,5.199999809265137,32000,5.25,5.074999809265137,3.577071189880371
18-07-1995,5.125,5.125,17000,5.175000190734863,5.175000190734863,3.647554874420166
19-07-1995,5.099999904632568,5.125,40000,5.175000190734863,5.099999904632568,3.5946924686431885
20-07-1995,5.099999904632568,5.099999904632568,23000,5.150000095367432,5.150000095367432,3.629934310913086
21-07-1995,5.125,5.150000095367432,25500,5.199999809265137,5.199999809265137,3.6651771068573
24-07-1995,5.175000190734863,5.25,22500,5.25,5.199999809265137,3.6651771068573
25-07-1995,5.175000190734863,5.199999809265137,27000,5.25,5.25,3.700417995452881
26-07-1995,5.199999809265137,5.25,34500,5.25,5.224999904632568,3.682796239852905
27-07-1995,5.224999904632568,5.224999904632568,24500,5.25,5.224999904632568,3.682796239852905
28-07-1995,5.224999904632568,5.224999904632568,13500,5.25,5.25,3.700417995452881
31-07-1995,5.25,5.25,17000,5.324999809265137,5.275000095367432,3.718039274215698
01-08-1995,5.224999904632568,5.25,22000,5.375,5.375,3.788523197174072
02-08-1995,5.300000190734863,5.375,33000,5.425000190734863,5.300000190734863,3.735661506652832
03-08-1995,5.224999904632568,5.275000095367432,12000,5.275000095367432,5.25,3.700417995452881
04-08-1995,5.199999809265137,5.199999809265137,32000,5.224999904632568,5.199999809265137,3.6651771068573
07-08-1995,5.175000190734863,5.199999809265137,5000,5.199999809265137,5.199999809265137,3.6651771068573
08-08-1995,5.150000095367432,5.199999809265137,8000,5.199999809265137,5.199999809265137,3.6651771068573
09-08-1995,5.199999809265137,5.199999809265137,23000,5.224999904632568,5.224999904632568,3.682796239852905
10-08-1995,5.224999904632568,5.25,17000,5.25,5.25,3.700417995452881
11-08-1995,5.25,5.300000190734863,24000,5.300000190734863,5.300000190734863,3.735661506652832
14-08-1995,5.275000095367432,5.275000095367432,52500,5.349999904632568,5.349999904632568,3.770902395248413
15-08-1995,5.324999809265137,5.349999904632568,33000,5.400000095367432,5.400000095367432,3.806143522262573
16-08-1995,5.349999904632568,5.400000095367432,29000,5.400000095367432,5.349999904632568,3.770902395248413
17-08-1995,5.324999809265137,5.349999904632568,27000,5.375,5.324999809265137,3.753281831741333
18-08-1995,5.275000095367432,5.324999809265137,17000,5.324999809265137,5.324999809265137,3.753281831741333
21-08-1995,5.349999904632568,5.375,9500,5.375,5.349999904632568,3.770902395248413
22-08-1995,5.324999809265137,5.349999904632568,14000,5.349999904632568,5.349999904632568,3.770902395248413
23-08-1995,5.349999904632568,5.375,38500,5.375,5.349999904632568,3.770902395248413
24-08-1995,5.300000190734863,5.375,13500,5.375,5.324999809265137,3.753281831741333
25-08-1995,5.275000095367432,5.324999809265137,10000,5.324999809265137,5.275000095367432,3.718039274215698
28-08-1995,5.300000190734863,5.300000190734863,85500,5.474999904632568,5.425000190734863,3.823766708374024
29-08-1995,5.449999809265137,5.449999809265137,34000,5.525000095367432,5.5,3.8766279220581055
30-08-1995,5.474999904632568,5.5,132000,5.75,5.675000190734863,3.99997615814209
31-08-1995,5.625,5.675000190734863,72500,5.699999809265137,5.650000095367432,3.982356548309326
01-09-1995,5.650000095367432,5.650000095367432,51000,5.699999809265137,5.675000190734863,3.99997615814209
05-09-1995,5.550000190734863,5.650000095367432,93500,5.650000095367432,5.574999809265137,3.929492473602295
06-09-1995,5.525000095367432,5.574999809265137,34500,5.574999809265137,5.550000190734863,3.9118711948394775
07-09-1995,5.474999904632568,5.474999904632568,57500,5.525000095367432,5.5,3.8766279220581055
08-09-1995,5.474999904632568,5.525000095367432,32000,5.525000095367432,5.474999904632568,3.859008312225342
11-09-1995,5.400000095367432,5.5,32500,5.5,5.400000095367432,3.806143522262573
12-09-1995,5.400000095367432,5.425000190734863,5000,5.449999809265137,5.425000190734863,3.823766708374024
13-09-1995,5.375,5.400000095367432,33500,5.425000190734863,5.425000190734863,3.823766708374024
14-09-1995,5.375,5.400000095367432,2000,5.400000095367432,5.400000095367432,3.806143522262573
15-09-1995,5.349999904632568,5.400000095367432,11500,5.400000095367432,5.375,3.788523197174072
18-09-1995,5.375,5.425000190734863,55500,5.425000190734863,5.400000095367432,3.806143522262573
19-09-1995,5.400000095367432,5.400000095367432,8500,5.400000095367432,5.400000095367432,3.806143522262573
20-09-1995,5.425000190734863,5.425000190734863,51000,5.550000190734863,5.5,3.8766279220581055
21-09-1995,5.474999904632568,5.5,33000,5.5,5.5,3.8766279220581055
22-09-1995,5.4375,5.5,16500,5.5,5.474999904632568,3.859008312225342
25-09-1995,5.474999904632568,5.474999904632568,13000,5.5,5.5,3.8766279220581055
26-09-1995,5.5,5.5,9500,5.5,5.5,3.8766279220581055
27-09-1995,5.5,5.5,10500,5.5,5.5,3.8766279220581055
28-09-1995,5.474999904632568,5.5,9500,5.5,5.5,3.8766279220581055
29-09-1995,5.400000095367432,5.449999809265137,37000,5.449999809265137,5.400000095367432,3.806143522262573
02-10-1995,5.400000095367432,5.400000095367432,8000,5.425000190734863,5.425000190734863,3.823766708374024
03-10-1995,5.400000095367432,5.449999809265137,8000,5.449999809265137,5.425000190734863,3.823766708374024
04-10-1995,5.349999904632568,5.400000095367432,60000,5.400000095367432,5.400000095367432,3.806143522262573
05-10-1995,5.375,5.400000095367432,27000,5.400000095367432,5.375,3.788523197174072
06-10-1995,5.375,5.400000095367432,8000,5.400000095367432,5.400000095367432,3.806143522262573
09-10-1995,5.349999904632568,5.400000095367432,6500,5.400000095367432,5.349999904632568,3.770902395248413
10-10-1995,5.300000190734863,5.375,32000,5.375,5.349999904632568,3.770902395248413
11-10-1995,5.050000190734863,5.349999904632568,65500,5.349999904632568,5.050000190734863,3.5594496726989746
12-10-1995,4.949999809265137,5.050000190734863,33000,5.050000190734863,4.949999809265137,3.488966464996338
13-10-1995,4.875,4.949999809265137,15000,4.949999809265137,4.925000190734863,3.4713454246521
16-10-1995,4.900000095367432,4.900000095367432,4500,4.974999904632568,4.974999904632568,3.506587266921997
17-10-1995,5.0,5.0,15000,5.050000190734863,5.025000095367432,3.5418291091918945
18-10-1995,4.974999904632568,5.0,13000,5.0,5.0,3.524207353591919
19-10-1995,4.949999809265137,4.974999904632568,10500,4.974999904632568,4.949999809265137,3.488966464996338
20-10-1995,4.925000190734863,4.949999809265137,21500,5.025000095367432,4.974999904632568,3.506587266921997
23-10-1995,4.949999809265137,4.949999809265137,3000,5.0,5.0,3.524207353591919
24-10-1995,5.0,5.025000095367432,6000,5.025000095367432,5.0,3.524207353591919
25-10-1995,4.800000190734863,4.974999904632568,22500,4.974999904632568,4.800000190734863,3.3832404613494877
26-10-1995,4.724999904632568,4.75,23000,4.75,4.724999904632568,3.330376386642456
27-10-1995,4.650000095367432,4.699999809265137,14500,4.724999904632568,4.675000190734863,3.2951345443725586
30-10-1995,4.699999809265137,4.699999809265137,7000,4.724999904632568,4.699999809265137,3.312755823135376
31-10-1995,4.625,4.650000095367432,25500,4.675000190734863,4.675000190734863,3.2951345443725586
01-11-1995,4.625,4.699999809265137,14500,4.699999809265137,4.699999809265137,3.312755823135376
02-11-1995,4.599999904632568,4.650000095367432,18500,4.699999809265137,4.699999809265137,3.312755823135376
03-11-1995,4.625,4.699999809265137,29500,4.775000095367432,4.724999904632568,3.330376386642456
06-11-1995,4.75,4.775000095367432,4000,4.775000095367432,4.775000095367432,3.3656184673309326
07-11-1995,4.775000095367432,4.775000095367432,9500,4.824999809265137,4.824999809265137,3.4008610248565674
08-11-1995,4.849999904632568,4.849999904632568,12000,4.900000095367432,4.875,3.436103105545044
09-11-1995,4.849999904632568,4.900000095367432,14500,4.900000095367432,4.849999904632568,3.418482542037964
10-11-1995,4.849999904632568,4.875,2500,4.875,4.849999904632568,3.418482542037964
13-11-1995,4.800000190734863,4.800000190734863,2500,4.800000190734863,4.800000190734863,3.3832404613494877
14-11-1995,4.75,4.75,12000,4.824999809265137,4.824999809265137,3.4008610248565674
15-11-1995,4.775000095367432,4.824999809265137,13500,4.824999809265137,4.800000190734863,3.3832404613494877
16-11-1995,4.800000190734863,4.800000190734863,8000,4.875,4.875,3.436103105545044
17-11-1995,4.775000095367432,4.875,8500,4.875,4.849999904632568,3.418482542037964
20-11-1995,4.775000095367432,4.800000190734863,14500,4.824999809265137,4.775000095367432,3.3656184673309326
21-11-1995,4.724999904632568,4.800000190734863,2500,4.800000190734863,4.724999904632568,3.330376386642456
22-11-1995,4.724999904632568,4.724999904632568,22500,4.849999904632568,4.849999904632568,3.418482542037964
24-11-1995,4.775000095367432,4.849999904632568,7000,4.849999904632568,4.775000095367432,3.3656184673309326
27-11-1995,4.699999809265137,4.775000095367432,7500,4.775000095367432,4.724999904632568,3.330376386642456
28-11-1995,4.699999809265137,4.724999904632568,11000,4.724999904632568,4.724999904632568,3.330376386642456
29-11-1995,4.599999904632568,4.675000190734863,22000,4.699999809265137,4.599999904632568,3.242271661758423
30-11-1995,4.5,4.574999809265137,26500,4.574999809265137,4.525000095367432,3.189409017562866
01-12-1995,4.474999904632568,4.525000095367432,37500,4.574999809265137,4.550000190734863,3.2070298194885254
04-12-1995,4.574999809265137,4.574999809265137,23500,4.675000190734863,4.675000190734863,3.2951345443725586
05-12-1995,4.625,4.675000190734863,38500,4.699999809265137,4.650000095367432,3.2775137424468994
06-12-1995,4.599999904632568,4.675000190734863,16500,4.675000190734863,4.599999904632568,3.242271661758423
07-12-1995,4.550000190734863,4.625,27500,4.625,4.550000190734863,3.2070298194885254
08-12-1995,4.550000190734863,4.550000190734863,30000,4.675000190734863,4.599999904632568,3.242271661758423
11-12-1995,4.574999809265137,4.599999904632568,28000,4.675000190734863,4.675000190734863,3.2951345443725586
12-12-1995,4.675000190734863,4.699999809265137,11500,4.800000190734863,4.800000190734863,3.3832404613494877
13-12-1995,4.775000095367432,4.775000095367432,25000,5.025000095367432,5.025000095367432,3.5418291091918945
14-12-1995,5.025000095367432,5.074999809265137,54500,5.175000190734863,5.074999809265137,3.577071189880371
15-12-1995,5.050000190734863,5.099999904632568,7500,5.099999904632568,5.050000190734863,3.5594496726989746
18-12-1995,4.974999904632568,5.0,9500,5.0,5.0,3.524207353591919
19-12-1995,4.949999809265137,5.025000095367432,10500,5.025000095367432,4.949999809265137,3.488966464996338
20-12-1995,4.849999904632568,4.949999809265137,11500,4.949999809265137,4.900000095367432,3.4537241458892822
21-12-1995,4.875,4.900000095367432,9000,4.949999809265137,4.949999809265137,3.488966464996338
22-12-1995,4.949999809265137,4.949999809265137,5000,5.0,5.0,3.524207353591919
26-12-1995,4.949999809265137,5.025000095367432,38000,5.025000095367432,5.0,3.524207353591919
27-12-1995,4.925000190734863,5.0,25000,5.125,5.125,3.6123125553131104
28-12-1995,5.150000095367432,5.150000095367432,18500,5.300000190734863,5.300000190734863,3.735661506652832
29-12-1995,5.199999809265137,5.300000190734863,15500,5.300000190734863,5.25,3.700417995452881
02-01-1996,5.150000095367432,5.224999904632568,18500,5.224999904632568,5.199999809265137,3.6651771068573
03-01-1996,5.175000190734863,5.175000190734863,15000,5.324999809265137,5.300000190734863,3.735661506652832
04-01-1996,5.275000095367432,5.300000190734863,9000,5.349999904632568,5.349999904632568,3.770902395248413
05-01-1996,5.300000190734863,5.300000190734863,6500,5.300000190734863,5.300000190734863,3.735661506652832
08-01-1996,5.300000190734863,5.300000190734863,7000,5.349999904632568,5.324999809265137,3.753281831741333
09-01-1996,5.324999809265137,5.349999904632568,13500,5.425000190734863,5.375,3.788523197174072
10-01-1996,5.25,5.375,17000,5.400000095367432,5.25,3.700417995452881
11-01-1996,5.300000190734863,5.300000190734863,9000,5.375,5.324999809265137,3.753281831741333
12-01-1996,5.300000190734863,5.324999809265137,14000,5.349999904632568,5.300000190734863,3.735661506652832
15-01-1996,5.275000095367432,5.349999904632568,7000,5.349999904632568,5.324999809265137,3.753281831741333
16-01-1996,5.324999809265137,5.349999904632568,10000,5.375,5.324999809265137,3.753281831741333
17-01-1996,5.199999809265137,5.324999809265137,20000,5.324999809265137,5.224999904632568,3.682796239852905
18-01-1996,5.175000190734863,5.175000190734863,10000,5.25,5.199999809265137,3.6651771068573
19-01-1996,5.199999809265137,5.199999809265137,16000,5.349999904632568,5.349999904632568,3.770902395248413
22-01-1996,5.300000190734863,5.324999809265137,12000,5.375,5.375,3.788523197174072
23-01-1996,5.349999904632568,5.375,4000,5.400000095367432,5.349999904632568,3.770902395248413
24-01-1996,5.324999809265137,5.400000095367432,25500,5.449999809265137,5.449999809265137,3.841386079788208
25-01-1996,5.425000190734863,5.449999809265137,3500,5.474999904632568,5.449999809265137,3.841386079788208
26-01-1996,5.375,5.400000095367432,7500,5.400000095367432,5.375,3.788523197174072
29-01-1996,5.175000190734863,5.324999809265137,20000,5.324999809265137,5.199999809265137,3.6651771068573
30-01-1996,5.199999809265137,5.199999809265137,10500,5.199999809265137,5.199999809265137,3.6651771068573
31-01-1996,5.125,5.150000095367432,24000,5.199999809265137,5.199999809265137,3.6651771068573
01-02-1996,5.199999809265137,5.199999809265137,24500,5.25,5.25,3.700417995452881
02-02-1996,5.224999904632568,5.25,20000,5.25,5.224999904632568,3.682796239852905
05-02-1996,5.224999904632568,5.25,6000,5.25,5.224999904632568,3.682796239852905
06-02-1996,5.175000190734863,5.199999809265137,27000,5.25,5.175000190734863,3.647554874420166
07-02-1996,5.900000095367432,5.949999809265137,694000,6.5,6.474999904632568,4.563848972320557
08-02-1996,6.099999904632568,6.474999904632568,268000,6.474999904632568,6.175000190734863,4.352396965026856
09-02-1996,5.949999809265137,6.175000190734863,154000,6.175000190734863,6.0,4.229050159454346
12-02-1996,5.974999904632568,6.0,136500,6.050000190734863,6.0,4.229050159454346
13-02-1996,5.800000190734863,5.974999904632568,72500,6.0,5.800000190734863,4.088082313537598
14-02-1996,5.824999809265137,5.849999904632568,41000,5.974999904632568,5.900000095367432,4.158565521240234
15-02-1996,5.949999809265137,5.949999809265137,65500,6.050000190734863,6.025000095367432,4.246671676635742
16-02-1996,5.949999809265137,6.025000095367432,29000,6.050000190734863,6.0,4.229050159454346
20-02-1996,5.974999904632568,6.0,36500,6.050000190734863,6.0,4.229050159454346
21-02-1996,5.974999904632568,6.0,37000,6.050000190734863,6.025000095367432,4.246671676635742
22-02-1996,5.974999904632568,6.074999809265137,40000,6.099999904632568,6.0,4.229050159454346
23-02-1996,5.974999904632568,6.0,13500,6.025000095367432,6.025000095367432,4.246671676635742
26-02-1996,5.974999904632568,6.0,29000,6.0,6.0,4.229050159454346
27-02-1996,5.974999904632568,5.974999904632568,20000,6.050000190734863,6.0,4.229050159454346
28-02-1996,6.0,6.0,18000,6.050000190734863,6.025000095367432,4.246671676635742
29-02-1996,5.974999904632568,6.0,8500,6.0,5.974999904632568,4.211430072784424
01-03-1996,6.0,6.0,33500,6.050000190734863,6.025000095367432,4.246671676635742
04-03-1996,6.0,6.0,28500,6.074999809265137,6.074999809265137,4.2819132804870605
05-03-1996,6.050000190734863,6.074999809265137,43000,6.099999904632568,6.099999904632568,4.299534320831299
06-03-1996,6.050000190734863,6.074999809265137,14000,6.125,6.099999904632568,4.299534320831299
07-03-1996,5.974999904632568,6.0,41000,6.099999904632568,6.099999904632568,4.35667085647583
08-03-1996,6.0,6.099999904632568,19000,6.099999904632568,6.0,4.285249710083008
11-03-1996,5.974999904632568,6.025000095367432,19000,6.074999809265137,6.050000190734863,4.320959568023682
12-03-1996,6.0,6.074999809265137,27500,6.099999904632568,6.050000190734863,4.320959568023682
13-03-1996,6.0,6.025000095367432,7000,6.050000190734863,6.0,4.285249710083008
14-03-1996,6.0,6.0,17000,6.074999809265137,6.050000190734863,4.320959568023682
15-03-1996,5.900000095367432,5.900000095367432,46500,5.974999904632568,5.949999809265137,4.249539852142334
18-03-1996,5.900000095367432,5.974999904632568,21000,5.974999904632568,5.949999809265137,4.249539852142334
19-03-1996,5.949999809265137,5.949999809265137,10000,6.0,6.0,4.285249710083008
20-03-1996,5.974999904632568,6.0,16500,6.025000095367432,6.025000095367432,4.303104877471924
21-03-1996,5.949999809265137,5.974999904632568,9500,5.974999904632568,5.949999809265137,4.249539852142334
22-03-1996,5.925000190734863,5.974999904632568,11500,5.974999904632568,5.925000190734863,4.231684684753418
25-03-1996,5.925000190734863,5.949999809265137,12000,6.0,5.974999904632568,4.267394542694092
26-03-1996,5.949999809265137,6.0,12000,6.025000095367432,5.974999904632568,4.267394542694092
27-03-1996,5.949999809265137,6.0,14500,6.0,5.974999904632568,4.267394542694092
28-03-1996,6.0,6.0,13500,6.150000095367432,6.099999904632568,4.35667085647583
29-03-1996,5.949999809265137,6.074999809265137,16500,6.074999809265137,5.949999809265137,4.249539852142334
01-04-1996,5.974999904632568,5.974999904632568,70500,6.025000095367432,6.0,4.285249710083008
02-04-1996,5.974999904632568,6.0,22000,6.050000190734863,6.0,4.285249710083008
03-04-1996,6.025000095367432,6.050000190734863,11000,6.099999904632568,6.099999904632568,4.35667085647583
04-04-1996,5.949999809265137,6.050000190734863,21000,6.050000190734863,6.050000190734863,4.320959568023682
08-04-1996,6.0,6.074999809265137,14000,6.074999809265137,6.025000095367432,4.303104877471924
09-04-1996,5.849999904632568,6.050000190734863,58500,6.050000190734863,5.849999904632568,4.178118705749512
10-04-1996,5.775000095367432,5.900000095367432,15500,5.900000095367432,5.824999809265137,4.1602630615234375
11-04-1996,5.699999809265137,5.824999809265137,43000,5.824999809265137,5.775000095367432,4.124552249908447
12-04-1996,5.775000095367432,5.775000095367432,14000,5.875,5.875,4.195972442626953
15-04-1996,5.875,5.900000095367432,14000,5.949999809265137,5.949999809265137,4.249539852142334
16-04-1996,5.75,5.974999904632568,29000,6.0,5.800000190734863,4.142407417297363
17-04-1996,5.800000190734863,5.824999809265137,12000,5.849999904632568,5.800000190734863,4.142407417297363
18-04-1996,5.775000095367432,5.775000095367432,10500,5.900000095367432,5.900000095367432,4.21382999420166
19-04-1996,5.800000190734863,5.900000095367432,14500,5.900000095367432,5.875,4.195972442626953
22-04-1996,5.724999904632568,5.900000095367432,14000,5.900000095367432,5.724999904632568,4.088842868804932
23-04-1996,5.724999904632568,5.724999904632568,8000,5.775000095367432,5.775000095367432,4.124552249908447
24-04-1996,5.75,5.75,19500,5.775000095367432,5.75,4.106697082519531
25-04-1996,5.650000095367432,5.75,123000,5.75,5.675000190734863,4.053131580352783
26-04-1996,5.675000190734863,5.724999904632568,16000,5.724999904632568,5.699999809265137,4.070987224578857
29-04-1996,5.724999904632568,5.75,16000,5.800000190734863,5.800000190734863,4.142407417297363
30-04-1996,5.824999809265137,5.824999809265137,18000,5.949999809265137,5.900000095367432,4.21382999420166
01-05-1996,5.875,5.925000190734863,15000,5.949999809265137,5.875,4.195972442626953
02-05-1996,5.875,5.900000095367432,21500,5.949999809265137,5.925000190734863,4.231684684753418
03-05-1996,5.824999809265137,5.949999809265137,24000,5.949999809265137,5.824999809265137,4.1602630615234375
06-05-1996,5.824999809265137,5.875,15000,5.900000095367432,5.900000095367432,4.21382999420166
07-05-1996,5.900000095367432,5.949999809265137,16500,5.949999809265137,5.949999809265137,4.249539852142334
08-05-1996,5.900000095367432,5.949999809265137,35000,5.974999904632568,5.974999904632568,4.267394542694092
09-05-1996,5.925000190734863,5.974999904632568,8000,5.974999904632568,5.974999904632568,4.267394542694092
10-05-1996,5.925000190734863,5.974999904632568,21000,6.0,6.0,4.285249710083008
13-05-1996,5.925000190734863,6.025000095367432,26000,6.074999809265137,6.074999809265137,4.338815212249756
14-05-1996,6.025000095367432,6.099999904632568,25500,6.099999904632568,6.050000190734863,4.320959568023682
15-05-1996,6.0,6.025000095367432,22500,6.025000095367432,6.0,4.285249710083008
16-05-1996,5.949999809265137,5.974999904632568,7500,6.0,5.949999809265137,4.249539852142334
17-05-1996,5.925000190734863,6.0,18000,6.0,5.949999809265137,4.249539852142334
20-05-1996,5.925000190734863,5.925000190734863,10000,5.974999904632568,5.974999904632568,4.267394542694092
21-05-1996,5.949999809265137,5.949999809265137,27500,6.025000095367432,6.0,4.285249710083008
22-05-1996,5.949999809265137,6.0,7500,6.0,6.0,4.285249710083008
23-05-1996,5.949999809265137,6.025000095367432,10500,6.025000095367432,6.025000095367432,4.303104877471924
24-05-1996,6.050000190734863,6.050000190734863,5000,6.074999809265137,6.074999809265137,4.338815212249756
28-05-1996,5.974999904632568,6.074999809265137,37000,6.074999809265137,6.0,4.285249710083008
29-05-1996,5.949999809265137,6.0,10000,6.0,6.0,4.285249710083008
30-05-1996,5.974999904632568,5.974999904632568,5500,6.0,5.974999904632568,4.267394542694092
31-05-1996,6.025000095367432,6.050000190734863,17000,6.099999904632568,6.099999904632568,4.35667085647583
03-06-1996,6.050000190734863,6.099999904632568,12500,6.099999904632568,6.099999904632568,4.35667085647583
04-06-1996,6.050000190734863,6.050000190734863,12500,6.099999904632568,6.099999904632568,4.35667085647583
05-06-1996,6.050000190734863,6.125,12000,6.150000095367432,6.099999904632568,4.35667085647583
06-06-1996,6.050000190734863,6.074999809265137,9500,6.125,6.125,4.374525547027588
07-06-1996,6.099999904632568,6.099999904632568,10000,6.150000095367432,6.099999904632568,4.35667085647583
10-06-1996,6.0,6.0,43500,6.199999809265137,6.125,4.374525547027588
11-06-1996,6.0,6.074999809265137,18000,6.074999809265137,6.074999809265137,4.338815212249756
12-06-1996,5.949999809265137,6.074999809265137,13500,6.074999809265137,5.949999809265137,4.249539852142334
13-06-1996,5.974999904632568,5.974999904632568,6000,6.025000095367432,6.025000095367432,4.303104877471924
14-06-1996,5.925000190734863,6.0,17000,6.0,5.974999904632568,4.267394542694092
17-06-1996,6.0,6.0,500,6.0,6.0,4.285249710083008
18-06-1996,5.974999904632568,5.974999904632568,7000,6.0,5.974999904632568,4.267394542694092
19-06-1996,5.974999904632568,6.0,2500,6.0,5.974999904632568,4.267394542694092
20-06-1996,5.925000190734863,5.925000190734863,18000,5.949999809265137,5.925000190734863,4.231684684753418
21-06-1996,5.900000095367432,5.925000190734863,12500,5.974999904632568,5.974999904632568,4.267394542694092
24-06-1996,5.900000095367432,5.974999904632568,19000,5.974999904632568,5.925000190734863,4.231684684753418
25-06-1996,5.849999904632568,5.900000095367432,17500,5.900000095367432,5.849999904632568,4.178118705749512
26-06-1996,5.824999809265137,5.900000095367432,14000,5.900000095367432,5.875,4.195972442626953
27-06-1996,5.875,5.875,7000,5.900000095367432,5.875,4.195972442626953
28-06-1996,5.849999904632568,5.849999904632568,12000,5.900000095367432,5.875,4.195972442626953
01-07-1996,5.824999809265137,5.824999809265137,9000,5.824999809265137,5.824999809265137,4.1602630615234375
02-07-1996,5.800000190734863,5.800000190734863,19000,5.800000190734863,5.800000190734863,4.142407417297363
03-07-1996,5.849999904632568,5.849999904632568,3000,5.875,5.849999904632568,4.178118705749512
05-07-1996,5.849999904632568,5.849999904632568,0,5.849999904632568,5.849999904632568,4.178118705749512
08-07-1996,5.824999809265137,5.824999809265137,11000,5.875,5.824999809265137,4.1602630615234375
09-07-1996,5.75,5.800000190734863,23000,5.824999809265137,5.800000190734863,4.142407417297363
10-07-1996,5.775000095367432,5.824999809265137,13500,5.824999809265137,5.800000190734863,4.142407417297363
11-07-1996,5.724999904632568,5.75,25500,5.775000095367432,5.775000095367432,4.124552249908447
12-07-1996,5.699999809265137,5.724999904632568,44000,5.724999904632568,5.699999809265137,4.070987224578857
15-07-1996,5.599999904632568,5.650000095367432,15500,5.650000095367432,5.599999904632568,3.99956488609314
16-07-1996,5.400000095367432,5.599999904632568,52500,5.599999904632568,5.425000190734863,3.874580144882202
17-07-1996,5.425000190734863,5.425000190734863,12000,5.525000095367432,5.5,3.928147315979004
18-07-1996,5.525000095367432,5.525000095367432,4000,5.625,5.625,4.017421245574951
19-07-1996,5.625,5.625,13000,5.625,5.625,4.017421245574951
22-07-1996,5.650000095367432,5.675000190734863,26000,5.75,5.724999904632568,4.088842868804932
23-07-1996,5.675000190734863,5.724999904632568,3500,5.724999904632568,5.675000190734863,4.053131580352783
24-07-1996,5.474999904632568,5.625,28000,5.625,5.625,4.017421245574951
25-07-1996,5.625,5.625,12000,5.675000190734863,5.625,4.017421245574951
26-07-1996,5.599999904632568,5.675000190734863,15500,5.675000190734863,5.675000190734863,4.053131580352783
29-07-1996,5.625,5.650000095367432,11000,5.724999904632568,5.724999904632568,4.088842868804932
30-07-1996,5.650000095367432,5.699999809265137,27000,5.75,5.75,4.106697082519531
31-07-1996,5.699999809265137,5.699999809265137,11000,5.800000190734863,5.800000190734863,4.142407417297363
01-08-1996,5.75,5.800000190734863,1500,5.800000190734863,5.75,4.106697082519531
02-08-1996,5.775000095367432,5.824999809265137,19500,5.824999809265137,5.824999809265137,4.1602630615234375
05-08-1996,5.849999904632568,5.849999904632568,6000,5.900000095367432,5.900000095367432,4.21382999420166
06-08-1996,5.849999904632568,5.875,5000,5.875,5.849999904632568,4.178118705749512
07-08-1996,5.849999904632568,5.849999904632568,13000,5.925000190734863,5.875,4.195972442626953
08-08-1996,5.849999904632568,5.849999904632568,30500,5.900000095367432,5.875,4.195972442626953
09-08-1996,5.775000095367432,5.849999904632568,14000,5.849999904632568,5.775000095367432,4.124552249908447
12-08-1996,5.775000095367432,5.824999809265137,26000,5.849999904632568,5.824999809265137,4.1602630615234375
13-08-1996,5.775000095367432,5.849999904632568,17000,5.849999904632568,5.775000095367432,4.124552249908447
14-08-1996,5.775000095367432,5.775000095367432,6000,5.800000190734863,5.800000190734863,4.142407417297363
15-08-1996,5.75,5.775000095367432,5000,5.800000190734863,5.775000095367432,4.124552249908447
16-08-1996,5.75,5.775000095367432,2500,5.775000095367432,5.75,4.106697082519531
19-08-1996,5.775000095367432,5.800000190734863,11000,5.800000190734863,5.775000095367432,4.124552249908447
20-08-1996,5.75,5.775000095367432,7000,5.775000095367432,5.75,4.106697082519531
21-08-1996,5.775000095367432,5.775000095367432,5000,5.800000190734863,5.800000190734863,4.142407417297363
22-08-1996,5.775000095367432,5.775000095367432,2500,5.775000095367432,5.775000095367432,4.124552249908447
23-08-1996,5.775000095367432,5.775000095367432,2500,5.775000095367432,5.775000095367432,4.124552249908447
26-08-1996,5.775000095367432,5.775000095367432,1500,5.800000190734863,5.800000190734863,4.142407417297363
27-08-1996,5.75,5.800000190734863,6000,5.800000190734863,5.75,4.106697082519531
28-08-1996,5.75,5.775000095367432,2500,5.775000095367432,5.75,4.106697082519531
29-08-1996,5.75,5.75,10500,5.775000095367432,5.775000095367432,4.124552249908447
30-08-1996,5.75,5.775000095367432,4500,5.775000095367432,5.75,4.106697082519531
03-09-1996,5.724999904632568,5.75,4500,5.75,5.75,4.106697082519531
04-09-1996,5.699999809265137,5.75,18500,5.775000095367432,5.699999809265137,4.070987224578857
05-09-1996,5.675000190734863,5.675000190734863,2500,5.675000190734863,5.675000190734863,4.053131580352783
06-09-1996,5.550000190734863,5.675000190734863,18000,5.675000190734863,5.599999904632568,3.99956488609314
09-09-1996,5.574999809265137,5.599999904632568,4000,5.599999904632568,5.599999904632568,3.99956488609314
10-09-1996,5.599999904632568,5.599999904632568,0,5.599999904632568,5.599999904632568,3.99956488609314
11-09-1996,5.574999809265137,5.574999809265137,7000,5.599999904632568,5.574999809265137,3.981710433959961
12-09-1996,5.550000190734863,5.625,22000,5.625,5.625,4.017421245574951
13-09-1996,5.550000190734863,5.574999809265137,11000,5.574999809265137,5.574999809265137,3.981710433959961
16-09-1996,5.550000190734863,5.574999809265137,12500,5.599999904632568,5.550000190734863,3.963856220245361
17-09-1996,5.550000190734863,5.550000190734863,20000,5.699999809265137,5.699999809265137,4.070987224578857
18-09-1996,5.724999904632568,5.75,15500,5.800000190734863,5.724999904632568,4.088842868804932
19-09-1996,5.699999809265137,5.724999904632568,2000,5.75,5.75,4.106697082519531
20-09-1996,5.699999809265137,5.699999809265137,4500,5.775000095367432,5.775000095367432,4.124552249908447
23-09-1996,5.724999904632568,5.75,5500,5.75,5.724999904632568,4.088842868804932
24-09-1996,5.724999904632568,5.75,10500,5.800000190734863,5.800000190734863,4.142407417297363
25-09-1996,5.75,5.75,6000,5.800000190734863,5.800000190734863,4.142407417297363
26-09-1996,5.75,5.75,4000,5.75,5.75,4.106697082519531
27-09-1996,5.75,5.75,6500,5.75,5.75,4.106697082519531
30-09-1996,5.724999904632568,5.75,3500,5.75,5.724999904632568,4.088842868804932
01-10-1996,5.699999809265137,5.699999809265137,2500,5.724999904632568,5.724999904632568,4.088842868804932
02-10-1996,5.75,5.75,3500,5.75,5.75,4.106697082519531
03-10-1996,5.75,5.800000190734863,3500,5.800000190734863,5.75,4.106697082519531
04-10-1996,5.675000190734863,5.75,19000,5.775000095367432,5.699999809265137,4.070987224578857
07-10-1996,5.650000095367432,5.75,14000,5.75,5.650000095367432,4.035276889801025
08-10-1996,5.650000095367432,5.650000095367432,16000,5.699999809265137,5.675000190734863,4.053131580352783
09-10-1996,5.650000095367432,5.650000095367432,4000,5.650000095367432,5.650000095367432,4.035276889801025
10-10-1996,5.625,5.650000095367432,7500,5.699999809265137,5.675000190734863,4.053131580352783
11-10-1996,5.5,5.675000190734863,27000,5.675000190734863,5.5,3.928147315979004
14-10-1996,5.375,5.525000095367432,31000,5.525000095367432,5.425000190734863,3.874580144882202
15-10-1996,5.375,5.375,67500,5.474999904632568,5.474999904632568,3.910291194915772
16-10-1996,5.474999904632568,5.474999904632568,15000,5.650000095367432,5.650000095367432,4.035276889801025
17-10-1996,5.650000095367432,5.650000095367432,29000,5.824999809265137,5.824999809265137,4.1602630615234375
18-10-1996,5.724999904632568,5.824999809265137,11000,5.824999809265137,5.800000190734863,4.142407417297363
21-10-1996,5.75,5.75,18500,5.849999904632568,5.75,4.106697082519531
22-10-1996,5.775000095367432,5.849999904632568,11500,5.849999904632568,5.800000190734863,4.142407417297363
23-10-1996,5.699999809265137,5.800000190734863,29000,5.800000190734863,5.724999904632568,4.088842868804932
24-10-1996,5.724999904632568,5.724999904632568,0,5.724999904632568,5.724999904632568,4.088842868804932
25-10-1996,5.599999904632568,5.675000190734863,16000,5.775000095367432,5.775000095367432,4.124552249908447
28-10-1996,5.599999904632568,5.775000095367432,24500,5.775000095367432,5.599999904632568,3.99956488609314
29-10-1996,5.625,5.650000095367432,8500,5.675000190734863,5.675000190734863,4.053131580352783
30-10-1996,5.625,5.625,15500,5.675000190734863,5.650000095367432,4.035276889801025
31-10-1996,5.625,5.625,7500,5.650000095367432,5.650000095367432,4.035276889801025
01-11-1996,5.599999904632568,5.599999904632568,6000,5.599999904632568,5.599999904632568,3.99956488609314
04-11-1996,5.574999809265137,5.599999904632568,22000,5.625,5.574999809265137,3.981710433959961
05-11-1996,5.5,5.574999809265137,30500,5.574999809265137,5.550000190734863,3.963856220245361
06-11-1996,5.5,5.5,8500,5.5,5.5,3.928147315979004
07-11-1996,5.400000095367432,5.449999809265137,23000,5.449999809265137,5.449999809265137,3.892435073852539
08-11-1996,5.400000095367432,5.425000190734863,14500,5.5,5.5,3.928147315979004
11-11-1996,5.474999904632568,5.474999904632568,2000,5.5,5.5,3.928147315979004
12-11-1996,5.525000095367432,5.525000095367432,9000,5.550000190734863,5.525000095367432,3.9460020065307617
13-11-1996,5.550000190734863,5.574999809265137,2000,5.574999809265137,5.550000190734863,3.963856220245361
14-11-1996,5.550000190734863,5.550000190734863,6500,5.599999904632568,5.599999904632568,3.99956488609314
15-11-1996,5.550000190734863,5.550000190734863,16500,5.625,5.599999904632568,3.99956488609314
18-11-1996,5.550000190734863,5.599999904632568,21500,5.599999904632568,5.550000190734863,3.963856220245361
19-11-1996,5.550000190734863,5.574999809265137,5000,5.574999809265137,5.574999809265137,3.981710433959961
20-11-1996,5.550000190734863,5.574999809265137,5000,5.574999809265137,5.550000190734863,3.963856220245361
21-11-1996,5.5,5.525000095367432,11500,5.525000095367432,5.5,3.928147315979004
22-11-1996,5.5,5.5,22000,5.574999809265137,5.574999809265137,3.981710433959961
25-11-1996,5.550000190734863,5.599999904632568,10000,5.599999904632568,5.599999904632568,3.99956488609314
26-11-1996,5.449999809265137,5.574999809265137,20000,5.574999809265137,5.5,3.928147315979004
27-11-1996,5.5,5.550000190734863,17000,5.550000190734863,5.5,3.928147315979004
29-11-1996,5.5,5.5,500,5.5,5.5,3.928147315979004
02-12-1996,5.474999904632568,5.550000190734863,8500,5.550000190734863,5.474999904632568,3.910291194915772
03-12-1996,5.474999904632568,5.474999904632568,12000,5.525000095367432,5.525000095367432,3.9460020065307617
04-12-1996,5.5,5.5,5500,5.525000095367432,5.525000095367432,3.9460020065307617
05-12-1996,5.5,5.5,14500,5.525000095367432,5.5,3.928147315979004
06-12-1996,5.449999809265137,5.474999904632568,11000,5.5,5.449999809265137,3.892435073852539
09-12-1996,5.449999809265137,5.449999809265137,9000,5.5,5.449999809265137,3.892435073852539
10-12-1996,5.400000095367432,5.474999904632568,19000,5.5,5.449999809265137,3.892435073852539
11-12-1996,5.425000190734863,5.449999809265137,7500,5.449999809265137,5.425000190734863,3.874580144882202
12-12-1996,5.349999904632568,5.425000190734863,11500,5.425000190734863,5.349999904632568,3.821014881134033
13-12-1996,5.25,5.300000190734863,18500,5.300000190734863,5.25,3.7495930194854736
16-12-1996,5.25,5.275000095367432,21000,5.300000190734863,5.25,3.7495930194854736
17-12-1996,5.224999904632568,5.224999904632568,17500,5.275000095367432,5.275000095367432,3.767449140548706
18-12-1996,5.25,5.275000095367432,29500,5.300000190734863,5.300000190734863,3.785303115844727
19-12-1996,5.275000095367432,5.300000190734863,28000,5.324999809265137,5.300000190734863,3.785303115844727
20-12-1996,4.949999809265137,5.300000190734863,132500,5.300000190734863,5.150000095367432,3.6781721115112314
23-12-1996,5.199999809265137,5.199999809265137,42500,5.275000095367432,5.25,3.7495930194854736
24-12-1996,5.224999904632568,5.25,8000,5.25,5.224999904632568,3.731738328933716
26-12-1996,5.224999904632568,5.224999904632568,19000,5.300000190734863,5.25,3.7495930194854736
27-12-1996,5.224999904632568,5.224999904632568,30500,5.349999904632568,5.349999904632568,3.821014881134033
30-12-1996,5.300000190734863,5.324999809265137,21500,5.425000190734863,5.425000190734863,3.874580144882202
31-12-1996,5.400000095367432,5.425000190734863,23500,5.474999904632568,5.449999809265137,3.892435073852539
02-01-1997,5.324999809265137,5.400000095367432,6000,5.400000095367432,5.375,3.838869571685791
03-01-1997,5.324999809265137,5.324999809265137,7000,5.375,5.324999809265137,3.803158760070801
06-01-1997,5.300000190734863,5.324999809265137,19000,5.349999904632568,5.349999904632568,3.821014881134033
07-01-1997,5.349999904632568,5.400000095367432,10500,5.425000190734863,5.349999904632568,3.821014881134033
08-01-1997,5.400000095367432,5.400000095367432,16000,5.550000190734863,5.525000095367432,3.9460020065307617
09-01-1997,5.474999904632568,5.5,23000,5.599999904632568,5.599999904632568,3.99956488609314
10-01-1997,5.550000190734863,5.599999904632568,13000,5.599999904632568,5.574999809265137,3.981710433959961
13-01-1997,5.574999809265137,5.599999904632568,59500,5.699999809265137,5.650000095367432,4.035276889801025
14-01-1997,5.574999809265137,5.675000190734863,53000,5.699999809265137,5.574999809265137,3.981710433959961
15-01-1997,5.599999904632568,5.625,14500,5.675000190734863,5.650000095367432,4.035276889801025
16-01-1997,5.5,5.599999904632568,15500,5.599999904632568,5.550000190734863,3.963856220245361
17-01-1997,5.525000095367432,5.525000095367432,2000,5.550000190734863,5.550000190734863,3.963856220245361
20-01-1997,5.574999809265137,5.574999809265137,14000,5.675000190734863,5.675000190734863,4.053131580352783
21-01-1997,5.650000095367432,5.675000190734863,5000,5.675000190734863,5.650000095367432,4.035276889801025
22-01-1997,5.625,5.625,11000,5.699999809265137,5.650000095367432,4.035276889801025
23-01-1997,5.625,5.675000190734863,16000,5.675000190734863,5.675000190734863,4.053131580352783
24-01-1997,5.650000095367432,5.650000095367432,9000,5.675000190734863,5.650000095367432,4.035276889801025
27-01-1997,5.650000095367432,5.675000190734863,9500,5.675000190734863,5.675000190734863,4.053131580352783
28-01-1997,5.650000095367432,5.650000095367432,10000,5.675000190734863,5.675000190734863,4.053131580352783
29-01-1997,5.599999904632568,5.650000095367432,37500,5.650000095367432,5.599999904632568,3.99956488609314
30-01-1997,5.574999809265137,5.599999904632568,4000,5.625,5.625,4.017421245574951
31-01-1997,5.650000095367432,5.650000095367432,2500,5.650000095367432,5.650000095367432,4.035276889801025
03-02-1997,5.599999904632568,5.650000095367432,25000,5.675000190734863,5.675000190734863,4.053131580352783
04-02-1997,5.625,5.675000190734863,21500,5.675000190734863,5.675000190734863,4.053131580352783
05-02-1997,5.599999904632568,5.675000190734863,13500,5.675000190734863,5.650000095367432,4.035276889801025
06-02-1997,5.525000095367432,5.625,61000,5.625,5.625,4.017421245574951
07-02-1997,5.650000095367432,5.675000190734863,11000,5.675000190734863,5.675000190734863,4.053131580352783
10-02-1997,5.625,5.675000190734863,4000,5.675000190734863,5.675000190734863,4.053131580352783
11-02-1997,5.574999809265137,5.675000190734863,25000,5.675000190734863,5.625,4.017421245574951
12-02-1997,5.574999809265137,5.625,55000,5.675000190734863,5.599999904632568,3.99956488609314
13-02-1997,5.599999904632568,5.650000095367432,20500,5.675000190734863,5.650000095367432,4.035276889801025
14-02-1997,5.550000190734863,5.599999904632568,54000,5.675000190734863,5.550000190734863,3.963856220245361
18-02-1997,5.574999809265137,5.574999809265137,42000,5.650000095367432,5.650000095367432,4.035276889801025
19-02-1997,5.625,5.625,43500,5.675000190734863,5.625,4.017421245574951
20-02-1997,5.550000190734863,5.625,27500,5.650000095367432,5.550000190734863,3.963856220245361
21-02-1997,5.550000190734863,5.599999904632568,37500,5.675000190734863,5.625,4.017421245574951
24-02-1997,5.625,5.650000095367432,12000,5.675000190734863,5.625,4.017421245574951
25-02-1997,5.599999904632568,5.625,17500,5.625,5.625,4.017421245574951
26-02-1997,5.599999904632568,5.599999904632568,12000,5.625,5.599999904632568,3.99956488609314
27-02-1997,5.550000190734863,5.599999904632568,7500,5.599999904632568,5.574999809265137,3.981710433959961
28-02-1997,5.574999809265137,5.599999904632568,17500,5.599999904632568,5.599999904632568,3.99956488609314
03-03-1997,5.574999809265137,5.574999809265137,19000,5.650000095367432,5.625,4.017421245574951
04-03-1997,5.650000095367432,5.650000095367432,46500,5.699999809265137,5.699999809265137,4.070987224578857
05-03-1997,5.599999904632568,5.599999904632568,51000,5.675000190734863,5.675000190734863,4.110827445983887
06-03-1997,5.699999809265137,5.699999809265137,61000,5.775000095367432,5.775000095367432,4.18326473236084
07-03-1997,5.75,5.75,46000,5.800000190734863,5.800000190734863,4.201374530792236
10-03-1997,5.75,5.75,18500,5.775000095367432,5.775000095367432,4.18326473236084
11-03-1997,5.724999904632568,5.775000095367432,33500,5.824999809265137,5.824999809265137,4.219483852386475
12-03-1997,5.75,5.775000095367432,35000,5.824999809265137,5.800000190734863,4.201374530792236
13-03-1997,5.75,5.800000190734863,24000,5.849999904632568,5.849999904632568,4.237593173980713
14-03-1997,5.824999809265137,5.875,40000,5.875,5.849999904632568,4.237593173980713
17-03-1997,5.849999904632568,5.900000095367432,14500,5.925000190734863,5.875,4.255702495574951
18-03-1997,5.824999809265137,5.824999809265137,38500,5.925000190734863,5.900000095367432,4.273812770843506
19-03-1997,5.849999904632568,5.900000095367432,20000,5.900000095367432,5.900000095367432,4.273812770843506
20-03-1997,5.875,5.900000095367432,27000,5.949999809265137,5.900000095367432,4.273812770843506
21-03-1997,5.849999904632568,5.849999904632568,36000,5.900000095367432,5.849999904632568,4.237593173980713
24-03-1997,5.775000095367432,5.824999809265137,41000,5.849999904632568,5.775000095367432,4.18326473236084
25-03-1997,5.724999904632568,5.75,9000,5.75,5.724999904632568,4.147046089172363
26-03-1997,5.75,5.75,2500,5.824999809265137,5.824999809265137,4.219483852386475
27-03-1997,5.800000190734863,5.800000190734863,7000,5.875,5.875,4.255702495574951
31-03-1997,5.849999904632568,5.849999904632568,11000,5.900000095367432,5.849999904632568,4.237593173980713
01-04-1997,5.875,5.875,4000,5.900000095367432,5.900000095367432,4.273812770843506
02-04-1997,5.875,5.900000095367432,24000,5.900000095367432,5.900000095367432,4.273812770843506
03-04-1997,5.875,5.900000095367432,27500,5.949999809265137,5.900000095367432,4.273812770843506
04-04-1997,5.925000190734863,5.925000190734863,23500,5.974999904632568,5.974999904632568,4.328139781951904
07-04-1997,5.974999904632568,5.974999904632568,26000,6.175000190734863,6.099999904632568,4.418687343597412
08-04-1997,6.099999904632568,6.125,38500,6.125,6.125,4.436795711517334
09-04-1997,6.125,6.125,0,6.125,6.125,4.436795711517334
10-04-1997,6.150000095367432,6.150000095367432,12500,6.175000190734863,6.175000190734863,4.473015308380127
11-04-1997,6.150000095367432,6.175000190734863,12000,6.175000190734863,6.150000095367432,4.454906940460205
14-04-1997,6.050000190734863,6.125,47000,6.125,6.050000190734863,4.382468223571777
15-04-1997,6.0,6.099999904632568,10500,6.099999904632568,6.074999809265137,4.400578022003174
16-04-1997,6.0,6.025000095367432,10500,6.025000095367432,6.0,4.346249103546143
17-04-1997,6.050000190734863,6.050000190734863,4500,6.050000190734863,6.050000190734863,4.382468223571777
18-04-1997,6.050000190734863,6.050000190734863,27000,6.099999904632568,6.074999809265137,4.400578022003174
21-04-1997,6.074999809265137,6.074999809265137,1000,6.074999809265137,6.074999809265137,4.400578022003174
22-04-1997,6.025000095367432,6.050000190734863,6000,6.074999809265137,6.025000095367432,4.364358901977539
23-04-1997,6.0,6.025000095367432,15000,6.099999904632568,6.025000095367432,4.364358901977539
24-04-1997,6.0,6.050000190734863,15500,6.074999809265137,6.074999809265137,4.400578022003174
25-04-1997,6.025000095367432,6.025000095367432,4500,6.074999809265137,6.050000190734863,4.382468223571777
28-04-1997,6.050000190734863,6.050000190734863,14000,6.074999809265137,6.074999809265137,4.400578022003174
29-04-1997,6.025000095367432,6.074999809265137,10000,6.074999809265137,6.025000095367432,4.364358901977539
30-04-1997,6.025000095367432,6.050000190734863,10500,6.050000190734863,6.050000190734863,4.382468223571777
01-05-1997,6.025000095367432,6.025000095367432,17000,6.099999904632568,6.050000190734863,4.382468223571777
02-05-1997,6.025000095367432,6.050000190734863,25000,6.050000190734863,6.050000190734863,4.382468223571777
05-05-1997,6.025000095367432,6.025000095367432,8000,6.050000190734863,6.025000095367432,4.364358901977539
06-05-1997,6.0,6.050000190734863,22500,6.050000190734863,6.0,4.346249103546143
07-05-1997,6.0,6.0,25500,6.099999904632568,6.099999904632568,4.418687343597412
08-05-1997,6.0,6.050000190734863,5500,6.050000190734863,6.025000095367432,4.364358901977539
09-05-1997,6.025000095367432,6.074999809265137,6500,6.099999904632568,6.050000190734863,4.382468223571777
12-05-1997,6.0,6.0,16000,6.050000190734863,6.025000095367432,4.364358901977539
13-05-1997,6.0,6.025000095367432,50500,6.099999904632568,6.099999904632568,4.418687343597412
14-05-1997,6.0,6.050000190734863,21000,6.074999809265137,6.025000095367432,4.364358901977539
15-05-1997,6.050000190734863,6.050000190734863,2000,6.050000190734863,6.050000190734863,4.382468223571777
16-05-1997,6.025000095367432,6.050000190734863,10000,6.050000190734863,6.050000190734863,4.382468223571777
19-05-1997,6.050000190734863,6.099999904632568,6000,6.099999904632568,6.050000190734863,4.382468223571777
20-05-1997,6.0,6.025000095367432,14500,6.050000190734863,6.0,4.346249103546143
21-05-1997,6.0,6.025000095367432,10500,6.025000095367432,6.025000095367432,4.364358901977539
22-05-1997,6.050000190734863,6.050000190734863,2000,6.050000190734863,6.050000190734863,4.382468223571777
23-05-1997,5.974999904632568,6.0,11000,6.025000095367432,6.0,4.346249103546143
27-05-1997,6.0,6.0,18000,6.074999809265137,6.050000190734863,4.382468223571777
28-05-1997,6.025000095367432,6.025000095367432,6500,6.099999904632568,6.099999904632568,4.418687343597412
29-05-1997,6.050000190734863,6.099999904632568,7000,6.099999904632568,6.099999904632568,4.418687343597412
30-05-1997,6.050000190734863,6.050000190734863,20000,6.050000190734863,6.050000190734863,4.382468223571777
02-06-1997,6.025000095367432,6.099999904632568,50000,6.150000095367432,6.025000095367432,4.364358901977539
03-06-1997,6.025000095367432,6.050000190734863,32000,6.125,6.099999904632568,4.418687343597412
04-06-1997,6.099999904632568,6.099999904632568,104500,6.25,6.25,4.527343273162842
05-06-1997,6.25,6.300000190734863,113500,6.5,6.5,4.708436965942383
06-06-1997,6.425000190734863,6.525000095367432,77500,6.550000190734863,6.525000095367432,4.726547718048096
09-06-1997,6.599999904632568,6.75,111500,6.75,6.699999809265137,4.853311538696289
10-06-1997,6.675000190734863,6.724999904632568,46500,6.724999904632568,6.699999809265137,4.853311538696289
11-06-1997,6.5,6.650000095367432,46500,6.650000095367432,6.525000095367432,4.726547718048096
12-06-1997,6.425000190734863,6.5,44000,6.5,6.449999809265137,4.672216892242432
13-06-1997,6.425000190734863,6.449999809265137,27500,6.449999809265137,6.425000190734863,4.65410852432251
16-06-1997,6.400000095367432,6.425000190734863,15000,6.449999809265137,6.400000095367432,4.636002063751221
17-06-1997,6.300000190734863,6.400000095367432,69000,6.400000095367432,6.375,4.61789083480835
18-06-1997,6.425000190734863,6.425000190734863,19000,6.449999809265137,6.449999809265137,4.672216892242432
19-06-1997,6.425000190734863,6.449999809265137,75500,6.5,6.5,4.708436965942383
20-06-1997,6.550000190734863,6.550000190734863,51000,6.699999809265137,6.699999809265137,4.853311538696289
23-06-1997,6.775000095367432,6.800000190734863,125500,7.199999809265137,7.099999904632568,5.143062591552734
24-06-1997,7.025000095367432,7.150000095367432,112500,7.150000095367432,7.125,5.161170959472656
25-06-1997,7.050000190734863,7.074999809265137,31500,7.175000190734863,7.099999904632568,5.143062591552734
26-06-1997,7.025000095367432,7.050000190734863,50500,7.0625,7.025000095367432,5.088733673095703
27-06-1997,7.025000095367432,7.050000190734863,25500,7.050000190734863,7.025000095367432,5.088733673095703
30-06-1997,6.949999809265137,7.050000190734863,37000,7.050000190734863,7.025000095367432,5.088733673095703
01-07-1997,6.974999904632568,7.025000095367432,78000,7.050000190734863,7.037499904632568,5.097790241241455
02-07-1997,7.025000095367432,7.050000190734863,10500,7.050000190734863,7.025000095367432,5.088733673095703
03-07-1997,6.974999904632568,6.974999904632568,13500,7.050000190734863,7.025000095367432,5.088733673095703
07-07-1997,7.050000190734863,7.074999809265137,63500,7.349999904632568,7.300000190734863,5.287937641143799
08-07-1997,7.199999809265137,7.349999904632568,64500,7.375,7.199999809265137,5.215499401092529
09-07-1997,7.099999904632568,7.224999904632568,59000,7.224999904632568,7.212500095367432,5.224555492401123
10-07-1997,7.050000190734863,7.25,33000,7.25,7.050000190734863,5.106842517852783
11-07-1997,7.050000190734863,7.050000190734863,10500,7.099999904632568,7.099999904632568,5.143062591552734
14-07-1997,7.150000095367432,7.150000095367432,28000,7.25,7.25,5.251718997955322
15-07-1997,7.199999809265137,7.287499904632568,18000,7.300000190734863,7.237500190734863,5.242664337158203
16-07-1997,7.275000095367432,7.275000095367432,35500,7.474999904632568,7.412499904632568,5.369430065155029
17-07-1997,7.349999904632568,7.375,9000,7.449999809265137,7.449999809265137,5.3965935707092285
18-07-1997,7.412499904632568,7.449999809265137,29500,7.574999809265137,7.5,5.432812213897705
21-07-1997,7.512499809265137,7.512499809265137,16500,7.599999904632568,7.550000190734863,5.469031810760498
22-07-1997,7.550000190734863,7.550000190734863,10000,7.662499904632568,7.662499904632568,5.55052375793457
23-07-1997,7.712500095367432,7.737500190734863,48500,7.925000190734863,7.900000095367432,5.722562789916992
24-07-1997,7.974999904632568,7.974999904632568,91500,8.199999809265137,8.125,5.885547161102295
25-07-1997,8.149999618530273,8.175000190734863,52000,8.324999809265137,8.237500190734863,5.967040061950684
28-07-1997,8.149999618530273,8.225000381469727,87000,8.300000190734863,8.199999809265137,5.939875602722168
29-07-1997,8.0,8.100000381469727,33000,8.100000381469727,8.050000190734863,5.83121919631958
30-07-1997,7.974999904632568,8.050000190734863,27000,8.100000381469727,7.987500190734863,5.785945892333984
31-07-1997,7.949999809265137,8.024999618530273,9000,8.050000190734863,8.0,5.795000076293945
01-08-1997,7.9375,7.949999809265137,17500,8.0,7.987500190734863,5.785945892333984
04-08-1997,7.974999904632568,8.0,12000,8.0,7.987500190734863,5.785945892333984
05-08-1997,7.987500190734863,7.987500190734863,15500,8.0,8.0,5.795000076293945
06-08-1997,8.0,8.0,23500,8.149999618530273,8.125,5.885547161102295
07-08-1997,8.125,8.125,10000,8.25,8.199999809265137,5.939875602722168
08-08-1997,8.125,8.199999809265137,21000,8.237500190734863,8.199999809265137,5.939875602722168
11-08-1997,8.100000381469727,8.100000381469727,17000,8.175000190734863,8.175000190734863,5.921765327453613
12-08-1997,8.125,8.1875,22500,8.1875,8.125,5.885547161102295
13-08-1997,7.974999904632568,8.100000381469727,40500,8.100000381469727,8.0,5.795000076293945
14-08-1997,7.949999809265137,7.949999809265137,10000,7.974999904632568,7.949999809265137,5.758781909942627
15-08-1997,7.800000190734863,7.849999904632568,12000,7.849999904632568,7.800000190734863,5.650125503540039
18-08-1997,7.574999809265137,7.849999904632568,80500,7.849999904632568,7.574999809265137,5.487140655517578
19-08-1997,7.550000190734863,7.574999809265137,7000,7.625,7.625,5.52335786819458
20-08-1997,7.625,7.650000095367432,76500,8.0,8.0,5.795000076293945
21-08-1997,8.050000190734863,8.050000190734863,78500,8.337499618530273,8.300000190734863,6.012312889099121
22-08-1997,7.949999809265137,8.300000190734863,35000,8.300000190734863,8.074999809265137,5.84932804107666
25-08-1997,8.125,8.125,45500,8.324999809265137,8.324999809265137,6.030421733856201
26-08-1997,8.350000381469727,8.375,100500,8.899999618530273,8.75,6.338283061981201
27-08-1997,8.800000190734863,8.800000190734863,76500,9.274999618530272,9.149999618530272,6.628032207489014
28-08-1997,9.125,9.199999809265137,25000,9.25,9.125,6.609920978546143
29-08-1997,9.074999809265137,9.112500190734863,14000,9.199999809265137,9.074999809265137,6.573702812194824
02-09-1997,9.125,9.125,71500,9.600000381469728,9.475000381469728,6.8634538650512695
03-09-1997,9.324999809265137,9.5,56500,9.600000381469728,9.399999618530272,6.809126377105713
04-09-1997,9.25,9.350000381469728,70500,9.625,9.475000381469728,6.8634538650512695
05-09-1997,9.5,9.5,224500,10.25,10.25,7.424843788146973
08-09-1997,10.25,10.274999618530272,139000,10.550000190734863,10.550000190734863,7.642156600952148
09-09-1997,10.149999618530272,10.5,46500,10.524999618530272,10.149999618530272,7.352406024932861
10-09-1997,9.899999618530272,9.899999618530272,47000,9.975000381469728,9.975000381469728,7.225639820098877
11-09-1997,9.699999809265137,9.925000190734863,28500,9.925000190734863,9.725000381469728,7.044548511505127
12-09-1997,9.675000190734863,9.699999809265137,135500,10.75,10.75,7.787030696868896
15-09-1997,10.75,10.75,268500,11.324999809265137,11.175000190734863,8.094890594482422
16-09-1997,11.100000381469728,11.125,63000,11.300000190734863,11.300000190734863,8.185436248779297
17-09-1997,11.225000381469728,11.337499618530272,60500,11.350000381469728,11.300000190734863,8.185436248779297
18-09-1997,11.274999618530272,11.300000190734863,34500,11.375,11.3125,8.194494247436523
19-09-1997,11.25,11.337499618530272,16500,11.337499618530272,11.274999618530272,8.167330741882324
22-09-1997,11.25,11.324999809265137,26500,11.387499809265137,11.25,8.14921760559082
23-09-1997,11.225000381469728,11.300000190734863,61500,11.324999809265137,11.324999809265137,8.203548431396484
24-09-1997,11.324999809265137,11.324999809265137,39000,11.550000190734863,11.550000190734863,8.36652946472168
25-09-1997,11.487500190734863,11.550000190734863,56500,11.675000190734863,11.487500190734863,8.321259498596191
26-09-1997,11.524999618530272,11.537500381469728,67500,11.625,11.600000381469728,8.402749061584473
29-09-1997,11.375,11.649999618530272,78500,11.675000190734863,11.399999618530272,8.257874488830566
30-09-1997,11.050000190734863,11.350000381469728,98500,11.350000381469728,11.1875,8.103946685791016
01-10-1997,11.125,11.175000190734863,23000,11.199999809265137,11.125,8.058670997619629
02-10-1997,11.0,11.087499618530272,17000,11.087499618530272,11.0,7.968125820159912
03-10-1997,10.762499809265137,11.0,39500,11.0,10.762499809265137,7.796084403991699
06-10-1997,9.800000190734863,10.75,219500,10.75,10.225000381469728,7.406736373901367
07-10-1997,9.875,10.0,65000,10.0,9.975000381469728,7.225639820098877
08-10-1997,9.225000381469728,9.949999809265137,73500,9.949999809265137,9.300000190734863,6.736688137054443
09-10-1997,8.899999618530273,9.300000190734863,164000,9.350000381469728,9.300000190734863,6.736688137054443
10-10-1997,9.300000190734863,9.399999618530272,63500,9.524999618530272,9.399999618530272,6.809126377105713
13-10-1997,9.399999618530272,9.399999618530272,113500,9.774999618530272,9.75,7.062654495239258
14-10-1997,9.75,9.800000190734863,42500,9.925000190734863,9.75,7.062654495239258
15-10-1997,9.725000381469728,9.725000381469728,7500,9.875,9.875,7.153203010559082
16-10-1997,9.737500190734863,9.875,60000,9.975000381469728,9.737500190734863,7.053601741790772
17-10-1997,9.324999809265137,9.774999618530272,58500,9.774999618530272,9.324999809265137,6.754796981811523
20-10-1997,9.225000381469728,9.350000381469728,8500,9.350000381469728,9.225000381469728,6.68235969543457
21-10-1997,8.787500381469727,9.274999618530272,55000,9.274999618530272,8.850000381469727,6.410719394683838
22-10-1997,8.600000381469727,8.699999809265137,27500,8.699999809265137,8.625,6.247734546661377
23-10-1997,8.600000381469727,8.649999618530273,29000,8.925000190734863,8.875,6.42882776260376
24-10-1997,8.824999809265137,8.899999618530273,30500,9.024999618530272,8.887499809265137,6.437881946563721
27-10-1997,8.375,8.837499618530273,29000,8.837499618530273,8.375,6.066642284393311
28-10-1997,8.175000190734863,8.274999618530273,69500,8.699999809265137,8.699999809265137,6.30206298828125
29-10-1997,8.699999809265137,8.75,27500,9.024999618530272,9.024999618530272,6.5374836921691895
30-10-1997,8.725000381469727,8.949999809265137,45500,8.949999809265137,8.737500190734863,6.329226493835449
31-10-1997,8.449999809265137,8.6875,56000,8.6875,8.649999618530273,6.265842914581299
03-11-1997,8.350000381469727,8.699999809265137,111500,9.050000190734863,8.350000381469727,6.048531532287598
04-11-1997,8.100000381469727,8.350000381469727,67000,8.399999618530273,8.100000381469727,5.867438316345215
05-11-1997,7.949999809265137,8.112500190734863,117500,8.112500190734863,8.050000190734863,5.83121919631958
06-11-1997,8.100000381469727,8.100000381469727,19000,8.300000190734863,8.300000190734863,6.012312889099121
07-11-1997,8.199999809265137,8.350000381469727,17000,8.350000381469727,8.199999809265137,5.939875602722168
10-11-1997,8.199999809265137,8.199999809265137,14500,8.387499809265137,8.387499809265137,6.0756940841674805
11-11-1997,8.337499618530273,8.387499809265137,2500,8.387499809265137,8.337499618530273,6.039474964141846
12-11-1997,8.300000190734863,8.300000190734863,25000,8.425000190734863,8.425000190734863,6.102859973907471
13-11-1997,8.337499618530273,8.425000190734863,6500,8.425000190734863,8.387499809265137,6.0756940841674805
14-11-1997,8.237500190734863,8.337499618530273,28000,8.362500190734863,8.300000190734863,6.012312889099121
17-11-1997,8.225000381469727,8.300000190734863,24000,8.5,8.449999809265137,6.120969772338867
18-11-1997,8.399999618530273,8.399999618530273,24000,8.600000381469727,8.399999618530273,6.084751129150391
19-11-1997,8.100000381469727,8.425000190734863,106500,8.425000190734863,8.199999809265137,5.939875602722168
20-11-1997,8.100000381469727,8.225000381469727,40000,8.300000190734863,8.199999809265137,5.939875602722168
21-11-1997,8.225000381469727,8.225000381469727,6500,8.225000381469727,8.225000381469727,5.957984924316406
24-11-1997,8.050000190734863,8.225000381469727,28000,8.225000381469727,8.149999618530273,5.903656005859375
25-11-1997,8.0,8.112500190734863,29500,8.112500190734863,8.024999618530273,5.813108921051025
26-11-1997,7.974999904632568,8.024999618530273,46500,8.050000190734863,8.024999618530273,5.813108921051025
28-11-1997,8.024999618530273,8.024999618530273,0,8.024999618530273,8.024999618530273,5.813108921051025
01-12-1997,8.0,8.0,24000,8.0,8.0,5.795000076293945
02-12-1997,7.8125,8.0,31000,8.012499809265137,7.837500095367432,5.677289009094238
03-12-1997,7.474999904632568,7.800000190734863,115000,7.800000190734863,7.474999904632568,5.414703845977783
04-12-1997,7.300000190734863,7.5,49500,7.625,7.300000190734863,5.287937641143799
05-12-1997,7.074999809265137,7.324999809265137,61500,7.349999904632568,7.224999904632568,5.233609199523926
08-12-1997,7.237500190734863,7.237500190734863,43500,7.400000095367432,7.375,5.342266082763672
09-12-1997,7.375,7.375,95500,7.4375,7.425000190734863,5.37848424911499
10-12-1997,7.125,7.449999809265137,93500,7.449999809265137,7.287499904632568,5.27888298034668
11-12-1997,7.262499809265137,7.3125,23500,7.3125,7.300000190734863,5.287937641143799
12-12-1997,7.150000095367432,7.199999809265137,39500,7.199999809265137,7.1875,5.206446170806885
15-12-1997,7.050000190734863,7.175000190734863,36500,7.175000190734863,7.150000095367432,5.179280757904053
16-12-1997,7.099999904632568,7.1875,62000,7.199999809265137,7.1875,5.206446170806885
17-12-1997,7.050000190734863,7.199999809265137,107500,7.224999904632568,7.087500095367432,5.134007930755615
18-12-1997,7.025000095367432,7.0625,32500,7.087500095367432,7.087500095367432,5.134007930755615
19-12-1997,6.900000095367432,7.087500095367432,194500,7.087500095367432,7.087500095367432,5.134007930755615
22-12-1997,7.099999904632568,7.099999904632568,177500,7.199999809265137,7.150000095367432,5.179280757904053
23-12-1997,7.224999904632568,7.224999904632568,115000,7.800000190734863,7.75,5.613907814025879
24-12-1997,7.775000095367432,7.775000095367432,79000,8.0,7.925000190734863,5.740672588348389
26-12-1997,7.987500190734863,7.987500190734863,52000,8.175000190734863,8.125,5.885547161102295
29-12-1997,8.024999618530273,8.199999809265137,67000,8.199999809265137,8.125,5.885547161102295
30-12-1997,8.125,8.175000190734863,87500,8.600000381469727,8.600000381469727,6.229625701904297
31-12-1997,8.699999809265137,8.699999809265137,110000,9.100000381469728,9.024999618530272,6.5374836921691895
02-01-1998,9.0,9.024999618530272,40000,9.149999618530272,9.100000381469728,6.591813087463379
05-01-1998,9.149999618530272,9.149999618530272,54000,9.449999809265137,9.162500381469728,6.637086391448975
06-01-1998,8.875,9.149999618530272,90500,9.199999809265137,8.875,6.42882776260376
07-01-1998,8.524999618530273,8.824999809265137,114000,8.824999809265137,8.574999809265137,6.211516857147217
08-01-1998,8.199999809265137,8.574999809265137,65500,8.574999809265137,8.425000190734863,6.102859973907471
09-01-1998,8.199999809265137,8.449999809265137,30000,8.449999809265137,8.25,5.976094722747803
12-01-1998,7.787499904632568,8.050000190734863,53500,8.050000190734863,7.849999904632568,5.686343669891357
13-01-1998,7.800000190734863,7.900000095367432,38000,7.900000095367432,7.862500190734863,5.695398807525635
14-01-1998,7.862500190734863,7.862500190734863,29000,8.050000190734863,8.050000190734863,5.83121919631958
15-01-1998,7.925000190734863,8.100000381469727,18500,8.199999809265137,7.925000190734863,5.740672588348389
16-01-1998,7.900000095367432,7.974999904632568,21000,8.199999809265137,8.199999809265137,5.939875602722168
20-01-1998,8.149999618530273,8.25,72000,8.475000381469727,8.149999618530273,5.903656005859375
21-01-1998,8.199999809265137,8.199999809265137,23000,8.399999618530273,8.399999618530273,6.084751129150391
22-01-1998,8.350000381469727,8.449999809265137,14500,8.5,8.5,6.15718936920166
23-01-1998,8.300000190734863,8.449999809265137,14000,8.5,8.5,6.15718936920166
26-01-1998,8.449999809265137,8.449999809265137,12000,8.649999618530273,8.649999618530273,6.265842914581299
27-01-1998,8.649999618530273,8.649999618530273,38000,8.962499618530273,8.962499618530273,6.492211818695068
28-01-1998,9.0,9.0,90500,9.399999618530272,9.399999618530272,6.809126377105713
29-01-1998,9.274999618530272,9.449999809265137,50500,9.5,9.399999618530272,6.809126377105713
30-01-1998,9.300000190734863,9.399999618530272,30000,9.550000190734863,9.300000190734863,6.736688137054443
02-02-1998,9.225000381469728,9.350000381469728,22500,9.449999809265137,9.225000381469728,6.68235969543457
03-02-1998,9.125,9.175000190734863,23000,9.350000381469728,9.3125,6.745742321014404
04-02-1998,9.350000381469728,9.362500190734863,25000,9.5,9.449999809265137,6.845344066619873
05-02-1998,9.425000190734863,9.5,17000,9.600000381469728,9.5,6.881561756134033
06-02-1998,9.5,9.5,3000,9.574999809265137,9.550000190734863,6.91778039932251
09-02-1998,9.399999618530272,9.5,16500,9.600000381469728,9.574999809265137,6.935890197753906
10-02-1998,9.300000190734863,9.600000381469728,25500,9.600000381469728,9.399999618530272,6.809126377105713
11-02-1998,9.274999618530272,9.399999618530272,15500,9.399999618530272,9.375,6.791016101837158
12-02-1998,9.149999618530272,9.324999809265137,20500,9.324999809265137,9.212499618530272,6.673304080963135
13-02-1998,9.100000381469728,9.162500381469728,5500,9.175000190734863,9.175000190734863,6.646140098571777
17-02-1998,9.125,9.125,22000,9.225000381469728,9.212499618530272,6.673304080963135
18-02-1998,9.25,9.262499809265137,27000,9.399999618530272,9.25,6.700468063354492
19-02-1998,9.25,9.324999809265137,9500,9.375,9.25,6.700468063354492
20-02-1998,9.300000190734863,9.300000190734863,36500,9.449999809265137,9.375,6.791016101837158
23-02-1998,9.324999809265137,9.399999618530272,11500,9.399999618530272,9.324999809265137,6.754796981811523
24-02-1998,9.375,9.375,5000,9.399999618530272,9.399999618530272,6.809126377105713
25-02-1998,9.350000381469728,9.350000381469728,22500,9.4375,9.399999618530272,6.809126377105713
26-02-1998,9.262499809265137,9.449999809265137,15500,9.462499618530272,9.262499809265137,6.709523677825928
27-02-1998,9.074999809265137,9.300000190734863,45000,9.350000381469728,9.074999809265137,6.573702812194824
02-03-1998,9.0625,9.125,12500,9.125,9.112500190734863,6.600866317749023
03-03-1998,9.024999618530272,9.162500381469728,12000,9.162500381469728,9.050000190734863,6.555593967437744
04-03-1998,9.024999618530272,9.100000381469728,5000,9.100000381469728,9.024999618530272,6.5374836921691895
05-03-1998,8.925000190734863,8.925000190734863,10500,9.024999618530272,8.949999809265137,6.541138648986816
06-03-1998,8.949999809265137,9.0,22500,9.050000190734863,8.949999809265137,6.541138648986816
09-03-1998,8.949999809265137,8.949999809265137,11500,9.050000190734863,9.050000190734863,6.614224910736084
10-03-1998,8.949999809265137,9.012499809265137,10500,9.012499809265137,8.949999809265137,6.541138648986816
11-03-1998,8.949999809265137,8.962499618530273,20000,9.149999618530272,9.137499809265137,6.678172588348389
12-03-1998,9.100000381469728,9.100000381469728,1500,9.125,9.125,6.669037818908691
13-03-1998,9.074999809265137,9.175000190734863,12000,9.175000190734863,9.074999809265137,6.632495880126953
16-03-1998,8.949999809265137,9.050000190734863,10000,9.100000381469728,8.949999809265137,6.541138648986816
17-03-1998,8.925000190734863,9.0,27500,9.0,8.962499618530273,6.550274848937988
18-03-1998,8.850000381469727,8.925000190734863,40000,8.925000190734863,8.850000381469727,6.46805477142334
19-03-1998,8.725000381469727,8.850000381469727,42000,8.850000381469727,8.725000381469727,6.376697540283203
20-03-1998,8.649999618530273,8.649999618530273,13500,8.699999809265137,8.649999618530273,6.321882247924805
23-03-1998,8.712499618530273,8.787500381469727,23000,8.787500381469727,8.75,6.394967079162598
24-03-1998,8.75,8.800000190734863,21500,8.850000381469727,8.800000190734863,6.431511402130127
25-03-1998,8.800000190734863,8.800000190734863,4500,8.8125,8.8125,6.440647125244141
26-03-1998,8.824999809265137,8.824999809265137,4500,8.875,8.837499618530273,6.458916664123535
27-03-1998,8.774999618530273,8.800000190734863,7000,8.800000190734863,8.774999618530273,6.413238048553467
30-03-1998,8.699999809265137,8.725000381469727,19000,8.774999618530273,8.699999809265137,6.358425617218018
31-03-1998,8.675000190734863,8.699999809265137,22500,8.75,8.75,6.394967079162598
01-04-1998,8.800000190734863,8.800000190734863,7000,8.899999618530273,8.899999618530273,6.504597187042236
02-04-1998,8.787500381469727,8.850000381469727,15000,8.862500190734863,8.800000190734863,6.431511402130127
03-04-1998,8.662500381469727,8.737500190734863,15500,8.899999618530273,8.899999618530273,6.504597187042236
06-04-1998,8.725000381469727,8.800000190734863,16000,8.824999809265137,8.75,6.394967079162598
07-04-1998,8.699999809265137,8.774999618530273,26500,8.899999618530273,8.899999618530273,6.504597187042236
08-04-1998,8.800000190734863,8.850000381469727,42500,9.024999618530272,9.012499809265137,6.586817741394043
09-04-1998,9.050000190734863,9.050000190734863,10000,9.100000381469728,9.0625,6.62336015701294
13-04-1998,9.012499809265137,9.012499809265137,4500,9.0625,9.0625,6.62336015701294
14-04-1998,9.074999809265137,9.100000381469728,15500,9.162500381469728,9.125,6.669037818908691
15-04-1998,9.175000190734863,9.175000190734863,41500,9.324999809265137,9.274999618530272,6.778665065765381
16-04-1998,9.149999618530272,9.324999809265137,19000,9.324999809265137,9.149999618530272,6.687310218811035
17-04-1998,9.100000381469728,9.100000381469728,3000,9.25,9.199999809265137,6.723853588104248
20-04-1998,9.25,9.25,12500,9.399999618530272,9.350000381469728,6.8334808349609375
21-04-1998,9.350000381469728,9.375,15500,9.425000190734863,9.399999618530272,6.870023727416992
22-04-1998,9.25,9.399999618530272,14000,9.399999618530272,9.337499618530272,6.824343681335449
23-04-1998,9.25,9.300000190734863,9500,9.350000381469728,9.350000381469728,6.8334808349609375
24-04-1998,9.300000190734863,9.300000190734863,5500,9.399999618530272,9.399999618530272,6.870023727416992
27-04-1998,9.25,9.300000190734863,9500,9.300000190734863,9.262499809265137,6.769530773162842
28-04-1998,9.274999618530272,9.324999809265137,10500,9.324999809265137,9.274999618530272,6.778665065765381
29-04-1998,9.100000381469728,9.324999809265137,21000,9.324999809265137,9.100000381469728,6.6507673263549805
30-04-1998,9.050000190734863,9.100000381469728,4500,9.100000381469728,9.100000381469728,6.6507673263549805
01-05-1998,9.024999618530272,9.024999618530272,36500,9.100000381469728,9.050000190734863,6.614224910736084
04-05-1998,8.899999618530273,9.050000190734863,31000,9.100000381469728,8.949999809265137,6.541138648986816
05-05-1998,8.800000190734863,8.850000381469727,3500,8.850000381469727,8.850000381469727,6.46805477142334
06-05-1998,8.800000190734863,8.850000381469727,5500,8.850000381469727,8.837499618530273,6.458916664123535
07-05-1998,8.699999809265137,8.787500381469727,38000,8.887499809265137,8.699999809265137,6.358425617218018
08-05-1998,8.574999809265137,8.649999618530273,15000,8.699999809265137,8.574999809265137,6.267069339752197
11-05-1998,8.449999809265137,8.524999618530273,29000,8.649999618530273,8.649999618530273,6.321882247924805
12-05-1998,8.550000190734863,8.600000381469727,12500,8.649999618530273,8.574999809265137,6.267069339752197
13-05-1998,8.524999618530273,8.537500381469727,7500,8.649999618530273,8.649999618530273,6.321882247924805
14-05-1998,8.574999809265137,8.625,1500,8.625,8.625,6.303611755371094
15-05-1998,8.5,8.600000381469727,29500,8.699999809265137,8.649999618530273,6.321882247924805
18-05-1998,8.5,8.600000381469727,14500,8.649999618530273,8.587499618530273,6.276204586029053
19-05-1998,8.550000190734863,8.600000381469727,10000,8.600000381469727,8.600000381469727,6.285340785980225
20-05-1998,8.5,8.649999618530273,10000,8.699999809265137,8.5,6.21225643157959
21-05-1998,8.449999809265137,8.5,9000,8.5,8.449999809265137,6.175711154937744
22-05-1998,8.449999809265137,8.462499618530273,7500,8.462499618530273,8.462499618530273,6.1848464012146
26-05-1998,8.399999618530273,8.4375,12500,8.4375,8.399999618530273,6.1391706466674805
27-05-1998,8.149999618530273,8.375,29000,8.375,8.199999809265137,5.99299955368042
28-05-1998,7.824999809265137,8.125,51000,8.125,7.900000095367432,5.77374267578125
29-05-1998,7.849999904632568,7.849999904632568,20000,8.100000381469727,8.050000190734863,5.883371353149414
01-06-1998,8.100000381469727,8.100000381469727,6500,8.199999809265137,8.125,5.938185691833496
02-06-1998,8.074999809265137,8.074999809265137,2500,8.100000381469727,8.087499618530273,5.910778045654297
03-06-1998,8.125,8.125,13500,8.25,8.25,6.029540538787842
04-06-1998,8.149999618530273,8.199999809265137,14500,8.25,8.25,6.029540538787842
05-06-1998,8.300000190734863,8.300000190734863,14000,8.399999618530273,8.375,6.1208977699279785
08-06-1998,8.399999618530273,8.425000190734863,20500,8.524999618530273,8.5,6.21225643157959
09-06-1998,8.175000190734863,8.449999809265137,22500,8.550000190734863,8.175000190734863,5.974726676940918
10-06-1998,8.050000190734863,8.199999809265137,17000,8.199999809265137,8.149999618530273,5.956454753875732
11-06-1998,7.987500190734863,8.050000190734863,25500,8.050000190734863,8.0,5.846827030181885
12-06-1998,7.974999904632568,7.974999904632568,5500,8.0,8.0,5.846827030181885
15-06-1998,7.875,7.974999904632568,37500,8.0,7.900000095367432,5.77374267578125
16-06-1998,7.949999809265137,7.949999809265137,16500,8.024999618530273,8.0,5.846827030181885
17-06-1998,8.024999618530273,8.024999618530273,23000,8.300000190734863,8.225000381469727,6.011269092559815
18-06-1998,8.25,8.274999618530273,14500,8.399999618530273,8.399999618530273,6.1391706466674805
19-06-1998,8.3125,8.350000381469727,7000,8.387499809265137,8.3125,6.075221061706543
22-06-1998,8.237500190734863,8.237500190734863,11000,8.337499618530273,8.287500381469727,6.056949138641357
23-06-1998,8.162500381469727,8.212499618530273,9500,8.212499618530273,8.162500381469727,5.965592861175537
24-06-1998,8.112500190734863,8.112500190734863,7500,8.137499809265137,8.137499809265137,5.947320461273193
25-06-1998,8.175000190734863,8.1875,14000,8.199999809265137,8.199999809265137,5.99299955368042
26-06-1998,8.074999809265137,8.149999618530273,10000,8.199999809265137,8.087499618530273,5.910778045654297
29-06-1998,7.925000190734863,8.037500381469727,59000,8.037500381469727,7.974999904632568,5.828556537628174
30-06-1998,7.849999904632568,7.925000190734863,18000,7.925000190734863,7.925000190734863,5.792013645172119
01-07-1998,7.974999904632568,7.974999904632568,17000,8.024999618530273,7.974999904632568,5.828556537628174
02-07-1998,7.925000190734863,7.987500190734863,5000,7.987500190734863,7.9375,5.801150798797607
06-07-1998,7.724999904632568,7.887499809265137,31500,7.900000095367432,7.800000190734863,5.700657367706299
07-07-1998,7.75,7.849999904632568,9000,7.849999904632568,7.800000190734863,5.700657367706299
08-07-1998,7.699999809265137,7.800000190734863,17000,7.800000190734863,7.724999904632568,5.645843029022217
09-07-1998,7.699999809265137,7.724999904632568,15500,7.775000095367432,7.775000095367432,5.682385921478272
10-07-1998,7.75,7.75,3500,7.8125,7.800000190734863,5.700657367706299
13-07-1998,7.675000190734863,7.724999904632568,3500,7.724999904632568,7.675000190734863,5.609300136566162
14-07-1998,7.650000095367432,7.724999904632568,7500,7.75,7.712500095367432,5.63670825958252
15-07-1998,7.724999904632568,7.724999904632568,17500,7.962500095367432,7.949999809265137,5.810284614562988
16-07-1998,7.875,7.925000190734863,6500,7.949999809265137,7.900000095367432,5.77374267578125
17-07-1998,7.900000095367432,7.949999809265137,4500,8.0,7.987500190734863,5.837692260742188
20-07-1998,7.949999809265137,7.974999904632568,16500,8.050000190734863,8.050000190734863,5.883371353149414
21-07-1998,7.974999904632568,8.0,15500,8.175000190734863,8.175000190734863,5.974726676940918
22-07-1998,8.074999809265137,8.199999809265137,5500,8.199999809265137,8.074999809265137,5.901641368865967
23-07-1998,7.699999809265137,8.125,19000,8.125,7.699999809265137,5.6275715827941895
24-07-1998,7.824999809265137,7.824999809265137,8500,7.974999904632568,7.974999904632568,5.828556537628174
27-07-1998,7.949999809265137,8.012499809265137,9000,8.012499809265137,8.0,5.846827030181885
28-07-1998,7.849999904632568,8.012499809265137,19500,8.012499809265137,7.949999809265137,5.810284614562988
29-07-1998,8.0,8.0,13000,8.024999618530273,8.024999618530273,5.8650994300842285
30-07-1998,8.012499809265137,8.024999618530273,9500,8.024999618530273,8.012499809265137,5.855963706970215
31-07-1998,8.012499809265137,8.037500381469727,9500,8.050000190734863,8.050000190734863,5.883371353149414
03-08-1998,8.0,8.012499809265137,9000,8.024999618530273,8.012499809265137,5.855963706970215
04-08-1998,7.824999809265137,8.024999618530273,23000,8.024999618530273,7.849999904632568,5.737199783325195
05-08-1998,7.8125,7.900000095367432,22000,7.925000190734863,7.824999809265137,5.718926906585693
06-08-1998,7.925000190734863,7.925000190734863,47500,8.050000190734863,7.987500190734863,5.837692260742188
07-08-1998,7.987500190734863,7.987500190734863,9500,8.037500381469727,8.037500381469727,5.874233245849609
10-08-1998,7.949999809265137,8.0,12000,8.037500381469727,7.949999809265137,5.810284614562988
11-08-1998,7.699999809265137,7.925000190734863,12000,7.925000190734863,7.699999809265137,5.6275715827941895
12-08-1998,7.699999809265137,7.75,8000,7.75,7.699999809265137,5.6275715827941895
13-08-1998,7.724999904632568,7.724999904632568,6000,7.787499904632568,7.75,5.664114952087402
14-08-1998,7.724999904632568,7.800000190734863,18500,7.875,7.724999904632568,5.645843029022217
17-08-1998,7.599999904632568,7.724999904632568,42000,7.724999904632568,7.599999904632568,5.5544867515563965
18-08-1998,7.650000095367432,7.699999809265137,41500,7.925000190734863,7.887499809265137,5.7646074295043945
19-08-1998,7.800000190734863,7.912499904632568,48500,7.974999904632568,7.800000190734863,5.700657367706299
20-08-1998,7.824999809265137,7.824999809265137,13500,7.900000095367432,7.849999904632568,5.737199783325195
21-08-1998,7.824999809265137,7.824999809265137,26000,8.0,7.849999904632568,5.737199783325195
24-08-1998,7.849999904632568,7.849999904632568,10500,7.949999809265137,7.949999809265137,5.810284614562988
25-08-1998,7.875,7.949999809265137,30000,8.0,7.949999809265137,5.810284614562988
26-08-1998,7.849999904632568,7.974999904632568,18000,8.0,7.849999904632568,5.737199783325195
27-08-1998,7.712500095367432,7.800000190734863,14000,7.800000190734863,7.737500190734863,5.654978752136231
28-08-1998,7.537499904632568,7.537499904632568,54000,7.612500190734863,7.612500190734863,5.563621044158936
31-08-1998,7.425000190734863,7.650000095367432,27500,7.675000190734863,7.425000190734863,5.426586151123047
01-09-1998,7.175000190734863,7.237500190734863,74000,7.300000190734863,7.224999904632568,5.280416488647461
02-09-1998,7.150000095367432,7.275000095367432,43000,7.349999904632568,7.199999809265137,5.262143611907959
03-09-1998,7.199999809265137,7.199999809265137,33000,7.300000190734863,7.25,5.298688411712647
04-09-1998,7.237500190734863,7.275000095367432,16000,7.324999809265137,7.262499809265137,5.307823181152344
08-09-1998,7.237500190734863,7.300000190734863,17000,7.349999904632568,7.349999904632568,5.37177324295044
09-09-1998,7.275000095367432,7.400000095367432,28500,7.400000095367432,7.349999904632568,5.37177324295044
10-09-1998,7.349999904632568,7.349999904632568,22500,7.387499809265137,7.375,5.390044212341309
11-09-1998,7.400000095367432,7.400000095367432,9000,7.599999904632568,7.599999904632568,5.5544867515563965
14-09-1998,7.650000095367432,7.650000095367432,16500,7.699999809265137,7.662499904632568,5.600165843963623
15-09-1998,7.6875,7.6875,17000,7.849999904632568,7.849999904632568,5.737199783325195
16-09-1998,7.724999904632568,7.875,12000,7.875,7.737500190734863,5.654978752136231
17-09-1998,7.75,7.787499904632568,2000,7.787499904632568,7.762499809265137,5.673248767852783
18-09-1998,7.762499809265137,7.8125,4500,7.8125,7.8125,5.709792613983154
21-09-1998,7.849999904632568,7.862500190734863,13000,7.949999809265137,7.9375,5.801150798797607
22-09-1998,7.962500095367432,7.987500190734863,49000,8.199999809265137,8.199999809265137,5.99299955368042
23-09-1998,8.199999809265137,8.237500190734863,28000,8.387499809265137,8.350000381469727,6.102626800537109
24-09-1998,8.350000381469727,8.350000381469727,12000,8.5,8.375,6.1208977699279785
25-09-1998,8.425000190734863,8.425000190734863,16500,8.574999809265137,8.537500381469727,6.239660739898682
28-09-1998,8.4375,8.487500190734863,8500,8.550000190734863,8.550000190734863,6.2487993240356445
29-09-1998,8.5,8.5,9500,8.675000190734863,8.625,6.303611755371094
30-09-1998,8.550000190734863,8.637499809265137,26000,8.6875,8.625,6.303611755371094
01-10-1998,8.662500381469727,8.75,17500,8.774999618530273,8.675000190734863,6.340152740478516
02-10-1998,8.399999618530273,8.574999809265137,33000,8.574999809265137,8.524999618530273,6.230523586273193
05-10-1998,8.375,8.524999618530273,19500,8.524999618530273,8.375,6.1208977699279785
06-10-1998,8.225000381469727,8.324999809265137,13500,8.324999809265137,8.225000381469727,6.011269092559815
07-10-1998,8.237500190734863,8.237500190734863,10500,8.350000381469727,8.350000381469727,6.102626800537109
08-10-1998,8.274999618530273,8.399999618530273,27000,8.524999618530273,8.274999618530273,6.0478129386901855
09-10-1998,8.25,8.25,4000,8.399999618530273,8.387499809265137,6.13003396987915
12-10-1998,7.849999904632568,8.425000190734863,45000,8.425000190734863,7.849999904632568,5.737199783325195
13-10-1998,7.849999904632568,7.900000095367432,15500,7.974999904632568,7.900000095367432,5.77374267578125
14-10-1998,7.849999904632568,7.849999904632568,9500,8.0,7.987500190734863,5.837692260742188
15-10-1998,7.875,7.9375,19500,8.074999809265137,8.074999809265137,5.901641368865967
16-10-1998,8.125,8.125,5500,8.175000190734863,8.175000190734863,5.974726676940918
19-10-1998,8.225000381469727,8.225000381469727,12000,8.375,8.287500381469727,6.056949138641357
20-10-1998,8.212499618530273,8.300000190734863,22500,8.300000190734863,8.300000190734863,6.066083908081055
21-10-1998,8.350000381469727,8.350000381469727,4000,8.399999618530273,8.375,6.1208977699279785
22-10-1998,8.362500190734863,8.399999618530273,8000,8.425000190734863,8.362500190734863,6.111763000488281
23-10-1998,8.199999809265137,8.412500381469727,20500,8.412500381469727,8.199999809265137,5.99299955368042
26-10-1998,8.225000381469727,8.25,3500,8.25,8.237500190734863,6.020405292510986
27-10-1998,8.287500381469727,8.287500381469727,15000,8.375,8.350000381469727,6.102626800537109
28-10-1998,8.375,8.375,500,8.375,8.375,6.1208977699279785
29-10-1998,8.350000381469727,8.399999618530273,8000,8.399999618530273,8.350000381469727,6.102626800537109
30-10-1998,8.350000381469727,8.350000381469727,7000,8.449999809265137,8.399999618530273,6.1391706466674805
02-11-1998,8.5,8.5,20000,8.574999809265137,8.574999809265137,6.267069339752197
03-11-1998,8.587499618530273,8.600000381469727,22500,8.875,8.875,6.486323356628418
04-11-1998,8.850000381469727,8.850000381469727,38000,9.074999809265137,9.050000190734863,6.614224910736084
05-11-1998,9.050000190734863,9.050000190734863,14000,9.199999809265137,9.1875,6.71471643447876
06-11-1998,9.112500190734863,9.137499809265137,5500,9.175000190734863,9.112500190734863,6.659903049468994
09-11-1998,9.024999618530272,9.125,12000,9.137499809265137,9.024999618530272,6.595951557159424
10-11-1998,8.850000381469727,8.975000381469727,22500,8.975000381469727,8.949999809265137,6.541138648986816
11-11-1998,9.0,9.0,4000,9.050000190734863,9.0,6.577681541442871
12-11-1998,8.925000190734863,8.949999809265137,10500,9.0,8.9375,6.5320024490356445
13-11-1998,8.862500190734863,8.862500190734863,14000,8.975000381469727,8.975000381469727,6.55941104888916
16-11-1998,8.925000190734863,8.925000190734863,12000,9.149999618530272,9.149999618530272,6.687310218811035
17-11-1998,9.137499809265137,9.149999618530272,13500,9.25,9.237500190734863,6.751260280609131
18-11-1998,9.199999809265137,9.274999618530272,23000,9.350000381469728,9.25,6.760395050048828
19-11-1998,9.274999618530272,9.300000190734863,8000,9.375,9.375,6.851752758026123
20-11-1998,9.300000190734863,9.324999809265137,15000,9.425000190734863,9.300000190734863,6.796938419342041
23-11-1998,9.375,9.375,23000,9.475000381469728,9.425000190734863,6.888294219970703
24-11-1998,9.399999618530272,9.399999618530272,39000,9.5,9.449999809265137,6.906566619873047
25-11-1998,9.5,9.5,14500,9.649999618530272,9.537500381469728,6.970513343811035
27-11-1998,9.587499618530272,9.587499618530272,8000,9.675000190734863,9.662500381469728,7.061873435974121
30-11-1998,9.600000381469728,9.612500190734863,9000,9.699999809265137,9.649999618530272,7.052735805511475
01-12-1998,9.5,9.550000190734863,7500,9.550000190734863,9.512499809265137,6.952244281768799
02-12-1998,9.462499618530272,9.462499618530272,31000,9.537500381469728,9.524999618530272,6.9613800048828125
03-12-1998,9.300000190734863,9.475000381469728,34500,9.475000381469728,9.300000190734863,6.796938419342041
04-12-1998,9.199999809265137,9.25,38000,9.300000190734863,9.300000190734863,6.796938419342041
07-12-1998,9.287500381469728,9.350000381469728,31000,9.350000381469728,9.337499618530272,6.824343681335449
08-12-1998,9.287500381469728,9.287500381469728,2500,9.337499618530272,9.337499618530272,6.824343681335449
09-12-1998,9.300000190734863,9.375,45000,9.375,9.300000190734863,6.796938419342041
10-12-1998,9.324999809265137,9.324999809265137,27000,9.387499809265137,9.387499809265137,6.86088752746582
11-12-1998,9.1875,9.287500381469728,50000,9.337499618530272,9.199999809265137,6.723853588104248
14-12-1998,9.037500381469728,9.149999618530272,21500,9.199999809265137,9.199999809265137,6.723853588104248
15-12-1998,9.199999809265137,9.199999809265137,4000,9.300000190734863,9.300000190734863,6.796938419342041
16-12-1998,9.149999618530272,9.337499618530272,21000,9.337499618530272,9.149999618530272,6.687310218811035
17-12-1998,9.050000190734863,9.112500190734863,17500,9.149999618530272,9.149999618530272,6.687310218811035
18-12-1998,9.024999618530272,9.149999618530272,6000,9.149999618530272,9.024999618530272,6.595951557159424
21-12-1998,8.949999809265137,9.074999809265137,17000,9.074999809265137,9.050000190734863,6.614224910736084
22-12-1998,8.837499618530273,9.0,36000,9.0625,9.0625,6.62336015701294
23-12-1998,9.112500190734863,9.112500190734863,53500,9.850000381469728,9.774999618530272,7.144093036651611
24-12-1998,9.550000190734863,9.725000381469728,7500,9.725000381469728,9.5625,6.98878812789917
28-12-1998,9.699999809265137,9.699999809265137,59000,10.0,9.987500190734863,7.299399375915527
29-12-1998,9.987500190734863,9.987500190734863,68000,10.300000190734863,10.300000190734863,7.527790546417236
30-12-1998,10.350000381469728,10.375,45500,10.712499618530272,10.712499618530272,7.829269886016846
31-12-1998,10.699999809265137,10.762499809265137,29500,10.925000190734863,10.774999618530272,7.874947547912598
04-01-1999,10.399999618530272,10.725000381469728,65500,10.725000381469728,10.649999618530272,7.78358793258667
05-01-1999,10.600000381469728,10.600000381469728,32500,10.850000381469728,10.800000190734863,7.893218517303467
06-01-1999,10.875,10.899999618530272,31500,10.949999809265137,10.949999809265137,8.00284481048584
07-01-1999,10.875,11.0,56000,11.074999809265137,11.0,8.039388656616211
08-01-1999,11.050000190734863,11.050000190734863,56500,11.274999618530272,11.162500381469728,8.158151626586914
11-01-1999,11.024999618530272,11.112500190734863,37000,11.162500381469728,11.100000381469728,8.112473487854004
12-01-1999,10.912500381469728,11.050000190734863,46500,11.25,11.25,8.222100257873535
13-01-1999,10.949999809265137,11.199999809265137,34500,11.199999809265137,11.175000190734863,8.167287826538086
14-01-1999,10.949999809265137,11.074999809265137,35500,11.199999809265137,11.199999809265137,8.18556022644043
15-01-1999,11.100000381469728,11.25,28500,11.287500381469728,11.25,8.222100257873535
19-01-1999,11.212499618530272,11.300000190734863,72000,11.649999618530272,11.550000190734863,8.441359519958496
20-01-1999,11.537500381469728,11.612500190734863,85500,11.699999809265137,11.699999809265137,8.550984382629395
21-01-1999,11.625,11.737500190734863,46000,11.75,11.75,8.587526321411133
22-01-1999,11.675000190734863,11.75,34000,11.75,11.712499618530272,8.560121536254883
25-01-1999,11.587499618530272,11.75,57500,11.75,11.75,8.587526321411133
26-01-1999,11.725000381469728,11.75,43500,11.899999618530272,11.824999809265137,8.642340660095215
27-01-1999,11.612500190734863,11.824999809265137,33500,11.875,11.699999809265137,8.550984382629395
28-01-1999,11.5,11.625,24500,11.625,11.5,8.404815673828125
29-01-1999,11.300000190734863,11.449999809265137,108000,11.649999618530272,11.649999618530272,8.514443397521973
01-02-1999,11.399999618530272,11.675000190734863,31500,11.675000190734863,11.399999618530272,8.331727027893066
02-02-1999,11.199999809265137,11.425000190734863,39500,11.425000190734863,11.199999809265137,8.18556022644043
03-02-1999,11.050000190734863,11.25,30000,11.25,11.1875,8.176422119140625
04-02-1999,11.225000381469728,11.237500190734863,8000,11.324999809265137,11.324999809265137,8.276917457580566
05-02-1999,11.050000190734863,11.274999618530272,24000,11.274999618530272,11.050000190734863,8.075933456420898
08-02-1999,10.949999809265137,11.024999618530272,35500,11.225000381469728,11.024999618530272,8.057661056518555
09-02-1999,10.850000381469728,10.975000381469728,14000,10.975000381469728,10.850000381469728,7.92975902557373
10-02-1999,10.699999809265137,10.824999809265137,11500,10.850000381469728,10.699999809265137,7.820132732391357
11-02-1999,10.5,10.649999618530272,17000,10.725000381469728,10.649999618530272,7.78358793258667
12-02-1999,10.699999809265137,10.699999809265137,9000,10.800000190734863,10.774999618530272,7.874947547912598
16-02-1999,10.75,10.800000190734863,38500,11.25,11.125,8.130746841430664
17-02-1999,11.024999618530272,11.074999809265137,12000,11.175000190734863,11.050000190734863,8.075933456420898
18-02-1999,10.725000381469728,11.0,66500,11.012499809265137,10.725000381469728,7.838406085968018
19-02-1999,10.0,10.675000190734863,76500,10.675000190734863,10.050000190734863,7.345077991485596
22-02-1999,9.949999809265137,9.975000381469728,33000,10.149999618530272,10.149999618530272,7.418163299560547
23-02-1999,10.100000381469728,10.175000190734863,11000,10.175000190734863,10.175000190734863,7.436434745788574
24-02-1999,9.975000381469728,10.125,31000,10.225000381469728,10.024999618530272,7.326805591583252
25-02-1999,10.024999618530272,10.074999809265137,7000,10.149999618530272,10.100000381469728,7.381621360778809
26-02-1999,9.975000381469728,10.149999618530272,15000,10.149999618530272,9.975000381469728,7.290262699127197
01-03-1999,10.0,10.0,8000,10.074999809265137,10.074999809265137,7.3633503913879395
02-03-1999,9.987500190734863,10.024999618530272,17000,10.050000190734863,10.0,7.308535099029541
03-03-1999,9.925000190734863,9.975000381469728,19000,10.024999618530272,10.024999618530272,7.326805591583252
04-03-1999,9.975000381469728,9.975000381469728,29000,10.1875,10.012499809265137,7.376535892486572
05-03-1999,10.0,10.012499809265137,9000,10.050000190734863,10.0,7.367326259613037
08-03-1999,9.800000190734863,9.800000190734863,29000,9.949999809265137,9.925000190734863,7.312072277069092
09-03-1999,9.800000190734863,9.949999809265137,14500,9.949999809265137,9.800000190734863,7.219980239868164
10-03-1999,9.850000381469728,9.850000381469728,23000,9.949999809265137,9.850000381469728,7.256816864013672
11-03-1999,9.800000190734863,9.899999618530272,20500,9.899999618530272,9.824999809265137,7.238398551940918
12-03-1999,9.75,9.800000190734863,5500,9.850000381469728,9.800000190734863,7.219980239868164
15-03-1999,9.800000190734863,9.800000190734863,21000,9.899999618530272,9.800000190734863,7.219980239868164
16-03-1999,9.824999809265137,9.850000381469728,5500,9.887499809265137,9.824999809265137,7.238398551940918
17-03-1999,9.774999618530272,9.850000381469728,11000,9.850000381469728,9.787500381469728,7.210771083831787
18-03-1999,9.774999618530272,9.837499618530272,12000,9.862500190734863,9.774999618530272,7.201561450958252
19-03-1999,9.824999809265137,9.824999809265137,7500,9.899999618530272,9.887499809265137,7.284443378448486
22-03-1999,9.800000190734863,9.899999618530272,23500,9.925000190734863,9.899999618530272,7.293655395507812
23-03-1999,9.800000190734863,9.925000190734863,29000,9.925000190734863,9.800000190734863,7.219980239868164
24-03-1999,9.774999618530272,9.800000190734863,13500,9.850000381469728,9.774999618530272,7.201561450958252
25-03-1999,9.649999618530272,9.824999809265137,20500,9.824999809265137,9.649999618530272,7.109469413757324
26-03-1999,9.649999618530272,9.649999618530272,6000,9.800000190734863,9.725000381469728,7.164726257324219
29-03-1999,9.774999618530272,9.774999618530272,21000,9.887499809265137,9.862500190734863,7.26602840423584
30-03-1999,9.850000381469728,9.912500381469728,12000,9.975000381469728,9.887499809265137,7.284443378448486
31-03-1999,9.912500381469728,9.912500381469728,15500,10.0625,10.0625,7.413374423980713
01-04-1999,9.850000381469728,10.012499809265137,8000,10.012499809265137,9.850000381469728,7.256816864013672
05-04-1999,9.699999809265137,9.850000381469728,17000,9.850000381469728,9.737500190734863,7.173933506011963
06-04-1999,9.649999618530272,9.774999618530272,25000,9.774999618530272,9.675000190734863,7.127886772155762
07-04-1999,9.550000190734863,9.699999809265137,22500,9.725000381469728,9.550000190734863,7.035796642303467
08-04-1999,9.375,9.5,14000,9.5,9.449999809265137,6.962123870849609
09-04-1999,9.399999618530272,9.399999618530272,8000,9.449999809265137,9.399999618530272,6.92528772354126
12-04-1999,9.300000190734863,9.399999618530272,16000,9.425000190734863,9.300000190734863,6.851613998413086
13-04-1999,9.225000381469728,9.300000190734863,8500,9.350000381469728,9.300000190734863,6.851613998413086
14-04-1999,9.149999618530272,9.25,16500,9.25,9.149999618530272,6.7411041259765625
15-04-1999,9.149999618530272,9.149999618530272,27500,9.199999809265137,9.1875,6.768730163574219
16-04-1999,9.175000190734863,9.199999809265137,11000,9.199999809265137,9.199999809265137,6.777942657470703
19-04-1999,9.074999809265137,9.199999809265137,31500,9.25,9.125,6.72268533706665
20-04-1999,9.0625,9.074999809265137,14500,9.175000190734863,9.149999618530272,6.7411041259765625
21-04-1999,9.112500190734863,9.149999618530272,5500,9.149999618530272,9.137499809265137,6.731893539428711
22-04-1999,9.074999809265137,9.087499618530272,10500,9.137499809265137,9.100000381469728,6.704266548156738
23-04-1999,9.074999809265137,9.100000381469728,12500,9.125,9.125,6.72268533706665
26-04-1999,9.024999618530272,9.074999809265137,28500,9.149999618530272,9.137499809265137,6.731893539428711
27-04-1999,9.024999618530272,9.149999618530272,25000,9.149999618530272,9.125,6.72268533706665
28-04-1999,9.074999809265137,9.074999809265137,4000,9.137499809265137,9.100000381469728,6.704266548156738
29-04-1999,9.112500190734863,9.137499809265137,14500,9.149999618530272,9.112500190734863,6.713476657867432
30-04-1999,9.012499809265137,9.137499809265137,33000,9.149999618530272,9.149999618530272,6.7411041259765625
03-05-1999,9.024999618530272,9.024999618530272,15000,9.149999618530272,9.100000381469728,6.704266548156738
04-05-1999,9.024999618530272,9.050000190734863,15000,9.125,9.125,6.72268533706665
05-05-1999,9.125,9.125,17500,9.475000381469728,9.425000190734863,6.943705081939697
06-05-1999,9.475000381469728,9.475000381469728,8000,9.649999618530272,9.649999618530272,7.109469413757324
07-05-1999,9.699999809265137,9.699999809265137,15000,9.800000190734863,9.725000381469728,7.164726257324219
10-05-1999,9.699999809265137,9.774999618530272,5500,9.774999618530272,9.725000381469728,7.164726257324219
11-05-1999,9.699999809265137,9.774999618530272,9500,9.824999809265137,9.75,7.183141708374023
12-05-1999,9.550000190734863,9.699999809265137,33000,9.699999809265137,9.550000190734863,7.035796642303467
13-05-1999,9.449999809265137,9.5,13000,9.600000381469728,9.449999809265137,6.962123870849609
14-05-1999,9.425000190734863,9.449999809265137,1500,9.449999809265137,9.425000190734863,6.943705081939697
17-05-1999,9.399999618530272,9.425000190734863,3000,9.425000190734863,9.399999618530272,6.92528772354126
18-05-1999,9.274999618530272,9.399999618530272,27000,9.399999618530272,9.300000190734863,6.851613998413086
19-05-1999,9.25,9.350000381469728,3500,9.350000381469728,9.300000190734863,6.851613998413086
20-05-1999,9.125,9.175000190734863,23500,9.324999809265137,9.287500381469728,6.842404842376709
21-05-1999,9.125,9.237500190734863,13500,9.274999618530272,9.25,6.814777374267578
24-05-1999,9.149999618530272,9.212499618530272,4500,9.212499618530272,9.149999618530272,6.7411041259765625
25-05-1999,9.100000381469728,9.112500190734863,6500,9.112500190734863,9.100000381469728,6.704266548156738
26-05-1999,9.100000381469728,9.100000381469728,10500,9.199999809265137,9.1875,6.768730163574219
27-05-1999,9.175000190734863,9.199999809265137,9500,9.274999618530272,9.175000190734863,6.759522914886475
28-05-1999,9.125,9.125,7500,9.199999809265137,9.199999809265137,6.777942657470703
01-06-1999,9.175000190734863,9.175000190734863,9500,9.199999809265137,9.175000190734863,6.759522914886475
02-06-1999,9.137499809265137,9.175000190734863,5500,9.175000190734863,9.137499809265137,6.731893539428711
03-06-1999,9.112500190734863,9.112500190734863,1500,9.125,9.125,6.72268533706665
04-06-1999,9.125,9.149999618530272,4000,9.149999618530272,9.125,6.72268533706665
07-06-1999,9.100000381469728,9.175000190734863,9500,9.175000190734863,9.112500190734863,6.713476657867432
08-06-1999,9.100000381469728,9.162500381469728,16000,9.25,9.225000381469728,6.796359539031982
09-06-1999,9.199999809265137,9.199999809265137,5000,9.199999809265137,9.199999809265137,6.777942657470703
10-06-1999,9.100000381469728,9.199999809265137,31500,9.199999809265137,9.100000381469728,6.704266548156738
11-06-1999,9.100000381469728,9.100000381469728,9000,9.149999618530272,9.112500190734863,6.713476657867432
14-06-1999,9.100000381469728,9.100000381469728,10500,9.149999618530272,9.100000381469728,6.704266548156738
15-06-1999,9.050000190734863,9.125,11500,9.125,9.074999809265137,6.685848712921143
16-06-1999,9.024999618530272,9.024999618530272,7500,9.112500190734863,9.100000381469728,6.704266548156738
17-06-1999,9.012499809265137,9.125,23000,9.125,9.074999809265137,6.685848712921143
18-06-1999,9.100000381469728,9.125,11000,9.149999618530272,9.100000381469728,6.704266548156738
21-06-1999,8.899999618530273,9.100000381469728,39500,9.137499809265137,8.925000190734863,6.575339317321777
22-06-1999,8.925000190734863,8.975000381469727,6500,9.0,9.0,6.630594253540039
23-06-1999,9.024999618530272,9.050000190734863,11500,9.087499618530272,9.074999809265137,6.685848712921143
24-06-1999,9.024999618530272,9.024999618530272,5000,9.074999809265137,9.024999618530272,6.64901065826416
25-06-1999,9.0,9.0,10000,9.074999809265137,9.074999809265137,6.685848712921143
28-06-1999,9.024999618530272,9.100000381469728,18500,9.100000381469728,9.050000190734863,6.667431354522705
29-06-1999,9.0,9.0,32000,9.050000190734863,9.024999618530272,6.64901065826416
30-06-1999,8.925000190734863,9.074999809265137,32500,9.074999809265137,8.949999809265137,6.593756675720215
01-07-1999,8.925000190734863,8.949999809265137,51500,8.975000381469727,8.925000190734863,6.575339317321777
02-07-1999,8.8125,8.975000381469727,22000,8.975000381469727,8.925000190734863,6.575339317321777
06-07-1999,8.875,8.875,17500,9.0,8.949999809265137,6.593756675720215
07-07-1999,9.0,9.024999618530272,22500,9.074999809265137,9.0625,6.676639556884766
08-07-1999,9.100000381469728,9.100000381469728,13000,9.25,9.225000381469728,6.796359539031982
09-07-1999,9.274999618530272,9.324999809265137,34500,9.600000381469728,9.5625,7.045007228851318
12-07-1999,9.5,9.524999618530272,21500,9.699999809265137,9.699999809265137,7.14630651473999
13-07-1999,9.675000190734863,9.675000190734863,32500,9.899999618530272,9.824999809265137,7.238398551940918
14-07-1999,9.824999809265137,9.824999809265137,29500,9.949999809265137,9.949999809265137,7.330491542816162
15-07-1999,9.824999809265137,9.949999809265137,14500,9.949999809265137,9.850000381469728,7.256816864013672
16-07-1999,9.899999618530272,9.899999618530272,233500,11.024999618530272,10.550000190734863,7.772526264190674
19-07-1999,10.475000381469728,10.574999809265137,25000,10.600000381469728,10.487500190734863,7.726484298706055
20-07-1999,10.425000190734863,10.487500190734863,24500,10.524999618530272,10.475000381469728,7.717274188995361
21-07-1999,10.449999809265137,10.449999809265137,14000,10.5,10.449999809265137,7.698856353759766
22-07-1999,10.350000381469728,10.425000190734863,12500,10.449999809265137,10.399999618530272,7.662020206451416
23-07-1999,10.324999809265137,10.375,4500,10.375,10.362500190734863,7.634391784667969
26-07-1999,10.25,10.324999809265137,9500,10.324999809265137,10.274999618530272,7.56992769241333
27-07-1999,10.300000190734863,10.300000190734863,14500,10.324999809265137,10.324999809265137,7.606765747070312
28-07-1999,10.212499618530272,10.350000381469728,17500,10.350000381469728,10.212499618530272,7.523881912231445
29-07-1999,10.212499618530272,10.212499618530272,3500,10.3125,10.274999618530272,7.56992769241333
30-07-1999,10.274999618530272,10.300000190734863,11000,10.425000190734863,10.3125,7.597555160522461
02-08-1999,10.237500190734863,10.287500381469728,12500,10.387499809265137,10.274999618530272,7.56992769241333
03-08-1999,10.074999809265137,10.25,16000,10.274999618530272,10.074999809265137,7.422582626342773
04-08-1999,10.012499809265137,10.050000190734863,9500,10.100000381469728,10.050000190734863,7.404163360595703
05-08-1999,10.012499809265137,10.037500381469728,3500,10.037500381469728,10.037500381469728,7.394954681396484
06-08-1999,9.975000381469728,10.012499809265137,14000,10.074999809265137,9.975000381469728,7.348906993865967
09-08-1999,9.925000190734863,9.925000190734863,6500,10.0,10.0,7.367326259613037
10-08-1999,10.0,10.050000190734863,8500,10.050000190734863,10.024999618530272,7.385743618011475
11-08-1999,9.75,10.0,63500,10.024999618530272,9.787500381469728,7.210771083831787
12-08-1999,9.600000381469728,9.737500190734863,17000,9.762499809265137,9.600000381469728,7.072633743286133
13-08-1999,9.5625,9.574999809265137,12500,9.600000381469728,9.587499618530272,7.063424587249756
16-08-1999,9.550000190734863,9.5625,9500,9.5625,9.550000190734863,7.035796642303467
17-08-1999,9.475000381469728,9.524999618530272,5500,9.524999618530272,9.5,6.998960018157959
18-08-1999,9.350000381469728,9.425000190734863,18500,9.425000190734863,9.350000381469728,6.888451099395752
19-08-1999,9.324999809265137,9.375,8000,9.387499809265137,9.324999809265137,6.870030879974365
20-08-1999,9.300000190734863,9.375,18500,9.375,9.300000190734863,6.851613998413086
23-08-1999,9.300000190734863,9.300000190734863,44000,9.600000381469728,9.537500381469728,7.026586532592773
24-08-1999,9.600000381469728,9.612500190734863,25500,9.75,9.600000381469728,7.072633743286133
25-08-1999,9.5,9.649999618530272,18000,9.675000190734863,9.524999618530272,7.017378807067871
26-08-1999,9.524999618530272,9.524999618530272,2000,9.524999618530272,9.524999618530272,7.017378807067871
27-08-1999,9.449999809265137,9.475000381469728,4500,9.5,9.5,6.998960018157959
30-08-1999,9.300000190734863,9.449999809265137,26000,9.449999809265137,9.300000190734863,6.851613998413086
31-08-1999,9.350000381469728,9.350000381469728,3000,9.375,9.375,6.906869411468506
01-09-1999,9.350000381469728,9.350000381469728,3000,9.375,9.375,6.906869411468506
02-09-1999,9.350000381469728,9.350000381469728,11000,9.399999618530272,9.375,6.906869411468506
03-09-1999,9.362500190734863,9.362500190734863,3500,9.425000190734863,9.425000190734863,6.943705081939697
07-09-1999,9.425000190734863,9.475000381469728,11500,9.475000381469728,9.425000190734863,6.943705081939697
08-09-1999,9.350000381469728,9.412500381469728,23500,9.487500190734863,9.399999618530272,6.92528772354126
09-09-1999,9.362500190734863,9.362500190734863,7000,9.387499809265137,9.375,6.906869411468506
10-09-1999,9.300000190734863,9.375,18000,9.375,9.375,6.906869411468506
13-09-1999,9.350000381469728,9.399999618530272,6000,9.399999618530272,9.399999618530272,6.92528772354126
14-09-1999,9.387499809265137,9.387499809265137,2000,9.399999618530272,9.399999618530272,6.92528772354126
15-09-1999,9.425000190734863,9.425000190734863,2500,9.475000381469728,9.449999809265137,6.962123870849609
16-09-1999,9.362500190734863,9.449999809265137,15000,9.449999809265137,9.375,6.906869411468506
17-09-1999,9.399999618530272,9.399999618530272,6500,9.399999618530272,9.399999618530272,6.92528772354126
20-09-1999,9.350000381469728,9.449999809265137,15000,9.5,9.350000381469728,6.888451099395752
21-09-1999,9.25,9.324999809265137,17000,9.324999809265137,9.25,6.814777374267578
22-09-1999,9.25,9.25,12000,9.324999809265137,9.324999809265137,6.870030879974365
23-09-1999,9.350000381469728,9.350000381469728,15000,9.350000381469728,9.350000381469728,6.888451099395752
24-09-1999,9.25,9.324999809265137,13000,9.350000381469728,9.274999618530272,6.833194255828857
27-09-1999,9.25,9.300000190734863,7000,9.300000190734863,9.25,6.814777374267578
28-09-1999,9.100000381469728,9.225000381469728,8000,9.225000381469728,9.100000381469728,6.704266548156738
29-09-1999,9.100000381469728,9.100000381469728,9500,9.149999618530272,9.149999618530272,6.7411041259765625
30-09-1999,9.0625,9.125,3500,9.125,9.0625,6.676639556884766
01-10-1999,9.050000190734863,9.087499618530272,15500,9.137499809265137,9.050000190734863,6.667431354522705
04-10-1999,8.850000381469727,9.050000190734863,17000,9.050000190734863,8.975000381469727,6.612176895141602
05-10-1999,8.949999809265137,9.0,55000,9.125,9.024999618530272,6.64901065826416
06-10-1999,9.050000190734863,9.050000190734863,19000,9.100000381469728,9.100000381469728,6.704266548156738
07-10-1999,9.050000190734863,9.125,6500,9.125,9.074999809265137,6.685848712921143
08-10-1999,8.899999618530273,9.024999618530272,10000,9.024999618530272,8.925000190734863,6.575339317321777
11-10-1999,8.850000381469727,8.875,25000,8.899999618530273,8.899999618530273,6.55692195892334
12-10-1999,8.850000381469727,8.850000381469727,15500,8.887499809265137,8.850000381469727,6.520086288452148
13-10-1999,8.899999618530273,8.899999618530273,7500,8.949999809265137,8.925000190734863,6.575339317321777
14-10-1999,8.824999809265137,8.875,52000,9.024999618530272,9.0,6.630594253540039
15-10-1999,8.850000381469727,8.975000381469727,18000,8.975000381469727,8.899999618530273,6.55692195892334
18-10-1999,8.725000381469727,8.925000190734863,24500,8.9375,8.774999618530273,6.464828014373779
19-10-1999,8.725000381469727,8.725000381469727,16000,8.800000190734863,8.75,6.446410179138184
20-10-1999,8.75,8.75,5500,8.875,8.875,6.53849983215332
21-10-1999,8.774999618530273,8.824999809265137,4500,8.824999809265137,8.774999618530273,6.464828014373779
22-10-1999,8.762499809265137,8.800000190734863,25500,8.824999809265137,8.824999809265137,6.50166654586792
25-10-1999,8.774999618530273,8.774999618530273,11500,8.850000381469727,8.850000381469727,6.520086288452148
26-10-1999,8.75,8.800000190734863,14500,8.824999809265137,8.787500381469727,6.474039554595947
27-10-1999,8.75,8.800000190734863,13000,8.800000190734863,8.787500381469727,6.474039554595947
28-10-1999,8.699999809265137,8.737500190734863,19500,8.850000381469727,8.824999809265137,6.50166654586792
29-10-1999,8.699999809265137,8.774999618530273,11500,8.774999618530273,8.75,6.446410179138184
01-11-1999,8.649999618530273,8.725000381469727,12500,8.774999618530273,8.774999618530273,6.464828014373779
02-11-1999,8.675000190734863,8.725000381469727,21000,8.75,8.725000381469727,6.427993297576904
03-11-1999,8.475000381469727,8.774999618530273,35500,8.774999618530273,8.512499809265137,6.271437168121338
04-11-1999,8.487500190734863,8.487500190734863,42000,8.600000381469727,8.587499618530273,6.3266921043396
05-11-1999,8.449999809265137,8.550000190734863,30000,8.574999809265137,8.449999809265137,6.225390434265137
08-11-1999,8.425000190734863,8.425000190734863,16500,8.625,8.625,6.3543195724487305
09-11-1999,8.600000381469727,8.600000381469727,40000,8.625,8.600000381469727,6.335901737213135
10-11-1999,8.5,8.574999809265137,19000,8.587499618530273,8.537500381469727,6.289854049682617
11-11-1999,8.399999618530273,8.5,26500,8.5,8.425000190734863,6.206973075866699
12-11-1999,8.25,8.449999809265137,18000,8.449999809265137,8.25,6.0780439376831055
15-11-1999,7.949999809265137,8.125,79000,8.125,7.974999904632568,5.875442981719971
16-11-1999,7.949999809265137,7.949999809265137,39000,8.175000190734863,8.125,5.985954284667969
17-11-1999,8.175000190734863,8.175000190734863,401500,9.175000190734863,9.050000190734863,6.667431354522705
18-11-1999,8.975000381469727,9.100000381469728,62000,9.274999618530272,8.975000381469727,6.612176895141602
19-11-1999,8.850000381469727,9.0,24500,9.0,8.850000381469727,6.520086288452148
22-11-1999,8.625,8.824999809265137,41000,8.824999809265137,8.625,6.3543195724487305
23-11-1999,8.524999618530273,8.600000381469727,20000,8.625,8.524999618530273,6.280643939971924
24-11-1999,8.5,8.550000190734863,14500,8.574999809265137,8.574999809265137,6.317483901977539
26-11-1999,8.524999618530273,8.550000190734863,8500,8.574999809265137,8.550000190734863,6.299066543579102
29-11-1999,8.5,8.524999618530273,35000,8.600000381469727,8.600000381469727,6.335901737213135
30-11-1999,8.425000190734863,8.5,30500,8.524999618530273,8.425000190734863,6.206973075866699
01-12-1999,8.274999618530273,8.375,33500,8.375,8.350000381469727,6.1517181396484375
02-12-1999,8.262499809265137,8.399999618530273,23000,8.399999618530273,8.262499809265137,6.087253570556641
03-12-1999,8.087499618530273,8.287500381469727,50000,8.287500381469727,8.100000381469727,5.967535972595215
06-12-1999,7.974999904632568,8.050000190734863,84500,8.100000381469727,8.074999809265137,5.949114799499512
07-12-1999,8.0,8.050000190734863,33000,8.125,8.0,5.893860816955566
08-12-1999,7.875,7.949999809265137,63500,8.050000190734863,7.900000095367432,5.820188522338867
09-12-1999,7.824999809265137,7.949999809265137,35500,8.050000190734863,7.837500095367432,5.774141311645508
10-12-1999,7.637499809265137,7.800000190734863,64000,7.800000190734863,7.712500095367432,5.682051658630371
13-12-1999,7.650000095367432,7.675000190734863,30500,7.75,7.699999809265137,5.672840595245361
14-12-1999,7.650000095367432,7.650000095367432,22000,7.712500095367432,7.662499904632568,5.645214080810547
15-12-1999,7.675000190734863,7.675000190734863,28500,7.900000095367432,7.900000095367432,5.820188522338867
16-12-1999,7.800000190734863,7.800000190734863,29000,7.949999809265137,7.875,5.801770210266113
17-12-1999,7.900000095367432,7.900000095367432,15500,8.0,7.925000190734863,5.838606357574463
20-12-1999,7.862500190734863,7.962500095367432,78500,7.974999904632568,7.862500190734863,5.792561531066895
21-12-1999,7.800000190734863,7.862500190734863,33000,7.862500190734863,7.800000190734863,5.746514320373535
22-12-1999,7.775000095367432,7.824999809265137,16000,7.849999904632568,7.849999904632568,5.783351421356201
23-12-1999,7.75,7.800000190734863,29000,7.849999904632568,7.775000095367432,5.728097438812256
27-12-1999,7.599999904632568,7.724999904632568,47500,7.724999904632568,7.650000095367432,5.636005401611328
28-12-1999,7.574999809265137,7.599999904632568,37000,7.675000190734863,7.675000190734863,5.654422760009766
29-12-1999,7.599999904632568,7.650000095367432,42500,7.699999809265137,7.650000095367432,5.636005401611328
30-12-1999,7.550000190734863,7.699999809265137,65500,7.699999809265137,7.699999809265137,5.672840595245361
31-12-1999,7.599999904632568,7.650000095367432,16500,7.724999904632568,7.662499904632568,5.645214080810547
03-01-2000,7.512499809265137,7.625,34000,7.625,7.625,5.6175856590271
04-01-2000,7.550000190734863,7.599999904632568,16000,7.650000095367432,7.550000190734863,5.562331676483154
05-01-2000,7.5625,7.625,29000,7.625,7.587500095367432,5.589958667755127
06-01-2000,7.599999904632568,7.612500190734863,15500,7.75,7.650000095367432,5.636005401611328
07-01-2000,7.550000190734863,7.699999809265137,49500,7.775000095367432,7.550000190734863,5.562331676483154
10-01-2000,7.5,7.5,20500,7.574999809265137,7.550000190734863,5.562331676483154
11-01-2000,7.400000095367432,7.400000095367432,37000,7.599999904632568,7.525000095367432,5.543914794921875
12-01-2000,7.525000095367432,7.525000095367432,25500,7.775000095367432,7.775000095367432,5.728097438812256
13-01-2000,7.699999809265137,7.775000095367432,60500,7.875,7.75,5.709678649902344
14-01-2000,7.800000190734863,7.800000190734863,20500,7.974999904632568,7.824999809265137,5.764932155609131
18-01-2000,7.849999904632568,7.849999904632568,31000,8.087499618530273,7.925000190734863,5.838606357574463
19-01-2000,7.800000190734863,7.875,24000,7.900000095367432,7.824999809265137,5.764932155609131
20-01-2000,7.724999904632568,7.875,22000,7.875,7.724999904632568,5.691259384155273
21-01-2000,7.699999809265137,7.699999809265137,42000,7.800000190734863,7.800000190734863,5.746514320373535
24-01-2000,7.775000095367432,7.800000190734863,18500,7.900000095367432,7.900000095367432,5.820188522338867
25-01-2000,7.849999904632568,7.875,8500,7.900000095367432,7.875,5.801770210266113
26-01-2000,7.875,7.875,9500,7.925000190734863,7.925000190734863,5.838606357574463
27-01-2000,7.824999809265137,7.875,17500,7.875,7.824999809265137,5.764932155609131
28-01-2000,7.800000190734863,7.800000190734863,2500,7.800000190734863,7.800000190734863,5.746514320373535
31-01-2000,7.787499904632568,7.800000190734863,68000,8.175000190734863,8.162500381469727,6.013581275939941
01-02-2000,8.137499809265137,8.137499809265137,13500,8.324999809265137,8.300000190734863,6.11488151550293
02-02-2000,8.324999809265137,8.324999809265137,35000,8.524999618530273,8.524999618530273,6.280643939971924
03-02-2000,8.5,8.512499809265137,38500,8.600000381469727,8.600000381469727,6.335901737213135
04-02-2000,8.324999809265137,8.550000190734863,34000,8.550000190734863,8.350000381469727,6.1517181396484375
07-02-2000,8.024999618530273,8.199999809265137,38500,8.199999809265137,8.037500381469727,5.921488285064697
08-02-2000,8.024999618530273,8.024999618530273,16000,8.087499618530273,8.050000190734863,5.930698871612549
09-02-2000,7.949999809265137,8.050000190734863,26000,8.050000190734863,7.949999809265137,5.857024192810059
10-02-2000,7.775000095367432,8.0,28000,8.0,7.787499904632568,5.737305641174316
11-02-2000,7.737500190734863,7.75,6500,7.800000190734863,7.800000190734863,5.746514320373535
14-02-2000,7.75,7.800000190734863,16000,7.824999809265137,7.824999809265137,5.764932155609131
15-02-2000,7.75,7.775000095367432,12000,7.824999809265137,7.800000190734863,5.746514320373535
16-02-2000,7.699999809265137,7.75,23000,7.775000095367432,7.699999809265137,5.672840595245361
17-02-2000,7.625,7.699999809265137,17500,7.724999904632568,7.637499809265137,5.626796722412109
18-02-2000,7.612500190734863,7.625,14000,7.650000095367432,7.625,5.6175856590271
22-02-2000,7.449999809265137,7.574999809265137,37500,7.574999809265137,7.525000095367432,5.543914794921875
23-02-2000,7.487500190734863,7.487500190734863,13000,7.512499809265137,7.5,5.525494575500488
24-02-2000,7.425000190734863,7.487500190734863,36500,7.574999809265137,7.425000190734863,5.470239639282227
25-02-2000,7.275000095367432,7.412499904632568,30500,7.425000190734863,7.324999809265137,5.396566390991211
28-02-2000,7.300000190734863,7.375,18500,7.400000095367432,7.300000190734863,5.378148555755615
29-02-2000,7.262499809265137,7.3125,22000,7.324999809265137,7.275000095367432,5.359729766845703
01-03-2000,7.199999809265137,7.287499904632568,31000,7.287499904632568,7.199999809265137,5.304474830627441
02-03-2000,7.175000190734863,7.199999809265137,35500,7.275000095367432,7.275000095367432,5.359729766845703
03-03-2000,7.25,7.300000190734863,39500,7.375,7.25,5.341312885284424
06-03-2000,7.099999904632568,7.162499904632568,10000,7.175000190734863,7.175000190734863,5.34503698348999
07-03-2000,7.199999809265137,7.199999809265137,35000,7.324999809265137,7.199999809265137,5.363660335540772
08-03-2000,7.199999809265137,7.224999904632568,18000,7.287499904632568,7.224999904632568,5.382283687591553
09-03-2000,7.150000095367432,7.199999809265137,9500,7.212500095367432,7.212500095367432,5.372973442077637
10-03-2000,7.224999904632568,7.25,19500,7.375,7.375,5.494027137756348
13-03-2000,7.25,7.275000095367432,18000,7.375,7.25,5.400909423828125
14-03-2000,7.175000190734863,7.199999809265137,20000,7.25,7.25,5.400909423828125
15-03-2000,7.125,7.199999809265137,25000,7.300000190734863,7.300000190734863,5.438156127929688
16-03-2000,7.349999904632568,7.349999904632568,20500,7.449999809265137,7.425000190734863,5.53127384185791
17-03-2000,7.324999809265137,7.400000095367432,12500,7.449999809265137,7.375,5.494027137756348
20-03-2000,7.387499809265137,7.387499809265137,52500,7.675000190734863,7.550000190734863,5.62439489364624
21-03-2000,7.5,7.5,24000,7.625,7.625,5.680266380310059
22-03-2000,7.650000095367432,7.650000095367432,38500,7.824999809265137,7.775000095367432,5.792006969451904
23-03-2000,7.612500190734863,7.737500190734863,9000,7.75,7.612500190734863,5.67095422744751
24-03-2000,7.712500095367432,7.712500095367432,52500,7.925000190734863,7.800000190734863,5.81063175201416
27-03-2000,7.625,7.849999904632568,20000,7.849999904632568,7.625,5.680266380310059
28-03-2000,7.650000095367432,7.650000095367432,16500,7.775000095367432,7.712500095367432,5.745448589324951
29-03-2000,7.675000190734863,7.6875,11000,7.75,7.75,5.77338457107544
30-03-2000,7.75,7.75,15500,7.800000190734863,7.75,5.77338457107544
31-03-2000,7.662499904632568,7.699999809265137,39500,7.775000095367432,7.75,5.77338457107544
03-04-2000,7.650000095367432,7.75,11000,7.75,7.650000095367432,5.698888778686523
04-04-2000,7.425000190734863,7.650000095367432,63000,7.650000095367432,7.425000190734863,5.53127384185791
05-04-2000,7.449999809265137,7.449999809265137,4500,7.5,7.5,5.587145805358887
06-04-2000,7.449999809265137,7.550000190734863,18000,7.550000190734863,7.525000095367432,5.605770587921143
07-04-2000,7.449999809265137,7.574999809265137,20000,7.574999809265137,7.474999904632568,5.568522930145264
10-04-2000,7.349999904632568,7.425000190734863,25000,7.474999904632568,7.362500190734863,5.484716415405273
11-04-2000,7.300000190734863,7.337500095367432,15000,7.349999904632568,7.300000190734863,5.438156127929688
12-04-2000,7.199999809265137,7.300000190734863,30500,7.349999904632568,7.349999904632568,5.475403785705566
13-04-2000,7.324999809265137,7.324999809265137,21000,7.574999809265137,7.550000190734863,5.62439489364624
14-04-2000,7.349999904632568,7.525000095367432,63500,7.525000095367432,7.349999904632568,5.475403785705566
17-04-2000,7.25,7.324999809265137,59000,7.324999809265137,7.262499809265137,5.410219192504883
18-04-2000,7.25,7.25,27000,7.275000095367432,7.275000095367432,5.41953182220459
19-04-2000,7.199999809265137,7.262499809265137,41000,7.324999809265137,7.324999809265137,5.456778526306152
20-04-2000,7.324999809265137,7.349999904632568,7000,7.375,7.375,5.494027137756348
24-04-2000,7.375,7.400000095367432,4000,7.400000095367432,7.400000095367432,5.512650966644287
25-04-2000,7.324999809265137,7.375,15000,7.400000095367432,7.337500095367432,5.466091632843018
26-04-2000,7.375,7.375,6500,7.400000095367432,7.400000095367432,5.512650966644287
27-04-2000,7.400000095367432,7.400000095367432,0,7.400000095367432,7.400000095367432,5.512650966644287
28-04-2000,7.25,7.300000190734863,33500,7.3125,7.3125,5.447468280792236
01-05-2000,7.275000095367432,7.337500095367432,27500,7.349999904632568,7.300000190734863,5.438156127929688
02-05-2000,7.275000095367432,7.324999809265137,43000,7.449999809265137,7.400000095367432,5.512650966644287
03-05-2000,7.300000190734863,7.400000095367432,17500,7.400000095367432,7.300000190734863,5.438156127929688
04-05-2000,6.974999904632568,7.300000190734863,251500,7.375,6.974999904632568,5.196045875549316
05-05-2000,6.987500190734863,6.987500190734863,84000,7.074999809265137,7.025000095367432,5.233293533325195
08-05-2000,7.0,7.0,13500,7.025000095367432,7.0,5.214669227600098
09-05-2000,6.912499904632568,7.012499809265137,41000,7.025000095367432,6.925000190734863,5.1587982177734375
10-05-2000,6.875,6.9375,24000,7.074999809265137,7.0,5.214669227600098
11-05-2000,6.900000095367432,7.025000095367432,74000,7.099999904632568,7.050000190734863,5.251917362213135
12-05-2000,7.050000190734863,7.074999809265137,85500,7.300000190734863,7.275000095367432,5.41953182220459
15-05-2000,7.262499809265137,7.300000190734863,78000,7.525000095367432,7.4375,5.540587425231934
16-05-2000,7.449999809265137,7.462500095367432,89000,7.587500095367432,7.487500190734863,5.5778350830078125
17-05-2000,7.449999809265137,7.487500190734863,5000,7.487500190734863,7.474999904632568,5.568522930145264
18-05-2000,7.425000190734863,7.5,10000,7.5,7.425000190734863,5.53127384185791
19-05-2000,7.400000095367432,7.449999809265137,27500,7.449999809265137,7.449999809265137,5.54989767074585
22-05-2000,7.375,7.425000190734863,19500,7.425000190734863,7.412499904632568,5.52196216583252
23-05-2000,7.349999904632568,7.4375,18000,7.4375,7.425000190734863,5.53127384185791
24-05-2000,7.300000190734863,7.400000095367432,28000,7.425000190734863,7.300000190734863,5.438156127929688
25-05-2000,7.300000190734863,7.324999809265137,5000,7.375,7.375,5.494027137756348
26-05-2000,7.387499809265137,7.387499809265137,13000,7.487500190734863,7.487500190734863,5.5778350830078125
30-05-2000,7.4375,7.487500190734863,32000,7.550000190734863,7.4375,5.540587425231934
31-05-2000,7.4375,7.449999809265137,3500,7.474999904632568,7.4375,5.540587425231934
01-06-2000,7.462500095367432,7.462500095367432,14000,7.574999809265137,7.574999809265137,5.643017292022705
02-06-2000,7.525000095367432,7.574999809265137,14000,7.574999809265137,7.525000095367432,5.605770587921143
05-06-2000,7.474999904632568,7.525000095367432,21500,7.574999809265137,7.512499809265137,5.596457958221436
06-06-2000,7.474999904632568,7.512499809265137,5500,7.512499809265137,7.474999904632568,5.568522930145264
07-06-2000,7.449999809265137,7.487500190734863,5500,7.487500190734863,7.462500095367432,5.559209823608398
08-06-2000,7.449999809265137,7.474999904632568,4000,7.474999904632568,7.449999809265137,5.54989767074585
09-06-2000,7.449999809265137,7.474999904632568,8500,7.525000095367432,7.525000095367432,5.605770587921143
12-06-2000,7.462500095367432,7.574999809265137,24000,7.574999809265137,7.462500095367432,5.559209823608398
13-06-2000,7.462500095367432,7.462500095367432,14000,7.5625,7.5625,5.633705139160156
14-06-2000,7.587500095367432,7.587500095367432,44500,7.724999904632568,7.6875,5.72682523727417
15-06-2000,7.699999809265137,7.699999809265137,17000,7.800000190734863,7.800000190734863,5.81063175201416
16-06-2000,7.849999904632568,7.849999904632568,51500,8.012499809265137,8.0,5.959621429443359
19-06-2000,7.9375,7.974999904632568,17000,8.0,7.974999904632568,5.940999507904053
20-06-2000,7.800000190734863,7.949999809265137,28000,7.949999809265137,7.949999809265137,5.922374248504639
21-06-2000,7.849999904632568,7.875,17500,7.900000095367432,7.849999904632568,5.847879409790039
22-06-2000,7.900000095367432,7.900000095367432,44500,8.149999618530273,8.087499618530273,6.024806022644043
23-06-2000,8.074999809265137,8.100000381469727,8000,8.137499809265137,8.125,6.0527424812316895
26-06-2000,8.175000190734863,8.175000190734863,56000,8.350000381469727,8.337499618530273,6.211043357849121
27-06-2000,8.1875,8.287500381469727,35000,8.287500381469727,8.274999618530273,6.16448450088501
28-06-2000,8.149999618530273,8.25,15000,8.25,8.149999618530273,6.071366310119629
29-06-2000,8.225000381469727,8.225000381469727,53500,8.399999618530273,8.399999618530273,6.257604598999023
30-06-2000,8.425000190734863,8.449999809265137,99000,8.800000190734863,8.774999618530273,6.536960124969482
03-07-2000,8.8125,8.8125,39000,8.975000381469727,8.975000381469727,6.6859517097473145
05-07-2000,9.050000190734863,9.199999809265137,95000,9.199999809265137,9.137499809265137,6.8070068359375
06-07-2000,8.899999618530273,9.112500190734863,41000,9.199999809265137,8.962499618530273,6.676639556884766
07-07-2000,8.725000381469727,8.962499618530273,49000,8.962499618530273,8.774999618530273,6.536960124969482
10-07-2000,8.675000190734863,8.75,5000,8.75,8.6875,6.47177791595459
11-07-2000,8.600000381469727,8.649999618530273,11500,8.6875,8.6875,6.47177791595459
12-07-2000,8.600000381469727,8.662500381469727,8500,8.662500381469727,8.600000381469727,6.406594753265381
13-07-2000,8.550000190734863,8.574999809265137,16000,8.637499809265137,8.550000190734863,6.369348526000977
14-07-2000,8.524999618530273,8.550000190734863,7000,8.550000190734863,8.524999618530273,6.35072135925293
17-07-2000,8.300000190734863,8.524999618530273,22500,8.524999618530273,8.300000190734863,6.183108806610107
18-07-2000,8.175000190734863,8.300000190734863,33000,8.375,8.175000190734863,6.089989185333252
19-07-2000,8.024999618530273,8.149999618530273,13000,8.149999618530273,8.050000190734863,5.996870994567871
20-07-2000,7.974999904632568,8.050000190734863,14500,8.050000190734863,7.974999904632568,5.940999507904053
21-07-2000,8.0,8.024999618530273,1500,8.024999618530273,8.0,5.959621429443359
24-07-2000,7.875,7.949999809265137,13000,7.974999904632568,7.900000095367432,5.885128021240234
25-07-2000,7.800000190734863,7.875,25000,7.900000095367432,7.800000190734863,5.81063175201416
26-07-2000,7.724999904632568,7.775000095367432,67500,7.824999809265137,7.775000095367432,5.792006969451904
27-07-2000,7.775000095367432,7.775000095367432,5000,7.800000190734863,7.800000190734863,5.81063175201416
28-07-2000,7.824999809265137,7.824999809265137,18000,8.024999618530273,8.0,5.959621429443359
31-07-2000,7.949999809265137,8.024999618530273,10500,8.024999618530273,7.949999809265137,5.922374248504639
01-08-2000,7.875,7.900000095367432,7500,7.900000095367432,7.900000095367432,5.885128021240234
02-08-2000,7.75,7.862500190734863,20000,7.862500190734863,7.75,5.77338457107544
03-08-2000,7.675000190734863,7.775000095367432,10000,7.775000095367432,7.675000190734863,5.717513561248779
04-08-2000,7.599999904632568,7.675000190734863,17500,7.675000190734863,7.599999904632568,5.661642074584961
07-08-2000,7.599999904632568,7.599999904632568,3000,7.625,7.625,5.680266380310059
08-08-2000,7.574999809265137,7.599999904632568,4500,7.675000190734863,7.675000190734863,5.717513561248779
09-08-2000,7.699999809265137,7.699999809265137,18000,7.775000095367432,7.724999904632568,5.754759788513184
10-08-2000,7.699999809265137,7.699999809265137,12500,7.775000095367432,7.724999904632568,5.754759788513184
11-08-2000,7.724999904632568,7.724999904632568,11000,7.75,7.724999904632568,5.754759788513184
14-08-2000,7.625,7.625,23500,7.775000095367432,7.699999809265137,5.7361369132995605
15-08-2000,7.675000190734863,7.675000190734863,17500,7.724999904632568,7.675000190734863,5.717513561248779
16-08-2000,7.612500190734863,7.625,21000,7.675000190734863,7.650000095367432,5.698888778686523
17-08-2000,7.574999809265137,7.625,36500,7.650000095367432,7.650000095367432,5.698888778686523
18-08-2000,7.625,7.625,16000,7.724999904632568,7.724999904632568,5.754759788513184
21-08-2000,7.550000190734863,7.6875,28000,7.6875,7.587500095367432,5.652328968048096
22-08-2000,7.5625,7.5625,22500,7.775000095367432,7.775000095367432,5.792006969451904
23-08-2000,7.800000190734863,7.800000190734863,34000,7.900000095367432,7.800000190734863,5.81063175201416
24-08-2000,7.824999809265137,7.824999809265137,3000,7.875,7.875,5.866504669189453
25-08-2000,7.875,7.875,23500,8.0,8.0,5.959621429443359
28-08-2000,8.037500381469727,8.037500381469727,5000,8.074999809265137,8.074999809265137,6.015493392944336
29-08-2000,7.987500190734863,8.0625,31500,8.0625,8.0,5.959621429443359
30-08-2000,7.974999904632568,8.0,21500,8.0,8.0,5.959621429443359
31-08-2000,7.912499904632568,8.0,12500,8.0,7.925000190734863,5.903750419616699
01-09-2000,7.925000190734863,7.925000190734863,3000,7.925000190734863,7.925000190734863,5.903750419616699
05-09-2000,7.900000095367432,7.900000095367432,25000,8.050000190734863,8.050000190734863,5.996870994567871
06-09-2000,8.024999618530273,8.024999618530273,1000,8.024999618530273,8.024999618530273,5.978246212005615
07-09-2000,7.775000095367432,8.0,35000,8.0,7.775000095367432,5.792006969451904
08-09-2000,7.800000190734863,7.800000190734863,5000,7.900000095367432,7.875,5.866504669189453
11-09-2000,7.724999904632568,7.875,37500,7.875,7.724999904632568,5.754759788513184
12-09-2000,7.650000095367432,7.737500190734863,18000,7.75,7.75,5.77338457107544
13-09-2000,7.675000190734863,7.762499809265137,27500,7.762499809265137,7.6875,5.72682523727417
14-09-2000,7.712500095367432,7.712500095367432,34500,7.775000095367432,7.75,5.77338457107544
15-09-2000,7.724999904632568,7.724999904632568,35000,7.800000190734863,7.800000190734863,5.81063175201416
18-09-2000,7.75,7.787499904632568,9500,7.787499904632568,7.75,5.77338457107544
19-09-2000,7.724999904632568,7.724999904632568,5000,7.787499904632568,7.787499904632568,5.801320552825928
20-09-2000,7.724999904632568,7.800000190734863,17500,7.800000190734863,7.787499904632568,5.801320552825928
21-09-2000,7.787499904632568,7.787499904632568,0,7.787499904632568,7.787499904632568,5.801320552825928
22-09-2000,7.699999809265137,7.75,22000,7.787499904632568,7.712500095367432,5.745448589324951
25-09-2000,7.699999809265137,7.724999904632568,10500,7.75,7.75,5.77338457107544
26-09-2000,7.724999904632568,7.724999904632568,10000,7.775000095367432,7.75,5.77338457107544
27-09-2000,7.625,7.724999904632568,6000,7.724999904632568,7.650000095367432,5.698888778686523
28-09-2000,7.612500190734863,7.625,5500,7.650000095367432,7.650000095367432,5.698888778686523
29-09-2000,7.537499904632568,7.650000095367432,11500,7.650000095367432,7.537499904632568,5.61508321762085
02-10-2000,7.537499904632568,7.537499904632568,2500,7.537499904632568,7.537499904632568,5.61508321762085
03-10-2000,7.525000095367432,7.525000095367432,6000,7.525000095367432,7.525000095367432,5.605770587921143
04-10-2000,7.449999809265137,7.5,10500,7.5,7.474999904632568,5.568522930145264
05-10-2000,7.474999904632568,7.474999904632568,4500,7.5,7.5,5.587145805358887
06-10-2000,7.474999904632568,7.474999904632568,8500,7.474999904632568,7.474999904632568,5.568522930145264
09-10-2000,7.449999809265137,7.449999809265137,6500,7.449999809265137,7.449999809265137,5.54989767074585
10-10-2000,7.525000095367432,7.525000095367432,31000,7.650000095367432,7.650000095367432,5.698888778686523
11-10-2000,7.474999904632568,7.599999904632568,38000,7.625,7.550000190734863,5.62439489364624
12-10-2000,7.349999904632568,7.525000095367432,25500,7.525000095367432,7.375,5.494027137756348
13-10-2000,6.974999904632568,7.349999904632568,56500,7.349999904632568,7.162499904632568,5.335724830627441
16-10-2000,7.150000095367432,7.175000190734863,7500,7.25,7.25,5.400909423828125
17-10-2000,7.125,7.275000095367432,7500,7.275000095367432,7.125,5.307789325714111
18-10-2000,6.900000095367432,7.150000095367432,57500,7.150000095367432,6.900000095367432,5.140174865722656
19-10-2000,6.900000095367432,6.900000095367432,28500,7.175000190734863,7.099999904632568,5.289165019989014
20-10-2000,7.125,7.125,19000,7.25,7.150000095367432,5.326411724090576
23-10-2000,7.099999904632568,7.199999809265137,11000,7.199999809265137,7.125,5.307789325714111
24-10-2000,7.125,7.150000095367432,13500,7.224999904632568,7.150000095367432,5.326411724090576
25-10-2000,7.150000095367432,7.175000190734863,21000,7.400000095367432,7.375,5.494027137756348
26-10-2000,7.300000190734863,7.362500190734863,4000,7.362500190734863,7.300000190734863,5.438156127929688
27-10-2000,7.275000095367432,7.275000095367432,2500,7.300000190734863,7.300000190734863,5.438156127929688
30-10-2000,7.150000095367432,7.25,18000,7.275000095367432,7.199999809265137,5.363660335540772
31-10-2000,7.074999809265137,7.199999809265137,24500,7.199999809265137,7.074999809265137,5.270540714263916
01-11-2000,7.050000190734863,7.050000190734863,33000,7.125,7.050000190734863,5.251917362213135
02-11-2000,7.050000190734863,7.074999809265137,8500,7.099999904632568,7.050000190734863,5.251917362213135
03-11-2000,7.025000095367432,7.050000190734863,8500,7.074999809265137,7.025000095367432,5.233293533325195
06-11-2000,6.949999809265137,7.037499904632568,32500,7.074999809265137,7.074999809265137,5.270540714263916
07-11-2000,6.987500190734863,7.099999904632568,16500,7.099999904632568,7.0,5.214669227600098
08-11-2000,6.949999809265137,6.974999904632568,16000,7.025000095367432,7.025000095367432,5.233293533325195
09-11-2000,6.974999904632568,7.0,1500,7.0,6.974999904632568,5.196045875549316
10-11-2000,6.800000190734863,6.974999904632568,22000,6.974999904632568,6.849999904632568,5.102926731109619
13-11-2000,6.699999809265137,6.849999904632568,16500,6.849999904632568,6.762499809265137,5.037743091583252
14-11-2000,6.775000095367432,6.800000190734863,13500,6.962500095367432,6.962500095367432,5.186734199523926
15-11-2000,6.987500190734863,6.987500190734863,30000,7.150000095367432,7.150000095367432,5.326411724090576
16-11-2000,7.175000190734863,7.175000190734863,12500,7.275000095367432,7.199999809265137,5.363660335540772
17-11-2000,7.150000095367432,7.175000190734863,7000,7.175000190734863,7.162499904632568,5.335724830627441
20-11-2000,7.074999809265137,7.175000190734863,29500,7.199999809265137,7.125,5.307789325714111
21-11-2000,7.112500190734863,7.112500190734863,21500,7.324999809265137,7.324999809265137,5.456778526306152
22-11-2000,7.1875,7.3125,14000,7.3125,7.1875,5.354348182678223
24-11-2000,7.137499809265137,7.1875,1000,7.1875,7.137499809265137,5.317100524902344
27-11-2000,7.125,7.150000095367432,16500,7.150000095367432,7.125,5.307789325714111
28-11-2000,7.050000190734863,7.125,13000,7.125,7.050000190734863,5.251917362213135
29-11-2000,6.849999904632568,7.050000190734863,24000,7.050000190734863,6.987500190734863,5.205357074737549
30-11-2000,6.962500095367432,6.962500095367432,22000,7.150000095367432,7.125,5.307789325714111
01-12-2000,7.037499904632568,7.074999809265137,16500,7.099999904632568,7.074999809265137,5.270540714263916
04-12-2000,7.025000095367432,7.025000095367432,23500,7.199999809265137,7.162499904632568,5.335724830627441
05-12-2000,7.087500095367432,7.1875,32000,7.1875,7.162499904632568,5.335724830627441
06-12-2000,7.099999904632568,7.1875,17500,7.199999809265137,7.1875,5.354348182678223
07-12-2000,7.125,7.150000095367432,10000,7.175000190734863,7.175000190734863,5.34503698348999
08-12-2000,7.150000095367432,7.199999809265137,4000,7.199999809265137,7.175000190734863,5.34503698348999
11-12-2000,7.125,7.125,29500,7.25,7.237500190734863,5.391594886779785
12-12-2000,7.175000190734863,7.224999904632568,24000,7.275000095367432,7.25,5.400909423828125
13-12-2000,7.175000190734863,7.25,20500,7.287499904632568,7.275000095367432,5.41953182220459
14-12-2000,7.199999809265137,7.300000190734863,8500,7.300000190734863,7.25,5.400909423828125
15-12-2000,7.275000095367432,7.275000095367432,2000,7.300000190734863,7.300000190734863,5.438156127929688
18-12-2000,7.25,7.262499809265137,15500,7.300000190734863,7.287499904632568,5.428844451904297
19-12-2000,7.125,7.25,13000,7.275000095367432,7.150000095367432,5.326411724090576
20-12-2000,6.925000190734863,7.025000095367432,25500,7.050000190734863,6.925000190734863,5.1587982177734375
21-12-2000,6.737500190734863,6.912499904632568,33500,6.912499904632568,6.8125,5.074991703033447
22-12-2000,6.824999809265137,6.824999809265137,7000,6.9375,6.912499904632568,5.149486064910889
26-12-2000,6.875,6.887499809265137,30000,6.949999809265137,6.9375,5.168111324310303
27-12-2000,6.875,6.912499904632568,18500,6.925000190734863,6.925000190734863,5.1587982177734375
28-12-2000,6.900000095367432,6.912499904632568,25500,6.949999809265137,6.925000190734863,5.1587982177734375
29-12-2000,6.900000095367432,6.900000095367432,21000,7.150000095367432,7.125,5.307789325714111
02-01-2001,7.125,7.125,30000,7.425000190734863,7.425000190734863,5.53127384185791
03-01-2001,7.449999809265137,7.449999809265137,23000,7.625,7.574999809265137,5.643017292022705
04-01-2001,7.5625,7.5625,12000,7.625,7.599999904632568,5.661642074584961
05-01-2001,7.474999904632568,7.599999904632568,37500,7.699999809265137,7.699999809265137,5.7361369132995605
08-01-2001,7.650000095367432,7.675000190734863,29000,7.925000190734863,7.849999904632568,5.847879409790039
09-01-2001,7.650000095367432,7.800000190734863,27500,7.824999809265137,7.724999904632568,5.754759788513184
10-01-2001,7.775000095367432,7.775000095367432,5500,7.925000190734863,7.875,5.866504669189453
11-01-2001,7.824999809265137,7.862500190734863,9000,7.9375,7.900000095367432,5.885128021240234
12-01-2001,7.75,7.75,25500,7.849999904632568,7.849999904632568,5.847879409790039
16-01-2001,7.824999809265137,7.849999904632568,5500,7.974999904632568,7.974999904632568,5.940999507904053
17-01-2001,7.949999809265137,7.949999809265137,21000,8.100000381469727,8.0,5.959621429443359
18-01-2001,7.962500095367432,8.0,5000,8.0,8.0,5.959621429443359
19-01-2001,8.024999618530273,8.024999618530273,14000,8.100000381469727,8.100000381469727,6.034118175506592
22-01-2001,8.137499809265137,8.137499809265137,20000,8.225000381469727,8.149999618530273,6.071366310119629
23-01-2001,8.050000190734863,8.199999809265137,25000,8.25,8.050000190734863,5.996870994567871
24-01-2001,7.925000190734863,8.050000190734863,9500,8.050000190734863,7.987500190734863,5.950310707092285
25-01-2001,8.0,8.0,1000,8.024999618530273,8.024999618530273,5.978246212005615
26-01-2001,8.024999618530273,8.050000190734863,3500,8.149999618530273,8.125,6.0527424812316895
29-01-2001,8.064000129699707,8.104000091552734,11000,8.119999885559082,8.064000129699707,6.007299900054932
30-01-2001,7.920000076293945,8.029999732971191,13000,8.029999732971191,7.920000076293945,5.900026321411133
31-01-2001,7.880000114440918,7.900000095367432,20500,7.920000076293945,7.918000221252441,5.898535251617432
01-02-2001,7.920000076293945,7.940000057220459,2500,7.940000057220459,7.940000057220459,5.914926528930664
02-02-2001,7.909999847412109,7.940000057220459,10500,7.940000057220459,7.920000076293945,5.900026321411133
05-02-2001,7.874000072479248,7.940000057220459,15500,7.940000057220459,7.889999866485596,5.877678394317627
06-02-2001,7.849999904632568,7.869999885559082,4500,7.869999885559082,7.869999885559082,5.862778663635254
07-02-2001,7.848000049591064,7.880000114440918,2500,7.880000114440918,7.880000114440918,5.87022876739502
08-02-2001,7.789999961853027,7.820000171661377,9000,7.829999923706055,7.829999923706055,5.832981109619141
09-02-2001,7.710000038146973,7.800000190734863,8000,7.800000190734863,7.710000038146973,5.743586540222168
12-02-2001,7.599999904632568,7.760000228881836,25000,7.760000228881836,7.639999866485596,5.691439151763916
13-02-2001,7.599999904632568,7.639999866485596,6500,7.639999866485596,7.607999801635742,5.667600631713867
14-02-2001,7.53000020980835,7.599999904632568,8000,7.599999904632568,7.539999961853027,5.616945266723633
15-02-2001,7.550000190734863,7.550000190734863,9000,7.599999904632568,7.599999904632568,5.661642074584961
16-02-2001,7.567999839782715,7.599999904632568,3000,7.599999904632568,7.567999839782715,5.637803077697754
20-02-2001,7.567999839782715,7.570000171661377,3000,7.570000171661377,7.570000171661377,5.639292240142822
21-02-2001,7.559999942779541,7.559999942779541,2500,7.570000171661377,7.570000171661377,5.639292240142822
22-02-2001,7.579999923706055,7.579999923706055,5000,7.639999866485596,7.630000114440918,5.68398904800415
23-02-2001,7.650000095367432,7.650000095367432,20000,7.782000064849853,7.75,5.77338457107544
26-02-2001,7.800000190734863,7.800000190734863,16500,7.889999866485596,7.840000152587891,5.84043025970459
27-02-2001,7.820000171661377,7.860000133514404,14000,7.869999885559082,7.849999904632568,5.847879409790039
28-02-2001,7.739999771118164,7.840000152587891,9500,7.840000152587891,7.739999771118164,5.765933990478516
01-03-2001,7.599999904632568,7.730000019073486,19500,7.730000019073486,7.599999904632568,5.661642074584961
02-03-2001,7.533999919891357,7.579999923706055,16000,7.579999923706055,7.559999942779541,5.631842613220215
05-03-2001,7.539999961853027,7.539999961853027,4000,7.570000171661377,7.550000190734863,5.62439489364624
06-03-2001,7.5,7.539999961853027,9500,7.539999961853027,7.519999980926514,5.602043151855469
07-03-2001,7.460000038146973,7.480000019073486,5500,7.5,7.5,5.647222995758057
08-03-2001,7.489999771118164,7.489999771118164,3000,7.5,7.5,5.647222995758057
09-03-2001,7.519999980926514,7.539999961853027,9500,7.550000190734863,7.550000190734863,5.684871673583984
12-03-2001,7.389999866485596,7.559999942779541,17500,7.559999942779541,7.389999866485596,5.564396858215332
13-03-2001,7.340000152587891,7.389999866485596,15500,7.389999866485596,7.389999866485596,5.564396858215332
14-03-2001,7.320000171661377,7.369999885559082,7500,7.369999885559082,7.320000171661377,5.511689186096191
15-03-2001,7.170000076293945,7.300000190734863,23500,7.300000190734863,7.170000076293945,5.398745536804199
16-03-2001,7.144000053405762,7.173999786376953,7000,7.199999809265137,7.159999847412109,5.391215324401856
19-03-2001,7.159999847412109,7.159999847412109,4000,7.190000057220459,7.170000076293945,5.398745536804199
20-03-2001,7.150000095367432,7.170000076293945,6500,7.190000057220459,7.190000057220459,5.413804054260254
21-03-2001,7.159999847412109,7.159999847412109,29500,7.176000118255615,7.159999847412109,5.391215324401856
22-03-2001,7.131999969482422,7.159999847412109,20500,7.159999847412109,7.150000095367432,5.383686542510986
23-03-2001,7.139999866485596,7.139999866485596,500,7.139999866485596,7.139999866485596,5.376157283782959
26-03-2001,7.150000095367432,7.159999847412109,13500,7.179999828338623,7.179999828338623,5.406274795532227
27-03-2001,7.150000095367432,7.179999828338623,7000,7.179999828338623,7.170000076293945,5.398745536804199
28-03-2001,7.159999847412109,7.159999847412109,15000,7.199999809265137,7.179999828338623,5.899998664855957
29-03-2001,7.190000057220459,7.190000057220459,2500,7.199999809265137,7.199999809265137,5.916432857513428
30-03-2001,7.199999809265137,7.199999809265137,5000,7.199999809265137,7.199999809265137,5.916432857513428
02-04-2001,7.199999809265137,7.21999979019165,6500,7.230000019073486,7.210000038146973,5.924649715423584
03-04-2001,6.96999979019165,7.190000057220459,39500,7.230000019073486,7.0,5.752088069915772
04-04-2001,6.814000129699707,6.980000019073486,16000,6.980000019073486,6.849999904632568,5.628829002380371
05-04-2001,6.849999904632568,6.889999866485596,9000,6.889999866485596,6.860000133514404,5.637045860290527
06-04-2001,6.869999885559082,6.869999885559082,8500,6.960000038146973,6.960000038146973,5.719219207763672
09-04-2001,6.960000038146973,6.960000038146973,5500,7.019999980926514,7.0,5.752088069915772
10-04-2001,7.019999980926514,7.039999961853027,1500,7.039999961853027,7.019999980926514,5.768522262573242
11-04-2001,7.0,7.0,9500,7.0,7.0,5.752088069915772
12-04-2001,6.980000019073486,7.0,29500,7.0,7.0,5.752088069915772
16-04-2001,7.059999942779541,7.099999904632568,15000,7.130000114440918,7.059999942779541,5.801391124725342
17-04-2001,7.0,7.064000129699707,7500,7.064000129699707,7.019999980926514,5.768522262573242
18-04-2001,7.019999980926514,7.019999980926514,23500,7.199999809265137,7.130000114440918,5.858912467956543
19-04-2001,7.090000152587891,7.110000133514404,8500,7.110000133514404,7.110000133514404,5.842476844787598
20-04-2001,7.019999980926514,7.090000152587891,8500,7.090000152587891,7.019999980926514,5.768522262573242
23-04-2001,7.010000228881836,7.010000228881836,4000,7.010000228881836,7.010000228881836,5.760305881500244
24-04-2001,6.929999828338623,7.019999980926514,17000,7.019999980926514,6.929999828338623,5.694565773010254
25-04-2001,6.941999912261963,6.949999809265137,41500,6.980000019073486,6.980000019073486,5.735653877258301
26-04-2001,6.929999828338623,6.929999828338623,26000,7.150000095367432,7.130000114440918,5.858912467956543
27-04-2001,7.130000114440918,7.150000095367432,6000,7.150000095367432,7.130000114440918,5.858912467956543
30-04-2001,7.130000114440918,7.139999866485596,12500,7.150000095367432,7.139999866485596,5.867130279541016
01-05-2001,7.139999866485596,7.139999866485596,11500,7.179999828338623,7.179999828338623,5.899998664855957
02-05-2001,7.210000038146973,7.230000019073486,15500,7.269999980926514,7.269999980926514,5.973954200744629
03-05-2001,7.25,7.25,4500,7.289999961853027,7.269999980926514,5.973954200744629
04-05-2001,7.289999961853027,7.289999961853027,4500,7.309999942779541,7.309999942779541,6.00682258605957
07-05-2001,7.277999877929687,7.314000129699707,3500,7.314000129699707,7.300000190734863,5.9986066818237305
08-05-2001,7.289999961853027,7.309999942779541,7500,7.309999942779541,7.294000148773193,5.993675708770752
09-05-2001,7.28000020980835,7.28000020980835,19500,7.300000190734863,7.300000190734863,5.9986066818237305
10-05-2001,7.25,7.300000190734863,54500,7.340000152587891,7.289999961853027,5.990388870239258
11-05-2001,7.216000080108643,7.289999961853027,15000,7.289999961853027,7.25600004196167,5.9624505043029785
14-05-2001,7.25,7.265999794006348,17000,7.309999942779541,7.25,5.957520961761475
15-05-2001,7.276000022888184,7.289999961853027,5000,7.291999816894531,7.276000022888184,5.978883743286133
16-05-2001,7.251999855041504,7.276000022888184,20000,7.28000020980835,7.276000022888184,5.978883743286133
17-05-2001,7.315999984741211,7.315999984741211,46000,7.519999980926514,7.5,6.1629509925842285
18-05-2001,7.480000019073486,7.5,3000,7.5,7.489999771118164,6.154733180999756
21-05-2001,7.400000095367432,7.495999813079834,13500,7.495999813079834,7.420000076293945,6.097212791442871
22-05-2001,7.372000217437744,7.420000076293945,15500,7.427999973297119,7.372000217437744,6.057770252227783
23-05-2001,7.440000057220459,7.579999923706055,45000,7.579999923706055,7.449999809265137,6.121864795684815
24-05-2001,7.409999847412109,7.446000099182129,5000,7.449999809265137,7.420000076293945,6.097212791442871
25-05-2001,7.423999786376953,7.440000057220459,12500,7.449999809265137,7.449999809265137,6.121864795684815
29-05-2001,7.28000020980835,7.429999828338623,26500,7.429999828338623,7.300000190734863,5.9986066818237305
30-05-2001,7.260000228881836,7.300000190734863,11500,7.320000171661377,7.28000020980835,5.982171058654785
31-05-2001,7.269999980926514,7.300000190734863,10500,7.309999942779541,7.309999942779541,6.00682258605957
01-06-2001,7.260000228881836,7.260000228881836,11000,7.300000190734863,7.28000020980835,5.982171058654785
04-06-2001,7.239999771118164,7.260000228881836,41500,7.300000190734863,7.28000020980835,5.982171058654785
05-06-2001,7.309999942779541,7.329999923706055,37000,7.538000106811523,7.5,6.1629509925842285
06-06-2001,7.460000038146973,7.480000019073486,14000,7.579999923706055,7.579999923706055,6.228689670562744
07-06-2001,7.559999942779541,7.559999942779541,6000,7.659999847412109,7.639999866485596,6.277993679046631
08-06-2001,7.599999904632568,7.599999904632568,15000,7.76800012588501,7.76800012588501,6.38317346572876
11-06-2001,7.760000228881836,7.760000228881836,12500,7.809999942779541,7.760000228881836,6.37660026550293
12-06-2001,7.71999979019165,7.71999979019165,65500,8.0,7.823999881744385,6.429190635681152
13-06-2001,7.820000171661377,7.820000171661377,12000,7.920000076293945,7.900000095367432,6.491641521453857
14-06-2001,7.849999904632568,7.889999866485596,5000,7.889999866485596,7.869999885559082,6.466990470886231
15-06-2001,7.829999923706055,7.860000133514404,4500,7.880000114440918,7.860000133514404,6.458772659301758
18-06-2001,7.840000152587891,7.849999904632568,8500,7.907999992370605,7.900000095367432,6.491641521453857
19-06-2001,7.889999866485596,7.889999866485596,22500,8.086000442504883,8.069999694824219,6.631335258483887
20-06-2001,8.039999961853027,8.0600004196167,9500,8.079999923706055,8.052000045776367,6.616543769836426
21-06-2001,8.0,8.09000015258789,31500,8.100000381469727,8.0,6.5738139152526855
22-06-2001,7.960000038146973,8.0,6000,8.0,7.960000038146973,6.540946960449219
25-06-2001,8.0,8.0,5500,8.020000457763672,8.020000457763672,6.590250015258789
26-06-2001,7.98799991607666,8.0,7500,8.020000457763672,8.020000457763672,6.590250015258789
27-06-2001,7.984000205993652,8.0,5500,8.020000457763672,7.984000205993652,6.560667991638184
28-06-2001,7.943999767303467,7.943999767303467,9000,7.960000038146973,7.960000038146973,6.540946960449219
29-06-2001,7.71999979019165,7.840000152587891,23500,7.840000152587891,7.71999979019165,6.343731880187988
02-07-2001,7.670000076293945,7.699999809265137,8000,7.757999897003174,7.699999809265137,6.327296733856201
03-07-2001,7.650000095367432,7.690000057220459,25500,7.690000057220459,7.650000095367432,6.286211967468262
05-07-2001,7.624000072479248,7.639999866485596,4500,7.639999866485596,7.624000072479248,6.264845371246338
06-07-2001,7.624000072479248,7.624000072479248,0,7.624000072479248,7.624000072479248,6.264845371246338
09-07-2001,7.579999923706055,7.639999866485596,12500,7.639999866485596,7.639999866485596,6.277993679046631
10-07-2001,7.659999847412109,7.659999847412109,10000,7.760000228881836,7.760000228881836,6.37660026550293
11-07-2001,7.699999809265137,7.75,11500,7.760000228881836,7.699999809265137,6.327296733856201
12-07-2001,7.699999809265137,7.699999809265137,8500,7.722000122070312,7.722000122070312,6.345374584197998
13-07-2001,7.730000019073486,7.739999771118164,9000,7.739999771118164,7.734000205993652,6.3552350997924805
16-07-2001,7.739999771118164,7.739999771118164,16500,7.880000114440918,7.880000114440918,6.4752068519592285
17-07-2001,7.840000152587891,7.840000152587891,3000,7.840000152587891,7.840000152587891,6.442337512969971
18-07-2001,7.849999904632568,7.849999904632568,1000,7.849999904632568,7.849999904632568,6.450555801391602
19-07-2001,7.869999885559082,7.869999885559082,2500,7.889999866485596,7.889999866485596,6.483423709869385
20-07-2001,7.869999885559082,7.869999885559082,3000,7.8979997634887695,7.880000114440918,6.4752068519592285
23-07-2001,7.829999923706055,7.869999885559082,6500,7.940000057220459,7.940000057220459,6.524511814117432
24-07-2001,7.900000095367432,7.920000076293945,1000,7.920000076293945,7.900000095367432,6.491641521453857
25-07-2001,7.880000114440918,7.880000114440918,3500,7.980000019073486,7.980000019073486,6.557380199432373
26-07-2001,7.940000057220459,7.960000038146973,7000,7.960000038146973,7.940000057220459,6.524511814117432
27-07-2001,7.900000095367432,7.900000095367432,3000,7.901999950408935,7.900000095367432,6.491641521453857
30-07-2001,7.900000095367432,7.900000095367432,0,7.900000095367432,7.900000095367432,6.491641521453857
31-07-2001,7.840000152587891,7.900000095367432,16500,7.909999847412109,7.840000152587891,6.442337512969971
01-08-2001,7.739999771118164,7.800000190734863,13500,7.820000171661377,7.739999771118164,6.360166072845459
02-08-2001,7.579999923706055,7.699999809265137,15000,7.699999809265137,7.579999923706055,6.228689670562744
03-08-2001,7.579999923706055,7.579999923706055,7500,7.639999866485596,7.639999866485596,6.277993679046631
06-08-2001,7.650000095367432,7.650000095367432,7000,7.697999954223633,7.690000057220459,6.319079399108887
07-08-2001,7.650000095367432,7.659999847412109,6500,7.688000202178955,7.679999828338623,6.310862064361572
08-08-2001,7.697999954223633,7.697999954223633,500,7.697999954223633,7.697999954223633,6.325653553009033
09-08-2001,7.659999847412109,7.659999847412109,4000,7.670000076293945,7.6620001792907715,6.296070575714111
10-08-2001,7.679999828338623,7.679999828338623,12500,7.699999809265137,7.699999809265137,6.327296733856201
13-08-2001,7.722000122070312,7.739999771118164,7000,7.78000020980835,7.78000020980835,6.3930344581604
14-08-2001,7.800000190734863,7.800000190734863,5000,7.840000152587891,7.840000152587891,6.442337512969971
15-08-2001,7.829999923706055,7.849999904632568,4000,7.889999866485596,7.889999866485596,6.483423709869385
16-08-2001,7.863999843597412,7.929999828338623,18500,7.96999979019165,7.918000221252441,6.506433010101318
17-08-2001,7.929999828338623,7.929999828338623,8500,7.96999979019165,7.96999979019165,6.5491623878479
20-08-2001,7.860000133514404,7.949999809265137,11500,7.949999809265137,7.880000114440918,6.4752068519592285
21-08-2001,7.840000152587891,7.860000133514404,1000,7.860000133514404,7.840000152587891,6.442337512969971
22-08-2001,7.789999961853027,7.820000171661377,7000,7.820000171661377,7.789999961853027,6.401251316070557
23-08-2001,7.783999919891357,7.783999919891357,2000,7.800000190734863,7.800000190734863,6.409468650817871
24-08-2001,7.760000228881836,7.760000228881836,7500,7.78000020980835,7.760000228881836,6.37660026550293
27-08-2001,7.639999866485596,7.739999771118164,61000,7.739999771118164,7.639999866485596,6.277993679046631
28-08-2001,7.639999866485596,7.639999866485596,12000,7.642000198364258,7.639999866485596,6.277993679046631
29-08-2001,7.599999904632568,7.639999866485596,7500,7.639999866485596,7.599999904632568,6.245123863220215
30-08-2001,7.619999885559082,7.619999885559082,2000,7.622000217437744,7.619999885559082,6.261557579040527
31-08-2001,7.579999923706055,7.599999904632568,7500,7.599999904632568,7.579999923706055,6.228689670562744
04-09-2001,7.519999980926514,7.599999904632568,14000,7.599999904632568,7.539999961853027,6.195820331573486
05-09-2001,7.5,7.519999980926514,3000,7.519999980926514,7.5,6.1629509925842285
06-09-2001,7.400000095367432,7.480000019073486,11000,7.480000019073486,7.420000076293945,6.097212791442871
07-09-2001,7.438000202178955,7.440000057220459,7000,7.498000144958496,7.495999813079834,6.159663677215576
10-09-2001,7.46999979019165,7.480000019073486,6000,7.489999771118164,7.480000019073486,6.146516799926758
17-09-2001,7.460000038146973,7.460000038146973,33500,7.46999979019165,7.460000038146973,6.130082607269287
18-09-2001,7.460000038146973,7.460000038146973,73000,7.579999923706055,7.460000038146973,6.130082607269287
19-09-2001,7.320000171661377,7.440000057220459,45500,7.443999767303467,7.320000171661377,6.015040874481201
20-09-2001,7.21999979019165,7.300000190734863,45500,7.300000190734863,7.239999771118164,5.9493021965026855
21-09-2001,7.150000095367432,7.199999809265137,43000,7.21999979019165,7.150000095367432,5.875346660614014
24-09-2001,7.111999988555908,7.150000095367432,46500,7.179999828338623,7.150000095367432,5.875346660614014
25-09-2001,7.119999885559082,7.139999866485596,11500,7.139999866485596,7.119999885559082,5.850695610046387
26-09-2001,7.099999904632568,7.119999885559082,16500,7.119999885559082,7.099999904632568,5.8342604637146
27-09-2001,7.0,7.070000171661377,22500,7.070000171661377,7.0,5.752088069915772
28-09-2001,7.019999980926514,7.019999980926514,12000,7.039999961853027,7.019999980926514,5.768522262573242
01-10-2001,7.039999961853027,7.039999961853027,2500,7.079999923706055,7.079999923706055,5.817825794219971
02-10-2001,7.059999942779541,7.099999904632568,6000,7.099999904632568,7.099999904632568,5.8342604637146
03-10-2001,7.079999923706055,7.079999923706055,5500,7.118000030517578,7.110000133514404,5.842476844787598
04-10-2001,7.104000091552734,7.104000091552734,3500,7.138000011444092,7.130000114440918,5.858912467956543
05-10-2001,7.150000095367432,7.150000095367432,13500,7.199999809265137,7.199999809265137,5.916432857513428
08-10-2001,7.21999979019165,7.21999979019165,26000,7.300000190734863,7.21999979019165,5.932866096496582
09-10-2001,7.179999828338623,7.21999979019165,6500,7.21999979019165,7.199999809265137,5.916432857513428
10-10-2001,7.179999828338623,7.179999828338623,1500,7.199999809265137,7.179999828338623,5.899998664855957
11-10-2001,7.159999847412109,7.159999847412109,9000,7.320000171661377,7.320000171661377,6.015040874481201
12-10-2001,7.340000152587891,7.340000152587891,23000,7.559999942779541,7.541999816894531,6.197463512420654
15-10-2001,7.559999942779541,7.559999942779541,55500,7.840000152587891,7.760000228881836,6.37660026550293
16-10-2001,7.739999771118164,7.739999771118164,10000,7.900000095367432,7.782000064849853,6.394678592681885
17-10-2001,7.782000064849853,7.782000064849853,4500,7.789999961853027,7.789999961853027,6.401251316070557
18-10-2001,7.782000064849853,7.782000064849853,5500,7.783999919891357,7.782000064849853,6.394678592681885
19-10-2001,7.800000190734863,7.800000190734863,10500,7.822000026702881,7.809999942779541,6.4176859855651855
22-10-2001,7.679999828338623,7.809999942779541,26000,7.820000171661377,7.679999828338623,6.310862064361572
23-10-2001,7.590000152587891,7.659999847412109,24500,7.670000076293945,7.590000152587891,6.236905574798584
24-10-2001,7.561999797821045,7.579999923706055,2000,7.579999923706055,7.570000171661377,6.220472812652588
25-10-2001,7.5,7.550000190734863,11000,7.579999923706055,7.5,6.1629509925842285
26-10-2001,7.5,7.5,500,7.5,7.5,6.1629509925842285
29-10-2001,7.472000122070312,7.480000019073486,6000,7.480000019073486,7.472000122070312,6.139942169189453
30-10-2001,7.440000057220459,7.440000057220459,8500,7.599999904632568,7.559999942779541,6.212254524230957
31-10-2001,7.559999942779541,7.559999942779541,13000,7.599999904632568,7.579999923706055,6.228689670562744
01-11-2001,7.559999942779541,7.599999904632568,2500,7.599999904632568,7.559999942779541,6.212254524230957
02-11-2001,7.559999942779541,7.579999923706055,6000,7.599999904632568,7.559999942779541,6.212254524230957
05-11-2001,7.539999961853027,7.539999961853027,7000,7.599999904632568,7.5879998207092285,6.235262393951416
06-11-2001,7.539999961853027,7.579999923706055,7500,7.579999923706055,7.550000190734863,6.204038143157959
07-11-2001,7.539999961853027,7.539999961853027,4500,7.590000152587891,7.590000152587891,6.236905574798584
08-11-2001,7.53000020980835,7.579999923706055,9000,7.579999923706055,7.53000020980835,6.18760347366333
09-11-2001,7.539999961853027,7.539999961853027,1500,7.559999942779541,7.559999942779541,6.212254524230957
12-11-2001,7.550000190734863,7.579999923706055,13500,7.639999866485596,7.550000190734863,6.204038143157959
13-11-2001,7.559999942779541,7.559999942779541,12500,7.627999782562256,7.619999885559082,6.261557579040527
14-11-2001,7.624000072479248,7.624000072479248,29000,7.670000076293945,7.650000095367432,6.286211967468262
15-11-2001,7.610000133514404,7.630000114440918,5500,7.639999866485596,7.639999866485596,6.277993679046631
16-11-2001,7.619999885559082,7.619999885559082,3500,7.619999885559082,7.619999885559082,6.261557579040527
19-11-2001,7.619999885559082,7.639999866485596,5000,7.639999866485596,7.619999885559082,6.261557579040527
20-11-2001,7.593999862670898,7.593999862670898,21500,7.730000019073486,7.699999809265137,6.327296733856201
21-11-2001,7.679999828338623,7.679999828338623,1000,7.699999809265137,7.699999809265137,6.327296733856201
23-11-2001,7.71999979019165,7.71999979019165,500,7.71999979019165,7.71999979019165,6.343731880187988
26-11-2001,7.627999782562256,7.699999809265137,7000,7.699999809265137,7.627999782562256,6.268130779266357
27-11-2001,7.607999801635742,7.607999801635742,1500,7.627999782562256,7.627999782562256,6.268130779266357
28-11-2001,7.610000133514404,7.639999866485596,15500,7.659999847412109,7.630000114440918,6.269776821136475
29-11-2001,7.607999801635742,7.610000133514404,11000,7.630000114440918,7.607999801635742,6.251696586608887
30-11-2001,7.5,7.593999862670898,20500,7.610000133514404,7.5,6.1629509925842285
03-12-2001,7.420000076293945,7.480000019073486,10500,7.480000019073486,7.460000038146973,6.130082607269287
04-12-2001,7.400000095367432,7.449999809265137,16500,7.449999809265137,7.400000095367432,6.080777168273926
05-12-2001,7.340000152587891,7.400000095367432,13000,7.400000095367432,7.340000152587891,6.031474113464356
06-12-2001,7.320000171661377,7.320000171661377,9000,7.320000171661377,7.320000171661377,6.015040874481201
07-12-2001,7.300000190734863,7.309999942779541,24000,7.320000171661377,7.309999942779541,6.00682258605957
10-12-2001,7.282000064849853,7.329999923706055,10500,7.329999923706055,7.309999942779541,6.00682258605957
11-12-2001,7.239999771118164,7.28000020980835,19000,7.306000232696533,7.289999961853027,5.990388870239258
12-12-2001,7.199999809265137,7.260000228881836,15000,7.260000228881836,7.21999979019165,5.932866096496582
13-12-2001,7.199999809265137,7.199999809265137,9500,7.230000019073486,7.210000038146973,5.924649715423584
14-12-2001,7.210000038146973,7.210000038146973,5500,7.25,7.239999771118164,5.9493021965026855
17-12-2001,7.150000095367432,7.230000019073486,41500,7.230000019073486,7.168000221252441,5.89013671875
18-12-2001,7.064000129699707,7.168000221252441,19500,7.168000221252441,7.064000129699707,5.804677486419678
19-12-2001,7.053999900817871,7.084000110626221,37500,7.150000095367432,7.127999782562256,5.857268333435059
20-12-2001,7.139999866485596,7.1479997634887695,5000,7.150000095367432,7.150000095367432,5.875346660614014
21-12-2001,7.130000114440918,7.130000114440918,5000,7.1579999923706055,7.1579999923706055,5.881920337677002
24-12-2001,7.1579999923706055,7.1579999923706055,5000,7.230000019073486,7.230000019073486,5.941085338592529
26-12-2001,7.170000076293945,7.210000038146973,15000,7.230000019073486,7.230000019073486,5.941085338592529
27-12-2001,7.170000076293945,7.210000038146973,6000,7.21999979019165,7.170000076293945,5.891781330108643
28-12-2001,7.170000076293945,7.199999809265137,20500,7.199999809265137,7.182000160217285,5.9016432762146
31-12-2001,7.23199987411499,7.23199987411499,10500,7.360000133514404,7.360000133514404,6.047909259796143
02-01-2002,7.322000026702881,7.329999923706055,7000,7.329999923706055,7.329999923706055,6.023256778717041
03-01-2002,7.300000190734863,7.300000190734863,5500,7.300000190734863,7.300000190734863,5.9986066818237305
04-01-2002,7.320000171661377,7.320000171661377,9000,7.420000076293945,7.420000076293945,6.097212791442871
07-01-2002,7.349999904632568,7.420000076293945,4000,7.420000076293945,7.349999904632568,6.039690971374512
08-01-2002,7.309999942779541,7.329999923706055,5500,7.329999923706055,7.320000171661377,6.015040874481201
09-01-2002,7.309999942779541,7.329999923706055,2500,7.329999923706055,7.329999923706055,6.023256778717041
10-01-2002,7.309999942779541,7.309999942779541,7500,7.329999923706055,7.323999881744385,6.018327713012695
11-01-2002,7.323999881744385,7.323999881744385,3500,7.340000152587891,7.329999923706055,6.023256778717041
14-01-2002,7.303999900817871,7.320000171661377,9500,7.320000171661377,7.303999900817871,6.001891136169434
15-01-2002,7.311999797821045,7.323999881744385,8000,7.343999862670898,7.320000171661377,6.015040874481201
16-01-2002,7.269999980926514,7.300000190734863,4500,7.300000190734863,7.269999980926514,5.973954200744629
17-01-2002,7.239999771118164,7.25,5500,7.260000228881836,7.239999771118164,5.9493021965026855
18-01-2002,7.21999979019165,7.21999979019165,500,7.21999979019165,7.21999979019165,5.932866096496582
22-01-2002,7.159999847412109,7.205999851226807,6500,7.205999851226807,7.179999828338623,5.899998664855957
23-01-2002,7.130000114440918,7.150000095367432,9000,7.150000095367432,7.139999866485596,5.867130279541016
24-01-2002,7.110000133514404,7.119999885559082,7500,7.150000095367432,7.150000095367432,5.875346660614014
25-01-2002,7.199999809265137,7.199999809265137,13500,7.269999980926514,7.269999980926514,5.973954200744629
28-01-2002,7.289999961853027,7.289999961853027,3500,7.300000190734863,7.300000190734863,5.9986066818237305
29-01-2002,7.269999980926514,7.28000020980835,1500,7.28000020980835,7.269999980926514,5.973954200744629
30-01-2002,7.130000114440918,7.25,19500,7.25,7.150000095367432,5.875346660614014
31-01-2002,7.131999969482422,7.139999866485596,3500,7.144000053405762,7.139999866485596,5.867130279541016
01-02-2002,7.130000114440918,7.130000114440918,4000,7.139999866485596,7.139999866485596,5.867130279541016
04-02-2002,7.139999866485596,7.139999866485596,5500,7.139999866485596,7.139999866485596,5.867130279541016
05-02-2002,7.013999938964844,7.139999866485596,44500,7.139999866485596,7.070000171661377,5.809609889984131
06-02-2002,6.980000019073486,7.050000190734863,18500,7.050000190734863,6.980000019073486,5.735653877258301
07-02-2002,6.960000038146973,6.980000019073486,2000,6.980000019073486,6.960000038146973,5.719219207763672
08-02-2002,6.889999866485596,6.920000076293945,19500,6.940000057220459,6.940000057220459,5.702783107757568
11-02-2002,6.960000038146973,6.960000038146973,12500,7.119999885559082,7.119999885559082,5.850695610046387
12-02-2002,7.099999904632568,7.119999885559082,9000,7.139999866485596,7.099999904632568,5.8342604637146
13-02-2002,7.130000114440918,7.130000114440918,7500,7.150000095367432,7.150000095367432,5.875346660614014
14-02-2002,7.130000114440918,7.130000114440918,3500,7.150000095367432,7.150000095367432,5.875346660614014
15-02-2002,7.170000076293945,7.170000076293945,1500,7.170000076293945,7.170000076293945,5.891781330108643
19-02-2002,7.190000057220459,7.190000057220459,11500,7.25,7.25,5.957520961761475
20-02-2002,7.230000019073486,7.230000019073486,1500,7.25,7.25,5.957520961761475
21-02-2002,7.239999771118164,7.257999897003174,6000,7.257999897003174,7.239999771118164,5.9493021965026855
22-02-2002,7.179999828338623,7.21999979019165,10000,7.260000228881836,7.179999828338623,5.899998664855957
25-02-2002,7.150000095367432,7.159999847412109,3000,7.159999847412109,7.15399980545044,5.878632545471191
26-02-2002,7.170000076293945,7.170000076293945,17500,7.239999771118164,7.239999771118164,5.9493021965026855
27-02-2002,7.210000038146973,7.210000038146973,24000,7.300000190734863,7.269999980926514,5.973954200744629
28-02-2002,7.260000228881836,7.269999980926514,8000,7.289999961853027,7.260000228881836,5.965735912322998
01-03-2002,7.28000020980835,7.28000020980835,9500,7.329999923706055,7.329999923706055,6.023256778717041
04-03-2002,7.309999942779541,7.309999942779541,6000,7.349999904632568,7.320000171661377,6.015040874481201
05-03-2002,7.300000190734863,7.340000152587891,20500,7.349999904632568,7.300000190734863,5.9986066818237305
06-03-2002,7.239999771118164,7.239999771118164,9500,7.420000076293945,7.420000076293945,6.1647725105285645
07-03-2002,7.380000114440918,7.400000095367432,15000,7.460000038146973,7.460000038146973,6.198005199432373
08-03-2002,7.484000205993652,7.5,19000,7.579999923706055,7.579999923706055,6.297705173492432
11-03-2002,7.559999942779541,7.619999885559082,31500,7.670000076293945,7.561999797821045,6.282750606536865
12-03-2002,7.579999923706055,7.579999923706055,8500,7.650000095367432,7.630000114440918,6.339248180389404
13-03-2002,7.610000133514404,7.645999908447266,20500,7.645999908447266,7.610000133514404,6.322630405426025
14-03-2002,7.645999908447266,7.645999908447266,10500,7.690000057220459,7.670000076293945,6.372480869293213
15-03-2002,7.510000228881836,7.659999847412109,19500,7.659999847412109,7.510000228881836,6.239547252655029
18-03-2002,7.449999809265137,7.53000020980835,13000,7.550000190734863,7.449999809265137,6.189696788787842
19-03-2002,7.460000038146973,7.5,13500,7.510000228881836,7.460000038146973,6.198005199432373
20-03-2002,7.400000095367432,7.440000057220459,9500,7.440000057220459,7.400000095367432,6.148155689239502
21-03-2002,7.400000095367432,7.400000095367432,2000,7.400000095367432,7.400000095367432,6.148155689239502
22-03-2002,7.400000095367432,7.420000076293945,2000,7.420000076293945,7.400000095367432,6.148155689239502
25-03-2002,7.420000076293945,7.420000076293945,4000,7.460000038146973,7.460000038146973,6.198005199432373
26-03-2002,7.400000095367432,7.440000057220459,6500,7.449999809265137,7.409999847412109,6.156463146209717
27-03-2002,7.449999809265137,7.449999809265137,8500,7.5,7.5,6.231238842010498
28-03-2002,7.599999904632568,7.599999904632568,2000,7.619999885559082,7.619999885559082,6.330939292907715
01-04-2002,7.630000114440918,7.650000095367432,15500,7.670000076293945,7.670000076293945,6.372480869293213
02-04-2002,7.690000057220459,7.690000057220459,9000,7.760000228881836,7.760000228881836,6.44725513458252
03-04-2002,7.679999828338623,7.78000020980835,12500,7.78000020980835,7.679999828338623,6.3807878494262695
04-04-2002,7.639999866485596,7.659999847412109,5500,7.659999847412109,7.639999866485596,6.347555160522461
05-04-2002,7.539999961853027,7.639999866485596,11500,7.639999866485596,7.539999961853027,6.264472007751465
08-04-2002,7.570000171661377,7.570000171661377,10000,7.570000171661377,7.570000171661377,6.289397239685059
09-04-2002,7.550000190734863,7.570000171661377,7000,7.570000171661377,7.550000190734863,6.272780418395996
10-04-2002,7.550000190734863,7.550000190734863,3500,7.570000171661377,7.570000171661377,6.289397239685059
11-04-2002,7.539999961853027,7.579999923706055,12500,7.579999923706055,7.550000190734863,6.272780418395996
12-04-2002,7.504000186920166,7.519999980926514,9000,7.532000064849853,7.504000186920166,6.234562873840332
15-04-2002,7.52400016784668,7.52400016784668,1000,7.52400016784668,7.52400016784668,6.25117826461792
16-04-2002,7.519999980926514,7.52400016784668,2000,7.541999816894531,7.541999816894531,6.266132831573486
17-04-2002,7.541999816894531,7.561999797821045,19500,7.699999809265137,7.699999809265137,6.39740514755249
18-04-2002,7.710000038146973,7.710000038146973,25000,7.880000114440918,7.869999885559082,6.538647174835205
19-04-2002,7.849999904632568,7.900000095367432,102000,7.929999828338623,7.880000114440918,6.546955108642578
22-04-2002,7.699999809265137,7.849999904632568,17000,7.849999904632568,7.728000164031982,6.420668125152588
23-04-2002,7.650000095367432,7.71999979019165,13000,7.75,7.650000095367432,6.355863571166992
24-04-2002,7.650000095367432,7.650000095367432,6000,7.71999979019165,7.699999809265137,6.39740514755249
25-04-2002,7.71999979019165,7.739999771118164,6500,7.800000190734863,7.78000020980835,6.463871955871582
26-04-2002,7.71999979019165,7.739999771118164,16000,7.820000171661377,7.820000171661377,6.497104644775391
29-04-2002,7.800000190734863,7.849999904632568,9000,7.849999904632568,7.800000190734863,6.480488300323486
30-04-2002,7.71999979019165,7.769999980926514,2000,7.769999980926514,7.71999979019165,6.414021968841553
01-05-2002,7.670000076293945,7.699999809265137,5500,7.710000038146973,7.670000076293945,6.372480869293213
02-05-2002,7.619999885559082,7.670000076293945,35000,7.670000076293945,7.650000095367432,6.355863571166992
03-05-2002,7.619999885559082,7.619999885559082,14000,7.650000095367432,7.639999866485596,6.347555160522461
06-05-2002,7.630000114440918,7.630000114440918,12500,7.670000076293945,7.659999847412109,6.364171028137207
07-05-2002,7.659999847412109,7.659999847412109,0,7.659999847412109,7.659999847412109,6.364171028137207
08-05-2002,7.619999885559082,7.644000053405762,6500,7.644000053405762,7.639999866485596,6.347555160522461
09-05-2002,7.639999866485596,7.639999866485596,2000,7.650000095367432,7.650000095367432,6.355863571166992
10-05-2002,7.639999866485596,7.639999866485596,6000,7.670000076293945,7.670000076293945,6.372480869293213
13-05-2002,7.650000095367432,7.650000095367432,3500,7.710000038146973,7.710000038146973,6.40571403503418
14-05-2002,7.739999771118164,7.739999771118164,20000,7.909999847412109,7.889999866485596,6.555263042449951
15-05-2002,7.889999866485596,7.889999866485596,9500,7.989999771118164,7.989999771118164,6.638345718383789
16-05-2002,7.940000057220459,7.940000057220459,41500,8.100000381469727,8.100000381469727,6.729739189147949
17-05-2002,8.100000381469727,8.100000381469727,20000,8.149999618530273,8.119999885559082,6.746354579925537
20-05-2002,8.119999885559082,8.119999885559082,51000,8.4399995803833,8.359999656677246,6.945753574371338
21-05-2002,8.100000381469727,8.279999732971191,70000,8.300000190734863,8.100000381469727,6.729739189147949
22-05-2002,8.109999656677246,8.149999618530273,21000,8.270000457763672,8.260000228881836,6.862671852111816
23-05-2002,8.263999938964844,8.270000457763672,29500,8.5,8.5,7.062072277069092
24-05-2002,8.449999809265137,8.5,7500,8.550000190734863,8.550000190734863,7.103612899780273
28-05-2002,8.470000267028809,8.520000457763672,2500,8.520000457763672,8.5,7.062072277069092
29-05-2002,8.503999710083008,8.550000190734863,9500,8.550000190734863,8.503999710083008,7.06539249420166
30-05-2002,8.359999656677246,8.460000038146973,20000,8.460000038146973,8.359999656677246,6.945753574371338
31-05-2002,8.279999732971191,8.300000190734863,4500,8.300000190734863,8.289999961853027,6.88759708404541
03-06-2002,8.204000473022461,8.3100004196167,5000,8.3100004196167,8.204000473022461,6.8161444664001465
04-06-2002,8.130000114440918,8.130000114440918,11500,8.239999771118164,8.239999771118164,6.846053123474121
05-06-2002,8.199999809265137,8.239999771118164,4500,8.239999771118164,8.199999809265137,6.8128204345703125
06-06-2002,8.0,8.170000076293945,9500,8.1899995803833,8.020000457763672,6.663271427154541
07-06-2002,8.020000457763672,8.020000457763672,5000,8.100000381469727,8.100000381469727,6.729739189147949
10-06-2002,7.980000019073486,8.020000457763672,13000,8.029999732971191,7.980000019073486,6.630038261413574
11-06-2002,7.679999828338623,7.940000057220459,29500,7.940000057220459,7.679999828338623,6.3807878494262695
12-06-2002,7.710000038146973,7.739999771118164,10000,7.769999980926514,7.769999980926514,6.455563068389893
13-06-2002,7.800000190734863,7.800000190734863,3500,7.829999923706055,7.829999923706055,6.505413055419922
14-06-2002,7.75,7.800000190734863,9500,7.849999904632568,7.849999904632568,6.522029876708984
17-06-2002,7.900000095367432,7.900000095367432,1500,7.900000095367432,7.900000095367432,6.563571929931641
18-06-2002,7.889999866485596,7.889999866485596,3500,7.920000076293945,7.920000076293945,6.580188274383545
19-06-2002,7.900000095367432,7.900000095367432,1000,7.940000057220459,7.940000057220459,6.596805095672607
20-06-2002,7.900000095367432,7.909999847412109,11500,7.949999809265137,7.949999809265137,6.6051130294799805
21-06-2002,7.920000076293945,7.920000076293945,3000,7.960000038146973,7.929999828338623,6.588496685028076
24-06-2002,7.800000190734863,7.880000114440918,14500,7.880000114440918,7.800000190734863,6.480488300323486
25-06-2002,7.800000190734863,7.840000152587891,11000,7.860000133514404,7.849999904632568,6.522029876708984
26-06-2002,7.760000228881836,7.800000190734863,7500,7.800000190734863,7.760000228881836,6.44725513458252
27-06-2002,7.800000190734863,7.809999942779541,19500,7.900000095367432,7.900000095367432,6.563571929931641
28-06-2002,7.880000114440918,7.880000114440918,24500,8.15999984741211,8.15999984741211,6.779588222503662
01-07-2002,8.149999618530273,8.15999984741211,4000,8.199999809265137,8.149999618530273,6.771278381347656
02-07-2002,8.050000190734863,8.119999885559082,9000,8.119999885559082,8.100000381469727,6.729739189147949
03-07-2002,7.980000019073486,8.0600004196167,16000,8.097999572753906,7.980000019073486,6.630038261413574
05-07-2002,7.940000057220459,7.960000038146973,6500,8.020000457763672,8.020000457763672,6.663271427154541
08-07-2002,8.039999961853027,8.039999961853027,3000,8.0600004196167,8.0600004196167,6.696504592895508
09-07-2002,8.0,8.0,36500,8.09000015258789,8.029999732971191,6.671580314636231
10-07-2002,8.03600025177002,8.069999694824219,13000,8.170000076293945,8.119999885559082,6.746354579925537
11-07-2002,8.100000381469727,8.100000381469727,10000,8.1899995803833,8.100000381469727,6.729739189147949
12-07-2002,8.039999961853027,8.100000381469727,11000,8.15999984741211,8.039999961853027,6.679887771606445
15-07-2002,7.900000095367432,8.020000457763672,18500,8.020000457763672,7.900000095367432,6.563571929931641
16-07-2002,7.800000190734863,7.860000133514404,7500,7.860000133514404,7.800000190734863,6.480488300323486
17-07-2002,7.71999979019165,7.800000190734863,44500,7.800000190734863,7.71999979019165,6.414021968841553
18-07-2002,7.699999809265137,7.699999809265137,8000,7.769999980926514,7.710000038146973,6.40571403503418
19-07-2002,7.650000095367432,7.650000095367432,7000,7.693999767303467,7.670000076293945,6.372480869293213
22-07-2002,7.480000019073486,7.619999885559082,27500,7.619999885559082,7.480000019073486,6.214621543884277
23-07-2002,7.400000095367432,7.46999979019165,69000,7.47599983215332,7.400000095367432,6.148155689239502
24-07-2002,7.25,7.349999904632568,13500,7.349999904632568,7.260000228881836,6.031839370727539
25-07-2002,7.251999855041504,7.251999855041504,20500,7.429999828338623,7.429999828338623,6.1730804443359375
26-07-2002,7.400000095367432,7.400000095367432,1000,7.400000095367432,7.400000095367432,6.148155689239502
29-07-2002,7.340000152587891,7.380000114440918,2000,7.380000114440918,7.360000133514404,6.114922523498535
30-07-2002,7.340000152587891,7.400000095367432,17000,7.400000095367432,7.348000049591064,6.104953289031982
31-07-2002,7.380000114440918,7.380000114440918,10000,7.460000038146973,7.460000038146973,6.198005199432373
01-08-2002,7.420000076293945,7.440000057220459,4000,7.455999851226807,7.420000076293945,6.1647725105285645
02-08-2002,7.400000095367432,7.400000095367432,1500,7.400000095367432,7.400000095367432,6.148155689239502
05-08-2002,7.360000133514404,7.380000114440918,19500,7.380000114440918,7.380000114440918,6.131538391113281
06-08-2002,7.349999904632568,7.349999904632568,14500,7.400000095367432,7.389999866485596,6.139846324920654
07-08-2002,7.389999866485596,7.389999866485596,1500,7.389999866485596,7.389999866485596,6.139846324920654
08-08-2002,7.389999866485596,7.389999866485596,2000,7.389999866485596,7.389999866485596,6.139846324920654
09-08-2002,7.349999904632568,7.349999904632568,14000,7.409999847412109,7.400000095367432,6.148155689239502
12-08-2002,7.389999866485596,7.400000095367432,5500,7.400000095367432,7.400000095367432,6.148155689239502
13-08-2002,7.401999950408935,7.401999950408935,5500,7.46999979019165,7.46999979019165,6.206313610076904
14-08-2002,7.519999980926514,7.519999980926514,5500,7.599999904632568,7.590000152587891,6.306012630462647
15-08-2002,7.639999866485596,7.639999866485596,20500,7.820000171661377,7.800000190734863,6.480488300323486
16-08-2002,7.800000190734863,7.800000190734863,11000,7.880000114440918,7.809999942779541,6.488796234130859
19-08-2002,7.800000190734863,7.849999904632568,5500,7.900000095367432,7.800000190734863,6.480488300323486
20-08-2002,7.77400016784668,7.800000190734863,2000,7.800000190734863,7.77400016784668,6.458887100219727
21-08-2002,7.71999979019165,7.71999979019165,3500,7.820000171661377,7.820000171661377,6.497104644775391
22-08-2002,7.820000171661377,7.820000171661377,36000,8.100000381469727,8.100000381469727,6.729739189147949
23-08-2002,8.039999961853027,8.050000190734863,10500,8.050000190734863,8.039999961853027,6.679887771606445
26-08-2002,8.0,8.0,2000,8.0,8.0,6.64665412902832
27-08-2002,7.949999809265137,7.964000225067139,3000,7.964000225067139,7.949999809265137,6.6051130294799805
28-08-2002,7.809999942779541,7.900000095367432,17500,7.900000095367432,7.820000171661377,6.497104644775391
29-08-2002,7.739999771118164,7.769999980926514,2000,7.771999835968018,7.739999771118164,6.430637836456299
30-08-2002,7.699999809265137,7.710000038146973,8500,7.78000020980835,7.78000020980835,6.463871955871582
03-09-2002,7.71999979019165,7.78000020980835,6000,7.78000020980835,7.769999980926514,6.455563068389893
04-09-2002,7.659999847412109,7.739999771118164,12000,7.800000190734863,7.800000190734863,6.480488300323486
05-09-2002,7.730000019073486,7.75,6000,7.751999855041504,7.739999771118164,6.430637836456299
06-09-2002,7.699999809265137,7.699999809265137,13500,7.900000095367432,7.880000114440918,6.546955108642578
09-09-2002,7.889999866485596,7.920000076293945,3000,7.920000076293945,7.889999866485596,6.555263042449951
10-09-2002,7.820000171661377,7.889999866485596,13000,7.889999866485596,7.820000171661377,6.497104644775391
11-09-2002,7.820000171661377,7.820000171661377,0,7.820000171661377,7.820000171661377,6.497104644775391
12-09-2002,7.840000152587891,7.840000152587891,11500,7.900000095367432,7.880000114440918,6.546955108642578
13-09-2002,7.880000114440918,7.880000114440918,4500,7.978000164031982,7.949999809265137,6.6051130294799805
16-09-2002,7.960000038146973,7.960000038146973,7000,8.039999961853027,8.010000228881836,6.654963493347168
17-09-2002,7.960000038146973,8.0,9500,8.029999732971191,7.960000038146973,6.61342191696167
18-09-2002,7.760000228881836,7.920000076293945,9500,7.920000076293945,7.800000190734863,6.480488300323486
19-09-2002,7.797999858856201,7.800000190734863,7500,7.802000045776367,7.800000190734863,6.480488300323486
20-09-2002,7.769999980926514,7.769999980926514,6500,7.769999980926514,7.769999980926514,6.455563068389893
23-09-2002,7.769999980926514,7.769999980926514,0,7.769999980926514,7.769999980926514,6.455563068389893
24-09-2002,7.736000061035156,7.736000061035156,9500,7.769999980926514,7.75,6.43894624710083
25-09-2002,7.71999979019165,7.71999979019165,19500,7.75,7.75,6.43894624710083
26-09-2002,7.699999809265137,7.699999809265137,16500,7.75,7.730000019073486,6.422329425811768
27-09-2002,7.710000038146973,7.754000186920166,2000,7.754000186920166,7.710000038146973,6.40571403503418
30-09-2002,7.710000038146973,7.71999979019165,5000,7.72599983215332,7.72599983215332,6.419007301330566
01-10-2002,7.71999979019165,7.71999979019165,1500,7.760000228881836,7.760000228881836,6.44725513458252
02-10-2002,7.730000019073486,7.730000019073486,22000,7.840000152587891,7.840000152587891,6.513721466064453
03-10-2002,7.880000114440918,7.880000114440918,17000,8.0600004196167,8.0600004196167,6.696504592895508
04-10-2002,7.980000019073486,8.029999732971191,31000,8.130000114440918,8.09000015258789,6.721429824829102
07-10-2002,8.095999717712402,8.105999946594238,12000,8.15999984741211,8.095999717712402,6.726412773132324
08-10-2002,7.900000095367432,8.0600004196167,44000,8.0600004196167,8.029999732971191,6.671580314636231
09-10-2002,7.929999828338623,7.980000019073486,10500,7.980000019073486,7.929999828338623,6.588496685028076
10-10-2002,7.760000228881836,7.900000095367432,16000,7.900000095367432,7.760000228881836,6.44725513458252
11-10-2002,7.78000020980835,7.800000190734863,1000,7.800000190734863,7.78000020980835,6.463871955871582
14-10-2002,7.739999771118164,7.760000228881836,7500,7.760000228881836,7.739999771118164,6.430637836456299
15-10-2002,7.78000020980835,7.78000020980835,5000,7.820000171661377,7.789999961853027,6.472178936004639
16-10-2002,7.78000020980835,7.78000020980835,6500,7.829999923706055,7.820000171661377,6.497104644775391
17-10-2002,7.869999885559082,7.869999885559082,18500,7.940000057220459,7.901999950408935,6.565231800079346
18-10-2002,7.75,7.900000095367432,29500,7.940000057220459,7.800000190734863,6.480488300323486
21-10-2002,7.840000152587891,7.840000152587891,1000,7.8520002365112305,7.8520002365112305,6.523691654205322
22-10-2002,7.849999904632568,7.849999904632568,1000,7.849999904632568,7.849999904632568,6.522029876708984
23-10-2002,7.889999866485596,7.889999866485596,1500,7.889999866485596,7.889999866485596,6.555263042449951
24-10-2002,7.920000076293945,7.929999828338623,3500,7.929999828338623,7.920000076293945,6.580188274383545
25-10-2002,7.920000076293945,7.920000076293945,500,7.920000076293945,7.920000076293945,6.580188274383545
28-10-2002,7.889999866485596,7.900000095367432,3500,7.900000095367432,7.889999866485596,6.555263042449951
29-10-2002,7.869999885559082,7.880000114440918,1500,7.889999866485596,7.869999885559082,6.538647174835205
30-10-2002,7.874000072479248,7.874000072479248,1000,7.874000072479248,7.874000072479248,6.541970252990723
31-10-2002,7.909999847412109,7.909999847412109,9000,8.0,7.960000038146973,6.61342191696167
01-11-2002,7.960000038146973,7.960000038146973,13500,8.0,8.0,6.64665412902832
04-11-2002,7.960000038146973,7.989999771118164,17500,8.071999549865723,8.039999961853027,6.679887771606445
05-11-2002,7.980000019073486,8.0,37500,8.071999549865723,8.071999549865723,6.706474304199219
06-11-2002,8.140000343322754,8.140000343322754,38500,8.449999809265137,8.390000343322754,6.970678806304932
07-11-2002,8.380000114440918,8.399999618530273,18500,8.458000183105469,8.381999969482422,6.964031219482422
08-11-2002,8.420000076293945,8.420000076293945,18500,8.550000190734863,8.42199993133545,6.99726676940918
11-11-2002,8.229999542236328,8.390000343322754,29000,8.390000343322754,8.229999542236328,6.837743759155273
12-11-2002,8.140000343322754,8.192000389099121,9000,8.192000389099121,8.140000343322754,6.762970447540283
13-11-2002,8.039999961853027,8.109999656677246,11000,8.140000343322754,8.039999961853027,6.679887771606445
14-11-2002,8.0,8.0,12500,8.119999885559082,8.079999923706055,6.713120937347412
15-11-2002,8.020000457763672,8.0600004196167,4000,8.0600004196167,8.020000457763672,6.663271427154541
18-11-2002,8.0600004196167,8.0600004196167,10500,8.180000305175781,8.119999885559082,6.746354579925537
19-11-2002,8.079999923706055,8.079999923706055,2000,8.119999885559082,8.119999885559082,6.746354579925537
20-11-2002,8.09000015258789,8.09000015258789,8500,8.170000076293945,8.170000076293945,6.787895679473877
21-11-2002,8.140000343322754,8.140000343322754,11500,8.319999694824219,8.300000190734863,6.89590311050415
22-11-2002,8.220000267028809,8.319999694824219,5000,8.319999694824219,8.220000267028809,6.829439640045166
25-11-2002,8.130000114440918,8.170000076293945,14500,8.170000076293945,8.149999618530273,6.771278381347656
26-11-2002,8.196000099182129,8.196000099182129,5000,8.197999954223633,8.197999954223633,6.811158180236816
27-11-2002,8.140000343322754,8.170000076293945,3000,8.170000076293945,8.140000343322754,6.762970447540283
29-11-2002,8.131999969482422,8.140000343322754,2500,8.140000343322754,8.131999969482422,6.756324291229248
02-12-2002,8.131999969482422,8.131999969482422,1000,8.131999969482422,8.131999969482422,6.756324291229248
03-12-2002,8.109999656677246,8.109999656677246,2500,8.128000259399414,8.128000259399414,6.7530012130737305
04-12-2002,8.010000228881836,8.09000015258789,19000,8.100000381469727,8.038000106811523,6.678225040435791
05-12-2002,7.96999979019165,7.98799991607666,18000,7.989999771118164,7.980000019073486,6.630038261413574
06-12-2002,7.960000038146973,7.960000038146973,26500,8.119999885559082,8.119999885559082,6.746354579925537
09-12-2002,8.0600004196167,8.140000343322754,15000,8.140000343322754,8.0600004196167,6.696504592895508
10-12-2002,8.0,8.020000457763672,7500,8.020000457763672,8.0,6.64665412902832
11-12-2002,7.980000019073486,7.980000019073486,21500,8.050000190734863,8.050000190734863,6.688196659088135
12-12-2002,8.050000190734863,8.079999923706055,28000,8.109999656677246,8.0600004196167,6.696504592895508
13-12-2002,8.031999588012695,8.039999961853027,17500,8.039999961853027,8.034000396728516,6.6749043464660645
16-12-2002,8.0,8.0,12000,8.050000190734863,8.022000312805176,6.664933681488037
17-12-2002,8.013999938964844,8.022000312805176,17000,8.0600004196167,8.041999816894531,6.681549549102783
18-12-2002,8.065999984741211,8.069999694824219,9500,8.09000015258789,8.065999984741211,6.701488494873047
19-12-2002,8.020000457763672,8.039999961853027,4500,8.0600004196167,8.0600004196167,6.696504592895508
20-12-2002,8.086000442504883,8.09000015258789,3000,8.09000015258789,8.086000442504883,6.718106269836426
23-12-2002,8.086000442504883,8.086000442504883,5000,8.121999740600586,8.121999740600586,6.748015880584717
24-12-2002,8.100000381469727,8.100000381469727,2000,8.119999885559082,8.119999885559082,6.746354579925537
26-12-2002,8.081999778747559,8.100000381469727,24500,8.118000030517578,8.100000381469727,6.729739189147949
27-12-2002,8.069999694824219,8.079999923706055,5500,8.100000381469727,8.09000015258789,6.721429824829102
30-12-2002,8.0600004196167,8.0600004196167,11000,8.137999534606934,8.137999534606934,6.761308193206787
31-12-2002,8.140000343322754,8.156000137329102,4000,8.180000305175781,8.140000343322754,6.762970447540283
02-01-2003,8.100000381469727,8.133999824523926,9000,8.14799976348877,8.131999969482422,6.756324291229248
03-01-2003,8.112000465393066,8.152000427246094,25500,8.279999732971191,8.210000038146973,6.821128845214844
06-01-2003,8.204000473022461,8.229999542236328,33000,8.300000190734863,8.288000106811523,6.885935783386231
07-01-2003,8.229999542236328,8.260000228881836,8500,8.260000228881836,8.229999542236328,6.837743759155273
08-01-2003,8.25,8.25,13000,8.255999565124512,8.251999855041504,6.856022834777832
09-01-2003,8.229999542236328,8.229999542236328,8500,8.32800006866455,8.32800006866455,6.919168472290039
10-01-2003,8.312000274658203,8.312000274658203,21000,8.420000076293945,8.39799976348877,6.9773268699646
13-01-2003,8.420000076293945,8.430000305175781,38000,8.600000381469727,8.571999549865723,7.121888637542725
14-01-2003,8.593999862670898,8.593999862670898,18000,8.788000106811523,8.744000434875488,7.264792919158935
15-01-2003,8.744000434875488,8.779999732971191,9500,8.79800033569336,8.744000434875488,7.264792919158935
16-01-2003,8.720000267028809,8.720000267028809,3500,8.729999542236328,8.720000267028809,7.244852542877197
17-01-2003,8.718000411987305,8.718000411987305,5500,8.75,8.739999771118164,7.261470794677734
21-01-2003,8.715999603271484,8.715999603271484,11000,8.772000312805176,8.739999771118164,7.261470794677734
22-01-2003,8.704000473022461,8.710000038146973,14000,8.84000015258789,8.84000015258789,7.344552993774414
23-01-2003,8.829999923706055,8.850000381469727,19500,8.899999618530273,8.869999885559082,7.369479656219482
24-01-2003,8.829999923706055,8.829999923706055,24500,8.862000465393066,8.833999633789062,7.339569091796875
27-01-2003,8.829999923706055,8.859999656677246,18500,8.947999954223633,8.911999702453613,7.404372215270996
28-01-2003,8.829999923706055,8.899999618530273,27000,8.899999618530273,8.829999923706055,7.336246967315674
29-01-2003,8.710000038146973,8.807999610900879,23000,8.807999610900879,8.73799991607666,7.259808540344238
30-01-2003,8.619999885559082,8.718000411987305,18000,8.718000411987305,8.619999885559082,7.161771297454834
31-01-2003,8.600000381469727,8.61400032043457,3500,8.630000114440918,8.600000381469727,7.145153999328613
03-02-2003,8.60200023651123,8.60200023651123,5500,8.618000030517578,8.618000030517578,7.160107612609863
04-02-2003,8.618000030517578,8.618000030517578,2000,8.656000137329102,8.654000282287598,7.190019130706787
05-02-2003,8.680000305175781,8.680000305175781,3500,8.779999732971191,8.779999732971191,7.294703483581543
06-02-2003,8.800000190734863,8.800000190734863,16000,8.850000381469727,8.803999900817871,7.314644336700439
07-02-2003,8.803999900817871,8.805999755859375,15500,8.819999694824219,8.819999694824219,7.327935218811035
10-02-2003,8.819999694824219,8.829999923706055,48000,8.854000091552734,8.850000381469727,7.352860927581787
11-02-2003,8.805999755859375,8.819999694824219,13000,8.829999923706055,8.829999923706055,7.336246967315674
12-02-2003,8.824000358581543,8.850000381469727,32000,8.970000267028809,8.970000267028809,7.452561378479004
13-02-2003,8.803999900817871,8.944000244140625,36500,8.944000244140625,8.803999900817871,7.314644336700439
14-02-2003,8.800000190734863,8.800000190734863,21000,8.819999694824219,8.800000190734863,7.311321258544922
18-02-2003,8.800000190734863,8.800000190734863,5000,8.807999610900879,8.807999610900879,7.317967891693115
19-02-2003,8.789999961853027,8.805999755859375,10000,8.805999755859375,8.789999961853027,7.303013324737549
20-02-2003,8.720000267028809,8.770000457763672,15000,8.789999961853027,8.720000267028809,7.244852542877197
21-02-2003,8.748000144958496,8.748000144958496,7000,8.8100004196167,8.8100004196167,7.319628715515137
24-02-2003,8.84000015258789,8.84000015258789,27500,9.0,8.949999809265137,7.435945987701416
25-02-2003,8.949999809265137,8.970000267028809,43500,9.18000030517578,8.949999809265137,7.435945987701416
26-02-2003,8.90999984741211,8.958000183105469,19000,8.960000038146973,8.90999984741211,7.402711391448975
27-02-2003,8.887999534606934,8.911999702453613,16500,8.911999702453613,8.90999984741211,7.402711391448975
28-02-2003,8.90999984741211,8.911999702453613,5500,8.920000076293945,8.920000076293945,7.411020755767822
03-03-2003,8.920000076293945,8.9399995803833,17000,9.0,8.935999870300293,7.42431116104126
04-03-2003,8.90999984741211,8.9399995803833,10000,8.9399995803833,8.920000076293945,7.411020755767822
05-03-2003,8.850000381469727,8.850000381469727,6000,8.970000267028809,8.970000267028809,7.520005226135254
06-03-2003,8.899999618530273,8.970000267028809,17500,8.970000267028809,8.899999618530273,7.461320400238037
07-03-2003,8.880000114440918,8.880000114440918,2500,8.90999984741211,8.90999984741211,7.4697041511535645
10-03-2003,8.899999618530273,8.920000076293945,11000,8.920000076293945,8.899999618530273,7.461320400238037
11-03-2003,8.859999656677246,8.90999984741211,23500,8.90999984741211,8.859999656677246,7.4277849197387695
12-03-2003,8.729999542236328,8.850000381469727,29000,8.850000381469727,8.729999542236328,7.318800926208496
13-03-2003,8.619999885559082,8.710000038146973,46500,8.710000038146973,8.619999885559082,7.226583003997803
14-03-2003,8.60200023651123,8.619999885559082,3000,8.619999885559082,8.60200023651123,7.211494445800781
17-03-2003,8.569999694824219,8.609999656677246,14000,8.619999885559082,8.569999694824219,7.184664726257324
18-03-2003,8.520000457763672,8.550000190734863,15000,8.569999694824219,8.539999961853027,7.159513473510742
19-03-2003,8.539999961853027,8.539999961853027,19500,8.670000076293945,8.670000076293945,7.268501758575439
20-03-2003,8.699999809265137,8.699999809265137,6000,8.789999961853027,8.789999961853027,7.369102954864502
21-03-2003,8.720000267028809,8.770000457763672,17000,8.77400016784668,8.720000267028809,7.31041669845581
24-03-2003,8.680000305175781,8.720000267028809,10500,8.722000122070312,8.680000305175781,7.276882648468018
25-03-2003,8.652000427246094,8.65999984741211,3500,8.65999984741211,8.652000427246094,7.253410339355469
26-03-2003,8.607999801635742,8.621999740600586,6500,8.640000343322754,8.619999885559082,7.226583003997803
27-03-2003,8.62399959564209,8.62399959564209,500,8.62399959564209,8.62399959564209,7.229935646057129
28-03-2003,8.600000381469727,8.64799976348877,3500,8.64799976348877,8.600000381469727,7.209816932678223
31-03-2003,8.597999572753906,8.600000381469727,10000,8.6899995803833,8.6899995803833,7.285266876220703
01-04-2003,8.640000343322754,8.640000343322754,14500,8.760000228881836,8.760000228881836,7.343955039978027
02-04-2003,8.789999961853027,8.789999961853027,21000,8.899999618530273,8.899999618530273,7.461320400238037
03-04-2003,8.90999984741211,8.90999984741211,43500,9.199999809265137,9.140000343322754,7.662525177001953
04-04-2003,9.116000175476074,9.119999885559082,17500,9.14799976348877,9.116000175476074,7.642407417297363
07-04-2003,9.0600004196167,9.10200023651123,18500,9.109999656677246,9.105999946594238,7.634020328521728
08-04-2003,9.128000259399414,9.128000259399414,4000,9.152000427246094,9.140000343322754,7.662525177001953
09-04-2003,9.170000076293944,9.170000076293944,51500,9.338000297546388,9.338000297546388,7.828518867492676
10-04-2003,9.25,9.34000015258789,52500,9.369999885559082,9.312000274658203,7.80672025680542
11-04-2003,9.279999732971191,9.291999816894531,14500,9.300000190734863,9.284000396728516,7.783247470855713
14-04-2003,9.25,9.289999961853027,14500,9.326000213623049,9.326000213623049,7.81845760345459
15-04-2003,9.305999755859377,9.326000213623049,14500,9.336000442504885,9.336000442504885,7.826841831207275
16-04-2003,9.336000442504885,9.336000442504885,21500,9.394000053405762,9.342000007629396,7.831873416900635
17-04-2003,9.333999633789062,9.342000007629396,10000,9.343999862670898,9.34000015258789,7.830197334289551
21-04-2003,9.359999656677246,9.359999656677246,4500,9.387999534606934,9.366000175476074,7.851993560791016
22-04-2003,9.369999885559082,9.369999885559082,9000,9.411999702453612,9.392000198364258,7.87378978729248
23-04-2003,9.40999984741211,9.40999984741211,13500,9.449999809265137,9.449999809265137,7.922412872314453
24-04-2003,9.420000076293944,9.46399974822998,15500,9.48799991607666,9.420000076293944,7.897263050079346
25-04-2003,9.404000282287598,9.404000282287598,12000,9.494000434875488,9.489999771118164,7.955948352813721
28-04-2003,9.510000228881836,9.510000228881836,17000,9.736000061035156,9.736000061035156,8.162178993225098
29-04-2003,9.776000022888184,9.776000022888184,25000,9.880000114440918,9.836000442504885,8.246016502380371
30-04-2003,9.800000190734863,9.800000190734863,16000,9.84000015258789,9.81999969482422,8.2326021194458
01-05-2003,9.770000457763672,9.789999961853027,20000,9.789999961853027,9.779999732971191,8.199068069458008
02-05-2003,9.630000114440918,9.729999542236328,45000,9.729999542236328,9.631999969482422,8.074993133544922
05-05-2003,9.600000381469728,9.618000030517578,8000,9.619999885559082,9.619999885559082,8.064934730529785
06-05-2003,9.640000343322754,9.640000343322754,7000,9.81999969482422,9.779999732971191,8.199068069458008
07-05-2003,9.75,9.75,12000,9.899999618530272,9.842000007629396,8.251047134399414
08-05-2003,9.815999984741213,9.815999984741213,13500,9.890000343322754,9.824000358581545,8.235958099365234
09-05-2003,9.65999984741211,9.789999961853027,34500,9.789999961853027,9.75,8.173918724060059
12-05-2003,9.77400016784668,9.779999732971191,37000,9.890000343322754,9.84000015258789,8.249369621276855
13-05-2003,9.866000175476074,9.866000175476074,21000,9.949999809265137,9.890000343322754,8.29128646850586
14-05-2003,9.890000343322754,9.899999618530272,45000,10.0,9.998000144958496,8.381831169128418
15-05-2003,9.970000267028809,9.979999542236328,14500,10.0,9.989999771118164,8.375121116638184
16-05-2003,9.9399995803833,9.960000038146973,21000,9.977999687194824,9.977999687194824,8.36506175994873
19-05-2003,9.9399995803833,9.95400047302246,8500,9.95400047302246,9.9399995803833,8.333206176757812
20-05-2003,9.920000076293944,9.960000038146973,30000,10.08199977874756,10.027999877929688,8.406978607177734
21-05-2003,10.010000228881836,10.0600004196167,21000,10.067999839782717,10.050000190734863,8.425424575805664
22-05-2003,10.043999671936035,10.050000190734863,15500,10.050000190734863,10.043999671936035,8.420392036437988
23-05-2003,10.043999671936035,10.043999671936035,2000,10.043999671936035,10.043999671936035,8.420392036437988
27-05-2003,10.010000228881836,10.050000190734863,24500,10.06999969482422,10.039999961853027,8.41703987121582
28-05-2003,10.065999984741213,10.09000015258789,8000,10.119999885559082,10.119999885559082,8.484107971191406
29-05-2003,10.039999961853027,10.09000015258789,4500,10.09000015258789,10.041999816894531,8.418717384338379
30-05-2003,9.96399974822998,10.020000457763672,5500,10.020000457763672,9.96399974822998,8.353325843811035
02-06-2003,9.968000411987305,9.979999542236328,7500,10.0,10.0,8.383505821228027
03-06-2003,9.970000267028809,10.0,10000,10.0,9.998000144958496,8.381831169128418
04-06-2003,9.965999603271484,9.965999603271484,12500,10.079999923706056,10.079999923706056,8.450573921203613
05-06-2003,10.020000457763672,10.039999961853027,15000,10.25,10.199999809265137,8.551178932189941
06-06-2003,10.149999618530272,10.15999984741211,11500,10.220000267028809,10.199999809265137,8.551178932189941
09-06-2003,10.208000183105469,10.208000183105469,4500,10.220000267028809,10.208000183105469,8.557884216308594
10-06-2003,10.1899995803833,10.218000411987305,10000,10.218000411987305,10.1899995803833,8.542795181274414
11-06-2003,10.144000053405762,10.15999984741211,9500,10.175999641418455,10.175999641418455,8.531054496765137
12-06-2003,10.170000076293944,10.170000076293944,17000,10.220000267028809,10.17199993133545,8.527705192565918
13-06-2003,10.119999885559082,10.163999557495115,12000,10.163999557495115,10.119999885559082,8.484107971191406
16-06-2003,10.062000274658203,10.09000015258789,10500,10.100000381469728,10.079999923706056,8.450573921203613
17-06-2003,10.020000457763672,10.055999755859377,14500,10.062000274658203,10.020000457763672,8.400274276733398
18-06-2003,9.93000030517578,9.989999771118164,36500,10.0,9.958000183105469,8.348296165466309
19-06-2003,9.93000030517578,9.937999725341797,5500,9.94200038909912,9.93000030517578,8.324822425842285
20-06-2003,9.859999656677246,9.90999984741211,26000,9.91800022125244,9.859999656677246,8.26613712310791
23-06-2003,9.800000190734863,9.821999549865724,9000,9.824000358581545,9.8100004196167,8.224221229553223
24-06-2003,9.800000190734863,9.81999969482422,13000,9.81999969482422,9.80799961090088,8.222542762756348
25-06-2003,9.802000045776367,9.802000045776367,9000,9.890000343322754,9.859999656677246,8.26613712310791
26-06-2003,9.723999977111816,9.859999656677246,114500,9.859999656677246,9.739999771118164,8.165536880493164
27-06-2003,9.699999809265137,9.699999809265137,8500,9.79599952697754,9.79599952697754,8.212481498718262
30-06-2003,9.34000015258789,9.815999984741213,121500,9.84000015258789,9.34000015258789,7.830197334289551
01-07-2003,9.359999656677246,9.369999885559082,26500,9.449999809265137,9.4399995803833,7.914028644561768
02-07-2003,9.460000038146973,9.460000038146973,17000,9.670000076293944,9.670000076293944,8.106849670410156
03-07-2003,9.670000076293944,9.670000076293944,6500,9.739999771118164,9.739999771118164,8.165536880493164
07-07-2003,9.70199966430664,9.70199966430664,20000,9.9399995803833,9.899999618530272,8.299671173095703
08-07-2003,9.887999534606934,9.920000076293944,15000,9.9399995803833,9.890000343322754,8.29128646850586
09-07-2003,9.859999656677246,9.859999656677246,7000,9.899999618530272,9.880000114440918,8.282905578613281
10-07-2003,9.871999740600586,9.899999618530272,14000,9.899999618530272,9.871999740600586,8.27619743347168
11-07-2003,9.869999885559082,9.869999885559082,7500,9.899999618530272,9.899999618530272,8.299671173095703
14-07-2003,9.899999618530272,9.920000076293944,1000,9.920000076293944,9.899999618530272,8.299671173095703
15-07-2003,9.859999656677246,9.869999885559082,20500,9.871999740600586,9.859999656677246,8.26613712310791
16-07-2003,9.859999656677246,9.862000465393066,7000,9.880000114440918,9.859999656677246,8.26613712310791
17-07-2003,9.800000190734863,9.829999923706056,6000,9.829999923706056,9.800000190734863,8.215837478637695
18-07-2003,9.520000457763672,9.760000228881836,35000,9.760000228881836,9.520000457763672,7.981102466583252
21-07-2003,9.550000190734863,9.56999969482422,11000,9.579999923706056,9.5600004196167,8.014631271362305
22-07-2003,9.562000274658203,9.562000274658203,9000,9.597999572753906,9.58199977874756,8.033077239990234
23-07-2003,9.5600004196167,9.600000381469728,3500,9.600000381469728,9.5600004196167,8.014631271362305
24-07-2003,9.5,9.539999961853027,11500,9.539999961853027,9.501999855041504,7.966008186340332
25-07-2003,9.461999893188477,9.482000350952148,4500,9.508000373840332,9.461999893188477,7.932473659515381
28-07-2003,9.411999702453612,9.411999702453612,15500,9.460000038146973,9.42199993133545,7.898939609527588
29-07-2003,9.380000114440918,9.40999984741211,7500,9.458000183105469,9.458000183105469,7.929120063781738
30-07-2003,9.45400047302246,9.460000038146973,4500,9.460000038146973,9.458000183105469,7.929120063781738
31-07-2003,9.46399974822998,9.46399974822998,7500,9.5600004196167,9.526000022888184,7.986131191253662
01-08-2003,9.505999565124512,9.54599952697754,4000,9.54599952697754,9.505999565124512,7.9693603515625
04-08-2003,9.489999771118164,9.489999771118164,6500,9.579999923706056,9.543999671936035,8.00121784210205
05-08-2003,9.564000129699709,9.564000129699709,2500,9.640000343322754,9.640000343322754,8.081700325012207
06-08-2003,9.605999946594238,9.619999885559082,22000,9.65999984741211,9.619999885559082,8.064934730529785
07-08-2003,9.657999992370604,9.657999992370604,4000,9.699999809265137,9.699999809265137,8.131999969482422
08-08-2003,9.720000267028809,9.720000267028809,9000,9.779999732971191,9.779999732971191,8.199068069458008
11-08-2003,9.789999961853027,9.800000190734863,7000,9.800000190734863,9.789999961853027,8.207450866699219
12-08-2003,9.800000190734863,9.800000190734863,6000,9.890000343322754,9.890000343322754,8.29128646850586
13-08-2003,9.892000198364258,9.899999618530272,4000,9.920000076293944,9.920000076293944,8.316437721252441
14-08-2003,9.890000343322754,9.890000343322754,14000,10.0,9.949999809265137,8.34158992767334
15-08-2003,9.949999809265137,9.949999809265137,4500,9.949999809265137,9.949999809265137,8.34158992767334
18-08-2003,9.949999809265137,9.970000267028809,11500,10.017999649047852,10.0,8.383505821228027
19-08-2003,10.020000457763672,10.050000190734863,8000,10.0600004196167,10.050000190734863,8.425424575805664
20-08-2003,10.038000106811523,10.067999839782717,63000,10.088000297546388,10.088000297546388,8.457284927368164
21-08-2003,10.06999969482422,10.100000381469728,24000,10.100000381469728,10.079999923706056,8.450573921203613
22-08-2003,10.038000106811523,10.038000106811523,3500,10.052000045776367,10.052000045776367,8.48603343963623
25-08-2003,10.029999732971191,10.050000190734863,16000,10.050000190734863,10.039999961853027,8.47590160369873
26-08-2003,10.0600004196167,10.06999969482422,5000,10.079999923706056,10.079999923706056,8.509668350219727
27-08-2003,10.050000190734863,10.050000190734863,2000,10.079999923706056,10.079999923706056,8.509668350219727
28-08-2003,10.020000457763672,10.050000190734863,7000,10.06999969482422,10.06999969482422,8.501227378845215
29-08-2003,10.09000015258789,10.09000015258789,10000,10.13599967956543,10.100000381469728,8.526554107666016
02-09-2003,10.020000457763672,10.118000030517578,39500,10.118000030517578,10.020000457763672,8.459016799926758
03-09-2003,10.01200008392334,10.01200008392334,6000,10.020000457763672,10.020000457763672,8.459016799926758
04-09-2003,10.020000457763672,10.020000457763672,7500,10.031999588012695,10.031999588012695,8.469145774841309
05-09-2003,10.039999961853027,10.039999961853027,9500,10.0600004196167,10.0600004196167,8.492786407470703
08-09-2003,10.0600004196167,10.0600004196167,3500,10.0600004196167,10.0600004196167,8.492786407470703
09-09-2003,10.050000190734863,10.050000190734863,2000,10.052000045776367,10.050000190734863,8.484343528747559
10-09-2003,10.020000457763672,10.052000045776367,2000,10.052000045776367,10.020000457763672,8.459016799926758
11-09-2003,10.029999732971191,10.029999732971191,4000,10.050000190734863,10.050000190734863,8.484343528747559
12-09-2003,10.0,10.050000190734863,8500,10.050000190734863,10.0,8.442131996154785
15-09-2003,10.0,10.0,0,10.0,10.0,8.442131996154785
16-09-2003,10.020000457763672,10.020000457763672,13000,10.15999984741211,10.15999984741211,8.577205657958984
17-09-2003,10.119999885559082,10.15999984741211,37000,10.270000457763672,10.270000457763672,8.67007064819336
18-09-2003,10.25,10.270000457763672,3500,10.270000457763672,10.270000457763672,8.67007064819336
19-09-2003,10.239999771118164,10.270000457763672,18000,10.329999923706056,10.329999923706056,8.720723152160645
22-09-2003,10.25,10.289999961853027,10000,10.289999961853027,10.25,8.653183937072754
23-09-2003,10.270000457763672,10.270000457763672,2000,10.289999961853027,10.272000312805176,8.671759605407715
24-09-2003,10.279999732971191,10.279999732971191,7500,10.291999816894531,10.279999732971191,8.678512573242188
25-09-2003,10.270000457763672,10.279999732971191,3000,10.279999732971191,10.270000457763672,8.67007064819336
26-09-2003,10.239999771118164,10.288000106811523,6500,10.289999961853027,10.239999771118164,8.644742965698242
29-09-2003,10.039999961853027,10.232000350952148,34000,10.232000350952148,10.039999961853027,8.47590160369873
30-09-2003,10.02400016784668,10.050000190734863,17500,10.079999923706056,10.079999923706056,8.509668350219727
01-10-2003,10.062000274658203,10.062000274658203,20000,10.236000061035156,10.236000061035156,8.64136791229248
02-10-2003,10.229999542236328,10.229999542236328,34000,10.279999732971191,10.279999732971191,8.678512573242188
03-10-2003,10.239999771118164,10.279999732971191,27500,10.446000099182127,10.40999984741211,8.788261413574219
06-10-2003,10.432000160217283,10.4399995803833,5500,10.465999603271484,10.434000015258787,8.808521270751953
07-10-2003,10.460000038146973,10.460000038146973,7000,10.539999961853027,10.539999961853027,8.8980073928833
08-10-2003,10.517999649047852,10.550000190734863,11000,10.552000045776367,10.550000190734863,8.906450271606445
09-10-2003,10.56999969482422,10.56999969482422,27000,10.710000038146973,10.69200038909912,9.026329040527344
10-10-2003,10.696000099182127,10.71399974822998,13500,10.770000457763672,10.734000205993652,9.061785697937012
13-10-2003,10.75,10.75,17500,10.829999923706056,10.800000190734863,9.117502212524414
14-10-2003,10.779999732971191,10.829999923706056,8000,10.829999923706056,10.779999732971191,9.100618362426758
15-10-2003,10.720000267028809,10.75,10500,10.763999938964844,10.763999938964844,9.087113380432127
16-10-2003,10.789999961853027,10.789999961853027,25500,10.880000114440918,10.8100004196167,9.125944137573242
17-10-2003,10.800000190734863,10.800000190734863,22500,10.93000030517578,10.850000381469728,9.159714698791504
20-10-2003,10.862000465393066,10.890000343322754,22000,10.970000267028809,10.968000411987305,9.259332656860352
21-10-2003,10.94200038909912,10.968000411987305,69500,11.0,10.973999977111816,9.264398574829102
22-10-2003,10.944000244140623,10.944000244140623,17000,11.010000228881836,10.95199966430664,9.24582576751709
23-10-2003,10.913999557495115,10.920000076293944,12000,10.93000030517578,10.920000076293944,9.218805313110352
24-10-2003,10.869999885559082,10.916000366210938,6500,10.916000366210938,10.869999885559082,9.176596641540527
27-10-2003,10.899999618530272,10.899999618530272,20000,11.0600004196167,11.015999794006348,9.299854278564451
28-10-2003,10.98799991607666,11.0,5000,11.003999710083008,11.0,9.286346435546877
29-10-2003,10.996000289916992,11.020000457763672,2500,11.020000457763672,10.996000289916992,9.282967567443848
30-10-2003,10.970000267028809,10.970000267028809,7000,10.979999542236328,10.979999542236328,9.269460678100586
31-10-2003,10.890000343322754,10.979999542236328,12500,10.979999542236328,10.890000343322754,9.193482398986816
03-11-2003,10.859999656677246,10.890000343322754,6000,10.890000343322754,10.881999969482422,9.186727523803713
04-11-2003,10.89799976348877,10.89799976348877,500,10.89799976348877,10.89799976348877,9.200235366821287
05-11-2003,10.868000030517578,10.868000030517578,16500,11.050000190734863,11.050000190734863,9.328557014465332
06-11-2003,11.06999969482422,11.09000015258789,14000,11.12399959564209,11.12399959564209,9.39102840423584
07-11-2003,11.131999969482422,11.131999969482422,21500,11.289999961853027,11.289999961853027,9.531168937683104
10-11-2003,11.329999923706056,11.329999923706056,67000,11.64799976348877,11.43000030517578,9.649356842041016
11-11-2003,11.239999771118164,11.390000343322754,14500,11.399999618530272,11.260000228881836,9.50584316253662
12-11-2003,11.109999656677246,11.229999542236328,12000,11.229999542236328,11.109999656677246,9.379209518432615
13-11-2003,11.062000274658203,11.079999923706056,11500,11.088000297546388,11.062000274658203,9.3386869430542
14-11-2003,11.02400016784668,11.031999588012695,12000,11.067999839782717,11.02400016784668,9.306607246398926
17-11-2003,10.92199993133545,11.022000312805176,15500,11.02400016784668,10.944000244140623,9.239069938659668
18-11-2003,10.880000114440918,10.944000244140623,19500,10.944000244140623,10.890000343322754,9.193482398986816
19-11-2003,10.854000091552734,10.887999534606934,23500,10.920000076293944,10.89799976348877,9.200235366821287
20-11-2003,10.81999969482422,10.899999618530272,13000,10.92199993133545,10.838000297546388,9.149582862854004
21-11-2003,10.838000297546388,10.838000297546388,11500,10.850000381469728,10.84000015258789,9.151270866394045
24-11-2003,10.859999656677246,10.880000114440918,10000,10.920000076293944,10.869999885559082,9.176596641540527
25-11-2003,10.779999732971191,10.859999656677246,20500,10.859999656677246,10.779999732971191,9.100618362426758
26-11-2003,10.736000061035156,10.739999771118164,27500,10.800000190734863,10.789999961853027,9.109061241149902
28-11-2003,10.729999542236328,10.741999626159668,13500,10.760000228881836,10.739999771118164,9.066850662231444
01-12-2003,10.75,10.75,18000,10.93000030517578,10.899999618530272,9.20192527770996
02-12-2003,10.90999984741211,10.920000076293944,13500,11.020000457763672,10.94200038909912,9.237381935119627
03-12-2003,10.88599967956543,10.95199966430664,16000,10.968000411987305,10.88599967956543,9.190105438232422
04-12-2003,10.88599967956543,10.91800022125244,14000,10.95400047302246,10.88599967956543,9.190105438232422
05-12-2003,10.81999969482422,10.920000076293944,27500,10.920000076293944,10.850000381469728,9.159714698791504
08-12-2003,10.880000114440918,10.880000114440918,28000,11.119999885559082,11.0600004196167,9.336997032165527
09-12-2003,11.0600004196167,11.0600004196167,9000,11.062000274658203,11.0600004196167,9.336997032165527
10-12-2003,10.979999542236328,11.0600004196167,15500,11.15999984741211,10.979999542236328,9.269460678100586
11-12-2003,10.866000175476074,10.93000030517578,25500,11.0,10.9399995803833,9.23569107055664
12-12-2003,10.878000259399414,10.960000038146973,13500,11.0,10.894000053405762,9.196860313415527
15-12-2003,10.805999755859377,10.854000091552734,12500,10.894000053405762,10.850000381469728,9.159714698791504
16-12-2003,10.8100004196167,10.869999885559082,15000,10.9399995803833,10.8100004196167,9.125944137573242
17-12-2003,10.805999755859377,10.805999755859377,13000,11.04800033569336,11.04800033569336,9.326869010925291
18-12-2003,11.005999565124512,11.0600004196167,17000,11.079999923706056,11.005999565124512,9.29140853881836
19-12-2003,11.0,11.005999565124512,6000,11.005999565124512,11.0,9.286346435546877
22-12-2003,11.029999732971191,11.050000190734863,1500,11.050000190734863,11.029999732971191,9.311671257019045
23-12-2003,11.0,11.031999588012695,9500,11.031999588012695,11.0,9.286346435546877
24-12-2003,11.0,11.020000457763672,3000,11.04800033569336,11.04800033569336,9.326869010925291
26-12-2003,11.010000228881836,11.050000190734863,9000,11.149999618530272,11.010000228881836,9.29478645324707
29-12-2003,11.020000457763672,11.020000457763672,12000,11.039999961853027,11.038000106811523,9.31842803955078
30-12-2003,11.039999961853027,11.039999961853027,3500,11.149999618530272,11.149999618530272,9.412975311279297
31-12-2003,11.14799976348877,11.14799976348877,14000,11.25,11.25,9.497400283813477
02-01-2004,11.210000038146973,11.210000038146973,3500,11.241999626159668,11.241999626159668,9.490646362304688
05-01-2004,11.137999534606934,11.220000267028809,36500,11.260000228881836,11.182000160217283,9.439993858337402
06-01-2004,11.199999809265137,11.199999809265137,10000,11.329999923706056,11.31999969482422,9.556493759155272
07-01-2004,11.329999923706056,11.34000015258789,8000,11.34000015258789,11.329999923706056,9.564936637878418
08-01-2004,11.342000007629396,11.387999534606934,18000,11.399999618530272,11.342000007629396,9.575067520141602
09-01-2004,11.380000114440918,11.380000114440918,34500,11.564000129699709,11.5600004196167,9.75910472869873
12-01-2004,11.541999816894531,11.59000015258789,9500,11.592000007629396,11.592000007629396,9.78611946105957
13-01-2004,11.5,11.571999549865724,7000,11.597999572753906,11.597999572753906,9.79118537902832
14-01-2004,11.54599952697754,11.597999572753906,3000,11.597999572753906,11.54599952697754,9.747284889221191
15-01-2004,11.54599952697754,11.54599952697754,0,11.54599952697754,11.54599952697754,9.747284889221191
16-01-2004,11.460000038146973,11.54800033569336,6000,11.550000190734863,11.461999893188477,9.676371574401855
20-01-2004,11.482000350952148,11.5,22500,11.649999618530272,11.640000343322754,9.826642036437988
21-01-2004,11.640000343322754,11.640000343322754,20000,11.699999809265137,11.699999809265137,9.877294540405272
22-01-2004,11.666000366210938,11.699999809265137,6000,11.699999809265137,11.666000366210938,9.848591804504396
23-01-2004,11.675999641418455,11.6899995803833,2500,11.718000411987305,11.675999641418455,9.857033729553224
26-01-2004,11.621999740600586,11.675999641418455,15000,11.675999641418455,11.62399959564209,9.813135147094728
27-01-2004,11.479999542236328,11.630000114440918,34500,11.630000114440918,11.5,9.708453178405762
28-01-2004,11.470000267028809,11.484000205993652,2000,11.484000205993652,11.470000267028809,9.683128356933594
29-01-2004,11.347999572753906,11.470000267028809,28500,11.470000267028809,11.347999572753906,9.58013153076172
30-01-2004,11.267999649047852,11.359999656677246,17000,11.359999656677246,11.270000457763672,9.514281272888184
02-02-2004,11.131999969482422,11.239999771118164,13000,11.239999771118164,11.15999984741211,9.421420097351074
03-02-2004,11.079999923706056,11.149999618530272,13000,11.149999618530272,11.086000442504885,9.358949661254885
04-02-2004,11.039999961853027,11.08199977874756,29500,11.083999633789062,11.0600004196167,9.336997032165527
05-02-2004,11.067999839782717,11.09000015258789,33000,11.119999885559082,11.083999633789062,9.357258796691896
06-02-2004,11.097999572753906,11.100000381469728,18000,11.199999809265137,11.130000114440918,9.39609432220459
09-02-2004,11.130000114440918,11.130000114440918,11500,11.208000183105469,11.208000183105469,9.461941719055176
10-02-2004,11.18000030517578,11.18000030517578,23500,11.395999908447266,11.31999969482422,9.556493759155272
11-02-2004,11.260000228881836,11.279999732971191,8500,11.300000190734863,11.260000228881836,9.50584316253662
12-02-2004,11.149999618530272,11.236000061035156,11500,11.236000061035156,11.149999618530272,9.412975311279297
13-02-2004,11.119999885559082,11.144000053405762,13500,11.178000450134276,11.178000450134276,9.436615943908691
17-02-2004,11.1899995803833,11.1899995803833,26500,11.390000343322754,11.390000343322754,9.61559009552002
18-02-2004,11.369999885559082,11.369999885559082,15000,11.600000381469728,11.600000381469728,9.79287338256836
19-02-2004,11.54599952697754,11.600000381469728,42000,11.640000343322754,11.54599952697754,9.747284889221191
20-02-2004,11.45400047302246,11.520000457763672,13500,11.529999732971191,11.45400047302246,9.669617652893066
23-02-2004,11.428000450134276,11.510000228881836,16500,11.510000228881836,11.428000450134276,9.647671699523926
24-02-2004,11.380000114440918,11.4399995803833,10500,11.456000328063965,11.456000328063965,9.671305656433104
25-02-2004,11.460000038146973,11.460000038146973,33000,11.57800006866455,11.510000228881836,9.716893196105955
26-02-2004,11.510000228881836,11.510000228881836,33500,11.54800033569336,11.538000106811523,9.74053192138672
27-02-2004,11.5,11.5,5500,11.520000457763672,11.520000457763672,9.725340843200684
01-03-2004,11.538000106811523,11.538000106811523,49000,12.050000190734863,12.050000190734863,10.17276668548584
02-03-2004,12.15999984741211,12.199999809265137,70000,12.399999618530272,12.199999809265137,10.299402236938477
03-03-2004,12.100000381469728,12.100000381469728,10500,12.199999809265137,12.152000427246094,10.343666076660156
04-03-2004,12.130000114440918,12.130000114440918,2500,12.131999969482422,12.131999969482422,10.326638221740724
05-03-2004,12.152000427246094,12.152000427246094,23500,12.399999618530272,12.399999618530272,10.55475902557373
08-03-2004,12.350000381469728,12.5,71500,12.565999984741213,12.350000381469728,10.512200355529783
09-03-2004,12.1899995803833,12.300000190734863,25500,12.317999839782717,12.220000267028809,10.401543617248535
10-03-2004,12.260000228881836,12.270000457763672,53500,12.40999984741211,12.260000228881836,10.435591697692873
11-03-2004,12.199999809265137,12.300000190734863,32500,12.300000190734863,12.279999732971191,10.45261573791504
12-03-2004,12.260000228881836,12.260000228881836,21500,12.407999992370604,12.399999618530272,10.55475902557373
15-03-2004,12.152000427246094,12.399999618530272,43500,12.423999786376951,12.380000114440918,10.537737846374512
16-03-2004,12.380000114440918,12.40999984741211,2000,12.40999984741211,12.399999618530272,10.55475902557373
17-03-2004,12.399999618530272,12.43000030517578,7500,12.4399995803833,12.4399995803833,10.588805198669434
18-03-2004,12.399999618530272,12.45400047302246,24000,12.498000144958496,12.399999618530272,10.55475902557373
19-03-2004,12.402000427246094,12.402000427246094,6500,12.4399995803833,12.437999725341797,10.587103843688965
22-03-2004,12.380000114440918,12.470000267028809,7500,12.494000434875488,12.43000030517578,10.580294609069824
23-03-2004,12.399999618530272,12.449999809265137,15000,12.529999732971191,12.529999732971191,10.665411949157717
24-03-2004,12.498000144958496,12.498000144958496,500,12.498000144958496,12.498000144958496,10.638175964355469
25-03-2004,12.461999893188477,12.489999771118164,49000,12.539999961853027,12.522000312805176,10.658602714538574
26-03-2004,12.5,12.501999855041504,6500,12.579999923706056,12.5,10.63987922668457
29-03-2004,12.449999809265137,12.520000457763672,5000,12.550000190734863,12.449999809265137,10.597319602966309
30-03-2004,12.399999618530272,12.5,22500,12.595999717712402,12.399999618530272,10.55475902557373
31-03-2004,12.404000282287598,12.404000282287598,17000,12.600000381469728,12.586000442504885,10.713079452514648
01-04-2004,12.550000190734863,12.600000381469728,26000,12.779999732971191,12.6899995803833,10.801603317260742
02-04-2004,12.670000076293944,12.699999809265137,25000,12.850000381469728,12.800000190734863,10.895235061645508
05-04-2004,12.8100004196167,12.8100004196167,33500,12.998000144958496,12.986000061035156,11.053558349609377
06-04-2004,13.0,13.0,32000,13.199999809265137,13.149999618530272,11.19315242767334
07-04-2004,13.140000343322754,13.15999984741211,15000,13.277999877929688,13.27400016784668,11.298697471618652
08-04-2004,13.229999542236328,13.289999961853027,28500,13.329999923706056,13.229999542236328,11.26124668121338
12-04-2004,13.279999732971191,13.279999732971191,58000,13.449999809265137,13.350000381469728,11.36338996887207
13-04-2004,13.350000381469728,13.399999618530272,39500,13.567999839782717,13.567999839782717,11.5489501953125
14-04-2004,13.449999809265137,13.600000381469728,30000,13.600000381469728,13.479999542236328,11.474043846130373
15-04-2004,13.399999618530272,13.479999542236328,10000,13.479999542236328,13.399999618530272,11.4059476852417
16-04-2004,13.4399995803833,13.4399995803833,31500,13.520000457763672,13.498000144958496,11.489364624023438
19-04-2004,13.550000190734863,13.600000381469728,44500,13.710000038146973,13.710000038146973,11.669818878173828
20-04-2004,13.600000381469728,13.710000038146973,32000,13.710000038146973,13.600000381469728,11.57618522644043
21-04-2004,13.5,13.65999984741211,8000,13.65999984741211,13.5,11.49106788635254
22-04-2004,13.59000015258789,13.600000381469728,22500,13.630000114440918,13.59000015258789,11.567675590515137
23-04-2004,13.5600004196167,13.5600004196167,3000,13.630000114440918,13.630000114440918,11.601723670959473
26-04-2004,13.550000190734863,13.59000015258789,15500,13.699999809265137,13.609999656677246,11.584696769714355
27-04-2004,13.520000457763672,13.600000381469728,8500,13.600000381469728,13.520000457763672,11.508090019226074
28-04-2004,13.449999809265137,13.449999809265137,3000,13.5,13.5,11.49106788635254
29-04-2004,13.199999809265137,13.449999809265137,20000,13.449999809265137,13.199999809265137,11.235710144042969
30-04-2004,12.503999710083008,13.199999809265137,62500,13.199999809265137,12.65999984741211,10.776068687438965
03-05-2004,12.359999656677246,12.619999885559082,53000,12.75,12.75,10.85267448425293
04-05-2004,12.470000267028809,12.699999809265137,29000,12.699999809265137,12.552000045776367,10.684139251708984
05-05-2004,12.449999809265137,12.550000190734863,24000,12.800000190734863,12.800000190734863,10.895235061645508
06-05-2004,12.649999618530272,12.770000457763672,8000,12.770000457763672,12.649999618530272,10.767556190490724
07-05-2004,12.619999885559082,12.640000343322754,4500,12.779999732971191,12.779999732971191,10.878210067749023
10-05-2004,12.4399995803833,12.770000457763672,29000,12.770000457763672,12.498000144958496,10.638175964355469
11-05-2004,12.59000015258789,12.600000381469728,12500,12.649999618530272,12.59000015258789,10.716483116149902
12-05-2004,12.399999618530272,12.5,15000,12.5,12.399999618530272,10.55475902557373
13-05-2004,12.199999809265137,12.399999618530272,17500,12.399999618530272,12.399999618530272,10.55475902557373
14-05-2004,12.380000114440918,12.380000114440918,21000,12.630000114440918,12.597999572753906,10.72329044342041
17-05-2004,12.5,12.550000190734863,4000,12.5600004196167,12.5600004196167,10.690950393676758
18-05-2004,12.4399995803833,12.529999732971191,5500,12.529999732971191,12.460000038146973,10.605827331542969
19-05-2004,12.399999618530272,12.479999542236328,15500,12.479999542236328,12.399999618530272,10.55475902557373
20-05-2004,12.220000267028809,12.380000114440918,37500,12.399999618530272,12.300000190734863,10.469639778137209
21-05-2004,12.329999923706056,12.34000015258789,10500,12.399999618530272,12.39799976348877,10.553054809570312
24-05-2004,12.300000190734863,12.359999656677246,7500,12.399999618530272,12.329999923706056,10.495174407958984
25-05-2004,12.300000190734863,12.34000015258789,9000,12.350000381469728,12.350000381469728,10.512200355529783
26-05-2004,12.241999626159668,12.300000190734863,14500,12.350000381469728,12.329999923706056,10.495174407958984
27-05-2004,12.260000228881836,12.300000190734863,7500,12.31999969482422,12.293999671936035,10.464531898498535
28-05-2004,12.300000190734863,12.324000358581545,11500,12.520000457763672,12.494000434875488,10.634770393371582
01-06-2004,12.520000457763672,12.520000457763672,18000,12.640000343322754,12.640000343322754,10.759044647216797
02-06-2004,12.619999885559082,12.619999885559082,6500,12.6899995803833,12.6899995803833,10.801603317260742
03-06-2004,12.640000343322754,12.670000076293944,5500,12.68000030517578,12.68000030517578,10.79309368133545
04-06-2004,12.642000198364258,12.675999641418455,7500,12.675999641418455,12.642000198364258,10.76074504852295
07-06-2004,12.619999885559082,12.670000076293944,10500,12.699999809265137,12.619999885559082,10.742019653320312
08-06-2004,12.657999992370604,12.65999984741211,3000,12.65999984741211,12.65999984741211,10.776068687438965
09-06-2004,12.619999885559082,12.619999885559082,8500,12.741999626159668,12.741999626159668,10.845864295959473
10-06-2004,12.781999588012695,12.781999588012695,7000,12.899999618530272,12.859999656677246,10.94630527496338
14-06-2004,12.800000190734863,12.800000190734863,15000,12.881999969482422,12.800000190734863,10.895235061645508
15-06-2004,12.81999969482422,12.81999969482422,38000,13.100000381469728,13.06999969482422,11.125056266784668
16-06-2004,13.109999656677246,13.109999656677246,5500,13.149999618530272,13.119999885559082,11.16761589050293
17-06-2004,12.734000205993652,12.739999771118164,100000,12.880000114440918,12.779999732971191,10.878210067749023
18-06-2004,12.8100004196167,12.8100004196167,3500,12.869999885559082,12.869999885559082,10.95481777191162
21-06-2004,12.850000381469728,12.880000114440918,1000,12.880000114440918,12.850000381469728,10.937793731689451
22-06-2004,12.829999923706056,12.829999923706056,3500,12.894000053405762,12.862000465393066,10.948009490966797
23-06-2004,12.812000274658203,12.812000274658203,6000,12.890000343322754,12.880000114440918,10.963330268859863
24-06-2004,12.850000381469728,12.880000114440918,14500,13.0,12.869999885559082,10.95481777191162
25-06-2004,12.850000381469728,12.850000381469728,7500,13.109999656677246,13.0,11.065471649169922
28-06-2004,13.06999969482422,13.06999969482422,3000,13.09000015258789,13.09000015258789,11.142081260681152
29-06-2004,13.079999923706056,13.100000381469728,4000,13.100000381469728,13.097999572753906,11.14888858795166
30-06-2004,13.071999549865724,13.08199977874756,2500,13.08199977874756,13.071999549865724,11.12675666809082
01-07-2004,13.09000015258789,13.100000381469728,115500,13.720000267028809,13.649999618530272,11.618745803833008
02-07-2004,13.5,13.649999618530272,15000,13.649999618530272,13.539999961853027,11.525116920471191
06-07-2004,13.479999542236328,13.489999771118164,15500,13.600000381469728,13.479999542236328,11.474043846130373
07-07-2004,13.5,13.5,23500,13.70199966430664,13.70199966430664,11.663007736206056
08-07-2004,13.69200038909912,13.751999855041504,20500,13.920000076293944,13.920000076293944,11.848567008972168
09-07-2004,13.9399995803833,13.9399995803833,19500,14.137999534606934,14.137999534606934,12.034125328063965
12-07-2004,14.0600004196167,14.140000343322754,15000,14.18000030517578,14.0600004196167,11.967734336853027
13-07-2004,13.972000122070312,14.0,3500,14.0,13.972000122070312,11.892829895019531
14-07-2004,13.996000289916992,14.01200008392334,11500,14.079999923706056,14.076000213623049,11.981355667114258
15-07-2004,13.989999771118164,14.029999732971191,1000,14.029999732971191,13.989999771118164,11.908151626586914
16-07-2004,13.973999977111816,13.973999977111816,4000,14.027999877929688,14.027999877929688,11.940496444702148
19-07-2004,14.029999732971191,14.029999732971191,7500,14.15999984741211,14.15999984741211,12.052851676940918
20-07-2004,14.119999885559082,14.119999885559082,4500,14.239999771118164,14.206000328063965,12.092007637023926
21-07-2004,14.255999565124512,14.255999565124512,22000,14.58199977874756,14.479999542236328,12.325234413146973
22-07-2004,14.300000190734863,14.43000030517578,17000,14.5600004196167,14.539999961853027,12.376304626464844
23-07-2004,14.579999923706056,14.579999923706056,21000,14.78600025177002,14.710000038146973,12.521008491516112
26-07-2004,14.649999618530272,14.649999618530272,19000,14.869999885559082,14.869999885559082,12.65719985961914
27-07-2004,14.93000030517578,14.93000030517578,45500,15.300000190734863,15.220000267028809,12.955114364624023
28-07-2004,15.22599983215332,15.300000190734863,12000,15.31999969482422,15.305999755859377,13.028315544128418
29-07-2004,15.25,15.329999923706056,14000,15.39799976348877,15.25,12.980652809143066
30-07-2004,15.260000228881836,15.260000228881836,8000,15.399999618530272,15.305999755859377,13.028315544128418
02-08-2004,15.03600025177002,15.345999717712402,24000,15.39799976348877,15.079999923706056,12.835948944091797
03-08-2004,15.050000190734863,15.050000190734863,44500,15.68000030517578,15.579999923706056,13.261540412902832
04-08-2004,15.600000381469728,15.694000244140623,96000,15.970000267028809,15.960000038146973,13.584996223449709
05-08-2004,15.84000015258789,15.979999542236328,71000,16.06999969482422,15.859999656677246,13.499876976013184
06-08-2004,15.520000457763672,15.859999656677246,26500,15.859999656677246,15.600000381469728,13.278566360473633
09-08-2004,15.199999809265137,15.510000228881836,31500,15.550000190734863,15.399999618530272,13.108328819274902
10-08-2004,15.479999542236328,15.489999771118164,21000,15.850000381469728,15.850000381469728,13.491363525390623
11-08-2004,15.699999809265137,15.899999618530272,17500,15.979999542236328,15.75,13.40624713897705
12-08-2004,15.6899995803833,15.6899995803833,35500,16.17799949645996,16.17799949645996,13.770553588867188
13-08-2004,16.18000030517578,16.18000030517578,39000,16.479999542236328,16.350000381469727,13.91695785522461
16-08-2004,15.949999809265137,16.049999237060547,54000,16.260000228881836,16.0,13.619043350219728
17-08-2004,15.399999618530272,15.699999809265137,55500,15.800000190734863,15.59000015258789,13.27005386352539
18-08-2004,15.402000427246094,15.5,24000,15.779999732971191,15.779999732971191,13.431781768798828
19-08-2004,15.739999771118164,15.800000190734863,8000,15.920000076293944,15.920000076293944,13.550948143005373
20-08-2004,15.60200023651123,15.979999542236328,30500,16.079999923706055,15.60200023651123,13.280268669128418
23-08-2004,15.60200023651123,15.652000427246094,14500,15.887999534606934,15.883999824523926,13.520305633544922
24-08-2004,15.899999618530272,15.934000015258787,5500,16.0,16.0,13.619043350219728
25-08-2004,16.0,16.0,11500,16.280000686645508,16.219999313354492,13.806303977966309
26-08-2004,16.15999984741211,16.31999969482422,27500,16.360000610351562,16.299999237060547,13.874397277832031
27-08-2004,16.399999618530273,16.399999618530273,34000,16.860000610351562,16.860000610351562,14.351067543029783
30-08-2004,16.760000228881836,16.760000228881836,49000,17.0,17.0,14.47023582458496
31-08-2004,17.0,17.0,76000,17.579999923706055,17.579999923706055,14.9639253616333
01-09-2004,17.399999618530273,17.639999389648438,84500,17.97800064086914,17.540000915527344,14.929877281188965
02-09-2004,17.059999465942383,17.440000534057617,56000,17.5,17.299999237060547,14.725587844848633
03-09-2004,17.31999969482422,17.381999969482422,33500,17.719999313354492,17.59000015258789,14.972436904907228
07-09-2004,17.559999465942383,17.559999465942383,15500,17.81999969482422,17.739999771118164,15.100115776062012
08-09-2004,17.444000244140625,17.690000534057617,35000,17.700000762939453,17.600000381469727,14.980947494506836
09-09-2004,17.100000381469727,17.600000381469727,37500,17.600000381469727,17.54800033569336,14.936683654785156
10-09-2004,17.450000762939453,17.54800033569336,32500,17.649999618530273,17.6200008392334,14.997971534729004
13-09-2004,17.399999618530273,17.56999969482422,35000,17.65999984741211,17.649999618530273,15.02351188659668
14-09-2004,17.579999923706055,17.68000030517578,13500,17.719999313354492,17.695999145507812,15.062661170959473
15-09-2004,17.70199966430664,17.746000289916992,11500,17.899999618530273,17.899999618530273,15.236306190490724
16-09-2004,17.643999099731445,17.75,31500,17.81999969482422,17.68000030517578,15.04904079437256
17-09-2004,17.559999465942383,17.739999771118164,10500,17.739999771118164,17.559999465942383,14.9468994140625
20-09-2004,17.520000457763672,17.6200008392334,17000,17.850000381469727,17.809999465942383,15.15969467163086
21-09-2004,17.690000534057617,17.75,10500,17.899999618530273,17.899999618530273,15.236306190490724
22-09-2004,17.799999237060547,17.850000381469727,6000,17.898000717163086,17.860000610351562,15.202259063720703
23-09-2004,17.649999618530273,17.739999771118164,18000,17.75,17.697999954223633,15.06436252593994
24-09-2004,17.74799919128418,17.74799919128418,80000,18.49799919128418,18.49799919128418,15.745312690734863
27-09-2004,18.49799919128418,18.49799919128418,118000,19.600000381469727,19.600000381469727,16.683332443237305
28-09-2004,19.601999282836918,19.601999282836918,254000,20.36000061035156,19.802000045776367,16.855266571044922
29-09-2004,19.71999931335449,19.881999969482425,41500,20.100000381469727,19.75,16.811004638671875
30-09-2004,19.700000762939453,19.799999237060547,31000,19.992000579833984,19.992000579833984,17.016992568969727
01-10-2004,19.600000381469727,19.871999740600582,39500,19.940000534057617,19.600000381469727,16.683332443237305
04-10-2004,18.100000381469727,19.459999084472656,135500,19.558000564575195,18.100000381469727,15.406542778015137
05-10-2004,17.483999252319336,17.549999237060547,145500,18.5,18.25,15.534221649169922
06-10-2004,18.167999267578125,18.170000076293945,160500,19.350000381469727,19.350000381469727,16.792585372924805
07-10-2004,18.700000762939453,19.700000762939453,131500,20.07999992370605,19.190000534057617,16.653724670410156
08-10-2004,18.799999237060547,19.299999237060547,51500,19.399999618530277,18.96999931335449,16.462799072265625
11-10-2004,19.073999404907227,19.073999404907227,46500,19.739999771118164,19.739999771118164,17.13103485107422
12-10-2004,18.899999618530277,19.350000381469727,69500,19.549999237060547,19.100000381469727,16.575626373291016
13-10-2004,18.700000762939453,19.149999618530277,21500,19.200000762939453,18.799999237060547,16.315271377563477
14-10-2004,18.600000381469727,18.700000762939453,28000,18.899999618530277,18.89800071716309,16.400318145751953
15-10-2004,18.399999618530277,18.799999237060547,11000,18.99799919128418,18.790000915527344,16.306589126586914
18-10-2004,18.802000045776367,18.809999465942383,37500,19.0,19.0,16.488834381103516
19-10-2004,18.81399917602539,19.0,12500,19.0,18.850000381469727,16.358659744262695
20-10-2004,18.81999969482422,18.81999969482422,5000,18.959999084472656,18.959999084472656,16.454124450683594
21-10-2004,18.75,19.0,18500,19.0,18.90999984741211,16.410730361938477
22-10-2004,18.799999237060547,18.950000762939453,2500,18.959999084472656,18.959999084472656,16.454124450683594
25-10-2004,18.799999237060547,18.959999084472656,5500,18.989999771118164,18.8799991607666,16.384695053100586
26-10-2004,18.700000762939453,18.799999237060547,78000,19.0,18.756000518798828,16.27708625793457
27-10-2004,18.229999542236328,18.756000518798828,42000,18.82999992370605,18.3799991607666,15.950779914855955
28-10-2004,18.02199935913086,18.3799991607666,31000,18.479999542236328,18.36199951171875,15.935158729553224
29-10-2004,18.299999237060547,18.46199989318848,53000,18.69599914550781,18.69599914550781,16.225017547607422
01-11-2004,18.69599914550781,18.69599914550781,55000,19.15999984741211,18.799999237060547,16.315271377563477
02-11-2004,18.600000381469727,18.920000076293945,32500,19.0,18.600000381469727,16.141700744628906
03-11-2004,18.649999618530277,18.649999618530277,53500,19.3799991607666,19.19599914550781,16.658931732177734
04-11-2004,18.76000022888184,19.19599914550781,40000,19.26000022888184,18.76000022888184,16.280563354492188
05-11-2004,18.700000762939453,18.709999084472656,10000,19.040000915527344,19.040000915527344,16.5235538482666
08-11-2004,18.420000076293945,18.959999084472656,21500,18.959999084472656,18.6200008392334,16.15906524658203
09-11-2004,18.57999992370605,18.57999992370605,14000,18.79599952697754,18.697999954223636,16.22675132751465
10-11-2004,18.447999954223636,18.450000762939453,23000,18.69599914550781,18.600000381469727,16.141700744628906
11-11-2004,18.399999618530277,18.65999984741211,11500,18.670000076293945,18.549999237060547,16.098312377929688
12-11-2004,18.46999931335449,18.46999931335449,10500,18.700000762939453,18.65999984741211,16.193777084350586
15-11-2004,18.600000381469727,18.700000762939453,14500,18.899999618530277,18.780000686645508,16.297910690307617
16-11-2004,18.600000381469727,18.600000381469727,24000,19.100000381469727,19.040000915527344,16.5235538482666
17-11-2004,18.75,19.04199981689453,17500,19.04199981689453,18.8799991607666,16.384695053100586
18-11-2004,18.799999237060547,18.93000030517578,23000,19.06999969482422,19.06999969482422,16.549585342407227
19-11-2004,18.86000061035156,19.020000457763672,16000,19.077999114990234,19.00200080871582,16.49057388305664
22-11-2004,18.81999969482422,19.052000045776367,20500,19.149999618530277,18.920000076293945,16.41941261291504
23-11-2004,18.649999618530277,18.96999931335449,16500,18.96999931335449,18.700000762939453,16.22848892211914
24-11-2004,18.75,18.75,8000,18.88599967956543,18.88599967956543,16.389904022216797
26-11-2004,18.68000030517578,18.785999298095703,30000,18.8799991607666,18.780000686645508,16.297910690307617
29-11-2004,18.649999618530277,18.729999542236328,9000,18.979999542236328,18.899999618530277,16.40205192565918
30-11-2004,18.8799991607666,18.950000762939453,22000,19.01000022888184,19.01000022888184,16.49751853942871
01-12-2004,19.07999992370605,19.07999992370605,89000,19.940000534057617,19.676000595092773,17.07549285888672
02-12-2004,18.81999969482422,19.72599983215332,205000,20.36000061035156,19.100000381469727,16.575626373291016
03-12-2004,18.709999084472656,19.049999237060547,117500,19.049999237060547,19.0,16.488834381103516
06-12-2004,18.700000762939453,19.0,25000,19.0,18.700000762939453,16.22848892211914
07-12-2004,18.549999237060547,18.700000762939453,48500,19.100000381469727,19.049999237060547,16.532230377197266
08-12-2004,18.90999984741211,19.049999237060547,80000,19.25,19.149999618530277,16.619007110595703
09-12-2004,19.0,19.18000030517578,32500,19.200000762939453,19.049999237060547,16.532230377197266
10-12-2004,19.11000061035156,19.200000762939453,29500,19.34000015258789,19.34000015258789,16.78390121459961
13-12-2004,19.34000015258789,19.34000015258789,14500,19.700000762939453,19.700000762939453,17.0963191986084
14-12-2004,19.75,19.75,25500,19.979999542236328,19.979999542236328,17.33931541442871
15-12-2004,19.899999618530277,20.0,52000,20.15999984741211,20.09199905395508,17.436513900756836
16-12-2004,20.0,20.0,81500,20.799999237060547,20.68000030517578,17.94679832458496
17-12-2004,20.68000030517578,20.68000030517578,84000,21.799999237060547,21.299999237060547,18.48485565185547
20-12-2004,21.549999237060547,21.549999237060547,59000,22.100000381469727,22.0,19.092342376708984
21-12-2004,22.0,22.0,55000,22.799999237060547,22.799999237060547,19.78660774230957
22-12-2004,22.600000381469727,22.799999237060547,48000,23.049999237060547,22.649999618530277,19.65643119812012
23-12-2004,22.75,22.75,57500,23.8799991607666,23.799999237060547,20.65443992614746
27-12-2004,24.09000015258789,24.149999618530277,139000,25.670000076293945,25.63999938964844,22.25124740600586
28-12-2004,24.270000457763672,25.670000076293945,165500,25.84000015258789,24.700000762939453,21.435487747192383
29-12-2004,23.871999740600582,24.700000762939453,107000,25.299999237060547,25.214000701904297,21.88155174255371
30-12-2004,25.20199966430664,25.209999084472656,92500,26.799999237060547,26.75,23.21455192565918
31-12-2004,26.799999237060547,27.049999237060547,94500,27.700000762939453,27.01000022888184,23.440189361572266
03-01-2005,25.100000381469727,26.61000061035156,169500,26.61199951171875,26.149999618530277,22.693845748901367
04-01-2005,25.350000381469727,26.200000762939453,46000,26.350000381469727,25.399999618530277,22.042970657348636
05-01-2005,25.399999618530277,25.600000381469727,25500,26.0,25.799999237060547,22.390108108520508
06-01-2005,25.6200008392334,25.6200008392334,51500,25.82999992370605,25.82999992370605,22.41614532470703
07-01-2005,25.399999618530277,25.799999237060547,80000,25.799999237060547,25.61000061035156,22.225217819213867
10-01-2005,25.18000030517578,25.559999465942383,25000,25.600000381469727,25.200000762939453,21.869407653808597
11-01-2005,23.700000762939453,25.200000762939453,81500,25.200000762939453,24.07999992370605,20.897436141967773
12-01-2005,22.0,23.280000686645508,149500,23.649999618530277,22.149999618530277,19.22251319885254
13-01-2005,21.200000762939453,21.200000762939453,130000,22.808000564575195,22.3799991607666,19.422117233276367
14-01-2005,22.5,22.5,71000,23.399999618530277,23.299999237060547,20.220521926879883
18-01-2005,23.5,23.649999618530277,105000,24.299999237060547,23.899999618530277,20.7412223815918
19-01-2005,23.38400077819824,23.520000457763672,28000,24.1200008392334,24.1200008392334,20.932147979736328
20-01-2005,23.25,24.1200008392334,39500,24.399999618530277,23.899999618530277,20.7412223815918
21-01-2005,23.881999969482425,23.950000762939453,42500,24.899999618530277,24.850000381469727,21.56566429138184
24-01-2005,24.850000381469727,24.850000381469727,32000,25.29800033569336,25.277999877929688,21.93709754943848
25-01-2005,24.351999282836918,25.29800033569336,24000,25.29800033569336,24.351999282836918,21.13348197937012
26-01-2005,24.302000045776367,24.35400009155273,19000,24.75,24.302000045776367,21.09009552001953
27-01-2005,24.399999618530277,24.399999618530277,15500,25.0,24.756000518798828,21.484092712402344
28-01-2005,24.79400062561035,24.80599975585937,13500,25.149999618530277,25.149999618530277,21.826017379760746
31-01-2005,24.549999237060547,25.25,33500,25.29599952697754,24.899999618530277,21.609058380126957
01-02-2005,25.0,25.0,19000,25.29599952697754,25.0,21.69584274291992
02-02-2005,25.200000762939453,25.200000762939453,45500,25.950000762939453,25.950000762939453,22.52028465270996
03-02-2005,25.899999618530277,25.899999618530277,55000,27.600000381469727,27.600000381469727,23.95220375061035
04-02-2005,27.0,27.600000381469727,103000,28.899999618530277,28.200000762939453,24.472904205322266
07-02-2005,26.399999618530277,28.200000762939453,109500,28.399999618530277,26.600000381469727,23.08437728881836
08-02-2005,25.399999618530277,26.600000381469727,51000,26.600000381469727,25.600000381469727,22.216541290283203
09-02-2005,25.649999618530277,25.75,14000,26.100000381469727,26.09199905395508,22.643516540527344
10-02-2005,26.049999237060547,26.049999237060547,43500,26.600000381469727,26.600000381469727,23.08437728881836
11-02-2005,26.511999130249023,26.600000381469727,15500,26.799999237060547,26.799999237060547,23.25794219970703
14-02-2005,25.472000122070312,26.600000381469727,54000,26.79800033569336,26.299999237060547,22.82402610778809
15-02-2005,26.200000762939453,26.299999237060547,51500,26.799999237060547,26.799999237060547,23.25794219970703
16-02-2005,26.700000762939453,26.99799919128418,35000,27.31999969482422,26.99799919128418,23.429771423339844
17-02-2005,27.0,27.100000381469727,37000,27.31999969482422,27.31999969482422,23.709213256835938
18-02-2005,26.979999542236328,27.1200008392334,19500,27.799999237060547,27.79800033569336,24.12404060363769
22-02-2005,27.450000762939453,27.799999237060547,51500,28.440000534057617,27.600000381469727,23.95220375061035
23-02-2005,27.549999237060547,27.549999237060547,16000,27.99799919128418,27.8799991607666,24.19519805908203
24-02-2005,27.84000015258789,27.979999542236328,5000,27.979999542236328,27.940000534057617,24.24726867675781
25-02-2005,27.5,27.99399948120117,12000,27.99399948120117,27.850000381469727,24.169164657592773
28-02-2005,27.402000427246094,27.700000762939453,9500,27.799999237060547,27.799999237060547,24.125768661499023
01-03-2005,27.308000564575195,27.6200008392334,14000,27.81999969482422,27.5,23.86542510986328
02-03-2005,27.326000213623047,27.700000762939453,35500,27.700000762939453,27.57999992370605,23.93484687805176
03-03-2005,27.600000381469727,27.600000381469727,10000,27.700000762939453,27.700000762939453,24.038986206054688
04-03-2005,27.690000534057617,27.690000534057617,14500,28.0,27.74799919128418,24.568470001220703
07-03-2005,27.68000030517578,27.709999084472656,93000,28.950000762939453,28.950000762939453,25.632736206054688
08-03-2005,29.200000762939453,29.299999237060547,63500,30.25,29.979999542236328,26.54471206665039
09-03-2005,29.6200008392334,30.07999992370605,44500,30.299999237060547,30.06599998474121,26.6208553314209
10-03-2005,29.239999771118164,30.06599998474121,40500,30.06599998474121,29.799999237060547,26.385337829589844
11-03-2005,29.700000762939453,29.899999618530277,16000,29.99799919128418,29.799999237060547,26.385337829589844
14-03-2005,29.81999969482422,29.899999618530277,19500,30.5,30.5,27.005128860473636
15-03-2005,30.530000686645508,30.649999618530277,21500,31.0,30.799999237060547,27.270750045776367
16-03-2005,30.649999618530277,30.799999237060547,22000,31.0,30.799999237060547,27.270750045776367
17-03-2005,29.799999237060547,30.6200008392334,64000,31.299999237060547,31.152000427246094,27.582420349121094
18-03-2005,30.700000762939453,31.200000762939453,14500,31.200000762939453,31.0,27.447837829589844
21-03-2005,30.697999954223636,31.0,10000,31.0,30.799999237060547,27.270750045776367
22-03-2005,30.5,30.799999237060547,17500,30.950000762939453,30.649999618530277,27.137939453125
23-03-2005,29.503999710083008,30.450000762939453,54000,30.506000518798828,29.775999069213867,26.36409568786621
24-03-2005,28.6560001373291,29.600000381469727,75000,29.799999237060547,29.0,25.677003860473636
28-03-2005,28.850000381469727,28.850000381469727,31500,29.89800071716309,29.88599967956543,26.46148109436035
29-03-2005,29.799999237060547,30.0,54500,30.200000762939453,30.0,26.562419891357425
30-03-2005,29.299999237060547,29.850000381469727,26000,30.0,30.0,26.562419891357425
31-03-2005,30.100000381469727,30.100000381469727,104000,31.450000762939453,31.200000762939453,27.62491607666016
01-04-2005,31.0,31.5,97000,31.600000381469727,31.399999618530277,27.802001953125
04-04-2005,31.0,31.299999237060547,56500,31.399999618530277,31.200000762939453,27.62491607666016
05-04-2005,31.299999237060547,31.299999237060547,48000,32.79999923706055,32.75,28.9973087310791
06-04-2005,32.0,33.0,72000,33.5,33.0,29.218660354614254
07-04-2005,32.79999923706055,33.150001525878906,63500,35.0,35.0,30.989486694335938
08-04-2005,34.650001525878906,34.650001525878906,71000,35.5,35.20199966430664,31.168344497680664
11-04-2005,34.444000244140625,35.20199966430664,42000,35.20199966430664,34.5,30.54677963256836
12-04-2005,33.599998474121094,34.54999923706055,52500,34.70000076293945,33.79999923706055,29.92699241638184
13-04-2005,33.70000076293945,33.70000076293945,27500,34.599998474121094,34.5,30.54677963256836
14-04-2005,32.20000076293945,34.75,117500,34.75,33.20000076293945,29.3957462310791
15-04-2005,31.5,33.400001525878906,84000,33.599998474121094,32.20000076293945,28.510332107543945
18-04-2005,30.200000762939453,32.04999923706055,123000,32.04999923706055,31.799999237060547,28.156169891357425
19-04-2005,31.450000762939453,31.450000762939453,89000,33.79999923706055,33.099998474121094,29.307205200195312
20-04-2005,32.400001525878906,32.70000076293945,21500,33.400001525878906,32.400001525878906,28.68742179870605
21-04-2005,32.599998474121094,32.599998474121094,9500,32.900001525878906,32.71200180053711,28.96366500854492
22-04-2005,32.79999923706055,32.79999923706055,15500,33.400001525878906,32.95000076293945,29.174392700195312
25-04-2005,32.88399887084961,33.150001525878906,26000,33.79999923706055,32.88399887084961,29.115955352783203
26-04-2005,32.79999923706055,32.880001068115234,14000,33.400001525878906,33.20000076293945,29.3957462310791
27-04-2005,32.97999954223633,33.0,27500,34.0,33.400001525878906,29.57282829284668
28-04-2005,33.0,33.599998474121094,33000,33.79999923706055,33.54999923706055,29.70563697814941
29-04-2005,33.0099983215332,33.29999923706055,84000,35.599998474121094,35.400001525878906,31.343656539916992
02-05-2005,34.529998779296875,35.04999923706055,33000,35.04999923706055,34.599998474121094,30.635326385498047
03-05-2005,34.45199966430664,34.5099983215332,4000,34.75,34.45199966430664,30.50428009033203
04-05-2005,34.54999923706055,34.54999923706055,42000,35.79999923706055,35.599998474121094,31.520732879638672
05-05-2005,35.25,35.95000076293945,44500,36.13399887084961,35.400001525878906,31.343656539916992
06-05-2005,35.0,35.220001220703125,8000,35.220001220703125,35.20000076293945,31.166576385498047
09-05-2005,34.55400085449219,35.20000076293945,15000,35.20000076293945,34.74399948120117,30.76282501220703
10-05-2005,34.5,34.74399948120117,20000,34.95000076293945,34.95000076293945,30.945215225219727
11-05-2005,34.599998474121094,35.0,21500,35.0,34.79999923706055,30.812406539916992
12-05-2005,34.29999923706055,34.5,3500,34.70000076293945,34.54999923706055,30.591053009033203
13-05-2005,34.04999923706055,34.5,23000,34.599998474121094,34.08399963378906,30.178455352783203
16-05-2005,32.71200180053711,34.040000915527344,55500,34.040000915527344,32.779998779296875,29.023866653442383
17-05-2005,29.700000762939453,32.58000183105469,139500,32.58000183105469,31.0,27.447837829589844
18-05-2005,29.25,31.00200080871582,74500,31.100000381469727,30.0,26.562419891357425
19-05-2005,29.100000381469727,29.850000381469727,31500,29.850000381469727,29.100000381469727,25.76555061340332
20-05-2005,28.489999771118164,28.600000381469727,186000,32.0,32.0,28.333253860473636
23-05-2005,31.799999237060547,31.899999618530277,86000,34.0,32.9900016784668,29.20980834960937
24-05-2005,31.799999237060547,32.900001525878906,59500,32.900001525878906,32.70000076293945,28.953033447265625
25-05-2005,32.70000076293945,32.70000076293945,25500,33.599998474121094,33.599998474121094,29.749910354614254
26-05-2005,33.0,33.599998474121094,9500,33.599998474121094,33.0,29.218660354614254
27-05-2005,33.20000076293945,33.20000076293945,6000,33.400001525878906,33.25,29.44001197814941
31-05-2005,33.279998779296875,33.54999923706055,103000,35.51599884033203,35.400001525878906,31.343656539916992
01-06-2005,34.5099983215332,35.20000076293945,33500,35.20000076293945,34.58000183105469,30.61761474609375
02-06-2005,34.20199966430664,34.400001525878906,31500,35.099998474121094,34.79999923706055,30.812406539916992
03-06-2005,34.551998138427734,34.70000076293945,8500,35.0,34.970001220703125,30.96293067932129
06-06-2005,34.599998474121094,34.70000076293945,9000,34.70199966430664,34.60200119018555,30.63710021972656
07-06-2005,34.54999923706055,34.599998474121094,21000,35.400001525878906,34.54999923706055,30.591053009033203
08-06-2005,34.650001525878906,34.650001525878906,18500,35.29999923706055,34.79999923706055,30.812406539916992
09-06-2005,34.099998474121094,34.79999923706055,47000,34.900001525878906,34.20000076293945,30.28116607666016
10-06-2005,34.20000076293945,34.20000076293945,11500,34.599998474121094,34.45000076293945,30.50251007080078
13-06-2005,34.0,34.29999923706055,8000,34.599998474121094,34.0,30.104076385498047
14-06-2005,34.152000427246094,34.400001525878906,7000,34.400001525878906,34.20000076293945,30.28116607666016
15-06-2005,34.099998474121094,34.099998474121094,12500,34.5,34.25,30.325428009033203
16-06-2005,34.29999923706055,34.29999923706055,20000,34.70199966430664,34.650001525878906,30.679594039916992
17-06-2005,34.45000076293945,34.5,4500,34.650001525878906,34.45000076293945,30.50251007080078
20-06-2005,34.400001525878906,34.400001525878906,31000,34.849998474121094,34.54999923706055,30.591053009033203
21-06-2005,34.75,34.75,63000,35.400001525878906,34.849998474121094,30.85667610168457
22-06-2005,34.209999084472656,34.849998474121094,45000,34.849998474121094,34.599998474121094,30.635326385498047
23-06-2005,34.099998474121094,34.400001525878906,25500,34.70000076293945,34.5,30.54677963256836
24-06-2005,32.95000076293945,34.400001525878906,111000,34.400001525878906,33.79999923706055,29.92699241638184
27-06-2005,33.0,33.650001525878906,35000,33.652000427246094,33.349998474121094,29.528553009033203
28-06-2005,33.0,33.150001525878906,33500,34.125999450683594,34.012001037597656,30.11469841003418
29-06-2005,33.5,34.20000076293945,44500,34.20000076293945,34.20000076293945,30.28116607666016
30-06-2005,33.099998474121094,33.900001525878906,123500,35.47999954223633,35.400001525878906,31.343656539916992
01-07-2005,34.70000076293945,35.400001525878906,6000,35.400001525878906,34.70000076293945,30.723865509033203
05-07-2005,34.70000076293945,34.79999923706055,1500,34.900001525878906,34.70000076293945,30.723865509033203
06-07-2005,34.2400016784668,34.599998474121094,4000,34.599998474121094,34.2400016784668,30.31657600402832
07-07-2005,34.150001525878906,34.349998474121094,17500,34.849998474121094,34.79999923706055,30.812406539916992
08-07-2005,34.849998474121094,34.849998474121094,31500,35.75,35.47999954223633,31.41448402404785
11-07-2005,34.720001220703125,35.400001525878906,49000,35.79999923706055,35.79800033569336,31.69605827331543
12-07-2005,35.599998474121094,35.599998474121094,29000,36.59999847412109,36.5,32.31760787963867
13-07-2005,35.400001525878906,36.29999923706055,22000,36.59999847412109,35.79999923706055,31.69782066345215
14-07-2005,35.66999816894531,35.900001525878906,14000,36.5,36.0,31.874900817871094
15-07-2005,35.20000076293945,35.79999923706055,22000,35.79999923706055,35.79800033569336,31.69605827331543
18-07-2005,35.29999923706055,35.599998474121094,14500,35.75,35.599998474121094,31.520732879638672
19-07-2005,35.45000076293945,35.79999923706055,14000,35.79999923706055,35.79999923706055,31.69782066345215
20-07-2005,35.0,35.900001525878906,25000,35.900001525878906,35.599998474121094,31.520732879638672
21-07-2005,35.400001525878906,35.70000076293945,6000,35.70000076293945,35.599998474121094,31.520732879638672
22-07-2005,34.79999923706055,35.400001525878906,13000,35.400001525878906,34.810001373291016,30.821266174316406
25-07-2005,34.900001525878906,34.900001525878906,16500,35.599998474121094,35.25,31.210840225219727
26-07-2005,35.04999923706055,35.04999923706055,15000,35.599998474121094,35.599998474121094,31.520732879638672
27-07-2005,35.5,35.5,37500,36.09999847412109,35.79999923706055,31.69782066345215
28-07-2005,35.400001525878906,35.599998474121094,8000,35.79999923706055,35.79800033569336,31.69605827331543
29-07-2005,35.599998474121094,36.0,23500,36.70000076293945,36.59999847412109,32.40615463256836
01-08-2005,36.06999969482422,36.59999847412109,6000,36.59999847412109,36.06999969482422,31.93687438964844
02-08-2005,36.20000076293945,36.20000076293945,9500,36.5,36.31999969482422,32.15824508666992
03-08-2005,35.900001525878906,36.27999877929688,4000,36.27999877929688,35.900001525878906,31.78636932373047
04-08-2005,35.79999923706055,35.79999923706055,6000,36.03400039672852,36.0,31.874900817871094
05-08-2005,35.77799987792969,36.08399963378906,14000,36.08399963378906,35.77799987792969,31.67834854125977
08-08-2005,35.779998779296875,35.779998779296875,6500,36.0,35.79999923706055,31.69782066345215
09-08-2005,36.0,36.0,9500,36.400001525878906,36.400001525878906,32.22908020019531
10-08-2005,35.70000076293945,36.09999847412109,12500,36.09999847412109,35.75,31.65355110168457
11-08-2005,35.63999938964844,35.63999938964844,9000,36.20000076293945,36.00199890136719,31.876678466796875
12-08-2005,35.900001525878906,35.900001525878906,19000,36.70000076293945,36.20000076293945,32.05199432373047
15-08-2005,35.61000061035156,36.0,35500,36.0,35.6619987487793,31.575634002685547
16-08-2005,35.25,35.47999954223633,14500,35.47999954223633,35.290000915527344,31.246265411376957
17-08-2005,33.900001525878906,35.25,89500,35.25,34.09000015258789,30.18376350402832
18-08-2005,33.29999923706055,33.900001525878906,42000,33.94599914550781,33.79999923706055,29.92699241638184
19-08-2005,33.599998474121094,33.599998474121094,18500,33.79999923706055,33.779998779296875,29.90928840637207
22-08-2005,33.48400115966797,33.599998474121094,33500,34.599998474121094,34.400001525878906,30.45824432373047
23-08-2005,34.5,34.5,132500,36.400001525878906,34.95000076293945,30.945215225219727
24-08-2005,35.099998474121094,35.150001525878906,4500,35.349998474121094,35.099998474121094,31.078031539916992
25-08-2005,35.099998474121094,35.099998474121094,0,35.099998474121094,35.099998474121094,31.078031539916992
26-08-2005,35.099998474121094,35.20000076293945,3000,35.400001525878906,35.25,31.210840225219727
29-08-2005,35.099998474121094,35.099998474121094,41500,35.402000427246094,35.400001525878906,31.343656539916992
30-08-2005,35.099998474121094,35.20000076293945,10000,35.400001525878906,35.400001525878906,31.343656539916992
31-08-2005,35.099998474121094,35.29999923706055,28500,36.11800003051758,36.11800003051758,31.97938346862793
01-09-2005,35.5,36.20000076293945,10000,36.20000076293945,35.5,31.432201385498047
02-09-2005,35.400001525878906,35.70000076293945,1000,35.70000076293945,35.400001525878906,31.343656539916992
06-09-2005,35.349998474121094,35.54999923706055,4000,35.75,35.35200119018555,31.301156997680664
07-09-2005,35.29999923706055,35.54999923706055,5500,35.54999923706055,35.400001525878906,31.343656539916992
08-09-2005,35.20000076293945,35.279998779296875,5500,35.279998779296875,35.20000076293945,31.166576385498047
09-09-2005,34.95000076293945,35.099998474121094,8500,35.20000076293945,34.95000076293945,30.945215225219727
12-09-2005,34.599998474121094,34.75,8000,34.900001525878906,34.599998474121094,30.635326385498047
13-09-2005,34.20000076293945,34.599998474121094,6000,34.599998474121094,34.36000061035156,30.422822952270508
14-09-2005,33.599998474121094,34.400001525878906,20000,34.599998474121094,33.599998474121094,29.749910354614254
15-09-2005,33.29999923706055,33.70000076293945,12000,33.70000076293945,33.400001525878906,29.57282829284668
16-09-2005,32.619998931884766,33.20000076293945,37000,33.20000076293945,33.20000076293945,29.3957462310791
19-09-2005,32.599998474121094,33.20000076293945,16000,33.20000076293945,32.97999954223633,29.20095634460449
20-09-2005,32.900001525878906,32.900001525878906,23500,33.79999923706055,33.70000076293945,29.838455200195312
21-09-2005,33.70000076293945,33.79999923706055,10500,34.0,33.849998474121094,29.971267700195312
22-09-2005,33.52000045776367,33.650001525878906,16500,33.849998474121094,33.529998779296875,29.687929153442383
23-09-2005,32.95000076293945,33.5,49500,33.79999923706055,33.099998474121094,29.307205200195312
26-09-2005,32.720001220703125,33.099998474121094,23500,33.10200119018555,32.742000579833984,28.9902286529541
27-09-2005,32.36000061035156,32.742000579833984,37000,32.79999923706055,32.79999923706055,29.04157829284668
28-09-2005,31.90399932861328,32.599998474121094,99000,32.60200119018555,32.220001220703125,28.528039932250977
29-09-2005,31.399999618530277,32.02000045776367,60000,32.20000076293945,32.099998474121094,28.42178726196289
30-09-2005,31.709999084472656,32.0,16500,32.0,31.709999084472656,28.076475143432617
03-10-2005,29.200000762939453,31.51000022888184,138000,31.511999130249023,30.0,26.562419891357425
04-10-2005,28.799999237060547,29.899999618530277,59000,29.899999618530277,28.98200035095215,25.661067962646484
05-10-2005,28.799999237060547,28.799999237060547,55500,29.899999618530277,29.479999542236328,26.10200500488281
06-10-2005,28.0,29.399999618530277,70500,29.399999618530277,28.200000762939453,24.968673706054688
07-10-2005,28.200000762939453,28.200000762939453,22500,29.350000381469727,28.950000762939453,25.632736206054688
10-10-2005,27.299999237060547,28.600000381469727,66000,28.600000381469727,28.049999237060547,24.835861206054688
11-10-2005,26.0,27.850000381469727,68000,27.850000381469727,26.13999938964844,23.14472198486328
12-10-2005,23.399999618530277,26.13999938964844,234500,26.347999572753903,23.5,20.80722999572754
13-10-2005,22.799999237060547,23.399999618530277,71500,23.700000762939453,23.399999618530277,20.71868324279785
14-10-2005,23.36400032043457,23.36400032043457,64000,24.0,23.63999938964844,20.93118667602539
17-10-2005,23.399999618530277,23.399999618530277,73500,24.450000762939453,23.899999618530277,21.16139793395996
18-10-2005,23.799999237060547,23.979999542236328,84500,25.0,24.899999618530277,22.04680824279785
19-10-2005,24.299999237060547,25.149999618530277,34000,25.25,25.200000762939453,22.31243324279785
20-10-2005,24.0,25.200000762939453,45500,25.299999237060547,24.290000915527344,21.506710052490234
21-10-2005,23.5,24.09000015258789,47000,24.25,24.25,21.47129440307617
24-10-2005,24.200000762939453,24.200000762939453,120000,26.25,26.100000381469727,23.109310150146484
25-10-2005,26.100000381469727,26.299999237060547,97000,27.99799919128418,27.600000381469727,24.437429428100582
26-10-2005,27.799999237060547,27.799999237060547,51000,28.979999542236328,28.399999618530277,25.145753860473636
27-10-2005,27.100000381469727,28.5,48000,28.5,27.479999542236328,24.3311767578125
28-10-2005,27.5,27.600000381469727,16500,28.299999237060547,28.01000022888184,24.800445556640625
31-10-2005,28.15999984741211,28.200000762939453,82000,29.5,29.450000762939453,26.075443267822266
01-11-2005,29.600000381469727,29.600000381469727,36500,29.899999618530277,29.8799991607666,26.456172943115234
02-11-2005,29.299999237060547,29.8799991607666,26000,30.0,29.34000015258789,25.97804450988769
03-11-2005,28.75,29.200000762939453,18500,29.200000762939453,29.04800033569336,25.719505310058597
04-11-2005,29.100000381469727,29.200000762939453,22000,29.700000762939453,29.399999618530277,26.03116798400879
07-11-2005,29.01000022888184,29.399999618530277,17500,30.0,30.0,26.562419891357425
08-11-2005,30.049999237060547,30.049999237060547,28000,30.63999938964844,30.5,27.005128860473636
09-11-2005,29.5,30.200000762939453,20500,30.200000762939453,29.926000595092773,26.496904373168945
10-11-2005,29.399999618530277,30.200000762939453,29500,30.200000762939453,29.5,26.11971473693848
11-11-2005,29.600000381469727,29.700000762939453,9000,30.200000762939453,29.6200008392334,26.225963592529297
14-11-2005,29.200000762939453,29.420000076293945,13500,29.63999938964844,29.549999237060547,26.16398048400879
15-11-2005,29.549999237060547,29.57999992370605,9500,29.799999237060547,29.600000381469727,26.208255767822266
16-11-2005,29.79800033569336,29.799999237060547,18000,30.399999618530277,30.299999237060547,26.82804107666016
17-11-2005,30.200000762939453,30.200000762939453,19500,30.799999237060547,30.299999237060547,26.82804107666016
18-11-2005,29.700000762939453,30.299999237060547,6000,30.299999237060547,29.700000762939453,26.296798706054688
21-11-2005,29.600000381469727,29.799999237060547,11000,30.0,30.0,26.562419891357425
22-11-2005,29.950000762939453,30.0,7000,30.0,30.0,26.562419891357425
23-11-2005,30.0,30.0,17500,30.600000381469727,30.5,27.005128860473636
25-11-2005,29.98200035095215,30.200000762939453,8500,30.399999618530277,30.399999618530277,26.91658592224121
28-11-2005,30.0,30.0,13000,30.31800079345703,30.149999618530277,26.695236206054688
29-11-2005,29.899999618530277,30.049999237060547,10500,30.399999618530277,30.399999618530277,26.91658592224121
30-11-2005,30.350000381469727,30.350000381469727,13000,30.80599975585937,30.700000762939453,27.182212829589844
01-12-2005,30.299999237060547,30.75,7000,30.75,30.299999237060547,26.82804107666016
02-12-2005,30.200000762939453,30.299999237060547,3000,30.399999618530277,30.200000762939453,26.739500045776367
05-12-2005,30.06999969482422,30.399999618530277,14000,30.399999618530277,30.39800071716309,26.91481590270996
06-12-2005,30.01000022888184,30.399999618530277,5000,30.399999618530277,30.01000022888184,26.571271896362305
07-12-2005,29.899999618530277,30.200000762939453,37500,30.200000762939453,30.0,26.562419891357425
08-12-2005,29.899999618530277,29.899999618530277,29000,30.101999282836918,30.0,26.562419891357425
09-12-2005,29.799999237060547,29.899999618530277,4000,30.0,29.799999237060547,26.385337829589844
12-12-2005,29.399999618530277,29.600000381469727,17500,30.0,30.0,26.562419891357425
13-12-2005,29.80599975585937,29.899999618530277,8500,30.0,30.0,26.562419891357425
14-12-2005,29.799999237060547,29.899999618530277,15500,29.950000762939453,29.950000762939453,26.51815414428711
15-12-2005,29.600000381469727,29.899999618530277,34500,29.899999618530277,29.700000762939453,26.296798706054688
16-12-2005,29.299999237060547,29.600000381469727,11000,29.649999618530277,29.399999618530277,26.03116798400879
19-12-2005,28.899999618530277,29.200000762939453,16500,29.5,28.899999618530277,25.58846664428711
20-12-2005,28.399999618530277,28.700000762939453,24500,28.799999237060547,28.799999237060547,25.49992561340332
21-12-2005,28.399999618530277,28.600000381469727,20500,29.399999618530277,29.197999954223636,25.852317810058597
22-12-2005,28.899999618530277,29.100000381469727,4000,29.143999099731445,29.0,25.677003860473636
23-12-2005,28.700000762939453,28.799999237060547,7500,28.799999237060547,28.770000457763672,25.473360061645508
27-12-2005,27.5,28.600000381469727,41500,28.76000022888184,28.600000381469727,25.32283973693848
28-12-2005,28.5,28.600000381469727,41500,28.899999618530277,28.899999618530277,25.58846664428711
29-12-2005,28.700000762939453,28.75,31500,29.0,29.0,25.677003860473636
30-12-2005,29.0,29.0,39500,29.799999237060547,29.799999237060547,26.385337829589844
03-01-2006,29.450000762939453,29.799999237060547,10000,29.836000442504883,29.479999542236328,26.10200500488281
04-01-2006,29.350000381469727,29.5,3000,29.5,29.5,26.11971473693848
05-01-2006,29.100000381469727,29.350000381469727,23000,29.899999618530277,29.83799934387207,26.41898536682129
06-01-2006,29.5,29.79599952697754,8500,29.79599952697754,29.600000381469727,26.208255767822266
09-01-2006,29.5,29.5,2500,29.50200080871582,29.50200080871582,26.121488571166992
10-01-2006,29.36000061035156,29.399999618530277,3000,29.399999618530277,29.3700008392334,26.004608154296875
11-01-2006,29.200000762939453,29.3700008392334,22500,29.3700008392334,29.20199966430664,25.85586166381836
12-01-2006,29.200000762939453,29.399999618530277,13000,29.600000381469727,29.31800079345703,25.95857048034668
13-01-2006,28.600000381469727,29.350000381469727,152000,29.549999237060547,28.600000381469727,25.32283973693848
17-01-2006,28.266000747680664,28.399999618530277,39500,28.799999237060547,28.600000381469727,25.32283973693848
18-01-2006,28.200000762939453,28.399999618530277,60500,28.600000381469727,28.350000381469727,25.101490020751957
19-01-2006,28.149999618530277,28.25,46500,28.399999618530277,28.149999618530277,24.92440414428711
20-01-2006,28.200000762939453,28.450000762939453,31500,28.450000762939453,28.399999618530277,25.145753860473636
23-01-2006,28.149999618530277,28.350000381469727,45500,28.399999618530277,28.149999618530277,24.92440414428711
24-01-2006,28.25,28.399999618530277,15500,28.5,28.299999237060547,25.05721664428711
25-01-2006,28.21999931335449,28.280000686645508,15500,28.75,28.399999618530277,25.145753860473636
26-01-2006,28.25,28.399999618530277,17000,28.483999252319336,28.25,25.012948989868164
27-01-2006,28.200000762939453,28.200000762939453,21000,28.36199951171875,28.25,25.012948989868164
30-01-2006,28.020000457763672,28.350000381469727,6000,28.350000381469727,28.020000457763672,24.809295654296875
31-01-2006,28.00200080871582,28.15999984741211,13000,28.15999984741211,28.020000457763672,24.809295654296875
01-02-2006,28.149999618530277,28.200000762939453,249000,28.333999633789062,28.299999237060547,25.05721664428711
02-02-2006,28.100000381469727,28.100000381469727,109500,28.333999633789062,28.299999237060547,25.05721664428711
03-02-2006,28.200000762939453,28.450000762939453,27500,28.586000442504883,28.447999954223636,25.188262939453125
06-02-2006,28.600000381469727,28.600000381469727,3000,28.899999618530277,28.899999618530277,25.58846664428711
07-02-2006,28.75,28.75,11500,29.020000457763672,29.020000457763672,25.69470977783203
08-02-2006,28.799999237060547,29.020000457763672,35500,29.399999618530277,28.899999618530277,25.58846664428711
09-02-2006,28.899999618530277,29.100000381469727,58500,29.100000381469727,29.0,25.677003860473636
10-02-2006,28.700000762939453,28.850000381469727,9000,29.399999618530277,29.200000762939453,25.85408592224121
13-02-2006,28.850000381469727,29.200000762939453,26000,29.200000762939453,28.850000381469727,25.544193267822266
14-02-2006,28.75,28.75,1000,28.75,28.75,25.455646514892575
15-02-2006,28.700000762939453,28.700000762939453,500,28.700000762939453,28.700000762939453,25.41138458251953
16-02-2006,28.600000381469727,28.600000381469727,1000,28.600000381469727,28.600000381469727,25.32283973693848
17-02-2006,28.600000381469727,28.600000381469727,7500,28.799999237060547,28.700000762939453,25.41138458251953
21-02-2006,28.399999618530277,28.799999237060547,30500,29.200000762939453,29.0,25.677003860473636
22-02-2006,28.799999237060547,28.899999618530277,7500,29.0,28.923999786376957,25.609712600708008
23-02-2006,28.81999969482422,29.0,23500,29.75,29.75,26.341068267822266
24-02-2006,29.399999618530277,29.600000381469727,8500,29.600000381469727,29.5,26.11971473693848
27-02-2006,29.299999237060547,29.299999237060547,3500,29.299999237060547,29.299999237060547,25.942628860473636
28-02-2006,29.100000381469727,29.100000381469727,4000,29.350000381469727,29.350000381469727,25.98689842224121
01-03-2006,29.149999618530277,29.29800033569336,9000,29.29800033569336,29.149999618530277,25.809814453125
02-03-2006,29.0,29.200000762939453,12500,29.200000762939453,29.200000762939453,25.85408592224121
03-03-2006,29.049999237060547,29.200000762939453,31000,29.351999282836918,29.049999237060547,25.836299896240234
06-03-2006,28.799999237060547,28.899999618530277,1000,28.899999618530277,28.799999237060547,25.613956451416016
07-03-2006,28.100000381469727,28.5,4500,28.5,28.100000381469727,24.99139976501465
08-03-2006,27.700000762939453,27.899999618530277,7500,28.054000854492188,28.054000854492188,24.95048713684082
09-03-2006,27.700000762939453,27.899999618530277,3000,27.899999618530277,27.799999237060547,24.724586486816406
10-03-2006,28.0,28.0,1000,28.100000381469727,28.100000381469727,24.99139976501465
13-03-2006,28.0,28.0,10500,28.649999618530277,28.649999618530277,25.48055076599121
14-03-2006,28.492000579833984,28.649999618530277,7000,28.649999618530277,28.649999618530277,25.48055076599121
15-03-2006,28.200000762939453,28.450000762939453,11500,28.450000762939453,28.302000045776367,25.171049118041992
16-03-2006,28.049999237060547,28.049999237060547,6500,28.399999618530277,28.19599914550781,25.076772689819336
17-03-2006,28.100000381469727,28.100000381469727,4000,28.299999237060547,28.299999237060547,25.16927146911621
20-03-2006,27.950000762939453,28.100000381469727,10000,28.100000381469727,27.950000762939453,24.857988357543945
21-03-2006,27.714000701904297,27.75,3500,27.761999130249023,27.714000701904297,24.64809799194336
22-03-2006,27.600000381469727,27.700000762939453,12000,27.733999252319336,27.600000381469727,24.546710968017575
23-03-2006,27.299999237060547,27.450000762939453,7500,27.59000015258789,27.549999237060547,24.502241134643555
24-03-2006,27.299999237060547,27.399999618530277,14000,28.100000381469727,28.100000381469727,24.99139976501465
27-03-2006,27.299999237060547,27.799999237060547,16500,27.799999237060547,27.649999618530277,24.59117889404297
28-03-2006,27.600000381469727,27.600000381469727,22000,28.299999237060547,28.0,24.9024600982666
29-03-2006,27.799999237060547,27.799999237060547,16500,28.049999237060547,27.92200088500977,24.83308982849121
30-03-2006,27.700000762939453,27.700000762939453,7000,28.0,28.0,24.9024600982666
31-03-2006,27.899999618530277,28.100000381469727,58000,29.399999618530277,29.399999618530277,26.147581100463867
03-04-2006,29.100000381469727,29.25,17000,29.25,29.15800094604492,25.932355880737305
04-04-2006,28.780000686645508,29.200000762939453,16500,29.200000762939453,28.780000686645508,25.596168518066406
05-04-2006,28.700000762939453,28.700000762939453,14000,29.200000762939453,29.200000762939453,25.969707489013672
06-04-2006,29.24799919128418,29.24799919128418,111500,30.100000381469727,29.700000762939453,26.414396286010746
07-04-2006,29.492000579833984,29.700000762939453,14500,29.700000762939453,29.5,26.236522674560547
10-04-2006,29.399999618530277,29.549999237060547,18000,29.606000900268555,29.399999618530277,26.147581100463867
11-04-2006,29.399999618530277,29.600000381469727,18500,29.950000762939453,29.399999618530277,26.147581100463867
12-04-2006,29.200000762939453,29.299999237060547,4000,29.399999618530277,29.399999618530277,26.147581100463867
13-04-2006,29.197999954223636,29.299999237060547,8500,29.350000381469727,29.197999954223636,25.96792984008789
17-04-2006,28.75,29.100000381469727,10500,29.100000381469727,28.899999618530277,25.70289421081543
18-04-2006,28.600000381469727,28.700000762939453,12500,29.100000381469727,29.077999114990234,25.861204147338867
19-04-2006,29.402000427246094,29.600000381469727,11500,29.600000381469727,29.402000427246094,26.149356842041016
20-04-2006,29.299999237060547,29.299999237060547,19000,29.5,29.45800018310547,26.19916534423828
21-04-2006,29.1200008392334,29.350000381469727,32000,30.0,29.1200008392334,25.898555755615234
24-04-2006,29.0,29.100000381469727,2000,29.100000381469727,29.0,25.79183578491211
25-04-2006,28.700000762939453,28.950000762939453,6000,28.959999084472656,28.70199966430664,25.52680015563965
26-04-2006,28.600000381469727,28.652000427246094,10000,29.299999237060547,29.11000061035156,25.889663696289062
27-04-2006,29.399999618530277,29.399999618530277,23000,29.700000762939453,29.600000381469727,26.325458526611328
28-04-2006,29.600000381469727,29.799999237060547,10000,29.920000076293945,29.700000762939453,26.414396286010746
01-05-2006,29.450000762939453,29.799999237060547,13500,29.799999237060547,29.450000762939453,26.192052841186523
02-05-2006,29.0,29.399999618530277,16000,29.399999618530277,29.020000457763672,25.80961799621582
03-05-2006,28.81999969482422,29.200000762939453,33500,29.200000762939453,29.100000381469727,25.88077163696289
04-05-2006,29.149999618530277,29.200000762939453,15500,29.25,29.149999618530277,25.92523956298828
05-05-2006,28.799999237060547,29.14800071716309,6500,29.14800071716309,28.899999618530277,25.70289421081543
08-05-2006,29.049999237060547,29.049999237060547,1500,29.049999237060547,29.049999237060547,25.836299896240234
09-05-2006,28.850000381469727,28.850000381469727,500,28.850000381469727,28.850000381469727,25.658428192138672
10-05-2006,28.649999618530277,28.899999618530277,3000,28.899999618530277,28.649999618530277,25.48055076599121
11-05-2006,28.5,28.799999237060547,5500,28.850000381469727,28.600000381469727,25.43608665466309
12-05-2006,28.299999237060547,28.649999618530277,4500,28.649999618530277,28.299999237060547,25.16927146911621
15-05-2006,28.450000762939453,28.700000762939453,13500,28.850000381469727,28.45199966430664,25.30445671081543
16-05-2006,28.299999237060547,28.399999618530277,7500,28.53199958801269,28.42200088500977,25.27777671813965
17-05-2006,28.600000381469727,28.600000381469727,7500,28.799999237060547,28.799999237060547,25.613956451416016
18-05-2006,28.420000076293945,28.600000381469727,6500,28.600000381469727,28.420000076293945,25.275997161865234
19-05-2006,28.21999931335449,28.299999237060547,12500,28.399999618530277,28.21999931335449,25.098121643066406
22-05-2006,28.149999618530277,28.280000686645508,2500,28.280000686645508,28.149999618530277,25.035863876342773
23-05-2006,28.21999931335449,28.21999931335449,1500,28.299999237060547,28.280000686645508,25.151485443115234
24-05-2006,28.020000457763672,28.1299991607666,8500,28.24799919128418,28.09000015258789,24.98250389099121
25-05-2006,28.170000076293945,28.170000076293945,1500,28.25,28.25,25.12480354309082
26-05-2006,28.100000381469727,28.15999984741211,4000,28.200000762939453,28.200000762939453,25.08032989501953
30-05-2006,28.600000381469727,28.700000762939453,45500,29.399999618530277,29.200000762939453,25.969707489013672
31-05-2006,29.21999931335449,29.229999542236328,26500,29.996000289916992,29.600000381469727,26.325458526611328
01-06-2006,29.700000762939453,29.700000762939453,22000,30.100000381469727,29.700000762939453,26.414396286010746
02-06-2006,29.356000900268555,29.75,13000,30.0,29.600000381469727,26.325458526611328
05-06-2006,29.799999237060547,29.799999237060547,2000,29.899999618530277,29.88999938964844,26.583372116088867
06-06-2006,29.700000762939453,29.950000762939453,69500,30.100000381469727,29.700000762939453,26.414396286010746
07-06-2006,29.600000381469727,29.799999237060547,4000,29.799999237060547,29.700000762939453,26.414396286010746
08-06-2006,29.299999237060547,29.600000381469727,4000,29.600000381469727,29.299999237060547,26.05864524841309
09-06-2006,28.899999618530277,29.200000762939453,3500,29.200000762939453,28.899999618530277,25.70289421081543
12-06-2006,28.899999618530277,28.899999618530277,2500,28.950000762939453,28.950000762939453,25.74736595153809
13-06-2006,28.399999618530277,28.850000381469727,16500,28.850000381469727,28.399999618530277,25.258209228515625
14-06-2006,27.799999237060547,28.600000381469727,42500,28.74799919128418,28.600000381469727,25.43608665466309
15-06-2006,28.549999237060547,28.549999237060547,28000,29.799999237060547,29.299999237060547,26.05864524841309
16-06-2006,29.0,29.100000381469727,29500,29.799999237060547,29.5,26.236522674560547
19-06-2006,28.81999969482422,29.399999618530277,11500,29.697999954223636,28.90800094604492,25.71001243591309
20-06-2006,28.200000762939453,28.350000381469727,22000,28.649999618530277,28.600000381469727,25.43608665466309
21-06-2006,28.799999237060547,28.799999237060547,1500,28.799999237060547,28.799999237060547,25.613956451416016
22-06-2006,28.420000076293945,28.799999237060547,4500,28.799999237060547,28.799999237060547,25.613956451416016
23-06-2006,28.600000381469727,28.850000381469727,8000,29.0,28.950000762939453,25.74736595153809
26-06-2006,28.799999237060547,28.799999237060547,13000,29.600000381469727,29.600000381469727,26.325458526611328
27-06-2006,29.399999618530277,29.600000381469727,10500,29.75,29.399999618530277,26.147581100463867
28-06-2006,29.399999618530277,29.399999618530277,2500,29.799999237060547,29.799999237060547,26.503332138061523
29-06-2006,29.600000381469727,29.600000381469727,1500,29.799999237060547,29.700000762939453,26.414396286010746
30-06-2006,29.600000381469727,29.899999618530277,7500,29.899999618530277,29.75,26.4588623046875
03-07-2006,29.700000762939453,29.700000762939453,3000,29.75200080871582,29.739999771118164,26.44996833801269
05-07-2006,29.597999572753903,29.597999572753903,22000,29.75,29.600000381469727,26.325458526611328
06-07-2006,29.399999618530277,29.649999618530277,5500,29.649999618530277,29.399999618530277,26.147581100463867
07-07-2006,29.200000762939453,29.200000762939453,500,29.200000762939453,29.200000762939453,25.969707489013672
10-07-2006,29.200000762939453,29.200000762939453,0,29.200000762939453,29.200000762939453,25.969707489013672
11-07-2006,28.496000289916992,29.0,22500,29.097999572753903,28.600000381469727,25.43608665466309
12-07-2006,28.799999237060547,28.799999237060547,6000,29.049999237060547,29.049999237060547,25.836299896240234
13-07-2006,28.850000381469727,28.850000381469727,10000,29.0,29.0,25.79183578491211
14-07-2006,28.402000427246094,28.799999237060547,7000,28.799999237060547,28.402000427246094,25.259986877441406
17-07-2006,28.149999618530277,28.299999237060547,10000,28.5,28.399999618530277,25.258209228515625
18-07-2006,28.299999237060547,28.600000381469727,13500,28.600000381469727,28.299999237060547,25.16927146911621
19-07-2006,28.299999237060547,28.299999237060547,0,28.299999237060547,28.299999237060547,25.16927146911621
20-07-2006,28.299999237060547,28.450000762939453,20500,28.450000762939453,28.299999237060547,25.16927146911621
21-07-2006,28.299999237060547,28.299999237060547,8000,28.600000381469727,28.31999969482422,25.18705940246582
24-07-2006,28.0,28.299999237060547,12000,28.57999992370605,28.57999992370605,25.41829490661621
25-07-2006,28.5,28.700000762939453,12500,29.299999237060547,29.0,25.79183578491211
26-07-2006,29.0,29.0,3500,29.3700008392334,29.3700008392334,26.12090110778809
27-07-2006,29.200000762939453,29.200000762939453,8000,29.399999618530277,29.200000762939453,25.969707489013672
28-07-2006,29.0,29.0,11500,29.351999282836918,29.280000686645508,26.04085922241211
31-07-2006,29.280000686645508,29.280000686645508,0,29.280000686645508,29.280000686645508,26.04085922241211
01-08-2006,29.059999465942383,29.149999618530277,14500,29.399999618530277,29.299999237060547,26.05864524841309
02-08-2006,29.285999298095703,29.399999618530277,24500,29.600000381469727,29.285999298095703,26.04619407653809
03-08-2006,28.899999618530277,29.086000442504883,4000,29.086000442504883,28.899999618530277,25.70289421081543
04-08-2006,28.799999237060547,28.799999237060547,7000,28.802000045776367,28.799999237060547,25.613956451416016
07-08-2006,28.479999542236328,28.799999237060547,19500,28.799999237060547,28.479999542236328,25.329355239868164
08-08-2006,28.25,28.450000762939453,2500,28.45199966430664,28.25,25.12480354309082
09-08-2006,28.31999969482422,28.31999969482422,52500,29.39800071716309,29.21199989318848,25.98038101196289
10-08-2006,29.200000762939453,29.25,3500,29.25,29.200000762939453,25.969707489013672
11-08-2006,29.100000381469727,29.399999618530277,20500,29.600000381469727,29.100000381469727,25.88077163696289
14-08-2006,28.899999618530277,29.0,1000,29.0,28.899999618530277,25.70289421081543
15-08-2006,28.850000381469727,29.0,8500,29.0,29.0,25.79183578491211
16-08-2006,28.799999237060547,29.0,17000,29.00200080871582,28.799999237060547,25.613956451416016
17-08-2006,28.799999237060547,28.799999237060547,14000,29.43400001525879,29.1200008392334,25.898555755615234
18-08-2006,29.049999237060547,29.149999618530277,7500,29.600000381469727,29.600000381469727,26.325458526611328
21-08-2006,29.54800033569336,29.54800033569336,11000,29.549999237060547,29.549999237060547,26.28098487854004
22-08-2006,29.350000381469727,29.399999618530277,2500,29.402000427246094,29.402000427246094,26.149356842041016
23-08-2006,29.5,29.5,23000,30.5,30.0,26.68120574951172
24-08-2006,30.0,30.0,14500,30.5,30.5,27.125896453857425
25-08-2006,30.511999130249023,30.700000762939453,120000,34.150001525878906,33.04999923706055,29.393796920776367
28-08-2006,33.25,33.25,55000,34.599998474121094,33.900001525878906,30.149763107299805
29-08-2006,33.20000076293945,33.902000427246094,14500,33.902000427246094,33.402000427246094,29.70685577392578
30-08-2006,33.20000076293945,33.40399932861328,13000,33.900001525878906,33.400001525878906,29.705081939697266
31-08-2006,31.600000381469727,33.29999923706055,56500,33.29999923706055,33.29999923706055,29.61613655090332
01-09-2006,33.04999923706055,33.400001525878906,88000,34.849998474121094,34.0,30.23870086669922
05-09-2006,33.54999923706055,33.79999923706055,35000,34.20000076293945,33.599998474121094,29.882953643798828
06-09-2006,33.04999923706055,33.439998626708984,15000,33.439998626708984,33.25400161743164,29.575231552124023
07-09-2006,32.50199890136719,33.0,11500,33.0,32.50199890136719,28.906421661376957
08-09-2006,32.00199890136719,32.400001525878906,25500,32.400001525878906,32.099998474121094,28.548887252807617
11-09-2006,31.350000381469727,32.0,23000,32.0,31.350000381469727,27.88185691833496
12-09-2006,31.00200080871582,31.200000762939453,33500,31.99799919128418,31.21199989318848,27.759126663208008
13-09-2006,31.200000762939453,31.39800071716309,7500,31.780000686645508,31.777999877929688,28.262514114379883
14-09-2006,31.600000381469727,31.799999237060547,8500,32.0,31.600000381469727,28.104204177856445
15-09-2006,31.299999237060547,31.399999618530277,5000,31.600000381469727,31.600000381469727,28.104204177856445
18-09-2006,31.399999618530277,31.600000381469727,13000,31.899999618530277,31.700000762939453,28.19314384460449
19-09-2006,31.350000381469727,31.996000289916992,6000,31.996000289916992,31.350000381469727,27.88185691833496
20-09-2006,31.15999984741211,31.25,9500,31.299999237060547,31.15999984741211,27.71288299560547
21-09-2006,30.75,31.049999237060547,5000,31.200000762939453,30.75,27.348234176635746
22-09-2006,30.200000762939453,30.600000381469727,13000,30.649999618530277,30.552000045776367,27.172143936157227
25-09-2006,30.75200080871582,30.75200080871582,7500,31.600000381469727,31.56800079345703,28.075742721557617
26-09-2006,31.00200080871582,31.149999618530277,5500,31.25,31.052000045776367,27.616823196411133
27-09-2006,31.450000762939453,31.450000762939453,1500,31.649999618530277,31.649999618530277,28.148670196533203
28-09-2006,31.649999618530277,31.649999618530277,25500,32.70000076293945,32.172000885009766,28.612924575805664
29-09-2006,31.899999618530277,32.0,25000,33.0,32.29999923706055,28.726768493652344
02-10-2006,31.21999931335449,32.29999923706055,32000,32.29999923706055,31.38599967956543,27.913877487182617
03-10-2006,31.200000762939453,31.200000762939453,97000,31.5,31.200000762939453,27.74845695495605
04-10-2006,31.0,31.200000762939453,4500,31.200000762939453,31.0,27.570579528808597
05-10-2006,31.149999618530277,31.200000762939453,7500,31.600000381469727,31.600000381469727,28.104204177856445
06-10-2006,30.799999237060547,31.399999618530277,19000,31.399999618530277,30.802000045776367,27.39448356628418
09-10-2006,30.600000381469727,30.600000381469727,4500,31.100000381469727,31.100000381469727,27.659523010253903
10-10-2006,30.92200088500977,31.0,9500,31.399999618530277,31.3799991607666,27.908546447753903
11-10-2006,30.850000381469727,31.200000762939453,17500,31.38599967956543,30.850000381469727,27.437175750732425
12-10-2006,30.799999237060547,31.049999237060547,11000,31.450000762939453,31.0,27.570579528808597
13-10-2006,31.0,31.0,6500,31.101999282836918,31.0,27.570579528808597
16-10-2006,30.802000045776367,31.200000762939453,102000,31.23200035095215,30.802000045776367,27.39448356628418
17-10-2006,30.399999618530277,30.899999618530277,16500,31.197999954223636,30.68000030517578,27.285978317260746
18-10-2006,30.200000762939453,30.200000762939453,6500,30.79800033569336,30.775999069213867,27.371360778808597
19-10-2006,30.700000762939453,30.700000762939453,19500,31.0,30.799999237060547,27.39270401000977
20-10-2006,30.399999618530277,31.0,17500,31.0,30.399999618530277,27.03695678710937
23-10-2006,30.399999618530277,30.399999618530277,3000,30.600000381469727,30.549999237060547,27.170360565185547
24-10-2006,30.6200008392334,30.75,6500,30.899999618530277,30.63999938964844,27.25040626525879
25-10-2006,30.950000762939453,30.950000762939453,15500,31.25,31.020000457763672,27.58836555480957
26-10-2006,30.799999237060547,31.100000381469727,11000,31.200000762939453,30.799999237060547,27.39270401000977
27-10-2006,31.200000762939453,31.200000762939453,77500,33.400001525878906,33.39799880981445,29.70330047607422
30-10-2006,32.599998474121094,33.70000076293945,13000,33.70000076293945,32.9900016784668,29.340436935424805
31-10-2006,32.0,33.0,19500,33.400001525878906,33.099998474121094,29.438268661499023
01-11-2006,30.799999237060547,32.599998474121094,55000,32.599998474121094,31.100000381469727,27.659523010253903
02-11-2006,31.100000381469727,31.299999237060547,105500,32.099998474121094,31.200000762939453,27.74845695495605
03-11-2006,31.0,31.0,13000,31.399999618530277,31.299999237060547,27.83738899230957
06-11-2006,31.5,31.5,26500,32.400001525878906,32.400001525878906,28.81570625305176
07-11-2006,32.20000076293945,32.20000076293945,9000,32.5,32.5,28.904638290405277
08-11-2006,31.700000762939453,32.400001525878906,51000,33.400001525878906,33.400001525878906,29.705081939697266
09-11-2006,33.487998962402344,33.487998962402344,33000,34.400001525878906,34.400001525878906,30.59444999694824
10-11-2006,34.198001861572266,34.20000076293945,10500,34.79999923706055,34.20000076293945,30.416582107543945
13-11-2006,33.29999923706055,33.70000076293945,58000,34.0,34.0,30.23870086669922
14-11-2006,33.402000427246094,33.599998474121094,20500,34.0,33.900001525878906,30.149763107299805
15-11-2006,34.05400085449219,34.20000076293945,14500,34.79999923706055,34.599998474121094,30.77231979370117
16-11-2006,34.0,34.5,16000,34.599998474121094,34.0,30.23870086669922
17-11-2006,33.79999923706055,33.79999923706055,9500,34.29999923706055,34.198001861572266,30.414798736572266
20-11-2006,33.402000427246094,33.79999923706055,13000,34.099998474121094,33.97999954223633,30.220911026000977
21-11-2006,34.20000076293945,34.20000076293945,36000,35.198001861572266,35.0,31.12806701660156
22-11-2006,34.29999923706055,34.70000076293945,52000,36.400001525878906,35.400001525878906,31.48382377624512
24-11-2006,35.0,35.599998474121094,16500,35.928001403808594,35.79999923706055,31.839576721191406
27-11-2006,35.18000030517578,35.599998474121094,19000,36.400001525878906,36.400001525878906,32.37320709228516
28-11-2006,36.59999847412109,36.59999847412109,44500,38.400001525878906,38.400001525878906,34.151947021484375
29-11-2006,38.04999923706055,38.04999923706055,48000,39.99800109863281,39.98799896240234,35.56427383422852
30-11-2006,38.70000076293945,39.70000076293945,71500,40.59999847412109,38.70000076293945,34.41876602172852
01-12-2006,37.59999847412109,38.70000076293945,22500,38.89599990844727,38.79999923706055,34.507686614990234
04-12-2006,38.0,38.79399871826172,15500,38.79399871826172,38.400001525878906,34.151947021484375
05-12-2006,37.59999847412109,38.0,8500,38.400001525878906,38.34799957275391,34.10569381713867
06-12-2006,37.95000076293945,38.150001525878906,23500,39.20000076293945,38.83000183105469,34.53437805175781
07-12-2006,38.29999923706055,39.0,50000,39.20000076293945,38.29999923706055,34.0629997253418
08-12-2006,38.29999923706055,38.5,15000,39.0,38.5,34.24088287353516
11-12-2006,37.79999923706055,38.29999923706055,12500,38.70000076293945,38.70000076293945,34.41876602172852
12-12-2006,38.5,38.5,2500,38.900001525878906,38.79600143432617,34.50414276123047
13-12-2006,38.43999862670898,38.5,54500,39.96799850463867,39.0,34.68556213378906
14-12-2006,39.0,39.20000076293945,44500,39.20000076293945,39.00199890136719,34.68734359741211
15-12-2006,38.400001525878906,38.79999923706055,6500,39.0,38.59999847412109,34.329811096191406
18-12-2006,38.70000076293945,38.79999923706055,46000,39.0,38.79999923706055,34.507686614990234
19-12-2006,38.79999923706055,38.79999923706055,1000,38.79999923706055,38.79999923706055,34.507686614990234
20-12-2006,38.79999923706055,39.0,15000,39.59999847412109,39.20000076293945,34.86343765258789
21-12-2006,39.0,39.400001525878906,9000,39.59999847412109,39.5,35.130252838134766
22-12-2006,38.59999847412109,39.0,12500,39.198001861572266,38.99800109863281,34.68378448486328
26-12-2006,38.60200119018555,39.20000076293945,7000,39.402000427246094,38.60200119018555,34.33158874511719
27-12-2006,38.80199813842773,38.80199813842773,5000,39.79999923706055,39.79999923706055,35.39707565307617
28-12-2006,40.0,40.0,74500,43.0,43.0,38.24306106567383
29-12-2006,42.0,43.198001861572266,18000,44.20000076293945,43.400001525878906,38.59881210327149
03-01-2007,42.0,43.0,27000,44.20000076293945,43.0,38.24306106567383
04-01-2007,43.79999923706055,44.0,126000,44.44400024414063,44.20000076293945,39.31032180786133
05-01-2007,43.79999923706055,43.79999923706055,15000,45.59999847412109,45.59799957275391,40.553653717041016
08-01-2007,41.59999847412109,45.59799957275391,45000,45.59999847412109,44.0,39.1324348449707
09-01-2007,42.79999923706055,43.70000076293945,19500,44.0,43.59999847412109,38.77668380737305
10-01-2007,42.83599853515625,43.20000076293945,21500,43.52799987792969,42.83599853515625,38.097206115722656
11-01-2007,41.25,42.45000076293945,26000,43.0,43.0,38.24306106567383
12-01-2007,42.38999938964844,42.79999923706055,9000,42.79999923706055,42.667999267578125,37.947784423828125
16-01-2007,42.900001525878906,42.900001525878906,10500,44.59999847412109,44.38199996948242,39.47217178344727
17-01-2007,44.0,44.38199996948242,8000,44.400001525878906,44.0,39.1324348449707
18-01-2007,43.29999923706055,43.59999847412109,5500,44.400001525878906,44.400001525878906,39.48818588256836
19-01-2007,43.459999084472656,43.84999847412109,5000,44.400001525878906,44.400001525878906,39.48818588256836
22-01-2007,43.29999923706055,44.400001525878906,6000,44.400001525878906,43.70000076293945,38.86562728881836
23-01-2007,42.72800064086914,42.900001525878906,10500,43.29999923706055,42.84999847412109,38.109649658203125
24-01-2007,42.57799911499024,42.650001525878906,6500,44.72999954223633,44.29999923706055,39.39924240112305
25-01-2007,43.0,44.0,11500,45.0,44.959999084472656,39.98622894287109
26-01-2007,45.26800155639648,45.36000061035156,17500,46.09999847412109,45.26800155639648,40.26017379760742
29-01-2007,44.54999923706055,45.09999847412109,14000,46.45000076293945,45.59600067138672,40.551883697509766
30-01-2007,45.59999847412109,45.59999847412109,11500,45.900001525878906,45.79999923706055,40.73330307006836
31-01-2007,45.79999923706055,46.0,16000,48.20000076293945,48.20000076293945,42.8678092956543
01-02-2007,47.59999847412109,48.59999847412109,33500,49.20000076293945,48.0,42.6899299621582
02-02-2007,47.59799957275391,47.59999847412109,8000,47.99800109863281,47.88999938964844,42.592098236083984
05-02-2007,46.29800033569336,48.0,16500,48.0,46.5,41.35586929321289
06-02-2007,46.20000076293945,46.59999847412109,7000,47.0,47.0,41.800559997558594
07-02-2007,46.59999847412109,46.59999847412109,4500,47.70000076293945,47.59999847412109,42.33417892456055
08-02-2007,48.09999847412109,48.09999847412109,9500,49.59999847412109,49.09999847412109,43.668235778808594
09-02-2007,49.20000076293945,49.400001525878906,9000,49.59999847412109,49.59799957275391,44.11114883422852
12-02-2007,48.20000076293945,49.0,6000,49.400001525878906,48.20000076293945,42.8678092956543
13-02-2007,48.400001525878906,48.5,5000,48.900001525878906,48.900001525878906,43.49036407470703
14-02-2007,48.400001525878906,49.0,3000,49.0,48.400001525878906,43.045684814453125
15-02-2007,48.0,48.400001525878906,2500,48.400001525878906,48.20000076293945,42.8678092956543
16-02-2007,47.59999847412109,48.0,4500,48.400001525878906,47.61199951171875,42.34485626220703
20-02-2007,47.79999923706055,47.79999923706055,4500,48.59999847412109,48.59999847412109,43.22355651855469
21-02-2007,48.0,48.5,5000,48.59999847412109,48.0,42.6899299621582
22-02-2007,48.400001525878906,48.400001525878906,12500,48.900001525878906,48.900001525878906,43.49036407470703
23-02-2007,48.79999923706055,48.79999923706055,9500,49.79999923706055,49.79999923706055,44.29079818725586
26-02-2007,49.20000076293945,49.400001525878906,4500,49.84799957275391,49.79999923706055,44.29079818725586
27-02-2007,47.79999923706055,49.400001525878906,6500,49.79999923706055,49.0,43.57930374145508
28-02-2007,48.0,48.59999847412109,47500,52.59999847412109,49.400001525878906,43.93505096435547
01-03-2007,47.59999847412109,49.0,12000,49.400001525878906,47.70000076293945,42.42312240600586
02-03-2007,47.50400161743164,48.29999923706055,7500,48.29999923706055,48.0,42.6899299621582
05-03-2007,47.354000091552734,48.13999938964844,11000,48.13999938964844,47.354000091552734,42.25625228881836
06-03-2007,45.84000015258789,48.0,18000,48.0,46.59999847412109,41.58341598510742
07-03-2007,46.20000076293945,46.20000076293945,26500,47.900001525878906,46.20000076293945,41.22648239135742
08-03-2007,46.00400161743164,46.00400161743164,14500,46.63600158691406,46.400001525878906,41.40495300292969
09-03-2007,44.08000183105469,46.0,33000,47.20000076293945,47.20000076293945,42.11882781982422
12-03-2007,47.0,47.400001525878906,6000,48.0,48.0,42.83271026611328
13-03-2007,47.59999847412109,48.0,5000,48.0,47.79999923706055,42.654239654541016
14-03-2007,47.400001525878906,47.79999923706055,2500,47.79999923706055,47.400001525878906,42.29729843139648
15-03-2007,47.40800094604492,47.70000076293945,15000,48.400001525878906,48.400001525878906,43.18964767456055
16-03-2007,48.59999847412109,48.59999847412109,1000,48.59999847412109,48.59999847412109,43.36811065673828
19-03-2007,47.900001525878906,48.29999923706055,2000,48.310001373291016,47.900001525878906,42.74346923828125
20-03-2007,48.0,48.29999923706055,6500,48.29999923706055,48.0,42.83271026611328
21-03-2007,47.790000915527344,47.79999923706055,6500,48.0,48.0,42.83271026611328
22-03-2007,47.79999923706055,48.0,5000,48.0,47.79999923706055,42.654239654541016
23-03-2007,47.0,48.20000076293945,17000,48.20000076293945,47.108001708984375,42.036739349365234
26-03-2007,47.400001525878906,47.400001525878906,3500,47.79999923706055,47.400001525878906,42.29729843139648
27-03-2007,47.400001525878906,47.70000076293945,5500,47.70000076293945,47.400001525878906,42.29729843139648
28-03-2007,47.59999847412109,47.59999847412109,6000,47.79999923706055,47.70000076293945,42.56500244140625
29-03-2007,47.79999923706055,48.0,6500,48.0,47.79999923706055,42.654239654541016
30-03-2007,48.0,48.0,18000,48.79800033569336,48.5,43.27888107299805
02-04-2007,48.09999847412109,48.5,39500,48.79999923706055,48.79999923706055,43.54657745361328
03-04-2007,48.79999923706055,48.79999923706055,85500,49.83399963378906,49.20000076293945,43.90352630615234
04-04-2007,49.06999969482422,49.20000076293945,7500,49.20000076293945,49.06999969482422,43.78751754760742
05-04-2007,49.27000045776367,49.27000045776367,21500,49.959999084472656,49.400001525878906,44.08198928833008
09-04-2007,48.99800109863281,49.400001525878906,5000,49.400001525878906,48.99800109863281,43.723270416259766
10-04-2007,48.757999420166016,49.09999847412109,12000,49.09999847412109,49.0,43.72505187988281
11-04-2007,48.70000076293945,49.29999923706055,11000,49.29999923706055,48.74800109863281,43.50017929077149
12-04-2007,48.0,48.34999847412109,8000,48.34999847412109,48.29999923706055,43.10041427612305
13-04-2007,48.0,48.400001525878906,3000,48.400001525878906,48.290000915527344,43.09150314331055
16-04-2007,48.0,48.290000915527344,5000,48.5099983215332,48.0,42.83271026611328
17-04-2007,47.5,47.900001525878906,14500,48.0,47.99800109863281,42.83092498779297
18-04-2007,47.79999923706055,48.09999847412109,31500,48.5,47.900001525878906,42.74346923828125
19-04-2007,47.79999923706055,47.84999847412109,3000,47.97999954223633,47.97999954223633,42.81485366821289
20-04-2007,48.0,48.29999923706055,10500,48.400001525878906,48.0,42.83271026611328
23-04-2007,47.79999923706055,47.79999923706055,5000,48.0,48.0,42.83271026611328
24-04-2007,48.0,48.20000076293945,10000,48.20000076293945,48.0,42.83271026611328
25-04-2007,47.79999923706055,48.0,7500,48.060001373291016,48.0,42.83271026611328
26-04-2007,47.09999847412109,47.70000076293945,8000,48.0,48.0,42.83271026611328
27-04-2007,48.0,48.0,1500,48.0,48.0,42.83271026611328
30-04-2007,47.70800018310547,48.0,17500,48.79999923706055,48.79999923706055,43.54657745361328
01-05-2007,48.2400016784668,48.5,8000,49.20000076293945,48.90999984741211,43.644752502441406
02-05-2007,46.79999923706055,49.0,17000,49.0,48.20000076293945,43.01118087768555
03-05-2007,47.50199890136719,48.900001525878906,11500,48.900001525878906,47.608001708984375,42.48291397094727
04-05-2007,47.608001708984375,47.608001708984375,5000,48.59999847412109,48.59999847412109,43.36811065673828
07-05-2007,48.20000076293945,48.400001525878906,12000,49.79999923706055,49.0,43.72505187988281
08-05-2007,48.70000076293945,48.70000076293945,4000,49.29999923706055,48.70000076293945,43.45735931396485
09-05-2007,47.70000076293945,48.400001525878906,3500,48.400001525878906,47.79999923706055,42.654239654541016
10-05-2007,44.0,47.400001525878906,27500,47.9900016784668,47.0,41.94036483764648
11-05-2007,45.20000076293945,45.20000076293945,12000,48.0,47.38999938964844,42.28837585449219
14-05-2007,46.79999923706055,47.400001525878906,9000,47.70000076293945,47.0,41.94036483764648
15-05-2007,46.99800109863281,47.0,5000,47.0,46.99800109863281,41.938568115234375
16-05-2007,46.604000091552734,46.70000076293945,1500,46.70000076293945,46.604000091552734,41.58698654174805
17-05-2007,45.04800033569336,46.400001525878906,6000,46.400001525878906,45.400001525878906,40.51260757446289
18-05-2007,41.08000183105469,45.25,47000,45.25,44.20000076293945,39.44179153442383
21-05-2007,41.60200119018555,43.25,148000,43.29999923706055,41.810001373291016,37.30907440185547
22-05-2007,42.400001525878906,42.400001525878906,28000,44.400001525878906,43.31999969482422,38.65652084350586
23-05-2007,42.70000076293945,43.59999847412109,14000,44.400001525878906,44.0,39.26331329345703
24-05-2007,42.59999847412109,43.59999847412109,10000,43.9900016784668,43.9900016784668,39.25439834594727
25-05-2007,42.20000076293945,43.20000076293945,5000,43.20000076293945,42.209999084472656,37.666011810302734
29-05-2007,42.0,42.400001525878906,24000,43.77999877929688,43.49599838256836,38.81356430053711
30-05-2007,43.400001525878906,43.79999923706055,19000,45.0,45.0,40.15566253662109
31-05-2007,45.0,45.29999923706055,21000,45.99800109863281,45.900001525878906,40.95878601074219
01-06-2007,45.29999923706055,45.79999923706055,9000,45.900001525878906,45.29999923706055,40.42336654663086
04-06-2007,45.0,45.0,15500,47.0,46.93000030517578,41.877891540527344
05-06-2007,46.5,46.810001373291016,3500,47.13999938964844,46.5,41.49418640136719
06-06-2007,46.59999847412109,46.900001525878906,8000,47.400001525878906,47.0,41.94036483764648
07-06-2007,47.400001525878906,48.900001525878906,19000,48.900001525878906,48.0,42.83271026611328
08-06-2007,47.79999923706055,48.400001525878906,2500,48.400001525878906,47.79999923706055,42.654239654541016
11-06-2007,47.0,47.80199813842773,9000,48.20000076293945,48.0,42.83271026611328
12-06-2007,47.20000076293945,47.79999923706055,7500,48.0,47.34600067138672,42.24910354614258
13-06-2007,45.810001373291016,46.94599914550781,9500,46.94599914550781,46.79999923706055,41.76187515258789
14-06-2007,45.59999847412109,46.400001525878906,21000,49.720001220703125,47.0,41.94036483764648
15-06-2007,47.20000076293945,47.400001525878906,14000,48.80199813842773,48.59000015258789,43.359188079833984
18-06-2007,48.400001525878906,48.400001525878906,15000,50.5,50.5,45.06357955932617
19-06-2007,50.59999847412109,50.70000076293945,18500,52.84999847412109,52.79999923706055,47.11597442626953
20-06-2007,52.10200119018555,52.10200119018555,69500,57.0,54.900001525878906,48.98990631103516
21-06-2007,54.20000076293945,55.20000076293945,47500,56.5,56.0,49.97149658203125
22-06-2007,55.60599899291992,56.0,22000,57.59999847412109,56.70000076293945,50.59613800048828
25-06-2007,57.80799865722656,58.400001525878906,26500,60.09999847412109,58.0,51.75618743896485
26-06-2007,57.20000076293945,58.29999923706055,19500,58.59999847412109,57.59999847412109,51.39923858642578
27-06-2007,56.79999923706055,57.20000076293945,22000,59.79999923706055,58.79999923706055,52.470062255859375
28-06-2007,59.0,59.20000076293945,15500,61.09999847412109,60.70000076293945,54.16553497314453
29-06-2007,61.400001525878906,61.400001525878906,14500,62.09999847412109,61.5,54.87939834594727
02-07-2007,58.20199966430664,61.400001525878906,38500,61.400001525878906,59.900001525878906,53.451656341552734
03-07-2007,58.70000076293945,59.5,3500,59.900001525878906,59.900001525878906,53.451656341552734
05-07-2007,59.5,59.5,5500,59.79999923706055,59.79999923706055,53.36240768432617
06-07-2007,58.20000076293945,59.400001525878906,15500,59.400001525878906,58.810001373291016,52.4789924621582
09-07-2007,57.79999923706055,58.20000076293945,15000,59.400001525878906,58.79999923706055,52.470062255859375
10-07-2007,57.59999847412109,59.20000076293945,27500,60.20000076293945,58.20000076293945,51.934661865234375
11-07-2007,56.20000076293945,57.900001525878906,33000,59.0,56.20199966430664,50.15174865722656
12-07-2007,54.59999847412109,56.59999847412109,42500,57.79999923706055,57.20000076293945,51.04230499267578
13-07-2007,57.0,58.20000076293945,92400,62.0,60.5,53.98705291748047
16-07-2007,59.0099983215332,62.36000061035156,105500,62.75,59.400001525878906,53.0054817199707
17-07-2007,59.25,59.400001525878906,19300,60.9900016784668,60.0,53.54088592529297
18-07-2007,59.0,59.56999969482422,12700,60.5,59.150001525878906,52.78238677978516
19-07-2007,58.36000061035156,58.75,10400,60.25,60.0,53.54088592529297
20-07-2007,58.0,60.400001525878906,11800,60.4900016784668,59.31999969482422,52.93408203125
23-07-2007,58.220001220703125,60.25,18400,60.900001525878906,58.400001525878906,52.11311721801758
24-07-2007,50.0,57.5,10500,58.25,57.060001373291016,50.91738128662109
25-07-2007,56.09999847412109,58.0,9000,58.0,56.25,50.194580078125
26-07-2007,49.0,53.5,23800,56.75,54.79999923706055,48.90066909790039
27-07-2007,52.5,54.25,15500,57.38999938964844,56.5,50.417667388916016
30-07-2007,56.75,56.75,18100,61.0,60.88999938964844,54.33507537841797
31-07-2007,60.5,61.0,6000,61.97999954223633,60.75,54.21014404296875
01-08-2007,55.36000061035156,61.0,35900,61.0,55.84999847412109,49.837646484375
02-08-2007,55.400001525878906,56.0099983215332,56800,58.0,57.9900016784668,51.74727249145508
03-08-2007,51.63999938964844,57.5,50300,59.34000015258789,57.93999862670898,51.7026481628418
06-08-2007,56.5,58.0,6400,58.0,57.790000915527344,51.56879425048828
07-08-2007,56.0,57.95000076293945,18900,58.0,57.75,51.53310394287109
08-08-2007,55.5099983215332,57.75,12000,57.75,56.84999847412109,50.72998809814453
09-08-2007,54.0099983215332,56.0,9200,56.75,55.84999847412109,49.837646484375
10-08-2007,51.63999938964844,53.09999847412109,37100,58.9900016784668,58.9900016784668,52.63961791992188
13-08-2007,57.25,59.43999862670898,5800,59.43999862670898,57.25,51.0869255065918
14-08-2007,56.0,56.459999084472656,15200,59.29999923706055,58.13999938964844,51.881126403808594
15-08-2007,55.5,57.25,4300,59.43999862670898,58.060001373291016,51.80972290039063
16-08-2007,49.0,57.5,42500,57.5,51.02999877929688,45.53652191162109
17-08-2007,46.0,52.13999938964844,44000,52.9900016784668,48.0,42.83271026611328
20-08-2007,45.47999954223633,48.0099983215332,20000,49.650001525878906,49.310001373291016,44.00168991088867
21-08-2007,49.16999816894531,49.66999816894531,6100,52.77000045776367,52.290000915527344,46.66088104248047
22-08-2007,49.70000076293945,51.0,9700,53.0,52.25,46.625186920166016
23-08-2007,52.5,52.83000183105469,6500,54.25,53.720001220703125,47.93693923950195
24-08-2007,52.869998931884766,54.25,4800,54.75,52.9900016784668,47.285526275634766
27-08-2007,53.25,53.52000045776367,1500,54.0,53.25,47.517539978027344
28-08-2007,51.38999938964844,53.25,21000,53.43999862670898,52.83000183105469,47.14274978637695
29-08-2007,52.0,53.0,9500,55.0,54.5,48.63296890258789
30-08-2007,53.25,54.45000076293945,6900,54.5,54.36000061035156,48.50804901123047
31-08-2007,54.09999847412109,55.0,12300,58.5,57.5,51.31001281738281
04-09-2007,54.06999969482422,55.0,21500,55.75,55.0,49.07914733886719
05-09-2007,53.25,54.040000915527344,4400,56.0,54.25,48.40987014770508
06-09-2007,54.5,54.9900016784668,3900,56.0,55.25,49.30223083496094
07-09-2007,53.25,55.0,16400,55.0,53.75,47.963714599609375
10-09-2007,52.29999923706055,52.75,8800,53.65999984741211,52.84000015258789,47.15167999267578
11-09-2007,51.7599983215332,51.7599983215332,7000,54.5,52.220001220703125,46.598426818847656
12-09-2007,47.0,50.5,60800,51.0099983215332,47.27999877929688,42.19021987915039
13-09-2007,47.02000045776367,47.7400016784668,32100,48.34999847412109,47.25,42.1634407043457
14-09-2007,47.18999862670898,47.59000015258789,25900,50.0,47.5,42.386531829833984
17-09-2007,47.0,47.93000030517578,19100,48.4900016784668,47.619998931884766,42.49361038208008
18-09-2007,47.0,48.09999847412109,8500,48.79999923706055,47.400001525878906,42.29729843139648
19-09-2007,48.0,48.2400016784668,33200,52.900001525878906,52.900001525878906,47.20521545410156
20-09-2007,49.5099983215332,52.27999877929688,11200,52.27999877929688,50.0,44.61740493774414
21-09-2007,49.25,51.0,3100,51.0,50.5,45.06357955932617
24-09-2007,46.25,50.13999938964844,22900,51.7400016784668,51.5,45.95592498779297
25-09-2007,50.75,51.0,8300,52.04999923706055,52.0,46.40210723876953
26-09-2007,50.0,51.79999923706055,11200,52.04999923706055,52.04999923706055,46.44671630859375
27-09-2007,50.540000915527344,51.72999954223633,8100,52.04999923706055,51.91999816894531,46.33070755004883
28-09-2007,52.0,52.0,15600,54.5,52.900001525878906,47.20521545410156
01-10-2007,52.5,52.52000045776367,22500,53.7400016784668,52.5,46.84827423095703
02-10-2007,48.869998931884766,52.5099983215332,13300,52.7400016784668,49.75,44.39431381225586
03-10-2007,48.75,49.75,8200,50.75,50.72999954223633,45.26881790161133
04-10-2007,49.75,49.75,13300,53.0,50.0,44.61740493774414
05-10-2007,48.5099983215332,50.9900016784668,7800,51.25,50.29999923706055,44.88510513305664
08-10-2007,48.0,49.310001373291016,10500,51.0,50.9900016784668,45.500823974609375
09-10-2007,50.0,50.9900016784668,9400,52.5,51.5,45.95592498779297
10-10-2007,50.04999923706055,52.2400016784668,6000,52.2400016784668,51.0,45.5097541809082
11-10-2007,49.0,51.150001525878906,11200,51.75,49.5,44.171234130859375
12-10-2007,49.119998931884766,49.84000015258789,15400,50.25,49.119998931884766,43.83213806152344
15-10-2007,49.40999984741211,49.40999984741211,10400,50.25,49.79999923706055,44.43893432617188
16-10-2007,48.060001373291016,49.040000915527344,9100,49.9900016784668,48.5,43.27888107299805
17-10-2007,48.0,49.20000076293945,8500,49.77999877929688,48.04999923706055,42.8773193359375
18-10-2007,47.900001525878906,48.5,10400,49.79999923706055,48.5,43.27888107299805
19-10-2007,47.09000015258789,48.59999847412109,9800,49.0,47.20000076293945,42.11882781982422
22-10-2007,45.5,47.0,25200,48.27999877929688,45.84000015258789,40.905235290527344
23-10-2007,45.150001525878906,46.0,14100,47.0,46.310001373291016,41.32464218139648
24-10-2007,46.59999847412109,46.59999847412109,5700,47.5,47.33000183105469,42.23483657836914
25-10-2007,46.72999954223633,47.83000183105469,8400,48.68999862670898,47.27999877929688,42.19021987915039
26-10-2007,46.709999084472656,47.5,11200,48.0099983215332,46.709999084472656,41.68157958984375
29-10-2007,45.29999923706055,47.09999847412109,5100,47.150001525878906,46.09999847412109,41.137237548828125
30-10-2007,46.0099983215332,46.5,9900,47.2400016784668,46.900001525878906,41.85112762451172
31-10-2007,46.540000915527344,46.900001525878906,13900,49.9900016784668,49.59000015258789,44.25153732299805
01-11-2007,49.400001525878906,49.43000030517578,11100,50.869998931884766,50.0,44.61740493774414
02-11-2007,48.25,50.0,41700,54.650001525878906,50.5,45.06357955932617
05-11-2007,48.77999877929688,50.88999938964844,4800,51.040000915527344,49.52000045776367,44.1890754699707
06-11-2007,49.63999938964844,50.75,44900,50.93000030517578,50.0,44.61740493774414
07-11-2007,49.060001373291016,50.369998931884766,5900,50.369998931884766,49.709999084472656,44.35862731933594
08-11-2007,48.7400016784668,48.7400016784668,13200,50.97999954223633,49.25,43.94813919067383
09-11-2007,47.400001525878906,49.86000061035156,7700,50.400001525878906,48.63999938964844,43.4038200378418
12-11-2007,47.0,47.0,13600,50.33000183105469,49.5,44.171234130859375
13-11-2007,47.0,48.95000076293945,16000,48.95000076293945,47.0,41.94036483764648
14-11-2007,47.34999847412109,47.5,10900,49.20000076293945,47.400001525878906,42.29729843139648
15-11-2007,46.25,47.20000076293945,11300,49.83000183105469,46.45000076293945,41.44955825805664
16-11-2007,46.43999862670898,46.84999847412109,13700,48.400001525878906,47.34000015258789,42.24375915527344
19-11-2007,46.25,48.25,6200,48.650001525878906,47.0,41.94036483764648
20-11-2007,46.0099983215332,46.9900016784668,11900,47.70000076293945,46.470001220703125,41.46741485595703
21-11-2007,45.5,47.09999847412109,6100,47.31999969482422,45.5,40.60184097290039
23-11-2007,46.09999847412109,46.09999847412109,4200,47.400001525878906,46.45000076293945,41.44955825805664
26-11-2007,45.400001525878906,45.75,10600,46.900001525878906,45.400001525878906,40.51260757446289
27-11-2007,45.15999984741211,46.20000076293945,11400,46.88999938964844,45.5,40.60184097290039
28-11-2007,45.150001525878906,45.5,6900,45.97999954223633,45.709999084472656,40.78923797607422
29-11-2007,45.04999923706055,45.34000015258789,14000,47.400001525878906,46.47999954223633,41.47633361816406
30-11-2007,45.0,46.9900016784668,7300,47.0,46.20000076293945,41.22648239135742
03-12-2007,45.59999847412109,46.2400016784668,8300,46.59000015258789,46.25,41.27109909057617
04-12-2007,45.77000045776367,46.5,7500,46.5,46.150001525878906,41.18186569213867
05-12-2007,45.709999084472656,46.40999984741211,11400,46.5099983215332,45.75,40.824928283691406
06-12-2007,45.52999877929688,45.61000061035156,9400,46.75,45.52999877929688,40.62860107421875
07-12-2007,45.150001525878906,45.150001525878906,4600,46.5,45.5,40.60184097290039
10-12-2007,43.91999816894531,45.900001525878906,18700,46.400001525878906,45.0,40.15566253662109
11-12-2007,44.20000076293945,45.36000061035156,11700,45.36000061035156,44.5,39.7094841003418
12-12-2007,42.5,45.0,25900,45.0,42.619998931884766,38.03187561035156
13-12-2007,40.61000061035156,42.59999847412109,14300,42.880001068115234,42.20000076293945,37.65708923339844
14-12-2007,40.11000061035156,41.56999969482422,6500,42.79999923706055,41.77000045776367,37.27338409423828
17-12-2007,37.0099983215332,41.06999969482422,33800,41.75,38.25,34.13230895996094
18-12-2007,37.5,38.52999877929688,33100,43.9900016784668,43.45000076293945,38.77252197265625
19-12-2007,40.66999816894531,44.04999923706055,8500,44.04999923706055,41.86000061035156,37.35369110107422
20-12-2007,41.0,42.619998931884766,5200,43.040000915527344,41.86000061035156,37.35369110107422
21-12-2007,41.40999984741211,41.40999984741211,9400,44.58000183105469,44.4900016784668,39.70056915283203
24-12-2007,42.77000045776367,42.77000045776367,9100,45.0,45.0,40.15566253662109
26-12-2007,43.79999923706055,45.5,4500,45.790000915527344,44.75,39.93257522583008
27-12-2007,44.34000015258789,45.09999847412109,6700,45.66999816894531,44.34000015258789,39.566707611083984
28-12-2007,42.5,45.0,7000,45.970001220703125,45.43000030517578,40.53937911987305
31-12-2007,44.0,45.75,11600,47.0,44.75,39.93257522583008
02-01-2008,42.5,45.5,13600,45.5,43.400001525878906,38.72791290283203
03-01-2008,42.869998931884766,44.75,11100,44.75,43.29999923706055,38.63866424560547
04-01-2008,41.7599983215332,44.130001068115234,9600,44.33000183105469,42.02999877929688,37.5053825378418
07-01-2008,40.31999969482422,41.72999954223633,6500,42.45000076293945,40.86000061035156,36.46133804321289
08-01-2008,41.540000915527344,41.540000915527344,14200,42.97999954223633,42.04999923706055,37.523223876953125
09-01-2008,41.5,41.5,11400,43.369998931884766,42.0,37.47861862182617
10-01-2008,41.310001373291016,42.0,51600,43.0,42.18999862670898,37.64816665649414
11-01-2008,38.880001068115234,41.72999954223633,12600,42.209999084472656,40.06999969482422,35.75638198852539
14-01-2008,39.09999847412109,41.0,33600,41.5,39.09999847412109,34.89080810546875
15-01-2008,37.0,39.650001525878906,39900,39.84000015258789,37.45000076293945,33.41844177246094
16-01-2008,35.029998779296875,36.29999923706055,34000,38.25,36.90999984741211,32.93656921386719
17-01-2008,35.099998474121094,37.9900016784668,18600,37.9900016784668,35.45000076293945,31.63373565673828
18-01-2008,35.75,35.75,68500,37.9900016784668,36.880001068115234,32.90979766845703
22-01-2008,35.25,36.5,19100,38.0,35.25,31.45527458190918
23-01-2008,35.11000061035156,36.150001525878906,18400,37.0,36.310001373291016,32.401153564453125
24-01-2008,35.54999923706055,36.310001373291016,16500,37.7400016784668,36.52000045776367,32.58855438232422
25-01-2008,35.0,38.0,31100,38.47999954223633,37.45000076293945,33.41844177246094
28-01-2008,36.2400016784668,39.59999847412109,62100,41.5099983215332,36.52999877929688,32.59747314453125
29-01-2008,35.70000076293945,37.06999969482422,13300,38.25,36.9900016784668,33.00794982910156
30-01-2008,35.9900016784668,37.34999847412109,23500,38.2400016784668,37.25,33.23997116088867
31-01-2008,36.290000915527344,37.79999923706055,20300,37.9900016784668,36.400001525878906,32.481475830078125
01-02-2008,37.0,37.0,26500,39.27000045776367,37.97999954223633,33.891380310058594
04-02-2008,36.2599983215332,37.5,21400,39.0,36.75,32.79379653930664
05-02-2008,35.099998474121094,36.0,17300,38.0,35.25,31.45527458190918
06-02-2008,35.20000076293945,35.70000076293945,23900,36.650001525878906,35.22999954223633,31.437429428100582
07-02-2008,34.619998931884766,35.0,55800,36.7599983215332,35.0,31.232177734375
08-02-2008,34.15999984741211,35.0,20600,36.0,34.15999984741211,30.482608795166016
11-02-2008,34.29999923706055,34.790000915527344,12700,35.2400016784668,34.900001525878906,31.1429500579834
12-02-2008,33.849998474121094,34.79999923706055,16700,35.849998474121094,34.9900016784668,31.2232608795166
13-02-2008,34.619998931884766,35.45000076293945,30400,36.0,35.25,31.45527458190918
14-02-2008,35.0,35.5,70400,37.34000015258789,35.52000045776367,31.69620132446289
15-02-2008,34.54999923706055,35.83000183105469,8800,36.9900016784668,34.7400016784668,31.00018119812012
19-02-2008,34.54999923706055,35.0,8400,35.25,34.93000030517578,31.16971778869629
20-02-2008,34.540000915527344,34.540000915527344,10100,36.06999969482422,34.79999923706055,31.053709030151367
21-02-2008,33.70000076293945,35.5,7500,35.72999954223633,34.31999969482422,30.625385284423828
22-02-2008,33.81999969482422,33.84000015258789,9900,35.77000045776367,34.369998931884766,30.670001983642575
25-02-2008,33.75,34.0,14400,34.09000015258789,33.939998626708984,30.286287307739254
26-02-2008,33.68000030517578,34.0,25200,34.75,34.0,30.33983421325684
27-02-2008,33.75,33.79999923706055,20500,35.75,34.13999938964844,30.464763641357425
28-02-2008,33.75,33.79999923706055,23600,38.95000076293945,37.400001525878906,33.373817443847656
29-02-2008,35.29999923706055,37.369998931884766,22100,37.369998931884766,36.70000076293945,32.74917984008789
03-03-2008,35.70000076293945,38.20000076293945,208800,38.20000076293945,35.95000076293945,32.07991027832031
04-03-2008,34.130001068115234,37.5,106200,37.5,35.5,31.678356170654297
05-03-2008,34.150001525878906,36.0,91700,36.5,34.959999084472656,31.35547637939453
06-03-2008,33.81999969482422,36.0,21000,36.5,34.29999923706055,30.763521194458008
07-03-2008,34.0,34.099998474121094,125000,35.709999084472656,35.709999084472656,32.02814102172852
10-03-2008,33.02000045776367,35.130001068115234,22300,35.130001068115234,34.650001525878906,31.077438354492188
11-03-2008,34.720001220703125,35.0,29200,35.75,35.0,31.39134407043457
12-03-2008,34.0,35.20000076293945,25800,35.95000076293945,34.0,30.49445915222168
13-03-2008,33.25,34.0,22200,34.25,33.5,30.046003341674805
14-03-2008,33.16999816894531,33.84000015258789,17600,34.970001220703125,33.5,30.046003341674805
17-03-2008,30.399999618530277,33.959999084472656,36200,33.959999084472656,31.25,28.02799224853516
18-03-2008,30.600000381469727,32.400001525878906,13300,35.79999923706055,35.25,31.61558151245117
19-03-2008,33.88999938964844,35.0,17000,35.15999984741211,34.540000915527344,30.978782653808597
20-03-2008,33.650001525878906,35.5,10600,35.5,34.29999923706055,30.763521194458008
24-03-2008,33.66999816894531,33.849998474121094,21800,34.720001220703125,34.25,30.718679428100582
25-03-2008,34.2599983215332,34.2599983215332,21600,38.2400016784668,38.0,34.082035064697266
26-03-2008,38.0,38.0,23000,40.25,39.7400016784668,35.64263916015625
27-03-2008,40.0,40.540000915527344,9600,41.459999084472656,40.34999847412109,36.18974685668945
28-03-2008,39.900001525878906,40.34999847412109,16900,41.220001220703125,41.09000015258789,36.85344314575195
31-03-2008,39.77000045776367,40.84999847412109,16500,41.65999984741211,41.25,36.9969482421875
01-04-2008,39.43999862670898,41.5,24700,42.0,42.0,37.669620513916016
02-04-2008,41.060001373291016,42.31999969482422,6800,43.0,42.380001068115234,38.01043319702149
03-04-2008,40.97999954223633,40.97999954223633,5500,42.43999862670898,42.09999847412109,37.75931167602539
04-04-2008,42.20000076293945,42.75,11600,45.0,44.06999969482422,39.52619171142578
07-04-2008,40.93000030517578,45.0,29900,45.97999954223633,45.150001525878906,40.49483871459961
08-04-2008,44.25,44.52999877929688,12000,46.2599983215332,44.25,39.68763732910156
09-04-2008,42.650001525878906,44.59999847412109,8300,45.02999877929688,42.83000183105469,38.41405487060547
10-04-2008,42.84999847412109,44.0,9400,44.2599983215332,43.0,38.5665168762207
11-04-2008,42.0,43.5,11200,46.41999816894531,42.75,38.34229278564453
14-04-2008,42.209999084472656,43.0,7600,43.0,42.59000015258789,38.19878387451172
15-04-2008,41.970001220703125,42.5,7200,43.0,42.70000076293945,38.297454833984375
16-04-2008,42.75,43.25,13100,45.45000076293945,42.93000030517578,38.50373077392578
17-04-2008,42.04999923706055,44.0,15800,44.95000076293945,44.68000030517578,40.07329940795898
18-04-2008,40.9900016784668,43.0,16700,47.7400016784668,47.7400016784668,42.81780242919922
21-04-2008,44.27999877929688,49.0,31700,49.0,44.27999877929688,39.714542388916016
22-04-2008,43.0,44.0,21400,48.0,47.150001525878906,42.28863525390625
23-04-2008,45.0,47.02000045776367,8300,47.75,47.16999816894531,42.30657958984375
24-04-2008,46.45000076293945,48.0,7300,48.0,47.0,42.15410232543945
25-04-2008,46.5,47.0,8800,47.400001525878906,47.0,42.15410232543945
28-04-2008,46.04999923706055,47.790000915527344,9500,48.0,47.06999969482422,42.21688079833984
29-04-2008,46.810001373291016,46.95000076293945,10500,47.93999862670898,46.810001373291016,41.98368835449219
30-04-2008,44.0,47.04999923706055,17700,47.04999923706055,44.0099983215332,39.47238159179688
01-05-2008,43.75,44.0,15900,45.0,43.810001373291016,39.292999267578125
02-05-2008,44.150001525878906,44.150001525878906,5300,45.36000061035156,44.630001068115234,40.02846908569336
05-05-2008,44.18000030517578,44.18000030517578,6400,47.43000030517578,46.91999816894531,42.08234786987305
06-05-2008,43.75,47.43999862670898,15000,48.0,47.25,42.378326416015625
07-05-2008,46.25,47.25,3800,47.38999938964844,46.5,41.70564651489258
08-05-2008,46.900001525878906,47.45000076293945,4100,48.45000076293945,46.900001525878906,42.06441116333008
09-05-2008,45.2599983215332,48.08000183105469,21300,49.29999923706055,46.52000045776367,41.72358703613281
12-05-2008,43.75,46.52000045776367,14200,46.790000915527344,46.630001068115234,41.82225036621094
13-05-2008,47.0,47.0,18800,49.34000015258789,49.34000015258789,44.25283050537109
14-05-2008,48.59999847412109,49.34000015258789,20900,49.54999923706055,49.5,44.39633941650391
15-05-2008,48.630001068115234,49.900001525878906,8200,49.900001525878906,49.20000076293945,44.12726974487305
16-05-2008,47.68999862670898,49.0,14900,49.790000915527344,48.29999923706055,43.32006072998047
19-05-2008,44.09999847412109,48.59999847412109,30100,49.0,45.369998931884766,40.69216537475586
20-05-2008,44.619998931884766,44.619998931884766,8600,46.70000076293945,46.18999862670898,41.42760848999024
21-05-2008,44.0099983215332,46.25,14500,46.59000015258789,45.0,40.36030960083008
22-05-2008,44.79999923706055,45.20000076293945,3200,45.34000015258789,45.220001220703125,40.55762481689453
23-05-2008,44.0,45.25,5700,45.59000015258789,45.59000015258789,40.88947677612305
27-05-2008,44.09999847412109,44.09999847412109,8400,45.16999816894531,45.16999816894531,40.51277542114258
28-05-2008,43.75,45.29999923706055,15100,45.29999923706055,44.66999816894531,40.06432723999024
29-05-2008,43.86000061035156,44.25,11600,45.25,45.0,40.36030960083008
30-05-2008,44.65999984741211,45.619998931884766,11400,46.25,45.52000045776367,40.826698303222656
02-06-2008,44.47999954223633,45.880001068115234,15500,46.75,45.25,40.58453369140625
03-06-2008,44.59999847412109,44.59999847412109,15600,46.54999923706055,45.84999847412109,41.1226692199707
04-06-2008,45.09999847412109,46.43999862670898,12100,46.68999862670898,45.720001220703125,41.00607299804688
05-06-2008,44.5,45.81999969482422,32200,46.79999923706055,45.25,40.58453369140625
06-06-2008,45.369998931884766,45.75,14100,46.52000045776367,46.25,41.48142623901367
09-06-2008,45.5099983215332,46.650001525878906,7500,46.650001525878906,45.61000061035156,40.907413482666016
10-06-2008,44.869998931884766,44.869998931884766,12200,46.18000030517578,45.790000915527344,41.0688591003418
11-06-2008,45.0,46.81999969482422,14200,46.81999969482422,45.09000015258789,40.44103240966797
12-06-2008,45.5,45.70000076293945,24700,47.84000015258789,47.25,42.378326416015625
13-06-2008,46.5099983215332,47.59000015258789,14400,47.70000076293945,46.86000061035156,42.028541564941406
16-06-2008,46.369998931884766,47.22999954223633,9600,47.380001068115234,47.380001068115234,42.49492263793945
17-06-2008,47.13999938964844,47.13999938964844,7000,47.900001525878906,47.220001220703125,42.351409912109375
18-06-2008,47.560001373291016,47.560001373291016,10700,48.63999938964844,48.63999938964844,43.62501525878906
19-06-2008,48.54999923706055,49.0,20700,51.59999847412109,50.11000061035156,44.94343948364258
20-06-2008,49.43000030517578,50.45000076293945,16100,52.77999877929688,52.77999877929688,47.338157653808594
23-06-2008,50.619998931884766,52.2599983215332,18000,55.0,54.75,49.10504150390625
24-06-2008,51.470001220703125,54.75,8500,54.75,53.58000183105469,48.05567169189453
25-06-2008,53.0099983215332,53.04999923706055,11100,54.75,54.06999969482422,48.495155334472656
26-06-2008,52.75,52.75,17700,55.150001525878906,53.959999084472656,48.396484375
27-06-2008,52.459999084472656,53.16999816894531,14700,54.5099983215332,53.25,47.75970077514648
30-06-2008,52.22999954223633,53.720001220703125,12900,55.02999877929688,53.25,47.75970077514648
01-07-2008,52.119998931884766,53.25,9900,53.25,52.31999969482422,46.92558670043945
02-07-2008,49.0099983215332,52.02000045776367,18000,52.68999862670898,49.22999954223633,44.154178619384766
03-07-2008,46.75,48.70000076293945,11000,49.0,48.5,43.49943923950195
07-07-2008,42.09999847412109,49.13999938964844,28200,49.13999938964844,45.5,40.80875778198242
08-07-2008,42.52000045776367,46.02999877929688,9700,46.02999877929688,44.90999984741211,40.27958679199219
09-07-2008,42.2599983215332,44.43000030517578,17600,44.9900016784668,42.5,38.11806106567383
10-07-2008,42.09999847412109,43.29999923706055,23500,44.84999847412109,42.13999938964844,37.7951774597168
11-07-2008,41.34000015258789,43.09000015258789,26400,44.0,42.45000076293945,38.07322311401367
14-07-2008,42.56999969482422,42.97999954223633,33000,54.560001373291016,42.81999969482422,38.40507888793945
15-07-2008,42.95000076293945,43.09999847412109,11300,44.0,43.59999847412109,39.10464859008789
16-07-2008,40.0,43.13999938964844,23000,43.36000061035156,41.650001525878906,37.35570907592773
17-07-2008,40.09999847412109,42.0,13700,42.36000061035156,40.150001525878906,36.01036071777344
18-07-2008,40.0,40.58000183105469,8900,40.84000015258789,40.0,35.87582778930664
21-07-2008,39.59999847412109,39.59999847412109,7000,41.619998931884766,40.77999877929688,36.57540512084961
22-07-2008,41.08000183105469,42.45000076293945,16100,42.5,41.59000015258789,37.30189895629883
23-07-2008,40.0,41.209999084472656,16200,42.400001525878906,40.09999847412109,35.96551513671875
24-07-2008,39.5099983215332,40.900001525878906,10500,41.720001220703125,39.5099983215332,35.43634796142578
25-07-2008,38.7599983215332,40.0,7600,41.25,41.0,36.77272415161133
28-07-2008,40.34999847412109,40.52999877929688,3400,41.52999877929688,40.34999847412109,36.18974685668945
29-07-2008,39.52000045776367,40.34999847412109,4300,41.16999816894531,40.04999923706055,35.9206657409668
30-07-2008,39.70000076293945,40.56999969482422,21500,44.84000015258789,40.650001525878906,36.45880889892578
31-07-2008,40.040000915527344,41.84999847412109,8000,42.5,40.25,36.10004806518555
01-08-2008,40.43999862670898,40.709999084472656,6900,43.540000915527344,42.5099983215332,38.12703323364258
04-08-2008,41.02999877929688,43.040000915527344,10000,43.20000076293945,42.900001525878906,38.476829528808594
05-08-2008,40.06999969482422,42.09999847412109,18900,42.45000076293945,40.310001373291016,36.15386581420898
06-08-2008,39.630001068115234,40.29999923706055,21800,40.40999984741211,40.09000015258789,35.95654296875
07-08-2008,39.540000915527344,39.900001525878906,15100,40.619998931884766,39.97999954223633,35.857887268066406
08-08-2008,39.7599983215332,39.77000045776367,4800,40.209999084472656,39.83000183105469,35.72335433959961
11-08-2008,39.54999923706055,40.52999877929688,10500,40.720001220703125,39.97999954223633,35.857887268066406
12-08-2008,39.58000183105469,39.75,6500,40.540000915527344,40.0,35.87582778930664
13-08-2008,39.04999923706055,40.0,17900,40.09999847412109,39.75,35.65160369873047
14-08-2008,38.25,39.81999969482422,27000,39.81999969482422,38.25,34.30625534057617
15-08-2008,38.04999923706055,38.470001220703125,16000,38.470001220703125,38.25,34.30625534057617
18-08-2008,38.02000045776367,38.02999877929688,13300,39.13999938964844,38.22999954223633,34.28832244873047
19-08-2008,38.18000030517578,38.33000183105469,11700,38.880001068115234,38.52999877929688,34.557395935058594
20-08-2008,38.34999847412109,38.34999847412109,4500,39.900001525878906,39.7400016784668,35.64263916015625
21-08-2008,39.310001373291016,39.91999816894531,9000,40.0,39.75,35.65160369873047
22-08-2008,39.86000061035156,40.7400016784668,13000,40.7400016784668,40.040000915527344,35.911705017089844
25-08-2008,39.900001525878906,40.45000076293945,12700,41.68999862670898,40.90999984741211,36.6920051574707
26-08-2008,39.77999877929688,40.72999954223633,12700,41.09999847412109,41.09999847412109,36.86241149902344
27-08-2008,41.45000076293945,41.45000076293945,16000,43.22999954223633,42.7599983215332,38.351261138916016
28-08-2008,42.08000183105469,42.900001525878906,9200,43.91999816894531,43.56999969482422,39.07775115966797
29-08-2008,41.959999084472656,44.0,9700,45.0,43.470001220703125,38.98805618286133
02-09-2008,42.720001220703125,43.95000076293945,13800,44.869998931884766,43.709999084472656,39.203311920166016
03-09-2008,43.29999923706055,43.77999877929688,5900,43.91999816894531,43.43999862670898,38.96115493774414
04-09-2008,41.650001525878906,43.459999084472656,8200,43.459999084472656,43.13999938964844,38.69207763671875
05-09-2008,41.790000915527344,42.93000030517578,11100,43.41999816894531,42.91999816894531,38.4947624206543
08-09-2008,42.11000061035156,43.0,6500,43.81999969482422,43.09999847412109,38.65620803833008
09-09-2008,40.0099983215332,41.75,20000,42.0099983215332,41.79999923706055,37.49024200439453
10-09-2008,41.5,42.5,23900,42.7400016784668,41.5,37.22117233276367
11-09-2008,40.209999084472656,41.0099983215332,30700,42.4900016784668,41.540000915527344,37.25705337524414
12-09-2008,40.959999084472656,41.38999938964844,30400,41.43000030517578,41.060001373291016,36.8265380859375
15-09-2008,38.13999938964844,40.34000015258789,29200,40.34000015258789,39.0,34.97892761230469
16-09-2008,38.20000076293945,39.0,19800,39.52999877929688,38.59999847412109,34.620174407958984
17-09-2008,38.0,40.150001525878906,17700,40.83000183105469,39.5,35.42738723754883
18-09-2008,38.0,38.59000015258789,31700,39.09999847412109,38.209999084472656,34.270389556884766
19-09-2008,37.5099983215332,37.66999816894531,24500,39.93000030517578,39.09999847412109,35.068626403808594
22-09-2008,37.709999084472656,37.79999923706055,32800,39.150001525878906,38.90999984741211,34.898223876953125
23-09-2008,38.0,38.209999084472656,15200,38.7400016784668,38.5,34.53048324584961
24-09-2008,38.0,38.290000915527344,12600,39.18999862670898,38.43999862670898,34.47666549682617
25-09-2008,37.0099983215332,37.0099983215332,20300,40.68000030517578,39.75,35.65160369873047
26-09-2008,38.97999954223633,38.97999954223633,10300,44.47999954223633,39.209999084472656,35.16728591918945
29-09-2008,37.0,38.84000015258789,16600,39.16999816894531,37.68999862670898,33.803993225097656
30-09-2008,36.52000045776367,36.70000076293945,24900,38.220001220703125,37.310001373291016,33.46317672729492
01-10-2008,36.2599983215332,37.18000030517578,6200,37.70000076293945,37.70000076293945,33.812965393066406
02-10-2008,36.36000061035156,37.400001525878906,26500,37.619998931884766,37.59000015258789,33.714317321777344
03-10-2008,36.20000076293945,36.81999969482422,11700,39.0099983215332,37.59999847412109,33.72328186035156
06-10-2008,27.5,36.2599983215332,75900,36.2599983215332,31.6200008392334,28.35984230041504
07-10-2008,29.239999771118164,31.38999938964844,32000,32.13999938964844,29.850000381469727,26.772335052490234
08-10-2008,24.75,28.899999618530277,60200,29.209999084472656,25.61000061035156,22.969497680664062
09-10-2008,24.75,25.290000915527344,15000,26.920000076293945,24.75,22.198169708251957
10-10-2008,20.0,24.989999771118164,131100,24.989999771118164,23.86000061035156,21.399932861328125
13-10-2008,24.520000457763672,24.520000457763672,31700,31.989999771118164,31.01000022888184,27.81273460388184
14-10-2008,23.020000457763672,25.440000534057617,22200,32.31999969482422,28.31999969482422,25.400089263916016
15-10-2008,26.729999542236328,29.299999237060547,26000,29.36000061035156,27.399999618530277,24.57494163513184
16-10-2008,26.049999237060547,27.540000915527344,34400,32.0,29.790000915527344,26.718530654907227
17-10-2008,28.600000381469727,28.600000381469727,9500,33.90999984741211,32.04999923706055,28.745506286621094
20-10-2008,31.979999542236328,32.0,51200,35.5,34.4900016784668,30.93393898010254
21-10-2008,33.75,34.81999969482422,11100,36.709999084472656,35.369998931884766,31.72320556640625
22-10-2008,30.170000076293945,34.79999923706055,33800,34.79999923706055,32.81999969482422,29.436119079589844
23-10-2008,30.75,32.38999938964844,50000,35.119998931884766,30.75,27.57954216003418
24-10-2008,26.399999618530277,30.0,26700,30.040000915527344,29.170000076293945,26.162446975708008
27-10-2008,24.790000915527344,28.200000762939453,26200,28.530000686645508,27.8799991607666,25.005451202392575
28-10-2008,24.0,27.93000030517578,22100,29.5,28.5,25.561527252197266
29-10-2008,25.5,28.450000762939453,33300,29.190000534057617,28.0,25.113082885742188
30-10-2008,27.34000015258789,28.649999618530277,15100,30.0,28.75,25.78575134277344
31-10-2008,25.5,28.3700008392334,25600,29.899999618530277,28.07999992370605,25.184829711914062
03-11-2008,27.040000915527344,28.209999084472656,19200,28.75,28.09000015258789,25.193803787231445
04-11-2008,27.290000915527344,28.489999771118164,8200,29.90999984741211,28.5,25.561527252197266
05-11-2008,28.559999465942383,28.649999618530277,6000,31.32999992370605,29.0,26.00997543334961
06-11-2008,27.600000381469727,29.5,21700,29.5,28.170000076293945,25.265552520751957
07-11-2008,26.5,28.25,6800,28.600000381469727,27.600000381469727,24.754322052001957
10-11-2008,26.76000022888184,27.600000381469727,7700,27.600000381469727,26.76000022888184,24.00093460083008
11-11-2008,26.239999771118164,27.149999618530277,15100,27.149999618530277,26.81999969482422,24.054744720458984
12-11-2008,21.82999992370605,26.88999938964844,38600,26.88999938964844,24.46999931335449,21.9470329284668
13-11-2008,20.0,25.020000457763672,24400,25.020000457763672,24.90999984741211,22.341672897338867
14-11-2008,23.75,24.25,7400,27.0,26.46999931335449,23.74082374572754
17-11-2008,22.030000686645508,25.75,30300,26.280000686645508,24.239999771118164,21.74074935913086
18-11-2008,21.799999237060547,24.149999618530277,16700,25.07999992370605,24.5,21.97394561767578
19-11-2008,22.13999938964844,23.61000061035156,10500,24.239999771118164,22.5,20.18015480041504
20-11-2008,19.5,21.86000061035156,53400,22.799999237060547,20.0,17.93791389465332
21-11-2008,16.100000381469727,19.5,80500,21.239999771118164,19.5,17.489463806152344
24-11-2008,19.450000762939453,20.190000534057617,33400,22.100000381469727,22.0,19.73170661926269
25-11-2008,21.799999237060547,22.25,45100,24.799999237060547,24.32999992370605,21.821468353271484
26-11-2008,21.049999237060547,21.049999237060547,51300,25.56999969482422,23.799999237060547,21.346115112304688
28-11-2008,21.049999237060547,21.600000381469727,19000,22.0,21.700000762939453,19.4626407623291
01-12-2008,19.040000915527344,21.700000762939453,20300,21.700000762939453,20.770000457763672,18.62852668762207
02-12-2008,20.57999992370605,21.149999618530277,10400,24.989999771118164,24.76000022888184,22.20713996887207
03-12-2008,22.13999938964844,24.40999984741211,39100,24.450000762939453,23.56999969482422,21.13983154296875
04-12-2008,22.229999542236328,23.440000534057617,13300,23.989999771118164,23.0,20.628602981567383
05-12-2008,21.049999237060547,23.0,6500,23.6299991607666,23.01000022888184,20.637569427490234
08-12-2008,22.700000762939453,22.700000762939453,9700,25.0,23.649999618530277,21.21158599853516
09-12-2008,22.700000762939453,24.0,18300,24.100000381469727,23.649999618530277,21.21158599853516
10-12-2008,22.0,23.649999618530277,32900,23.850000381469727,23.5,21.077051162719727
11-12-2008,22.38999938964844,24.0,8500,24.0,23.5,21.077051162719727
12-12-2008,21.170000076293945,22.8799991607666,31500,25.0,23.75,21.301271438598636
15-12-2008,22.5,24.0,31800,24.0,23.059999465942383,20.68241310119629
16-12-2008,22.600000381469727,22.600000381469727,10200,24.0,24.0,21.52549934387207
17-12-2008,21.100000381469727,23.75,26900,23.96999931335449,22.209999084472656,19.920055389404297
18-12-2008,22.25,22.75,19100,23.709999084472656,23.450000762939453,21.03220558166504
19-12-2008,23.600000381469727,23.65999984741211,13900,25.950000762939453,25.350000381469727,22.736309051513672
22-12-2008,24.799999237060547,24.799999237060547,21100,27.0,26.850000381469727,24.08164978027344
23-12-2008,25.100000381469727,26.950000762939453,15700,26.950000762939453,25.100000381469727,22.5120849609375
24-12-2008,24.239999771118164,25.07999992370605,5200,25.399999618530277,25.25,22.646615982055664
26-12-2008,24.09000015258789,24.09000015258789,18400,25.950000762939453,24.350000381469727,21.839414596557617
29-12-2008,22.25,24.75,24300,24.75,22.799999237060547,20.449222564697266
30-12-2008,23.0,23.25,29600,23.850000381469727,23.51000022888184,21.086021423339844
31-12-2008,22.559999465942383,22.559999465942383,29800,23.75,23.100000381469727,20.718292236328125
02-01-2009,23.0,23.57999992370605,78100,24.959999084472656,24.690000534057617,22.14435768127441
05-01-2009,24.75,25.049999237060547,7400,26.68000030517578,26.5,23.76773452758789
06-01-2009,27.0,27.0,23400,30.649999618530277,30.0,26.90687370300293
07-01-2009,27.71999931335449,28.959999084472656,8600,29.0,28.0,25.113082885742188
08-01-2009,26.5,27.200000762939453,7100,28.38999938964844,28.38999938964844,25.46286964416504
09-01-2009,28.0,28.0,4300,28.959999084472656,28.71999931335449,25.758846282958984
12-01-2009,27.0,28.979999542236328,4300,29.399999618530277,27.0,24.216184616088867
13-01-2009,27.01000022888184,27.799999237060547,3400,28.5,27.049999237060547,24.26102638244629
14-01-2009,26.5,27.290000915527344,7000,27.850000381469727,27.75,24.88885498046875
15-01-2009,26.25,27.25,3800,27.25,26.96999931335449,24.18927764892578
16-01-2009,26.01000022888184,27.149999618530277,8100,27.200000762939453,26.26000022888184,23.55247688293457
20-01-2009,25.149999618530277,26.299999237060547,7200,26.350000381469727,25.149999618530277,22.55692672729492
21-01-2009,24.76000022888184,25.93000030517578,10500,25.93000030517578,25.75,23.095064163208008
22-01-2009,24.100000381469727,25.700000762939453,6600,25.700000762939453,24.56999969482422,22.036731719970703
23-01-2009,24.200000762939453,24.200000762939453,1400,24.75,24.700000762939453,22.153324127197266
26-01-2009,24.549999237060547,24.75,5600,27.0,26.01000022888184,23.32825469970703
27-01-2009,25.899999618530277,25.899999618530277,5000,26.989999771118164,26.280000686645508,23.57042121887207
28-01-2009,25.75,26.5,5200,26.57999992370605,25.75,23.095064163208008
29-01-2009,24.61000061035156,26.049999237060547,2900,26.049999237060547,24.61000061035156,22.07260131835937
30-01-2009,23.299999237060547,24.700000762939453,6400,24.739999771118164,23.5,21.077051162719727
02-02-2009,23.280000686645508,23.280000686645508,11900,25.46999931335449,25.149999618530277,22.55692672729492
03-02-2009,24.40999984741211,25.06999969482422,13500,25.5,25.100000381469727,22.5120849609375
04-02-2009,24.21999931335449,25.1200008392334,8300,25.1200008392334,24.309999465942383,21.80353355407715
05-02-2009,24.38999938964844,24.38999938964844,8700,25.75,25.649999618530277,23.005374908447266
06-02-2009,25.920000076293945,25.920000076293945,12300,26.700000762939453,26.290000915527344,23.57938766479492
09-02-2009,24.799999237060547,26.270000457763672,6400,26.270000457763672,25.229999542236328,22.628677368164062
10-02-2009,24.0,25.0,7800,25.01000022888184,24.06999969482422,21.588281631469727
11-02-2009,23.799999237060547,23.799999237060547,9000,24.5,24.170000076293945,21.67796897888184
12-02-2009,23.01000022888184,23.799999237060547,8900,23.799999237060547,23.600000381469727,21.16673851013184
13-02-2009,22.26000022888184,23.1200008392334,20700,23.25,22.649999618530277,20.31468772888184
17-02-2009,22.0,22.25,13700,22.559999465942383,22.32999992370605,20.02767944335937
18-02-2009,21.299999237060547,21.75,23400,22.3700008392334,22.25,19.9559268951416
19-02-2009,21.46999931335449,21.850000381469727,11600,22.729999542236328,22.200000762939453,19.91108512878418
20-02-2009,21.25,22.63999938964844,39700,23.25,22.799999237060547,20.449222564697266
23-02-2009,21.0,22.790000915527344,14700,22.790000915527344,22.200000762939453,19.91108512878418
24-02-2009,21.0,22.0,11800,23.399999618530277,22.200000762939453,19.91108512878418
25-02-2009,22.0,22.0,8300,23.059999465942383,23.059999465942383,20.68241310119629
26-02-2009,21.200000762939453,23.0,12900,23.670000076293945,22.15999984741211,19.875207901000977
27-02-2009,21.25,22.15999984741211,37400,22.540000915527344,21.38999938964844,19.18459892272949
02-03-2009,18.299999237060547,20.899999618530277,24500,20.950000762939453,19.0,17.041017532348633
03-03-2009,18.25,18.51000022888184,12700,19.25,18.450000762939453,16.547727584838867
04-03-2009,18.25,18.450000762939453,14900,21.09000015258789,20.0,17.93791389465332
05-03-2009,18.549999237060547,20.0,9500,20.0,18.770000457763672,16.83473014831543
06-03-2009,17.200000762939453,18.3799991607666,25300,18.75,18.25,16.36834716796875
09-03-2009,16.299999237060547,18.0,26200,18.020000457763672,16.489999771118164,14.78981113433838
10-03-2009,16.5,17.40999984741211,14300,18.21999931335449,18.21999931335449,16.531919479370117
11-03-2009,17.8700008392334,19.34000015258789,38200,19.34000015258789,18.479999542236328,16.76783561706543
12-03-2009,18.0,18.149999618530277,14700,20.440000534057617,19.479999542236328,17.675186157226562
13-03-2009,18.5,19.8700008392334,10800,19.979999542236328,19.299999237060547,17.511859893798828
16-03-2009,19.86000061035156,20.0,16400,20.309999465942383,19.86000061035156,18.019975662231445
17-03-2009,19.25,19.700000762939453,17200,20.68000030517578,19.950000762939453,18.101634979248047
18-03-2009,20.0,20.25,9300,21.0,20.5,18.60068130493164
19-03-2009,20.549999237060547,20.75,20300,22.5,22.5,20.415382385253903
20-03-2009,22.5,22.5,8800,24.3700008392334,23.5,21.32273292541504
23-03-2009,23.5,23.5,14200,26.450000762939453,24.25,22.00324440002441
24-03-2009,24.46999931335449,24.979999542236328,14400,26.690000534057617,26.0,23.591110229492188
25-03-2009,25.25,25.63999938964844,10600,27.0,26.25,23.817943572998047
26-03-2009,26.100000381469727,27.0,6400,27.0,26.68000030517578,24.208105087280277
27-03-2009,25.40999984741211,26.0,6400,26.989999771118164,26.5,24.04477882385254
30-03-2009,24.5,25.63999938964844,2200,25.63999938964844,24.600000381469727,22.32081794738769
31-03-2009,25.0,25.239999771118164,6500,25.989999771118164,25.989999771118164,23.582035064697266
01-04-2009,24.61000061035156,26.489999771118164,31300,27.0,26.38999938964844,23.944976806640625
02-04-2009,27.0,27.0,16300,29.489999771118164,28.559999465942383,25.91392517089844
03-04-2009,27.239999771118164,28.32999992370605,13900,28.559999465942383,27.979999542236328,25.38766288757324
06-04-2009,27.049999237060547,27.790000915527344,3500,27.790000915527344,27.450000762939453,24.90676689147949
07-04-2009,26.40999984741211,26.530000686645508,3200,27.049999237060547,26.450000762939453,23.999418258666992
08-04-2009,25.770000457763672,26.46999931335449,8600,27.540000915527344,26.530000686645508,24.07200813293457
09-04-2009,26.540000915527344,26.940000534057617,20700,28.5,26.96999931335449,24.471237182617188
13-04-2009,26.540000915527344,26.71999931335449,9700,27.049999237060547,26.799999237060547,24.31698608398437
14-04-2009,26.540000915527344,26.540000915527344,6400,28.25,28.25,25.632646560668945
15-04-2009,27.209999084472656,28.0,7200,28.399999618530277,27.209999084472656,24.689002990722656
16-04-2009,26.86000061035156,27.40999984741211,3600,27.40999984741211,26.86000061035156,24.371427536010746
17-04-2009,26.5,27.100000381469727,4100,27.100000381469727,26.729999542236328,24.25347328186035
20-04-2009,24.899999618530277,26.540000915527344,11100,26.549999237060547,25.43000030517578,23.073915481567383
21-04-2009,25.15999984741211,25.729999542236328,16300,26.649999618530277,26.350000381469727,23.908679962158203
22-04-2009,23.989999771118164,25.670000076293945,22400,25.670000076293945,25.100000381469727,22.77449607849121
23-04-2009,24.559999465942383,25.09000015258789,11100,26.13999938964844,26.13999938964844,23.718137741088867
24-04-2009,25.59000015258789,26.0,13800,26.63999938964844,25.59000015258789,23.219093322753903
27-04-2009,24.559999465942383,25.34000015258789,5800,25.34000015258789,25.01000022888184,22.692827224731445
28-04-2009,24.56999969482422,24.670000076293945,12600,25.75,25.6200008392334,23.24631690979004
29-04-2009,25.86000061035156,26.32999992370605,11700,26.709999084472656,26.350000381469727,23.908679962158203
30-04-2009,26.790000915527344,27.0,8700,28.5,27.0,24.498458862304688
01-05-2009,26.549999237060547,27.0,26700,28.5,27.420000076293945,24.879545211791992
04-05-2009,27.0,27.18000030517578,9700,27.770000457763672,27.57999992370605,25.02471923828125
05-05-2009,25.799999237060547,27.0,19000,27.270000457763672,26.670000076293945,24.199031829833984
06-05-2009,26.0,27.0,21800,28.309999465942383,28.209999084472656,25.596349716186523
07-05-2009,27.0,28.299999237060547,14300,28.46999931335449,27.729999542236328,25.160823822021484
08-05-2009,27.309999465942383,27.309999465942383,12900,29.25,29.020000457763672,26.331302642822266
11-05-2009,28.309999465942383,28.350000381469727,8800,29.65999984741211,29.0,26.313159942626957
12-05-2009,29.0,29.3799991607666,21300,30.0,29.75,26.99367332458496
13-05-2009,29.0,29.690000534057617,10500,30.040000915527344,30.0,27.22051048278809
14-05-2009,29.020000457763672,29.75,6800,30.76000022888184,30.489999771118164,27.66510963439941
15-05-2009,29.799999237060547,30.040000915527344,2900,30.670000076293945,29.850000381469727,27.08440399169922
18-05-2009,30.0,30.0,2000,30.93000030517578,30.299999237060547,27.492712020874023
19-05-2009,30.25,30.25,5100,30.780000686645508,30.780000686645508,27.928245544433597
20-05-2009,30.549999237060547,30.850000381469727,13000,32.959999084472656,30.549999237060547,27.71954727172852
21-05-2009,28.59000015258789,29.75,9400,31.989999771118164,30.809999465942383,27.955463409423828
22-05-2009,30.690000534057617,30.850000381469727,1800,31.90999984741211,31.90999984741211,28.95355033874512
26-05-2009,30.61000061035156,31.86000061035156,19200,32.4900016784668,32.029998779296875,29.06243133544922
27-05-2009,32.029998779296875,32.029998779296875,6100,33.310001373291016,32.400001525878906,29.39815330505371
28-05-2009,32.47999954223633,32.47999954223633,12900,33.56999969482422,33.43000030517578,30.332725524902344
29-05-2009,32.4900016784668,33.130001068115234,13300,33.689998626708984,33.400001525878906,30.305500030517575
01-06-2009,32.709999084472656,33.5,16400,33.52000045776367,32.91999816894531,29.869972229003903
02-06-2009,31.76000022888184,32.790000915527344,12900,33.86000061035156,32.849998474121094,29.806453704833984
03-06-2009,31.450000762939453,32.34000015258789,10700,32.54999923706055,31.75,28.80837059020996
04-06-2009,31.399999618530277,32.0,10300,32.689998626708984,32.52000045776367,29.50703239440918
05-06-2009,31.51000022888184,31.600000381469727,7600,32.380001068115234,31.51000022888184,28.590606689453125
08-06-2009,30.93000030517578,31.309999465942383,7900,32.7400016784668,32.099998474121094,29.12594413757324
09-06-2009,31.6200008392334,32.279998779296875,8400,32.79999923706055,32.22999954223633,29.243896484375
10-06-2009,32.25,32.25,14500,33.2400016784668,33.2400016784668,30.160329818725582
11-06-2009,31.790000915527344,33.099998474121094,29600,34.31999969482422,33.439998626708984,30.341794967651367
12-06-2009,32.790000915527344,33.63999938964844,20000,34.79999923706055,33.689998626708984,30.56863021850586
15-06-2009,32.7599983215332,33.29999923706055,27600,35.79999923706055,35.29999923706055,32.02946090698242
16-06-2009,35.380001068115234,35.380001068115234,37600,37.70000076293945,36.5,33.1182861328125
17-06-2009,35.06999969482422,35.06999969482422,11800,37.119998931884766,37.04999923706055,33.61733627319336
18-06-2009,36.0,36.790000915527344,20300,37.470001220703125,36.0,32.664608001708984
19-06-2009,32.599998474121094,35.9900016784668,12800,35.9900016784668,34.29999923706055,31.122114181518555
22-06-2009,32.099998474121094,34.779998779296875,7400,34.779998779296875,34.61000061035156,31.403398513793945
23-06-2009,32.150001525878906,34.33000183105469,16000,34.33000183105469,33.099998474121094,30.03329849243164
24-06-2009,32.349998474121094,33.65999984741211,6300,33.72999954223633,32.97999954223633,29.924415588378903
25-06-2009,32.5,32.5,16400,34.9900016784668,33.400001525878906,30.305500030517575
26-06-2009,32.939998626708984,33.08000183105469,1200,33.369998931884766,33.0,29.942562103271484
29-06-2009,32.40999984741211,32.70000076293945,7200,32.97999954223633,32.97999954223633,29.924415588378903
30-06-2009,31.950000762939453,34.11000061035156,8100,34.11000061035156,33.0,29.942562103271484
01-07-2009,31.280000686645508,32.9900016784668,80300,34.16999816894531,33.560001373291016,30.450672149658203
02-07-2009,30.56999969482422,33.0,5600,33.0,31.76000022888184,28.81744766235352
06-07-2009,31.399999618530277,31.850000381469727,4300,32.40999984741211,32.369998931884766,29.370927810668945
07-07-2009,30.8700008392334,31.850000381469727,5300,32.130001068115234,32.06999969482422,29.09872436523437
08-07-2009,30.739999771118164,32.150001525878906,6800,32.279998779296875,32.02000045776367,29.05335235595703
09-07-2009,32.290000915527344,32.5,6400,32.79999923706055,32.5,29.48888397216797
10-07-2009,32.36000061035156,32.7599983215332,6200,33.0,32.45000076293945,29.443517684936523
13-07-2009,31.850000381469727,32.25,2100,32.59000015258789,32.56999969482422,29.552396774291992
14-07-2009,32.06999969482422,32.06999969482422,12300,33.099998474121094,33.029998779296875,29.96978187561035
15-07-2009,32.68000030517578,32.68000030517578,21700,33.720001220703125,33.349998474121094,30.260129928588867
16-07-2009,32.79999923706055,33.310001373291016,10800,33.5,33.150001525878906,30.07866096496582
17-07-2009,33.150001525878906,33.150001525878906,13800,34.5,34.38999938964844,31.203777313232425
20-07-2009,33.75,34.439998626708984,7600,34.81999969482422,34.61000061035156,31.403398513793945
21-07-2009,34.689998626708984,34.689998626708984,5300,35.349998474121094,35.08000183105469,31.82985496520996
22-07-2009,34.36000061035156,35.0,24300,35.25,34.75,31.53042984008789
23-07-2009,34.81999969482422,35.06999969482422,19500,35.75,35.529998779296875,32.23815155029297
24-07-2009,35.400001525878906,35.900001525878906,18800,36.959999084472656,36.38999938964844,33.01847457885742
27-07-2009,35.9900016784668,36.25,3900,37.02000045776367,36.5,33.1182861328125
28-07-2009,35.31999969482422,36.54999923706055,5900,36.54999923706055,35.869998931884766,32.546653747558594
29-07-2009,32.43000030517578,35.86000061035156,7200,35.86000061035156,34.75,31.53042984008789
30-07-2009,33.0,35.5,8400,35.56999969482422,33.22999954223633,30.1512508392334
31-07-2009,32.900001525878906,33.0,11000,34.709999084472656,34.5,31.303585052490234
03-08-2009,34.630001068115234,35.0,7300,36.0,36.0,32.664608001708984
04-08-2009,33.34000015258789,35.900001525878906,18200,35.900001525878906,34.720001220703125,31.50320053100586
05-08-2009,33.650001525878906,34.58000183105469,2900,34.83000183105469,34.439998626708984,31.249143600463867
06-08-2009,34.0,34.650001525878906,9400,35.95000076293945,35.45000076293945,32.16556930541992
07-08-2009,34.25,35.29999923706055,62200,35.650001525878906,34.81999969482422,31.59394073486328
10-08-2009,34.5,34.599998474121094,2600,34.9900016784668,34.5,31.303585052490234
11-08-2009,33.79999923706055,34.790000915527344,6700,34.790000915527344,34.0,30.849912643432617
12-08-2009,33.31999969482422,33.7400016784668,8300,35.0,34.70000076293945,31.48505973815918
13-08-2009,33.650001525878906,34.70000076293945,8900,34.70000076293945,33.91999816894531,30.777320861816406
14-08-2009,33.09000015258789,34.0,6800,34.0,33.11000061035156,30.042369842529297
17-08-2009,30.600000381469727,32.27000045776367,18300,33.0099983215332,32.25,29.262046813964844
18-08-2009,31.559999465942383,31.76000022888184,4700,33.119998931884766,32.900001525878906,29.851831436157227
19-08-2009,32.959999084472656,32.9900016784668,7100,34.439998626708984,34.13999938964844,30.976938247680664
20-08-2009,32.779998779296875,34.040000915527344,7600,34.040000915527344,33.61000061035156,30.49604034423828
21-08-2009,33.97999954223633,33.97999954223633,9000,35.290000915527344,34.09000015258789,30.93157196044922
24-08-2009,33.59000015258789,33.689998626708984,15600,34.75,33.939998626708984,30.795467376708984
25-08-2009,32.529998779296875,33.790000915527344,10900,33.849998474121094,32.599998474121094,29.57961845397949
26-08-2009,30.780000686645508,32.25,12800,32.72999954223633,32.599998474121094,29.57961845397949
27-08-2009,31.5,32.31999969482422,13000,33.279998779296875,33.040000915527344,29.978857040405277
28-08-2009,31.76000022888184,32.95000076293945,9000,33.040000915527344,31.809999465942383,28.862815856933597
31-08-2009,29.200000762939453,31.350000381469727,20000,31.350000381469727,30.5,27.674184799194336
01-09-2009,28.739999771118164,30.51000022888184,15600,30.700000762939453,29.0,26.313159942626957
02-09-2009,27.950000762939453,29.1200008392334,18300,29.25,27.950000762939453,25.360441207885746
03-09-2009,27.600000381469727,28.030000686645508,17000,28.149999618530277,27.799999237060547,25.22433853149414
04-09-2009,27.75,27.799999237060547,8800,29.71999931335449,29.399999618530277,26.67609405517578
08-09-2009,28.770000457763672,29.549999237060547,9300,30.3799991607666,30.13999938964844,27.3475399017334
09-09-2009,30.100000381469727,30.40999984741211,9800,31.25,30.36000061035156,27.54715347290039
10-09-2009,30.0,30.51000022888184,12400,31.280000686645508,31.270000457763672,28.37284469604492
11-09-2009,30.5,31.299999237060547,30400,31.299999237060547,30.770000457763672,27.919170379638672
14-09-2009,27.5,27.51000022888184,16000,31.5,31.489999771118164,28.572460174560547
15-09-2009,30.46999931335449,31.26000022888184,3900,31.670000076293945,31.670000076293945,28.73578453063965
16-09-2009,30.0,32.08000183105469,14200,32.08000183105469,31.299999237060547,28.400060653686523
17-09-2009,31.0,31.440000534057617,17500,31.71999931335449,31.32999992370605,28.427282333374023
18-09-2009,31.049999237060547,31.149999618530277,900,31.57999992370605,31.36000061035156,28.45450592041016
21-09-2009,30.68000030517578,31.0,1600,31.40999984741211,31.100000381469727,28.21859359741211
22-09-2009,31.25,31.280000686645508,7100,31.790000915527344,31.299999237060547,28.400060653686523
23-09-2009,30.18000030517578,31.200000762939453,11500,31.479999542236328,31.26000022888184,28.36376953125
24-09-2009,29.309999465942383,31.26000022888184,19800,31.5,30.209999084472656,27.411052703857425
25-09-2009,30.0,30.11000061035156,6400,30.899999618530277,30.01000022888184,27.22957992553711
28-09-2009,30.0,30.25,4300,30.940000534057617,30.0,27.22051048278809
29-09-2009,28.790000915527344,30.0,11400,30.420000076293945,30.309999465942383,27.501789093017575
30-09-2009,29.790000915527344,30.3799991607666,6400,31.530000686645508,31.5,28.58153533935547
01-10-2009,29.059999465942383,31.399999618530277,22900,31.549999237060547,29.25,26.540000915527344
02-10-2009,28.75,29.0,18000,30.25,30.25,27.447349548339844
05-10-2009,29.90999984741211,30.3799991607666,7200,30.76000022888184,30.21999931335449,27.42012596130371
06-10-2009,30.049999237060547,30.049999237060547,14000,31.239999771118164,30.709999084472656,27.864730834960938
07-10-2009,30.440000534057617,30.799999237060547,12100,31.709999084472656,30.670000076293945,27.82843399047852
08-10-2009,30.01000022888184,30.020000457763672,15400,31.40999984741211,30.799999237060547,27.946386337280277
09-10-2009,30.149999618530277,30.6299991607666,3800,30.670000076293945,30.670000076293945,27.82843399047852
12-10-2009,30.350000381469727,30.420000076293945,7100,31.25,31.0,28.12786102294922
13-10-2009,30.8799991607666,30.8799991607666,11600,31.81999969482422,31.170000076293945,28.2821102142334
14-10-2009,30.5,30.8799991607666,12000,31.809999465942383,31.75,28.80837059020996
15-10-2009,31.21999931335449,31.600000381469727,12900,32.4900016784668,32.22999954223633,29.243896484375
16-10-2009,31.049999237060547,31.790000915527344,9700,32.310001373291016,32.04999923706055,29.0805778503418
19-10-2009,31.700000762939453,31.899999618530277,10500,32.970001220703125,32.54999923706055,29.534255981445312
20-10-2009,31.799999237060547,32.650001525878906,3000,32.650001525878906,32.310001373291016,29.31649208068848
21-10-2009,30.8700008392334,32.0099983215332,13000,32.84000015258789,30.8700008392334,28.009906768798828
22-10-2009,29.600000381469727,30.68000030517578,28900,31.479999542236328,29.600000381469727,26.857572555541992
23-10-2009,28.799999237060547,29.82999992370605,18400,30.520000457763672,29.350000381469727,26.630727767944336
26-10-2009,29.46999931335449,29.46999931335449,9200,30.5,29.649999618530277,26.902936935424805
27-10-2009,29.530000686645508,29.63999938964844,11200,30.13999938964844,29.559999465942383,26.82127571105957
28-10-2009,27.5,29.40999984741211,26000,29.40999984741211,28.100000381469727,25.496543884277344
29-10-2009,28.209999084472656,28.450000762939453,15500,30.399999618530277,29.8799991607666,27.11162567138672
30-10-2009,28.0,29.799999237060547,24900,29.799999237060547,28.34000015258789,25.71430778503418
02-11-2009,27.81999969482422,28.399999618530277,20700,29.700000762939453,28.100000381469727,25.496543884277344
03-11-2009,27.71999931335449,27.920000076293945,16900,28.920000076293945,28.25,25.632646560668945
04-11-2009,27.770000457763672,28.600000381469727,30800,28.82999992370605,27.93000030517578,25.342294692993164
05-11-2009,27.899999618530277,28.13999938964844,43900,29.96999931335449,29.01000022888184,26.32223129272461
06-11-2009,28.0,28.93000030517578,21500,29.149999618530277,28.450000762939453,25.814115524291992
09-11-2009,27.6200008392334,28.020000457763672,24400,29.18000030517578,28.0,25.405811309814453
10-11-2009,27.100000381469727,28.200000762939453,25400,28.299999237060547,28.149999618530277,25.54190826416016
11-11-2009,27.799999237060547,27.799999237060547,19200,28.51000022888184,28.51000022888184,25.86855697631836
12-11-2009,27.559999465942383,28.25,2400,28.280000686645508,27.809999465942383,25.23341178894043
13-11-2009,27.440000534057617,27.82999992370605,14200,28.200000762939453,27.950000762939453,25.360441207885746
16-11-2009,28.100000381469727,28.100000381469727,14700,29.459999084472656,29.209999084472656,26.503700256347656
17-11-2009,28.38999938964844,29.399999618530277,8800,29.450000762939453,29.299999237060547,26.58536148071289
18-11-2009,28.270000457763672,29.350000381469727,27100,30.0,28.790000915527344,26.122615814208984
19-11-2009,28.13999938964844,28.82999992370605,13600,29.13999938964844,28.13999938964844,25.532838821411133
20-11-2009,27.75,28.040000915527344,12600,29.0,28.0,25.405811309814453
23-11-2009,27.6299991607666,28.200000762939453,25300,28.649999618530277,28.0,25.405811309814453
24-11-2009,27.209999084472656,28.01000022888184,25900,28.26000022888184,27.299999237060547,24.77066421508789
25-11-2009,27.270000457763672,27.270000457763672,27300,28.3799991607666,28.149999618530277,25.54190826416016
27-11-2009,27.3799991607666,27.5,3000,28.459999084472656,27.700000762939453,25.13360595703125
30-11-2009,27.21999931335449,27.32999992370605,6200,28.01000022888184,28.01000022888184,25.414878845214844
01-12-2009,27.399999618530277,28.200000762939453,12900,28.8700008392334,28.71999931335449,26.059101104736328
02-12-2009,27.809999465942383,28.540000915527344,10700,28.850000381469727,28.479999542236328,25.84133529663086
03-12-2009,27.549999237060547,28.25,4300,28.350000381469727,28.0,25.405811309814453
04-12-2009,27.26000022888184,28.31999969482422,16600,28.31999969482422,27.899999618530277,25.31507110595703
07-12-2009,27.38999938964844,27.63999938964844,2600,28.280000686645508,27.670000076293945,25.106386184692383
08-12-2009,27.200000762939453,27.46999931335449,10500,27.90999984741211,27.600000381469727,25.042869567871094
09-12-2009,27.25,27.479999542236328,8100,27.979999542236328,27.440000534057617,24.897689819335938
10-12-2009,27.1299991607666,27.71999931335449,10400,28.09000015258789,27.530000686645508,24.97935485839844
11-12-2009,27.520000457763672,27.520000457763672,16100,28.84000015258789,28.479999542236328,25.84133529663086
14-12-2009,28.540000915527344,28.540000915527344,11800,29.700000762939453,29.0,26.313159942626957
15-12-2009,28.68000030517578,28.68000030517578,19900,29.76000022888184,29.68000030517578,26.930158615112305
16-12-2009,28.979999542236328,29.600000381469727,2900,29.770000457763672,29.209999084472656,26.503700256347656
17-12-2009,28.850000381469727,29.3700008392334,7200,29.3700008392334,29.1299991607666,26.431114196777344
18-12-2009,29.190000534057617,29.299999237060547,11900,29.57999992370605,29.420000076293945,26.69424819946289
21-12-2009,28.01000022888184,29.25,12900,29.25,28.149999618530277,25.54190826416016
22-12-2009,28.51000022888184,28.51000022888184,13600,29.399999618530277,28.850000381469727,26.17705535888672
23-12-2009,28.459999084472656,28.88999938964844,16400,29.88999938964844,29.350000381469727,26.630727767944336
24-12-2009,28.68000030517578,29.01000022888184,10100,29.5,29.32999992370605,26.61258316040039
28-12-2009,29.32999992370605,29.38999938964844,8900,30.0,29.81999969482422,27.05718421936035
29-12-2009,28.65999984741211,29.549999237060547,11700,29.84000015258789,28.8799991607666,26.20427894592285
30-12-2009,28.82999992370605,28.989999771118164,12600,29.88999938964844,29.600000381469727,26.857572555541992
31-12-2009,28.809999465942383,29.8799991607666,10700,30.15999984741211,30.049999237060547,27.2658748626709
04-01-2010,28.649999618530277,30.440000534057617,31800,30.989999771118164,29.1299991607666,26.431114196777344
05-01-2010,29.020000457763672,29.020000457763672,22400,30.780000686645508,30.780000686645508,27.928245544433597
06-01-2010,29.07999992370605,30.489999771118164,18200,30.68000030517578,30.0,27.22051048278809
07-01-2010,29.38999938964844,30.0,6300,30.0,29.75,26.99367332458496
08-01-2010,29.0,29.729999542236328,10800,29.81999969482422,29.0,26.313159942626957
11-01-2010,28.56999969482422,29.200000762939453,20700,29.399999618530277,28.920000076293945,26.24057388305664
12-01-2010,27.290000915527344,28.5,51600,29.0,28.75,26.086320877075195
13-01-2010,28.030000686645508,28.450000762939453,6400,29.489999771118164,29.190000534057617,26.48555564880371
14-01-2010,28.0,29.229999542236328,26600,29.229999542236328,28.0,25.405811309814453
15-01-2010,26.43000030517578,26.709999084472656,14400,28.25,27.8700008392334,25.287851333618164
19-01-2010,27.15999984741211,27.399999618530277,25500,27.989999771118164,27.700000762939453,25.13360595703125
20-01-2010,26.559999465942383,27.649999618530277,41000,28.0,27.25,24.72529602050781
21-01-2010,26.5,27.229999542236328,12400,27.6299991607666,26.850000381469727,24.36235618591309
22-01-2010,26.6200008392334,26.690000534057617,6800,27.6299991607666,26.790000915527344,24.30791473388672
25-01-2010,26.75,27.600000381469727,15900,28.06999969482422,27.15999984741211,24.643634796142575
26-01-2010,26.559999465942383,27.0,11600,27.3799991607666,26.950000762939453,24.45309066772461
27-01-2010,25.149999618530277,26.690000534057617,29400,26.920000076293945,26.100000381469727,23.68184471130371
28-01-2010,25.75,26.190000534057617,5200,26.299999237060547,26.299999237060547,23.863311767578125
29-01-2010,25.15999984741211,26.170000076293945,21600,26.450000762939453,26.229999542236328,23.79979515075684
01-02-2010,25.549999237060547,25.6299991607666,42200,27.450000762939453,27.0,24.498458862304688
02-02-2010,25.950000762939453,26.920000076293945,45300,27.36000061035156,26.96999931335449,24.471237182617188
03-02-2010,26.209999084472656,26.799999237060547,26600,27.25,26.46999931335449,24.01755714416504
04-02-2010,25.61000061035156,26.26000022888184,14300,26.59000015258789,26.5,24.04477882385254
05-02-2010,26.299999237060547,26.530000686645508,7700,26.790000915527344,26.780000686645508,24.29884147644043
08-02-2010,25.600000381469727,26.559999465942383,4900,26.559999465942383,25.600000381469727,23.228168487548828
09-02-2010,25.600000381469727,25.6200008392334,13300,26.75,26.18000030517578,23.75443458557129
10-02-2010,26.0,26.11000061035156,3700,26.5,26.5,24.04477882385254
11-02-2010,26.030000686645508,26.11000061035156,7200,26.729999542236328,26.51000022888184,24.053855895996094
12-02-2010,25.809999465942383,26.700000762939453,1900,26.700000762939453,26.399999618530277,23.954044342041016
16-02-2010,26.21999931335449,26.21999931335449,7000,27.65999984741211,27.65999984741211,25.09731101989746
17-02-2010,27.0,27.75,4400,27.75,27.0,24.498458862304688
18-02-2010,26.649999618530277,26.959999084472656,6300,27.790000915527344,27.530000686645508,24.97935485839844
19-02-2010,27.18000030517578,27.18000030517578,7200,28.15999984741211,27.979999542236328,25.38766288757324
22-02-2010,27.799999237060547,28.06999969482422,6100,28.5,28.0,25.405811309814453
23-02-2010,27.100000381469727,27.670000076293945,23200,27.690000534057617,27.229999542236328,24.707141876220703
24-02-2010,26.96999931335449,27.5,17300,27.520000457763672,27.450000762939453,24.90676689147949
25-02-2010,26.049999237060547,27.170000076293945,22900,27.290000915527344,26.76000022888184,24.28070068359375
26-02-2010,26.049999237060547,26.76000022888184,17300,27.38999938964844,27.0,24.498458862304688
01-03-2010,27.32999992370605,27.350000381469727,25800,27.950000762939453,27.600000381469727,25.042869567871094
02-03-2010,27.600000381469727,27.600000381469727,15900,27.920000076293945,27.729999542236328,25.160823822021484
03-03-2010,26.81999969482422,27.549999237060547,29100,28.25,28.25,25.632646560668945
04-03-2010,27.84000015258789,28.299999237060547,13900,28.649999618530277,28.040000915527344,25.442108154296875
05-03-2010,28.350000381469727,28.3700008392334,12100,29.350000381469727,29.190000534057617,26.48555564880371
08-03-2010,29.020000457763672,29.020000457763672,17800,29.8799991607666,29.649999618530277,26.902936935424805
09-03-2010,29.0,29.34000015258789,24300,29.790000915527344,29.239999771118164,26.53092384338379
10-03-2010,27.799999237060547,29.11000061035156,40300,29.450000762939453,28.299999237060547,25.854856491088867
11-03-2010,27.799999237060547,27.93000030517578,20300,28.81999969482422,27.979999542236328,25.56250762939453
12-03-2010,28.049999237060547,28.049999237060547,5600,28.36000061035156,28.200000762939453,25.76349449157715
15-03-2010,27.809999465942383,28.15999984741211,6300,28.899999618530277,27.850000381469727,25.44373893737793
16-03-2010,27.309999465942383,27.440000534057617,21100,28.200000762939453,28.06999969482422,25.644731521606445
17-03-2010,27.549999237060547,27.770000457763672,17700,27.88999938964844,27.549999237060547,25.169662475585938
18-03-2010,27.5,27.5,10700,27.799999237060547,27.5,25.12398147583008
19-03-2010,27.489999771118164,27.5,15400,28.07999992370605,27.5,25.12398147583008
22-03-2010,27.049999237060547,27.799999237060547,9800,27.799999237060547,27.06999969482422,24.73113250732422
23-03-2010,26.559999465942383,27.06999969482422,30200,27.06999969482422,26.86000061035156,24.539278030395508
24-03-2010,26.950000762939453,26.96999931335449,9400,27.670000076293945,27.59000015258789,25.206201553344727
25-03-2010,27.31999969482422,27.31999969482422,5100,27.780000686645508,27.5,25.12398147583008
26-03-2010,27.350000381469727,27.350000381469727,2700,27.75,27.459999084472656,25.08743667602539
29-03-2010,27.450000762939453,27.649999618530277,8800,27.700000762939453,27.5,25.12398147583008
30-03-2010,27.38999938964844,27.5,12200,27.700000762939453,27.56999969482422,25.187929153442383
31-03-2010,27.5,27.5,6800,28.200000762939453,28.0,25.580780029296875
01-04-2010,28.350000381469727,28.3700008392334,12300,29.040000915527344,28.950000762939453,26.448701858520508
05-04-2010,28.899999618530277,29.170000076293945,22700,29.899999618530277,29.489999771118164,26.942039489746094
06-04-2010,29.1200008392334,29.489999771118164,7100,29.850000381469727,29.209999084472656,26.68623733520508
07-04-2010,28.899999618530277,29.309999465942383,19500,29.5,29.0,26.4943790435791
08-04-2010,28.399999618530277,29.07999992370605,6700,29.07999992370605,28.979999542236328,26.47610664367676
09-04-2010,28.649999618530277,28.75,1000,28.850000381469727,28.850000381469727,26.357336044311523
12-04-2010,28.559999465942383,28.649999618530277,18000,29.040000915527344,28.850000381469727,26.357336044311523
13-04-2010,28.520000457763672,28.600000381469727,10700,29.270000457763672,28.61000061035156,26.13807487487793
14-04-2010,28.26000022888184,28.3700008392334,20400,29.0,28.809999465942383,26.320789337158203
15-04-2010,28.40999984741211,28.600000381469727,8700,28.979999542236328,28.61000061035156,26.13807487487793
16-04-2010,28.15999984741211,28.450000762939453,2400,28.450000762939453,28.399999618530277,25.946218490600582
19-04-2010,27.489999771118164,28.350000381469727,5900,28.5,28.0,25.580780029296875
20-04-2010,27.850000381469727,28.049999237060547,14300,28.3799991607666,28.3799991607666,25.927947998046875
21-04-2010,28.09000015258789,28.190000534057617,4200,28.82999992370605,28.82999992370605,26.33906936645508
22-04-2010,28.600000381469727,28.88999938964844,3800,28.88999938964844,28.600000381469727,26.12894058227539
23-04-2010,28.600000381469727,28.600000381469727,25800,29.84000015258789,29.5,26.95117950439453
26-04-2010,28.75,29.32999992370605,10000,29.600000381469727,29.530000686645508,26.97858428955078
27-04-2010,29.100000381469727,29.600000381469727,8300,29.600000381469727,29.5,26.95117950439453
28-04-2010,29.06999969482422,29.190000534057617,5200,29.5,29.3700008392334,26.832408905029297
29-04-2010,29.170000076293945,29.350000381469727,6500,29.96999931335449,29.850000381469727,27.270936965942383
30-04-2010,29.350000381469727,30.0,22400,30.56999969482422,29.81999969482422,27.243532180786133
03-05-2010,29.809999465942383,30.200000762939453,23500,30.399999618530277,30.280000686645508,27.66378593444824
04-05-2010,28.899999618530277,30.1200008392334,7500,30.1200008392334,29.6200008392334,27.06081199645996
05-05-2010,28.899999618530277,29.229999542236328,4700,29.31999969482422,29.149999618530277,26.63141632080078
06-05-2010,27.65999984741211,29.84000015258789,10500,29.84000015258789,28.82999992370605,26.33906936645508
07-05-2010,27.43000030517578,28.600000381469727,11300,28.600000381469727,27.86000061035156,25.45287704467773
10-05-2010,28.020000457763672,29.799999237060547,12700,29.799999237060547,28.020000457763672,25.599048614501957
11-05-2010,27.59000015258789,27.739999771118164,9900,28.51000022888184,28.15999984741211,25.726953506469727
12-05-2010,28.0,28.0,12900,28.559999465942383,28.280000686645508,25.836589813232425
13-05-2010,28.290000915527344,28.290000915527344,8000,29.420000076293945,28.799999237060547,26.31165885925293
14-05-2010,27.399999618530277,28.700000762939453,7700,28.700000762939453,27.670000076293945,25.27929306030273
17-05-2010,27.11000061035156,28.18000030517578,9800,28.18000030517578,27.479999542236328,25.1057071685791
18-05-2010,27.07999992370605,27.6200008392334,12100,27.979999542236328,27.350000381469727,24.9869384765625
19-05-2010,27.040000915527344,27.36000061035156,9800,27.76000022888184,27.729999542236328,25.3341064453125
20-05-2010,26.75,27.1299991607666,23200,27.540000915527344,27.170000076293945,24.822492599487305
21-05-2010,26.309999465942383,26.3700008392334,6500,27.149999618530277,27.149999618530277,24.804218292236328
24-05-2010,26.6200008392334,27.149999618530277,11200,27.31999969482422,26.700000762939453,24.393104553222656
25-05-2010,25.600000381469727,26.51000022888184,10100,26.51000022888184,26.0,23.75358390808105
26-05-2010,25.649999618530277,25.81999969482422,31200,26.43000030517578,25.65999984741211,23.44295883178711
27-05-2010,25.75,25.75,9300,27.13999938964844,27.040000915527344,24.70372772216797
28-05-2010,26.649999618530277,26.88999938964844,5800,27.200000762939453,26.84000015258789,24.521005630493164
01-06-2010,26.790000915527344,27.0,4800,27.540000915527344,26.790000915527344,24.475326538085938
02-06-2010,26.71999931335449,26.75,4700,27.100000381469727,27.100000381469727,24.75854110717773
03-06-2010,26.350000381469727,26.93000030517578,10800,27.26000022888184,27.170000076293945,24.822492599487305
04-06-2010,26.280000686645508,26.280000686645508,3200,26.729999542236328,26.399999618530277,24.1190185546875
07-06-2010,25.790000915527344,25.81999969482422,3800,26.530000686645508,26.1299991607666,23.87234115600586
08-06-2010,25.75,26.0,10400,26.290000915527344,26.290000915527344,24.018526077270508
09-06-2010,25.979999542236328,25.979999542236328,4000,26.979999542236328,26.57999992370605,24.28346824645996
10-06-2010,26.600000381469727,26.600000381469727,20400,27.770000457763672,27.59000015258789,25.206201553344727
11-06-2010,26.649999618530277,27.209999084472656,9000,27.299999237060547,26.81999969482422,24.502731323242188
14-06-2010,26.959999084472656,26.959999084472656,5300,27.399999618530277,27.3700008392334,25.00521278381348
15-06-2010,27.5,27.520000457763672,4300,28.0,27.82999992370605,25.42546844482422
16-06-2010,27.739999771118164,28.26000022888184,1400,28.26000022888184,27.989999771118164,25.571645736694336
17-06-2010,27.5,27.799999237060547,6100,28.01000022888184,27.63999938964844,25.251880645751957
18-06-2010,27.040000915527344,27.690000534057617,11000,27.75,27.040000915527344,24.70372772216797
21-06-2010,27.6299991607666,28.0,5400,28.0,27.6299991607666,25.242748260498047
22-06-2010,26.96999931335449,27.299999237060547,4300,27.670000076293945,27.61000061035156,25.22447967529297
23-06-2010,27.5,27.61000061035156,5800,28.43000030517578,28.270000457763672,25.827449798583984
24-06-2010,27.0,27.600000381469727,8600,28.200000762939453,27.0,24.66718101501465
25-06-2010,26.01000022888184,26.799999237060547,15100,28.299999237060547,26.950000762939453,24.62149810791016
28-06-2010,26.61000061035156,26.6200008392334,7500,26.86000061035156,26.739999771118164,24.42964172363281
29-06-2010,26.020000457763672,26.309999465942383,2800,26.36000061035156,26.350000381469727,24.07334327697754
30-06-2010,26.299999237060547,26.8799991607666,2800,26.90999984741211,26.309999465942383,24.03679847717285
01-07-2010,25.670000076293945,25.729999542236328,35200,26.1200008392334,25.71999931335449,23.497774124145508
02-07-2010,25.670000076293945,25.670000076293945,2600,26.100000381469727,26.100000381469727,23.84494400024414
06-07-2010,25.59000015258789,26.0,19900,26.350000381469727,25.82999992370605,23.5982666015625
07-07-2010,25.59000015258789,25.729999542236328,17000,26.6299991607666,25.700000762939453,23.479501724243164
08-07-2010,25.690000534057617,26.049999237060547,7600,26.32999992370605,25.950000762939453,23.70789909362793
09-07-2010,25.57999992370605,25.649999618530277,8100,26.649999618530277,26.649999618530277,24.34741973876953
12-07-2010,26.59000015258789,26.59000015258789,5400,27.100000381469727,27.100000381469727,24.75854110717773
13-07-2010,26.729999542236328,27.149999618530277,13800,27.479999542236328,27.1200008392334,24.77681350708008
14-07-2010,26.170000076293945,26.81999969482422,8400,27.030000686645508,26.530000686645508,24.23779296875
15-07-2010,26.5,26.530000686645508,8000,26.84000015258789,26.709999084472656,24.40223693847656
16-07-2010,25.959999084472656,26.5,16100,26.729999542236328,26.209999084472656,23.945436477661133
19-07-2010,26.0,26.0,3100,26.32999992370605,26.18000030517578,23.91803359985352
20-07-2010,25.88999938964844,26.18000030517578,9800,26.959999084472656,26.959999084472656,24.630638122558597
21-07-2010,26.239999771118164,26.61000061035156,10600,26.61000061035156,26.530000686645508,24.23779296875
22-07-2010,26.90999984741211,26.90999984741211,18200,27.56999969482422,27.01000022888184,24.676315307617188
23-07-2010,26.3700008392334,27.100000381469727,11600,27.38999938964844,27.36000061035156,24.996078491210938
26-07-2010,26.940000534057617,26.940000534057617,5900,27.450000762939453,27.0,24.66718101501465
27-07-2010,26.700000762939453,27.420000076293945,8700,27.420000076293945,26.959999084472656,24.630638122558597
28-07-2010,26.190000534057617,26.56999969482422,3100,26.56999969482422,26.489999771118164,24.20124626159668
29-07-2010,25.989999771118164,26.489999771118164,16700,26.76000022888184,26.540000915527344,24.246925354003903
30-07-2010,26.239999771118164,26.540000915527344,4900,26.540000915527344,26.420000076293945,24.13729286193848
02-08-2010,26.25,26.51000022888184,35100,27.959999084472656,27.3700008392334,25.00521278381348
03-08-2010,26.270000457763672,27.1200008392334,12400,27.68000030517578,27.34000015258789,24.977802276611328
04-08-2010,26.940000534057617,27.059999465942383,12600,27.959999084472656,27.770000457763672,25.370651245117188
05-08-2010,27.350000381469727,27.8700008392334,11200,28.239999771118164,27.780000686645508,25.379789352416992
06-08-2010,26.809999465942383,26.809999465942383,16600,27.61000061035156,27.489999771118164,25.114843368530277
09-08-2010,27.399999618530277,27.459999084472656,2800,27.51000022888184,27.46999931335449,25.096569061279297
10-08-2010,27.11000061035156,27.11000061035156,700,27.25,27.149999618530277,24.804218292236328
11-08-2010,26.799999237060547,26.850000381469727,2500,26.899999618530277,26.82999992370605,24.51186752319336
12-08-2010,26.26000022888184,26.690000534057617,2000,26.690000534057617,26.350000381469727,24.07334327697754
13-08-2010,26.170000076293945,26.309999465942383,5000,26.420000076293945,26.170000076293945,23.90889549255371
16-08-2010,26.26000022888184,26.26000022888184,2500,26.38999938964844,26.3799991607666,24.10074615478516
17-08-2010,26.600000381469727,26.84000015258789,14600,27.520000457763672,27.15999984741211,24.813356399536133
18-08-2010,26.489999771118164,27.3700008392334,7400,27.3700008392334,26.989999771118164,24.65804100036621
19-08-2010,26.38999938964844,26.709999084472656,3700,27.040000915527344,27.040000915527344,24.70372772216797
20-08-2010,26.670000076293945,27.32999992370605,12400,27.32999992370605,26.670000076293945,24.365692138671875
23-08-2010,29.51000022888184,29.989999771118164,125800,30.700000762939453,29.86000061035156,27.280075073242188
24-08-2010,29.739999771118164,29.790000915527344,32900,30.270000457763672,29.940000534057617,27.35316276550293
25-08-2010,28.559999465942383,30.1299991607666,129500,30.13999938964844,28.979999542236328,26.47610664367676
26-08-2010,28.799999237060547,29.229999542236328,45000,29.549999237060547,29.549999237060547,26.99685478210449
27-08-2010,28.81999969482422,29.600000381469727,56100,29.700000762939453,29.11000061035156,26.594877243041992
30-08-2010,29.0,29.26000022888184,30400,29.489999771118164,29.34000015258789,26.80499839782715
31-08-2010,29.3700008392334,29.59000015258789,88200,30.399999618530277,29.979999542236328,27.38970375061035
01-09-2010,29.700000762939453,30.81999969482422,61200,30.81999969482422,30.0,27.40797996520996
02-09-2010,30.0,30.020000457763672,86400,31.709999084472656,31.350000381469727,28.641332626342773
03-09-2010,30.56999969482422,31.350000381469727,33000,31.350000381469727,31.350000381469727,28.641332626342773
07-09-2010,31.18000030517578,32.47999954223633,32200,32.47999954223633,31.850000381469727,29.0981388092041
08-09-2010,31.8700008392334,31.8700008392334,136500,35.189998626708984,34.95000076293945,31.9302921295166
09-09-2010,32.97999954223633,35.4900016784668,143300,36.16999816894531,33.77000045776367,30.852245330810547
10-09-2010,33.47999954223633,34.189998626708984,50900,34.86000061035156,34.689998626708984,31.69276428222656
13-09-2010,34.31999969482422,35.0,39200,35.45000076293945,34.56999969482422,31.58312225341797
14-09-2010,34.2599983215332,34.59000015258789,46700,35.18000030517578,34.88999938964844,31.8754825592041
15-09-2010,34.189998626708984,34.95000076293945,24900,34.95000076293945,34.400001525878906,31.427812576293945
16-09-2010,33.38999938964844,34.220001220703125,41800,34.70000076293945,33.5,30.605573654174805
17-09-2010,33.349998474121094,33.77000045776367,20900,34.25,33.68000030517578,30.770017623901367
20-09-2010,33.95000076293945,33.95000076293945,68900,35.029998779296875,34.880001068115234,31.86634635925293
21-09-2010,34.880001068115234,34.97999954223633,12300,35.349998474121094,35.18000030517578,32.14042663574219
22-09-2010,35.09000015258789,35.45000076293945,11500,35.790000915527344,35.400001525878906,32.34141159057617
23-09-2010,35.16999816894531,35.41999816894531,13600,35.810001373291016,35.459999084472656,32.3962287902832
24-09-2010,35.45000076293945,35.45000076293945,22300,36.119998931884766,35.84000015258789,32.74340057373047
27-09-2010,35.86000061035156,35.86000061035156,24800,36.79999923706055,36.75,33.57477569580078
28-09-2010,36.56999969482422,36.56999969482422,78900,40.18000030517578,39.5,36.0871696472168
29-09-2010,38.70000076293945,39.09999847412109,53500,39.959999084472656,39.52999877929688,36.11457824707031
30-09-2010,39.27000045776367,39.959999084472656,21600,40.290000915527344,40.02999877929688,36.57137680053711
01-10-2010,40.2599983215332,40.2599983215332,122200,43.970001220703125,43.81999969482422,40.033912658691406
04-10-2010,40.20000076293945,43.29999923706055,93800,43.88999938964844,40.75,37.22916793823242
05-10-2010,38.709999084472656,40.75,68600,41.29999923706055,38.77999877929688,35.42937469482422
06-10-2010,37.81999969482422,38.59999847412109,36400,38.61000061035156,38.0,34.71677017211914
07-10-2010,37.52000045776367,37.68999862670898,22900,38.33000183105469,38.0099983215332,34.72590637207031
08-10-2010,37.33000183105469,37.400001525878906,31000,38.400001525878906,38.209999084472656,34.90863800048828
11-10-2010,38.209999084472656,38.36000061035156,25400,39.22999954223633,39.08000183105469,35.70345687866211
12-10-2010,38.59999847412109,38.880001068115234,20100,39.22999954223633,39.15999984741211,35.776546478271484
13-10-2010,39.0,39.0,11500,39.47999954223633,39.380001068115234,35.977542877197266
14-10-2010,38.650001525878906,39.45000076293945,8200,39.45000076293945,39.0099983215332,35.639503479003906
15-10-2010,38.59999847412109,38.59999847412109,7000,39.08000183105469,38.90999984741211,35.54814910888672
18-10-2010,38.52000045776367,38.59999847412109,6900,38.9900016784668,38.630001068115234,35.29234313964844
19-10-2010,37.810001373291016,38.59999847412109,20900,38.81999969482422,38.0099983215332,34.72590637207031
20-10-2010,37.04999923706055,37.90999984741211,17400,38.36000061035156,38.20000076293945,34.899497985839844
21-10-2010,37.869998931884766,38.52000045776367,5300,38.72999954223633,38.08000183105469,34.78986740112305
22-10-2010,37.63999938964844,38.25,10500,38.25,37.72999954223633,34.470096588134766
25-10-2010,37.43999862670898,37.72999954223633,10500,38.34000015258789,38.09999847412109,34.80813217163086
26-10-2010,37.66999816894531,37.90999984741211,10500,38.0,37.77999877929688,34.51578521728516
27-10-2010,37.31999969482422,37.400001525878906,4900,38.25,37.52999877929688,34.287376403808594
28-10-2010,36.380001068115234,37.45000076293945,7800,37.720001220703125,36.84000015258789,33.65699005126953
29-10-2010,35.83000183105469,36.5,12000,36.5,36.150001525878906,33.026607513427734
01-11-2010,36.20000076293945,36.59999847412109,14000,36.59999847412109,36.45000076293945,33.300689697265625
02-11-2010,36.220001220703125,36.29999923706055,9900,37.29999923706055,37.150001525878906,33.94021224975586
03-11-2010,36.68000030517578,37.04999923706055,4100,37.18000030517578,36.75,33.57477569580078
04-11-2010,37.20000076293945,37.290000915527344,10100,37.959999084472656,37.79999923706055,34.534053802490234
05-11-2010,37.220001220703125,37.540000915527344,10200,37.72999954223633,37.310001373291016,34.08639144897461
08-11-2010,37.0,37.310001373291016,9600,37.59999847412109,37.400001525878906,34.168609619140625
09-11-2010,37.5,37.77000045776367,15000,39.130001068115234,38.75,35.40196990966797
10-11-2010,38.40999984741211,39.0,6100,39.0,38.65999984741211,35.31974029541016
11-11-2010,37.880001068115234,38.709999084472656,23700,41.59000015258789,39.58000183105469,36.16026306152344
12-11-2010,39.13999938964844,39.47999954223633,11000,39.81999969482422,39.220001220703125,35.831356048583984
15-11-2010,39.36000061035156,39.63999938964844,14400,39.75,39.75,36.315574645996094
16-11-2010,39.5,39.75,29100,41.13999938964844,39.900001525878906,36.45260620117188
17-11-2010,39.0099983215332,40.0,25900,40.0,39.63999938964844,36.21507263183594
18-11-2010,39.20000076293945,39.83000183105469,19100,39.84999847412109,39.79999923706055,36.36125183105469
19-11-2010,39.04999923706055,39.380001068115234,11100,39.9900016784668,39.63999938964844,36.21507263183594
22-11-2010,39.400001525878906,39.59999847412109,3400,39.77000045776367,39.63999938964844,36.21507263183594
23-11-2010,39.09000015258789,39.29999923706055,6300,40.0,39.70000076293945,36.2698860168457
24-11-2010,39.290000915527344,39.52999877929688,10600,39.83000183105469,39.52999877929688,36.11457824707031
26-11-2010,39.06999969482422,39.150001525878906,2100,39.16999816894531,39.150001525878906,35.76741409301758
29-11-2010,38.130001068115234,39.0,8700,39.29999923706055,38.34999847412109,35.03653335571289
30-11-2010,38.09999847412109,38.09999847412109,7000,38.9900016784668,38.470001220703125,35.14616775512695
01-12-2010,37.709999084472656,38.29999923706055,15000,38.36000061035156,38.04999923706055,34.762451171875
02-12-2010,37.0099983215332,38.060001373291016,15400,38.060001373291016,37.540000915527344,34.296512603759766
03-12-2010,36.02999877929688,37.5,29400,37.61000061035156,37.220001220703125,34.00416564941406
06-12-2010,36.45000076293945,37.20000076293945,25400,37.22999954223633,36.459999084472656,33.30982971191406
07-12-2010,36.45000076293945,36.45000076293945,20400,37.27000045776367,37.02000045776367,33.82144927978516
08-12-2010,36.560001373291016,36.77999877929688,5200,37.29999923706055,37.29999923706055,34.077247619628906
09-12-2010,36.95000076293945,37.15999984741211,9800,37.43000030517578,37.04999923706055,33.84885787963867
10-12-2010,36.75,37.40999984741211,2600,37.40999984741211,36.88999938964844,33.70268249511719
13-12-2010,36.59000015258789,36.59000015258789,4800,37.59999847412109,37.0099983215332,33.81230163574219
14-12-2010,37.02999877929688,37.5,1900,37.5099983215332,37.02999877929688,33.83058547973633
15-12-2010,36.5099983215332,36.97999954223633,7100,37.04999923706055,36.5099983215332,33.35550308227539
16-12-2010,36.5,36.5,8300,36.810001373291016,36.790000915527344,33.61131286621094
17-12-2010,36.45000076293945,36.810001373291016,22000,36.810001373291016,36.45000076293945,33.300689697265625
20-12-2010,36.18000030517578,36.45000076293945,15200,37.369998931884766,36.9900016784668,33.79403305053711
21-12-2010,36.54999923706055,36.84999847412109,6100,37.06999969482422,37.06999969482422,33.867122650146484
22-12-2010,36.75,37.369998931884766,6800,37.52000045776367,36.75,33.57477569580078
23-12-2010,36.5099983215332,36.54999923706055,4600,36.9900016784668,36.709999084472656,33.538230895996094
27-12-2010,36.02000045776367,36.56999969482422,7600,36.790000915527344,36.119998931884766,32.99920654296875
28-12-2010,35.0,36.060001373291016,20700,37.97999954223633,37.560001373291016,34.31478500366211
29-12-2010,37.0,37.41999816894531,4700,37.41999816894531,37.0,33.803165435791016
30-12-2010,36.45000076293945,36.560001373291016,1200,36.81999969482422,36.77000045776367,33.593048095703125
31-12-2010,36.20000076293945,36.27999877929688,8500,36.47999954223633,36.47999954223633,33.328094482421875
03-01-2011,36.150001525878906,36.150001525878906,7300,37.630001068115234,36.79999923706055,33.620445251464844
04-01-2011,36.79999923706055,37.34000015258789,3300,37.459999084472656,36.900001525878906,33.711814880371094
05-01-2011,35.27000045776367,36.7400016784668,8900,37.06999969482422,36.77999877929688,33.6021728515625
06-01-2011,36.209999084472656,36.34999847412109,6200,37.18000030517578,36.93999862670898,33.74835586547852
07-01-2011,36.43999862670898,37.25,5200,37.25,36.93000030517578,33.73921585083008
10-01-2011,36.619998931884766,36.650001525878906,6300,37.47999954223633,37.27999877929688,34.05898666381836
11-01-2011,36.720001220703125,37.0,3600,37.84999847412109,37.84999847412109,34.57973861694336
12-01-2011,37.52999877929688,37.86000061035156,3500,37.86000061035156,37.75,34.488372802734375
13-01-2011,37.02999877929688,37.59999847412109,8400,37.86000061035156,37.27999877929688,34.05898666381836
14-01-2011,36.83000183105469,37.130001068115234,3000,37.56999969482422,37.380001068115234,34.15034103393555
18-01-2011,36.20000076293945,37.25,12500,37.25,36.59999847412109,33.4377326965332
19-01-2011,36.220001220703125,36.40999984741211,6900,36.709999084472656,36.31999969482422,33.181922912597656
20-01-2011,35.79999923706055,36.58000183105469,6600,36.58000183105469,35.849998474121094,32.75253677368164
21-01-2011,35.04999923706055,35.470001220703125,27900,35.869998931884766,35.5,32.43277740478516
24-01-2011,35.060001373291016,35.060001373291016,16300,36.34999847412109,36.34999847412109,33.20934295654297
25-01-2011,35.79999923706055,36.04999923706055,7200,36.52000045776367,36.52000045776367,33.36464309692383
26-01-2011,35.869998931884766,36.15999984741211,6900,36.709999084472656,36.59999847412109,33.4377326965332
27-01-2011,36.5,36.630001068115234,9500,37.38999938964844,37.36000061035156,34.1320686340332
28-01-2011,37.2400016784668,37.5,8100,37.75,37.5,34.259971618652344
31-01-2011,37.25,37.380001068115234,7700,38.0,37.75,34.488372802734375
01-02-2011,37.5,37.5,10700,39.0,38.33000183105469,35.01826477050781
02-02-2011,38.060001373291016,38.25,7600,40.18000030517578,40.119998931884766,36.653602600097656
03-02-2011,39.7400016784668,40.0,13100,41.380001068115234,41.06999969482422,37.52152633666992
04-02-2011,38.59000015258789,41.02999877929688,11700,41.060001373291016,40.119998931884766,36.653602600097656
07-02-2011,40.119998931884766,40.2599983215332,10600,41.56999969482422,41.31999969482422,37.74991989135742
08-02-2011,41.130001068115234,41.41999816894531,18600,41.75,41.400001525878906,37.8230094909668
09-02-2011,41.56999969482422,41.869998931884766,12400,42.0,42.0,38.37117004394531
10-02-2011,41.97999954223633,42.15999984741211,22800,44.04999923706055,43.66999816894531,39.896881103515625
11-02-2011,43.66999816894531,43.959999084472656,17900,44.95000076293945,43.95000076293945,40.152679443359375
14-02-2011,42.68000030517578,44.09999847412109,7300,44.09999847412109,43.38999938964844,39.64107131958008
15-02-2011,43.02000045776367,43.25,7200,44.68000030517578,43.68999862670898,39.9151496887207
16-02-2011,43.31999969482422,43.93000030517578,8200,44.90999984741211,44.90999984741211,41.029747009277344
17-02-2011,44.54999923706055,44.54999923706055,8700,44.84999847412109,44.709999084472656,40.84702301025391
18-02-2011,44.380001068115234,44.59999847412109,9200,44.790000915527344,44.43000030517578,40.591217041015625
22-02-2011,42.810001373291016,44.34000015258789,9300,44.52000045776367,43.08000183105469,39.35785675048828
23-02-2011,42.310001373291016,42.650001525878906,10800,44.43000030517578,43.900001525878906,40.10700225830078
24-02-2011,43.56999969482422,43.56999969482422,9200,44.77999877929688,44.400001525878906,40.56381607055664
25-02-2011,44.15999984741211,44.400001525878906,6800,44.70000076293945,44.459999084472656,40.61862182617188
28-02-2011,43.90999984741211,44.16999816894531,36100,46.15999984741211,45.18999862670898,41.28555679321289
01-03-2011,44.88999938964844,45.18999862670898,25200,46.0,46.0,42.02556991577149
02-03-2011,45.900001525878906,46.22999954223633,20300,47.41999816894531,47.25,43.36554336547852
03-03-2011,46.84999847412109,47.58000183105469,14200,47.790000915527344,46.93999862670898,43.08102416992188
04-03-2011,46.790000915527344,46.790000915527344,7700,47.47999954223633,47.18999862670898,43.31047058105469
07-03-2011,47.209999084472656,47.380001068115234,5900,47.81999969482422,47.209999084472656,43.32883071899414
08-03-2011,44.060001373291016,47.150001525878906,21900,47.150001525878906,45.7599983215332,41.9980354309082
09-03-2011,45.31999969482422,45.52999877929688,9400,46.11000061035156,45.31999969482422,41.594200134277344
10-03-2011,44.25,45.060001373291016,6700,45.060001373291016,44.7599983215332,41.08024597167969
11-03-2011,44.41999816894531,45.0,4700,45.0,44.43999862670898,40.78654861450195
14-03-2011,41.2599983215332,44.5,51600,44.5,43.56999969482422,39.98807907104492
15-03-2011,42.52999877929688,43.130001068115234,7200,44.13999938964844,43.72999954223633,40.13492584228516
16-03-2011,41.63999938964844,43.0,8900,43.25,42.869998931884766,39.34561920166016
17-03-2011,42.27000045776367,42.869998931884766,36600,45.56999969482422,44.0,40.382720947265625
18-03-2011,44.43999862670898,44.43999862670898,7800,45.36000061035156,45.0,41.30051040649414
21-03-2011,45.65999984741211,45.880001068115234,13500,46.150001525878906,45.84999847412109,42.08063507080078
22-03-2011,45.400001525878906,46.0,4400,46.2400016784668,45.83000183105469,42.062278747558594
23-03-2011,45.970001220703125,45.970001220703125,2300,46.25,45.9900016784668,42.209129333496094
24-03-2011,46.0,46.20000076293945,2900,46.400001525878906,46.0,42.21830368041992
25-03-2011,43.79999923706055,45.56999969482422,26000,45.84000015258789,44.84999847412109,41.162845611572266
28-03-2011,44.540000915527344,44.619998931884766,7000,45.650001525878906,45.16999816894531,41.4565315246582
29-03-2011,44.61000061035156,45.20000076293945,6200,45.650001525878906,45.29999923706055,41.57584381103516
30-03-2011,43.959999084472656,45.2400016784668,8500,45.84999847412109,45.290000915527344,41.56666946411133
31-03-2011,44.18000030517578,45.459999084472656,14600,46.0099983215332,44.65999984741211,40.988468170166016
01-04-2011,44.209999084472656,44.7400016784668,17500,45.45000076293945,44.52999877929688,40.86914443969727
04-04-2011,44.41999816894531,44.720001220703125,12400,45.84999847412109,45.84999847412109,42.08063507080078
05-04-2011,44.93000030517578,44.93000030517578,15600,45.5,45.369998931884766,41.640098571777344
06-04-2011,45.09999847412109,45.34999847412109,20800,47.22999954223633,46.5,42.67719650268555
07-04-2011,46.4900016784668,46.81999969482422,34000,48.0,48.0,44.05388259887695
08-04-2011,48.09000015258789,48.38999938964844,16300,49.540000915527344,48.88999938964844,44.87070846557617
11-04-2011,48.060001373291016,48.060001373291016,11400,48.9900016784668,48.86000061035156,44.84317779541016
12-04-2011,46.63999938964844,48.33000183105469,11700,48.83000183105469,48.31999969482422,44.34757232666016
13-04-2011,48.400001525878906,48.43000030517578,5200,48.97999954223633,48.459999084472656,44.47606658935547
14-04-2011,46.68999862670898,48.0,7400,48.0,47.47999954223633,43.57662963867188
15-04-2011,47.25,47.25,10600,48.880001068115234,48.79999923706055,44.7881088256836
18-04-2011,47.0,48.70000076293945,7300,48.84999847412109,47.08000183105469,43.20951461791992
19-04-2011,46.70000076293945,47.08000183105469,6900,47.31999969482422,47.31999969482422,43.42978286743164
20-04-2011,47.470001220703125,47.47999954223633,10700,49.02000045776367,48.869998931884766,44.852352142333984
21-04-2011,48.43000030517578,48.5,4000,49.02999877929688,48.77000045776367,44.76057815551758
25-04-2011,48.38999938964844,49.220001220703125,9100,49.470001220703125,48.84000015258789,44.824825286865234
26-04-2011,48.0099983215332,49.310001373291016,6800,49.310001373291016,48.790000915527344,44.778934478759766
27-04-2011,48.16999816894531,48.369998931884766,5800,48.790000915527344,48.310001373291016,44.33839416503906
28-04-2011,47.63999938964844,48.310001373291016,11600,48.790000915527344,47.63999938964844,43.723480224609375
29-04-2011,47.470001220703125,47.630001068115234,2800,48.04999923706055,47.5,43.59498596191406
02-05-2011,47.470001220703125,47.5,11000,48.43999862670898,48.08000183105469,44.1273078918457
03-05-2011,46.97999954223633,47.68999862670898,10000,48.02000045776367,46.97999954223633,43.11774063110352
04-05-2011,43.06999969482422,47.59000015258789,28000,47.59000015258789,44.900001525878906,41.208740234375
05-05-2011,43.709999084472656,44.400001525878906,7600,45.59000015258789,44.31999969482422,40.67641067504883
06-05-2011,43.66999816894531,44.31999969482422,7500,45.75,45.2599983215332,41.53913879394531
09-05-2011,45.709999084472656,45.709999084472656,4300,47.470001220703125,47.0,43.13609313964844
10-05-2011,47.0,47.0,9600,48.88999938964844,47.61000061035156,43.695945739746094
11-05-2011,46.93000030517578,47.400001525878906,9000,48.04999923706055,47.060001373291016,43.191165924072266
12-05-2011,46.790000915527344,47.09999847412109,11000,48.25,47.5099983215332,43.60416793823242
13-05-2011,46.900001525878906,47.59999847412109,8200,48.20000076293945,46.90999984741211,43.05349349975586
16-05-2011,46.900001525878906,46.900001525878906,7500,48.02000045776367,48.02000045776367,44.07223892211914
17-05-2011,46.400001525878906,47.33000183105469,5100,47.33000183105469,46.59999847412109,42.76897430419922
18-05-2011,45.810001373291016,46.04999923706055,24200,46.970001220703125,46.7400016784668,42.89746475219727
19-05-2011,45.709999084472656,46.38999938964844,44100,46.7400016784668,46.59000015258789,42.759796142578125
20-05-2011,46.02999877929688,46.400001525878906,4400,46.5,46.369998931884766,42.55788040161133
23-05-2011,45.540000915527344,46.0,8400,46.59999847412109,46.29999923706055,42.49363327026367
24-05-2011,46.150001525878906,46.5,21900,46.59999847412109,46.560001373291016,42.73227310180664
25-05-2011,46.040000915527344,46.54999923706055,13400,46.59999847412109,46.59999847412109,42.76897430419922
26-05-2011,45.86000061035156,46.43999862670898,9900,46.59999847412109,46.40999984741211,42.5946044921875
27-05-2011,46.5,46.5,9600,46.59999847412109,46.59999847412109,42.76897430419922
31-05-2011,45.7599983215332,46.59999847412109,14500,46.59999847412109,46.52000045776367,42.69555282592773
01-06-2011,45.72999954223633,46.130001068115234,32900,48.33000183105469,47.16999816894531,43.292118072509766
02-06-2011,46.2599983215332,46.86000061035156,6600,48.08000183105469,48.06999969482422,44.118125915527344
03-06-2011,46.959999084472656,47.619998931884766,11700,48.93000030517578,46.959999084472656,43.099388122558594
06-06-2011,46.75,47.2599983215332,7600,47.900001525878906,47.900001525878906,43.96209716796875
07-06-2011,47.0099983215332,47.7400016784668,5400,47.970001220703125,47.650001525878906,43.73265075683594
08-06-2011,47.7400016784668,47.84000015258789,13500,48.9900016784668,48.75,44.742218017578125
09-06-2011,48.43999862670898,48.43999862670898,11800,49.25,49.08000183105469,45.04509735107422
10-06-2011,46.380001068115234,49.20000076293945,13300,49.31999969482422,46.68999862670898,42.85158157348633
13-06-2011,45.45000076293945,46.40999984741211,9900,46.5,45.45000076293945,41.71352005004883
14-06-2011,45.5099983215332,45.70000076293945,12600,46.59999847412109,45.97999954223633,42.19994354248047
15-06-2011,46.0,46.150001525878906,5600,47.27000045776367,46.95000076293945,43.0901985168457
16-06-2011,45.869998931884766,46.900001525878906,12700,47.970001220703125,47.25,43.36554336547852
17-06-2011,46.75,47.0099983215332,7000,47.4900016784668,46.75,42.906646728515625
20-06-2011,46.41999816894531,46.75,7300,47.47999954223633,46.56999969482422,42.7414436340332
21-06-2011,45.88999938964844,46.29999923706055,8000,47.150001525878906,46.56999969482422,42.7414436340332
22-06-2011,45.43000030517578,46.18000030517578,21300,46.52999877929688,45.45000076293945,41.71352005004883
23-06-2011,42.2599983215332,45.13999938964844,39500,45.13999938964844,42.650001525878906,39.14370727539063
24-06-2011,42.650001525878906,42.650001525878906,11200,44.84999847412109,43.66999816894531,40.07985305786133
27-06-2011,43.0099983215332,43.27999877929688,9300,43.900001525878906,43.5,39.92383193969727
28-06-2011,43.5,43.5,4100,44.54999923706055,44.34000015258789,40.69477081298828
29-06-2011,44.0,44.52999877929688,7600,45.459999084472656,45.130001068115234,41.419830322265625
30-06-2011,44.56999969482422,45.130001068115234,7400,45.56999969482422,45.209999084472656,41.49324417114258
01-07-2011,45.560001373291016,45.63999938964844,6500,46.09000015258789,46.04999923706055,42.26419448852539
05-07-2011,45.58000183105469,45.58000183105469,14300,46.97999954223633,46.97999954223633,43.11774063110352
06-07-2011,45.40999984741211,47.09999847412109,11100,47.09999847412109,45.7400016784668,41.979679107666016
07-07-2011,45.79999923706055,45.79999923706055,13800,46.959999084472656,46.38999938964844,42.57623672485352
08-07-2011,45.58000183105469,45.88999938964844,13300,46.77000045776367,46.56999969482422,42.7414436340332
11-07-2011,45.66999816894531,45.810001373291016,18200,46.9900016784668,46.27000045776367,42.46611022949219
12-07-2011,45.65999984741211,46.09999847412109,18800,46.560001373291016,45.75,41.98885726928711
13-07-2011,45.70000076293945,46.22999954223633,12700,46.540000915527344,46.02000045776367,42.236663818359375
14-07-2011,45.58000183105469,46.060001373291016,21500,46.84999847412109,45.59999847412109,41.85118865966797
15-07-2011,45.709999084472656,45.709999084472656,6800,46.310001373291016,45.790000915527344,42.02556610107422
18-07-2011,44.29999923706055,45.09999847412109,15900,45.27000045776367,44.91999816894531,41.227081298828125
19-07-2011,44.52999877929688,44.52999877929688,18000,45.93999862670898,45.77000045776367,42.007205963134766
20-07-2011,45.43000030517578,46.09999847412109,7500,46.09999847412109,45.83000183105469,42.062278747558594
21-07-2011,45.84999847412109,45.84999847412109,14600,46.34999847412109,46.06999969482422,42.28255081176758
22-07-2011,45.61000061035156,45.970001220703125,1900,46.33000183105469,46.0099983215332,42.22747802734375
25-07-2011,45.040000915527344,45.18999862670898,16200,46.380001068115234,45.83000183105469,42.062278747558594
26-07-2011,45.15999984741211,45.68999862670898,7400,46.130001068115234,45.38999938964844,41.658447265625
27-07-2011,44.5,45.119998931884766,5500,45.119998931884766,44.5,40.84161758422852
28-07-2011,44.02000045776367,44.54999923706055,9700,44.7400016784668,44.08000183105469,40.45615005493164
29-07-2011,43.380001068115234,44.04999923706055,8700,45.4900016784668,44.91999816894531,41.227081298828125
01-08-2011,44.18000030517578,44.41999816894531,29200,45.88999938964844,45.47999954223633,41.74104690551758
02-08-2011,44.36000061035156,45.0,16300,46.16999816894531,45.18999862670898,41.47489929199219
03-08-2011,43.459999084472656,45.0,15500,45.0,44.18999862670898,40.55709457397461
04-08-2011,42.33000183105469,43.970001220703125,19100,44.5099983215332,43.11000061035156,39.565895080566406
05-08-2011,37.209999084472656,42.68999862670898,36300,43.59999847412109,42.650001525878906,39.14370727539063
08-08-2011,38.75,39.16999816894531,21300,40.5,38.75,35.5643310546875
09-08-2011,36.0,37.84000015258789,17300,41.86000061035156,40.119998931884766,36.82170104980469
10-08-2011,39.310001373291016,40.04999923706055,11700,41.58000183105469,40.380001068115234,37.06032180786133
11-08-2011,40.40999984741211,40.72999954223633,10100,42.0,42.0,38.54714584350586
12-08-2011,41.869998931884766,41.880001068115234,7200,43.40999984741211,42.5,39.00604248046875
15-08-2011,41.88999938964844,42.93999862670898,16100,44.13999938964844,43.15999984741211,39.61178588867188
16-08-2011,42.29999923706055,42.29999923706055,18400,44.40999984741211,43.52999877929688,39.951358795166016
17-08-2011,43.5,43.5,3000,44.29999923706055,43.869998931884766,40.26341247558594
18-08-2011,43.119998931884766,43.7599983215332,6600,43.90999984741211,43.560001373291016,39.97888946533203
19-08-2011,42.43999862670898,43.68999862670898,10200,44.0,42.43999862670898,38.95096969604492
22-08-2011,42.0,42.75,9000,43.31999969482422,42.5,39.00604248046875
23-08-2011,41.70000076293945,42.29999923706055,15600,43.130001068115234,41.84999847412109,38.409481048583984
24-08-2011,41.52000045776367,42.02000045776367,5300,42.810001373291016,41.900001525878906,38.45536804199219
25-08-2011,41.52000045776367,42.25,6400,42.72999954223633,41.970001220703125,38.51961135864258
26-08-2011,40.75,42.0,34100,42.95000076293945,41.68999862670898,38.26263046264648
29-08-2011,41.52000045776367,41.95000076293945,8200,42.810001373291016,42.5,39.00604248046875
30-08-2011,41.90999984741211,42.0,2500,42.63999938964844,42.02000045776367,38.56550216674805
31-08-2011,41.93000030517578,42.38999938964844,6000,42.650001525878906,42.150001525878906,38.68482208251953
01-09-2011,40.810001373291016,41.88999938964844,16500,42.52999877929688,41.43999862670898,38.033180236816406
02-09-2011,39.0,40.720001220703125,15000,40.720001220703125,39.93000030517578,36.64731979370117
06-09-2011,38.43000030517578,38.72999954223633,10400,39.900001525878906,39.869998931884766,36.59225463867188
07-09-2011,39.9900016784668,39.9900016784668,9700,41.59000015258789,41.45000076293945,38.04236602783203
08-09-2011,39.75,40.790000915527344,4100,41.59999847412109,41.0,37.62936019897461
09-09-2011,40.33000183105469,40.40999984741211,2800,41.20000076293945,41.16999816894531,37.78538131713867
12-09-2011,40.20000076293945,40.43999862670898,7900,41.22999954223633,41.20000076293945,37.81291198730469
13-09-2011,40.61000061035156,40.93999862670898,4700,41.61000061035156,41.58000183105469,38.16167831420898
14-09-2011,41.41999816894531,41.619998931884766,4900,42.25,42.04999923706055,38.59303283691406
15-09-2011,41.650001525878906,42.25,4800,42.25,41.79999923706055,38.36359405517578
16-09-2011,40.40999984741211,41.95000076293945,11300,41.95000076293945,40.63999938964844,37.298954010009766
19-09-2011,38.91999816894531,39.52000045776367,7400,41.43999862670898,39.9900016784668,36.702396392822266
20-09-2011,39.70000076293945,39.70000076293945,15900,41.060001373291016,40.45000076293945,37.12457275390625
21-09-2011,39.5099983215332,40.04999923706055,4000,40.18000030517578,39.56999969482422,36.316925048828125
22-09-2011,37.0,39.41999816894531,19100,39.560001373291016,37.0,33.958194732666016
23-09-2011,35.0,36.59999847412109,48800,37.5,35.25,32.352081298828125
26-09-2011,34.7599983215332,35.209999084472656,17700,37.150001525878906,37.150001525878906,34.09586715698242
27-09-2011,37.5,37.5,7800,38.400001525878906,37.619998931884766,34.527225494384766
28-09-2011,37.5099983215332,37.54999923706055,6100,38.34999847412109,37.95000076293945,34.830101013183594
29-09-2011,36.88999938964844,38.25,4300,38.25,37.43999862670898,34.362030029296875
30-09-2011,36.34000015258789,37.43000030517578,3500,37.56999969482422,36.34000015258789,33.35245895385742
03-10-2011,35.4900016784668,36.0,17000,36.79999923706055,36.04999923706055,33.0863037109375
04-10-2011,33.619998931884766,35.4900016784668,17000,35.689998626708984,35.36000061035156,32.45302963256836
05-10-2011,33.63999938964844,35.13999938964844,21100,37.08000183105469,35.970001220703125,33.012882232666016
06-10-2011,35.810001373291016,36.09000015258789,13000,38.119998931884766,37.560001373291016,34.4721565246582
07-10-2011,37.59999847412109,37.900001525878906,9100,38.84000015258789,38.18000030517578,35.04118728637695
10-10-2011,38.34999847412109,38.34999847412109,10800,39.91999816894531,39.45000076293945,36.206787109375
11-10-2011,38.90999984741211,39.02999877929688,8500,40.25,40.25,36.94101333618164
12-10-2011,39.7400016784668,40.060001373291016,5900,40.2400016784668,39.95000076293945,36.66567611694336
13-10-2011,39.34999847412109,39.93999862670898,3400,40.459999084472656,39.52999877929688,36.28020477294922
14-10-2011,40.0,40.0,11600,41.65999984741211,40.90999984741211,37.54676055908203
17-10-2011,38.70000076293945,40.619998931884766,9600,40.709999084472656,39.25,36.023231506347656
18-10-2011,39.04999923706055,39.060001373291016,11200,40.310001373291016,39.9900016784668,36.702396392822266
19-10-2011,39.56999969482422,39.58000183105469,2100,40.08000183105469,39.77000045776367,36.5004768371582
20-10-2011,39.310001373291016,39.900001525878906,8900,40.2400016784668,39.369998931884766,36.13335800170898
21-10-2011,39.5,39.869998931884766,10000,40.040000915527344,39.9900016784668,36.702396392822266
24-10-2011,39.54999923706055,39.880001068115234,11600,40.95000076293945,40.5099983215332,37.17963790893555
25-10-2011,40.04999923706055,40.15999984741211,6800,40.619998931884766,40.29999923706055,36.986907958984375
26-10-2011,40.34000015258789,40.34000015258789,9900,41.58000183105469,40.68999862670898,37.344852447509766
27-10-2011,39.11000061035156,40.68999862670898,22800,41.959999084472656,40.97999954223633,37.61100006103516
28-10-2011,41.25,41.25,10800,42.0,41.9900016784668,38.53797149658203
31-10-2011,40.2599983215332,40.72999954223633,2300,41.290000915527344,40.5,37.17045974731445
01-11-2011,40.06999969482422,40.2599983215332,3600,40.91999816894531,40.06999969482422,36.77581024169922
02-11-2011,39.900001525878906,40.880001068115234,13900,41.369998931884766,40.7599983215332,37.409088134765625
03-11-2011,39.95000076293945,40.27000045776367,18700,40.70000076293945,40.52000045776367,37.18881607055664
04-11-2011,39.83000183105469,40.04999923706055,2800,40.31999969482422,40.29999923706055,36.986907958984375
07-11-2011,40.20000076293945,40.29999923706055,12800,41.400001525878906,40.84999847412109,37.4916877746582
08-11-2011,41.58000183105469,41.58000183105469,13100,42.88999938964844,42.88999938964844,39.36398315429688
09-11-2011,41.45000076293945,41.86000061035156,6100,42.79999923706055,42.709999084472656,39.19877243041992
10-11-2011,39.400001525878906,42.54999923706055,13200,42.75,42.56999969482422,39.070289611816406
11-11-2011,42.77999877929688,42.810001373291016,8400,43.68000030517578,43.380001068115234,39.813697814941406
14-11-2011,42.900001525878906,42.900001525878906,13500,43.5,43.310001373291016,39.74945068359375
15-11-2011,42.209999084472656,42.900001525878906,20600,43.88999938964844,42.959999084472656,39.42823028564453
16-11-2011,42.75,42.869998931884766,15800,43.540000915527344,43.040000915527344,39.501651763916016
17-11-2011,42.459999084472656,43.040000915527344,7800,43.040000915527344,42.95000076293945,39.41904830932617
18-11-2011,39.959999084472656,42.869998931884766,23000,42.869998931884766,40.0,36.71156692504883
21-11-2011,38.79999923706055,39.27999877929688,17500,40.29999923706055,39.27000045776367,36.04158401489258
22-11-2011,39.27000045776367,39.34999847412109,11700,41.09999847412109,40.41999816894531,37.09703826904297
23-11-2011,39.560001373291016,40.0,16000,40.63999938964844,40.09000015258789,36.794166564941406
25-11-2011,40.52999877929688,40.52999877929688,4300,41.09999847412109,41.060001373291016,37.68442153930664
28-11-2011,40.470001220703125,42.5,5800,42.5,41.0099983215332,37.63852691650391
29-11-2011,39.84000015258789,40.77999877929688,12700,40.77999877929688,40.150001525878906,36.849239349365234
30-11-2011,40.0099983215332,40.5099983215332,18300,40.59000015258789,40.33000183105469,37.01444625854492
01-12-2011,39.75,39.75,14900,40.70000076293945,40.650001525878906,37.30813217163086
02-12-2011,40.66999816894531,40.970001220703125,7200,42.0,41.959999084472656,38.51043319702149
05-12-2011,42.0,42.04999923706055,13800,43.59999847412109,43.20000076293945,39.64849472045898
06-12-2011,42.91999816894531,43.31999969482422,9400,43.33000183105469,43.130001068115234,39.58424377441406
07-12-2011,41.060001373291016,42.77000045776367,8700,42.9900016784668,42.970001220703125,39.43739700317383
08-12-2011,41.68999862670898,42.970001220703125,7500,42.970001220703125,41.880001068115234,38.43701553344727
09-12-2011,40.25,40.83000183105469,25900,41.0,41.0,37.62936019897461
12-12-2011,39.61000061035156,40.5,19400,41.22999954223633,41.11000061035156,37.730316162109375
13-12-2011,40.5,41.02000045776367,10700,41.61000061035156,41.18000030517578,37.79456329345703
14-12-2011,40.13999938964844,40.9900016784668,6900,40.9900016784668,40.29999923706055,36.986907958984375
15-12-2011,39.880001068115234,40.2599983215332,9100,40.400001525878906,40.25,36.94101333618164
16-12-2011,39.95000076293945,40.59000015258789,7500,40.81999969482422,40.52999877929688,37.1979866027832
19-12-2011,39.38999938964844,40.34999847412109,13100,40.900001525878906,39.38999938964844,36.15171813964844
20-12-2011,39.75,40.0099983215332,5500,41.04999923706055,41.04999923706055,37.67525100708008
21-12-2011,39.5,40.77999877929688,15400,40.77999877929688,40.29999923706055,36.986907958984375
22-12-2011,40.22999954223633,40.22999954223633,9500,41.959999084472656,41.59999847412109,38.18002700805664
23-12-2011,41.0,41.43000030517578,3500,41.75,41.650001525878906,38.225921630859375
27-12-2011,41.34000015258789,41.810001373291016,5500,41.810001373291016,41.77000045776367,38.336055755615234
28-12-2011,40.31999969482422,41.40999984741211,5200,41.40999984741211,40.31999969482422,37.00525665283203
29-12-2011,40.34999847412109,40.41999816894531,2200,40.72999954223633,40.72999954223633,37.38154983520508
30-12-2011,39.81999969482422,40.459999084472656,2500,40.68999862670898,40.68999862670898,37.344852447509766
03-01-2012,40.34000015258789,40.34000015258789,20400,41.310001373291016,40.52999877929688,37.1979866027832
04-01-2012,40.04999923706055,40.66999816894531,23600,40.900001525878906,40.72999954223633,37.38154983520508
05-01-2012,40.27000045776367,40.83000183105469,5700,40.93999862670898,40.93999862670898,37.57428359985352
06-01-2012,39.86000061035156,40.470001220703125,9600,41.29999923706055,41.150001525878906,37.76702499389648
09-01-2012,40.81999969482422,41.41999816894531,9400,41.880001068115234,41.52999877929688,38.11578750610352
10-01-2012,41.5099983215332,41.5099983215332,159400,42.560001373291016,42.52999877929688,39.0335693359375
11-01-2012,41.31999969482422,42.369998931884766,35300,42.70000076293945,41.31999969482422,37.92304992675781
12-01-2012,40.880001068115234,41.630001068115234,4700,41.7400016784668,41.33000183105469,37.932228088378906
13-01-2012,40.619998931884766,41.470001220703125,6100,41.470001220703125,41.290000915527344,37.89551162719727
17-01-2012,41.150001525878906,41.709999084472656,12500,41.9900016784668,41.560001373291016,38.14331817626953
18-01-2012,41.0,41.400001525878906,8000,41.630001068115234,41.630001068115234,38.207557678222656
19-01-2012,41.33000183105469,41.34999847412109,7700,42.31999969482422,42.27999877929688,38.80413055419922
20-01-2012,42.060001373291016,42.540000915527344,5900,42.95000076293945,42.66999816894531,39.16205596923828
23-01-2012,42.04999923706055,42.04999923706055,19400,43.86000061035156,43.86000061035156,40.25423049926758
24-01-2012,42.459999084472656,43.04999923706055,10300,43.560001373291016,43.13999938964844,39.59342193603516
25-01-2012,42.08000183105469,42.75,13000,43.18999862670898,42.91999816894531,39.391510009765625
26-01-2012,42.5,42.66999816894531,12600,43.25,43.20000076293945,39.64849472045898
27-01-2012,43.02999877929688,43.20000076293945,9400,43.869998931884766,43.02999877929688,39.49246597290039
30-01-2012,41.91999816894531,42.27999877929688,4400,42.720001220703125,42.34999847412109,38.86837387084961
31-01-2012,41.77999877929688,42.20000076293945,13300,44.0,44.0,40.382720947265625
01-02-2012,43.709999084472656,44.0,37600,44.540000915527344,43.709999084472656,40.11656188964844
02-02-2012,43.369998931884766,44.11000061035156,29600,44.11000061035156,43.77999877929688,40.18081665039063
03-02-2012,43.15999984741211,44.150001525878906,11200,44.150001525878906,43.650001525878906,40.06149291992188
06-02-2012,43.09999847412109,43.400001525878906,10900,44.040000915527344,43.900001525878906,40.29094314575195
07-02-2012,43.56999969482422,44.060001373291016,12000,44.7400016784668,44.58000183105469,40.91504287719727
08-02-2012,44.5,44.75,8500,44.9900016784668,44.66999816894531,40.99763870239258
09-02-2012,44.459999084472656,44.77999877929688,11100,44.9900016784668,44.70000076293945,41.02518081665039
10-02-2012,44.400001525878906,44.63999938964844,8900,45.27000045776367,44.84999847412109,41.162845611572266
13-02-2012,44.65999984741211,45.2599983215332,11300,45.38999938964844,45.18999862670898,41.47489929199219
14-02-2012,44.47999954223633,45.119998931884766,13700,45.119998931884766,44.63999938964844,40.97011184692383
15-02-2012,44.0,44.70000076293945,8600,44.70000076293945,44.400001525878906,40.749847412109375
16-02-2012,43.02999877929688,44.52000045776367,17400,44.59999847412109,44.52000045776367,40.8599739074707
17-02-2012,44.290000915527344,44.619998931884766,8500,44.70000076293945,44.70000076293945,41.02518081665039
21-02-2012,44.25,44.70000076293945,24000,44.88999938964844,44.84999847412109,41.162845611572266
22-02-2012,44.52000045776367,44.93999862670898,6900,44.97999954223633,44.70000076293945,41.02518081665039
23-02-2012,44.900001525878906,45.0,11300,45.4900016784668,44.970001220703125,41.272987365722656
24-02-2012,45.0,45.2400016784668,6100,45.5099983215332,45.5,41.7594108581543
27-02-2012,45.27999877929688,45.54999923706055,8400,45.77999877929688,45.27999877929688,41.557498931884766
28-02-2012,44.77000045776367,45.0,6200,45.20000076293945,44.88999938964844,41.199554443359375
29-02-2012,44.25,44.84000015258789,27000,44.95000076293945,44.84999847412109,41.162845611572266
01-03-2012,44.33000183105469,44.65999984741211,72000,45.61000061035156,45.0,41.30051040649414
02-03-2012,44.34000015258789,44.68000030517578,2200,45.0,44.540000915527344,41.08834457397461
05-03-2012,43.27999877929688,44.47999954223633,16500,44.72999954223633,44.18000030517578,40.7562370300293
06-03-2012,43.59000015258789,43.59000015258789,1900,44.43999862670898,44.43999862670898,40.9960823059082
07-03-2012,44.33000183105469,44.36000061035156,10000,45.18000030517578,45.09999847412109,41.60493850708008
08-03-2012,44.9900016784668,45.0099983215332,7000,46.209999084472656,46.209999084472656,42.6289176940918
09-03-2012,45.81999969482422,46.209999084472656,7400,46.59999847412109,46.25,42.66581726074219
12-03-2012,45.93999862670898,46.52999877929688,2800,46.52999877929688,46.310001373291016,42.72116470336914
13-03-2012,46.20000076293945,46.20000076293945,5500,46.59999847412109,46.400001525878906,42.80419921875
14-03-2012,46.040000915527344,46.56999969482422,9800,46.75,46.119998931884766,42.54589080810547
15-03-2012,46.06999969482422,46.459999084472656,7500,46.52999877929688,46.16999816894531,42.592018127441406
16-03-2012,46.0099983215332,46.54999923706055,12200,47.0,46.0099983215332,42.44441604614258
19-03-2012,45.41999816894531,45.97999954223633,19100,46.25,45.59999847412109,42.066192626953125
20-03-2012,44.650001525878906,45.20000076293945,7900,45.47999954223633,44.9900016784668,41.50346374511719
21-03-2012,44.79999923706055,45.130001068115234,3000,45.380001068115234,45.02000045776367,41.5311393737793
22-03-2012,44.70000076293945,45.04999923706055,6200,45.66999816894531,45.630001068115234,42.093868255615234
23-03-2012,45.290000915527344,45.310001373291016,5900,46.58000183105469,46.47999954223633,42.87799835205078
26-03-2012,46.220001220703125,46.220001220703125,13500,47.29999923706055,47.0,43.35770034790039
27-03-2012,46.7599983215332,47.33000183105469,17500,47.34000015258789,47.13999938964844,43.48685073852539
28-03-2012,46.45000076293945,46.84000015258789,8900,47.0,46.650001525878906,43.03482437133789
29-03-2012,46.400001525878906,46.5,14500,47.66999816894531,47.5,43.81895065307617
30-03-2012,46.68999862670898,47.34000015258789,4100,47.34000015258789,47.13999938964844,43.48685073852539
02-04-2012,47.31999969482422,47.790000915527344,15600,48.5,48.400001525878906,44.649208068847656
03-04-2012,47.40999984741211,47.40999984741211,25800,48.70000076293945,48.70000076293945,44.92596054077149
04-04-2012,48.119998931884766,48.5,8900,48.9900016784668,48.9900016784668,45.19348907470703
05-04-2012,48.56999969482422,48.59999847412109,11200,49.75,49.34999847412109,45.52558517456055
09-04-2012,48.91999816894531,48.91999816894531,12800,50.0,49.95000076293945,46.079078674316406
10-04-2012,48.0,50.20000076293945,45800,52.880001068115234,50.0,46.12520980834961
11-04-2012,49.22999954223633,50.61000061035156,20700,51.0,50.060001373291016,46.18056488037109
12-04-2012,50.43000030517578,50.900001525878906,11800,51.4900016784668,51.4900016784668,47.499732971191406
13-04-2012,50.869998931884766,51.4900016784668,6300,51.5,51.400001525878906,47.41671752929688
16-04-2012,51.77999877929688,51.77999877929688,4900,52.560001373291016,51.91999816894531,47.89641952514648
17-04-2012,51.90999984741211,51.90999984741211,14500,53.66999816894531,52.77999877929688,48.68978118896485
18-04-2012,53.5,53.5,85700,58.16999816894531,54.43999862670898,50.22112655639648
19-04-2012,54.0099983215332,54.970001220703125,19700,56.29999923706055,55.59000015258789,51.28200149536133
20-04-2012,53.20000076293945,53.20000076293945,56200,59.4900016784668,57.810001373291016,53.32997131347656
23-04-2012,56.220001220703125,57.68000030517578,24000,58.63999938964844,57.650001525878906,53.182373046875
24-04-2012,57.27999877929688,57.869998931884766,21800,58.650001525878906,58.15999984741211,53.65284729003906
25-04-2012,57.75,58.5,21700,58.650001525878906,58.470001220703125,53.93881607055664
26-04-2012,57.25,58.27999877929688,29400,58.66999816894531,58.02000045776367,53.5236930847168
27-04-2012,56.5,57.77999877929688,8800,59.0,58.81999969482422,54.261695861816406
30-04-2012,56.18999862670898,58.0099983215332,10000,58.38999938964844,57.18000030517578,52.74879455566406
01-05-2012,56.90999984741211,56.90999984741211,21200,58.79999923706055,58.0099983215332,53.51446914672852
02-05-2012,57.5,57.72999954223633,7700,58.45000076293945,57.75,53.27462005615234
03-05-2012,57.29999923706055,57.7400016784668,9400,58.04999923706055,57.77999877929688,53.30228805541992
04-05-2012,57.25,57.41999816894531,7200,57.9900016784668,57.5099983215332,53.053218841552734
07-05-2012,57.25,58.0,43000,60.0,60.0,55.35025787353516
08-05-2012,59.18000030517578,60.400001525878906,23200,61.5099983215332,60.119998931884766,55.4609489440918
09-05-2012,57.9900016784668,59.9900016784668,34000,60.40999984741211,58.68000030517578,54.13253784179688
10-05-2012,58.400001525878906,58.84000015258789,11600,59.900001525878906,59.77000045776367,55.13808059692383
11-05-2012,59.0099983215332,59.369998931884766,27000,61.08000183105469,59.75,55.11962890625
14-05-2012,59.02000045776367,59.5,25700,60.97999954223633,59.959999084472656,55.31335067749024
15-05-2012,59.04999923706055,60.0,21000,60.0,59.630001068115234,55.00892639160156
16-05-2012,58.02000045776367,60.0,26200,60.0,58.119998931884766,53.615943908691406
17-05-2012,55.29999923706055,57.9900016784668,26300,58.20000076293945,56.20000076293945,51.8447380065918
18-05-2012,55.18000030517578,57.18999862670898,15000,57.18999862670898,55.81999969482422,51.49418640136719
21-05-2012,55.27000045776367,56.0,15400,57.7599983215332,57.66999816894531,53.20081329345703
22-05-2012,56.630001068115234,57.52000045776367,11000,57.9900016784668,56.77999877929688,52.379791259765625
23-05-2012,54.220001220703125,57.310001373291016,13000,57.310001373291016,55.790000915527344,51.46651840209961
24-05-2012,54.52000045776367,55.95000076293945,5600,56.13999938964844,54.59999847412109,50.36873245239258
25-05-2012,54.27000045776367,55.119998931884766,6300,55.5099983215332,55.130001068115234,50.85766220092773
29-05-2012,54.7400016784668,54.970001220703125,8400,56.38999938964844,56.11000061035156,51.761714935302734
30-05-2012,54.20000076293945,55.900001525878906,6400,56.27999877929688,56.0,51.66023635864258
31-05-2012,55.150001525878906,56.0099983215332,8800,57.400001525878906,57.220001220703125,52.78569030761719
01-06-2012,56.0099983215332,56.59999847412109,15900,56.900001525878906,56.77000045776367,52.37055969238281
04-06-2012,56.150001525878906,56.7400016784668,3900,56.95000076293945,56.61000061035156,52.22296142578125
05-06-2012,55.68000030517578,56.2599983215332,4500,57.16999816894531,56.9900016784668,52.57352066040039
06-06-2012,56.5,56.79999923706055,5700,58.36000061035156,58.36000061035156,53.83734130859375
07-06-2012,57.0,58.31999969482422,12300,58.34000015258789,57.70000076293945,53.22848892211914
08-06-2012,57.0099983215332,57.09999847412109,8900,57.93000030517578,57.86000061035156,53.376094818115234
11-06-2012,56.45000076293945,58.0,8700,58.0,56.72999954223633,52.33365631103516
12-06-2012,56.400001525878906,57.16999816894531,10700,57.970001220703125,57.66999816894531,53.20081329345703
13-06-2012,56.310001373291016,57.0,11800,58.11000061035156,56.310001373291016,51.94621276855469
14-06-2012,56.36000061035156,56.36000061035156,9800,57.93999862670898,57.65999984741211,53.19159698486328
15-06-2012,56.61000061035156,57.25,5200,57.83000183105469,57.40999984741211,52.96096420288086
18-06-2012,56.40999984741211,57.18000030517578,5800,57.900001525878906,57.84999847412109,53.36686706542969
19-06-2012,57.08000183105469,57.75,8300,58.040000915527344,57.290000915527344,52.85026168823242
20-06-2012,56.400001525878906,57.560001373291016,11500,58.119998931884766,56.400001525878906,52.02922821044922
21-06-2012,56.41999816894531,56.869998931884766,5700,57.9900016784668,57.709999084472656,53.23770904541016
22-06-2012,56.400001525878906,57.40999984741211,4900,58.0,57.900001525878906,53.41299819946289
25-06-2012,56.90999984741211,57.70000076293945,3600,57.91999816894531,57.84999847412109,53.36686706542969
26-06-2012,56.9900016784668,57.560001373291016,6300,57.900001525878906,57.09000015258789,52.6657600402832
27-06-2012,56.5,57.52000045776367,7300,57.900001525878906,56.84999847412109,52.44436264038086
28-06-2012,56.43000030517578,56.970001220703125,7600,57.70000076293945,56.900001525878906,52.4904899597168
29-06-2012,56.90999984741211,57.56999969482422,6900,57.81999969482422,57.08000183105469,52.65653991699219
02-07-2012,56.40999984741211,56.970001220703125,9500,57.119998931884766,57.09000015258789,52.6657600402832
03-07-2012,56.52000045776367,57.36000061035156,11200,57.36000061035156,56.77999877929688,52.379791259765625
05-07-2012,55.09999847412109,56.59999847412109,12700,56.650001525878906,56.369998931884766,52.00156021118164
06-07-2012,55.0,55.93000030517578,8100,55.93000030517578,55.34000015258789,51.051387786865234
09-07-2012,55.040000915527344,55.119998931884766,8200,56.119998931884766,56.119998931884766,51.77092742919922
10-07-2012,55.54999923706055,56.4900016784668,7200,56.4900016784668,56.06999969482422,51.72481536865234
11-07-2012,55.59000015258789,56.369998931884766,9400,56.369998931884766,55.900001525878906,51.56798553466797
12-07-2012,55.09999847412109,55.150001525878906,7400,56.130001068115234,56.09000015258789,51.743255615234375
13-07-2012,55.56999969482422,55.709999084472656,7700,56.18999862670898,56.18999862670898,51.83551406860352
16-07-2012,55.41999816894531,56.13999938964844,10500,56.7400016784668,55.47999954223633,51.18053436279297
17-07-2012,55.150001525878906,55.5,11000,56.150001525878906,55.709999084472656,51.3927001953125
18-07-2012,55.59000015258789,55.59000015258789,7800,56.400001525878906,55.84000015258789,51.51263046264648
19-07-2012,55.63999938964844,55.63999938964844,6200,57.18000030517578,56.84000015258789,52.43513870239258
20-07-2012,55.0,56.59000015258789,7200,57.2400016784668,56.54999923706055,52.1676139831543
23-07-2012,55.380001068115234,55.9900016784668,7100,56.650001525878906,55.900001525878906,51.56798553466797
24-07-2012,55.56999969482422,55.619998931884766,8200,56.5099983215332,56.29999923706055,51.93698501586914
25-07-2012,55.380001068115234,56.310001373291016,5800,56.5,56.34999847412109,51.98311233520508
26-07-2012,55.790000915527344,56.25,8400,56.66999816894531,56.060001373291016,51.71559143066406
27-07-2012,56.0,56.27000045776367,6000,56.5,56.34000015258789,51.9738883972168
30-07-2012,56.09999847412109,56.22999954223633,12500,57.869998931884766,56.459999084472656,52.0845832824707
31-07-2012,55.720001220703125,56.5,6000,57.0,56.060001373291016,51.71559143066406
01-08-2012,55.75,56.060001373291016,11000,56.34000015258789,55.75,51.42961502075195
02-08-2012,55.45000076293945,55.59999847412109,10400,57.150001525878906,57.09999847412109,52.67498397827149
03-08-2012,56.91999816894531,57.310001373291016,5200,58.18000030517578,58.0,53.50524520874024
06-08-2012,57.72999954223633,57.72999954223633,4600,58.790000915527344,58.400001525878906,53.87424087524414
07-08-2012,57.560001373291016,58.77999877929688,6300,58.97999954223633,58.97999954223633,54.40929412841797
08-08-2012,58.45000076293945,58.59000015258789,26700,60.70000076293945,59.900001525878906,55.25801086425781
09-08-2012,59.150001525878906,59.84999847412109,11400,59.900001525878906,59.150001525878906,54.56612777709961
10-08-2012,58.45000076293945,58.86000061035156,6400,59.91999816894531,58.45000076293945,53.92036437988281
13-08-2012,58.27999877929688,58.29999923706055,3000,60.0,59.84999847412109,55.21187210083008
14-08-2012,58.77999877929688,59.18000030517578,3700,60.5,60.06999969482422,55.414825439453125
15-08-2012,59.900001525878906,59.900001525878906,3700,60.93999862670898,60.630001068115234,55.931434631347656
16-08-2012,58.97999954223633,60.90999984741211,9800,60.90999984741211,59.900001525878906,55.25801086425781
17-08-2012,58.0099983215332,58.2599983215332,5600,58.900001525878906,58.900001525878906,54.33550262451172
20-08-2012,58.59000015258789,58.59999847412109,6100,59.52999877929688,58.93999862670898,54.37239074707031
21-08-2012,59.18999862670898,59.43000030517578,6000,60.56999969482422,60.20000076293945,55.534759521484375
22-08-2012,59.84000015258789,60.20000076293945,2800,60.20000076293945,60.150001525878906,55.48863220214844
23-08-2012,59.77000045776367,59.77000045776367,1900,60.33000183105469,59.79999923706055,55.16575241088867
24-08-2012,59.22999954223633,60.119998931884766,5200,60.43999862670898,59.900001525878906,55.25801086425781
27-08-2012,59.72999954223633,59.97999954223633,5700,60.93999862670898,59.84999847412109,55.21187210083008
28-08-2012,59.56999969482422,59.630001068115234,6900,59.900001525878906,59.70000076293945,55.0734977722168
29-08-2012,59.38999938964844,59.59999847412109,8200,59.880001068115234,59.63999938964844,55.01815032958984
30-08-2012,57.72999954223633,59.63999938964844,5700,59.63999938964844,59.290000915527344,54.69527053833008
31-08-2012,58.59000015258789,59.84000015258789,7300,59.88999938964844,58.790000915527344,54.23403549194336
04-09-2012,58.77000045776367,59.5099983215332,5800,59.5099983215332,58.91999816894531,54.353946685791016
05-09-2012,58.959999084472656,59.29999923706055,9800,59.81999969482422,59.0,54.42774963378906
06-09-2012,58.68999862670898,59.25,3600,59.84000015258789,58.900001525878906,54.33550262451172
07-09-2012,58.5099983215332,59.040000915527344,7100,59.040000915527344,58.9900016784668,54.41852569580078
10-09-2012,57.560001373291016,57.560001373291016,28900,59.0,58.619998931884766,54.07720184326172
11-09-2012,57.970001220703125,58.25,4100,58.25,58.02999877929688,53.53292083740234
12-09-2012,57.29999923706055,58.29999923706055,1900,59.060001373291016,57.650001525878906,53.182373046875
13-09-2012,55.0,57.61000061035156,14400,58.650001525878906,56.09000015258789,51.743255615234375
14-09-2012,55.0,57.5099983215332,13300,57.5099983215332,55.63999938964844,51.3281364440918
17-09-2012,54.93999862670898,55.81999969482422,12000,55.9900016784668,55.40999984741211,51.11595916748047
18-09-2012,53.84999847412109,55.68999862670898,22000,56.38999938964844,54.619998931884766,50.38717651367188
19-09-2012,53.36000061035156,53.36000061035156,25000,55.9900016784668,55.650001525878906,51.33736038208008
20-09-2012,55.650001525878906,55.650001525878906,5600,57.150001525878906,56.959999084472656,52.54583740234375
21-09-2012,56.5099983215332,56.95000076293945,5800,57.18999862670898,56.7400016784668,52.34288024902344
24-09-2012,55.0099983215332,56.880001068115234,9800,57.060001373291016,55.09000015258789,50.82075119018555
25-09-2012,55.02000045776367,55.72999954223633,6500,55.93000030517578,55.15999984741211,50.88532638549805
26-09-2012,54.66999816894531,55.470001220703125,5600,55.470001220703125,54.869998931884766,50.6177978515625
27-09-2012,54.15999984741211,54.310001373291016,13700,54.93000030517578,54.40999984741211,50.193458557128906
28-09-2012,53.95000076293945,54.41999816894531,8800,55.65999984741211,54.900001525878906,50.64548110961914
01-10-2012,54.38999938964844,54.70000076293945,12700,55.31999969482422,54.47999954223633,50.25803756713867
02-10-2012,54.400001525878906,54.5099983215332,20200,54.5099983215332,54.400001525878906,50.184226989746094
03-10-2012,53.900001525878906,54.70000076293945,14700,54.709999084472656,54.290000915527344,50.08275985717773
04-10-2012,54.5,54.5,11300,56.56999969482422,55.56999969482422,51.26355743408203
05-10-2012,54.310001373291016,55.52000045776367,14700,55.52000045776367,54.7400016784668,50.49787902832031
08-10-2012,54.38999938964844,54.7599983215332,4500,55.900001525878906,55.77000045776367,51.44805908203125
09-10-2012,55.5,56.02999877929688,5300,56.33000183105469,55.90999984741211,51.57720947265625
10-10-2012,55.29999923706055,56.0,8000,56.38999938964844,56.08000183105469,51.73403930664063
11-10-2012,54.75,56.18999862670898,7900,56.18999862670898,55.060001373291016,50.793087005615234
12-10-2012,54.61000061035156,55.0,21500,55.79999923706055,55.79999923706055,51.47572708129883
15-10-2012,55.61000061035156,56.040000915527344,1000,56.040000915527344,55.630001068115234,51.31890487670898
16-10-2012,55.5,55.68000030517578,4800,56.20000076293945,56.0099983215332,51.66946029663086
17-10-2012,55.59000015258789,56.0,14900,56.4900016784668,56.33000183105469,51.96465301513672
18-10-2012,55.61000061035156,56.34999847412109,9400,56.4900016784668,55.95000076293945,51.61411285400391
19-10-2012,55.619998931884766,55.619998931884766,8400,56.11000061035156,55.84999847412109,51.5218620300293
22-10-2012,54.0099983215332,55.900001525878906,19200,55.900001525878906,54.33000183105469,50.119659423828125
23-10-2012,53.13999938964844,54.34000015258789,8100,54.34000015258789,53.900001525878906,49.72297668457031
24-10-2012,53.54999923706055,53.560001373291016,15500,54.290000915527344,53.65999984741211,49.5015754699707
25-10-2012,52.0,53.58000183105469,15200,53.58000183105469,53.22999954223633,49.10490036010742
26-10-2012,52.0099983215332,52.81999969482422,6000,53.90999984741211,53.90999984741211,49.73219680786133
31-10-2012,52.619998931884766,53.18000030517578,7900,54.0,52.619998931884766,48.54217529296875
01-11-2012,52.34999847412109,52.59999847412109,4800,53.29999923706055,53.25,49.12335205078125
02-11-2012,52.0099983215332,53.13999938964844,13300,54.27999877929688,53.040000915527344,48.92962646484375
05-11-2012,52.88999938964844,52.93000030517578,8400,56.0,55.75,51.42961502075195
06-11-2012,54.13999938964844,55.220001220703125,15800,58.220001220703125,57.20000076293945,52.76724243164063
07-11-2012,56.59000015258789,57.5,7600,57.5,57.060001373291016,52.638092041015625
08-11-2012,56.68000030517578,57.29999923706055,6400,57.43000030517578,57.25,52.81336975097656
09-11-2012,55.540000915527344,56.959999084472656,12000,57.25,56.880001068115234,52.47203826904297
12-11-2012,55.709999084472656,57.25,12800,57.81999969482422,57.70000076293945,53.22848892211914
13-11-2012,56.02000045776367,57.400001525878906,11100,57.66999816894531,57.02999877929688,52.61041259765625
14-11-2012,55.79999923706055,57.18999862670898,13000,57.83000183105469,57.25,52.81336975097656
15-11-2012,56.560001373291016,57.470001220703125,6200,57.5,57.5,53.043983459472656
16-11-2012,56.43999862670898,57.83000183105469,5400,57.83000183105469,57.630001068115234,53.16391754150391
19-11-2012,57.0099983215332,57.79999923706055,11500,59.20000076293945,58.290000915527344,53.77277755737305
20-11-2012,57.59999847412109,58.18000030517578,6000,58.9900016784668,58.900001525878906,54.33550262451172
21-11-2012,58.0,58.2599983215332,3500,59.400001525878906,58.900001525878906,54.33550262451172
23-11-2012,58.63999938964844,59.43000030517578,1000,59.5,59.060001373291016,54.483097076416016
26-11-2012,57.400001525878906,58.97999954223633,12700,59.290000915527344,57.459999084472656,53.00708770751953
27-11-2012,56.060001373291016,56.790000915527344,23500,57.08000183105469,56.59000015258789,52.20450592041016
28-11-2012,55.0,56.18999862670898,16400,56.93000030517578,55.0,50.737735748291016
29-11-2012,55.11000061035156,55.790000915527344,5000,56.4900016784668,56.41999816894531,52.04768753051758
30-11-2012,55.61000061035156,55.97999954223633,14600,57.75,57.29999923706055,52.859493255615234
03-12-2012,56.15999984741211,57.25,11300,57.900001525878906,57.84999847412109,53.36686706542969
04-12-2012,55.880001068115234,57.0,29200,58.22999954223633,58.0,53.50524520874024
05-12-2012,56.5,56.81999969482422,17400,57.5,57.20000076293945,52.76724243164063
06-12-2012,56.70000076293945,56.86000061035156,8500,57.18000030517578,57.09999847412109,52.67498397827149
07-12-2012,56.59999847412109,57.2400016784668,3600,57.5,56.59999847412109,52.2137336730957
10-12-2012,56.650001525878906,57.15999984741211,8100,57.88999938964844,57.06999969482422,52.64731597900391
11-12-2012,55.31999969482422,57.25,16700,57.47999954223633,55.65999984741211,51.34658432006836
12-12-2012,55.459999084472656,55.81999969482422,8000,56.560001373291016,56.25,52.124977111816406
13-12-2012,55.0,56.13999938964844,19900,56.16999816894531,55.0,50.96665573120117
14-12-2012,55.45000076293945,56.0,3200,56.0,55.59999847412109,51.52265548706055
17-12-2012,54.709999084472656,55.08000183105469,11300,55.400001525878906,54.810001373291016,50.79058456420898
18-12-2012,54.75,55.04999923706055,15200,55.81999969482422,55.43999862670898,51.37438201904297
19-12-2012,54.43000030517578,55.25,10900,55.43999862670898,55.290000915527344,51.23538589477539
20-12-2012,54.5,55.4900016784668,27100,56.84000015258789,55.709999084472656,51.62458038330078
21-12-2012,54.25,55.36000061035156,15900,55.36000061035156,54.59999847412109,50.595985412597656
24-12-2012,53.900001525878906,54.0,14200,54.59000015258789,53.900001525878906,49.94731903076172
26-12-2012,53.2599983215332,54.209999084472656,11000,54.209999084472656,53.40999984741211,49.49325180053711
27-12-2012,52.0,53.13999938964844,24900,53.81999969482422,52.38999938964844,48.54804992675781
28-12-2012,52.2599983215332,52.27999877929688,8100,53.060001373291016,52.900001525878906,49.02066040039063
31-12-2012,52.0,53.25,10700,54.0,53.43000030517578,49.51177978515625
02-01-2013,52.0099983215332,54.209999084472656,17200,54.56999969482422,52.790000915527344,48.91871643066406
03-01-2013,52.790000915527344,52.790000915527344,8900,53.68000030517578,53.25,49.34498596191406
04-01-2013,52.54999923706055,53.290000915527344,8900,53.29999923706055,52.90999984741211,49.0299186706543
07-01-2013,52.060001373291016,52.560001373291016,8300,54.220001220703125,54.220001220703125,50.24385452270508
08-01-2013,53.59999847412109,53.88999938964844,7500,54.38999938964844,53.61000061035156,49.67858505249024
09-01-2013,53.02000045776367,53.88999938964844,12200,55.0,55.0,50.96665573120117
10-01-2013,54.5,55.0,5800,55.0,54.75,50.7349853515625
11-01-2013,53.619998931884766,54.9900016784668,11900,54.9900016784668,53.709999084472656,49.7712516784668
14-01-2013,53.20000076293945,53.41999816894531,9600,54.65999984741211,53.630001068115234,49.69712448120117
15-01-2013,53.0,53.02000045776367,6300,54.4900016784668,53.84999847412109,49.90098190307617
16-01-2013,53.27000045776367,53.79999923706055,7800,54.2599983215332,53.5099983215332,49.58591842651367
17-01-2013,53.25,53.33000183105469,7800,54.09999847412109,53.65999984741211,49.72491455078125
18-01-2013,53.400001525878906,53.400001525878906,8800,54.5,54.34000015258789,50.35504913330078
22-01-2013,53.880001068115234,54.43999862670898,4900,54.43999862670898,54.29999923706055,50.31798553466797
23-01-2013,53.04999923706055,54.04999923706055,27500,54.25,53.09999847412109,49.20598602294922
24-01-2013,52.63999938964844,53.540000915527344,7300,53.540000915527344,52.650001525878906,48.78899002075195
25-01-2013,52.290000915527344,52.650001525878906,14800,52.70000076293945,52.52000045776367,48.66851043701172
28-01-2013,51.5,52.5,27000,53.130001068115234,51.59000015258789,47.80672073364258
29-01-2013,51.59000015258789,51.59000015258789,7200,52.47999954223633,52.060001373291016,48.24225616455078
30-01-2013,51.75,51.88999938964844,10700,52.4900016784668,52.0,48.1866569519043
31-01-2013,51.13999938964844,52.2599983215332,13200,52.45000076293945,51.84999847412109,48.04765701293945
01-02-2013,52.0099983215332,52.33000183105469,12400,53.38999938964844,52.5,48.64998626708984
04-02-2013,52.2599983215332,52.2599983215332,4200,52.7400016784668,52.4900016784668,48.64072036743164
05-02-2013,52.45000076293945,52.470001220703125,13600,53.59000015258789,52.869998931884766,48.99284744262695
06-02-2013,52.5099983215332,52.869998931884766,3600,53.34999847412109,53.150001525878906,49.25231552124024
07-02-2013,52.5,52.88999938964844,5800,53.47999954223633,52.810001373291016,48.93724822998047
08-02-2013,52.560001373291016,52.77999877929688,5900,53.59999847412109,53.040000915527344,49.150386810302734
11-02-2013,52.93999862670898,52.93999862670898,6000,54.20000076293945,54.16999816894531,50.19751739501953
12-02-2013,54.18000030517578,54.18000030517578,2200,54.83000183105469,54.18000030517578,50.206787109375
13-02-2013,53.06999969482422,53.65999984741211,2800,54.09000015258789,54.09000015258789,50.123382568359375
14-02-2013,51.61000061035156,53.060001373291016,15900,53.95000076293945,53.900001525878906,49.94731903076172
15-02-2013,53.04999923706055,53.04999923706055,10100,54.70000076293945,54.0,50.03998947143555
19-02-2013,53.119998931884766,54.0,6800,54.20000076293945,54.11000061035156,50.14191818237305
20-02-2013,54.0,54.0,3000,54.75,54.720001220703125,50.70719528198242
21-02-2013,53.5099983215332,54.18999862670898,7800,54.959999084472656,54.02000045776367,50.05851745605469
22-02-2013,53.9900016784668,53.9900016784668,2300,54.970001220703125,54.93999862670898,50.91104507446289
25-02-2013,54.310001373291016,54.4900016784668,6700,55.650001525878906,55.58000183105469,51.50412368774414
26-02-2013,55.0099983215332,55.33000183105469,4800,56.0,55.459999084472656,51.39292144775391
27-02-2013,55.45000076293945,55.459999084472656,10000,56.79999923706055,56.560001373291016,52.41225814819336
28-02-2013,56.0,56.130001068115234,2700,56.5,56.0,51.89331817626953
01-03-2013,54.84999847412109,56.09999847412109,14400,56.59999847412109,56.36000061035156,52.22691345214844
04-03-2013,55.02999877929688,56.04999923706055,8600,56.79999923706055,56.59999847412109,52.70178985595703
05-03-2013,55.900001525878906,56.36000061035156,13200,57.72999954223633,56.5,52.608680725097656
06-03-2013,56.09999847412109,56.77000045776367,4200,57.0,56.5,52.608680725097656
07-03-2013,56.18999862670898,56.18999862670898,7600,57.7400016784668,57.59999847412109,53.63291549682617
08-03-2013,57.0099983215332,57.31999969482422,17600,57.9900016784668,57.9900016784668,53.99606323242188
11-03-2013,57.79999923706055,57.95000076293945,8500,59.0,58.900001525878906,54.843387603759766
12-03-2013,57.77000045776367,59.0,11000,59.0,58.630001068115234,54.59197616577149
13-03-2013,58.130001068115234,58.560001373291016,3300,59.25,59.25,55.16926956176758
14-03-2013,59.08000183105469,59.220001220703125,7500,60.0,59.72999954223633,55.61621856689453
15-03-2013,58.369998931884766,59.52999877929688,8500,60.86000061035156,60.0,55.86762619018555
18-03-2013,59.79999923706055,60.02000045776367,8200,61.52999877929688,61.209999084472656,56.99428939819336
19-03-2013,58.29999923706055,61.560001373291016,13300,61.560001373291016,58.709999084472656,54.66646957397461
20-03-2013,59.5,59.75,8700,61.4900016784668,60.470001220703125,56.30524826049805
21-03-2013,60.43000030517578,60.84000015258789,12800,62.0,61.5,57.26430892944336
22-03-2013,61.5,61.9900016784668,8100,62.47999954223633,61.77999877929688,57.5250244140625
25-03-2013,61.79999923706055,61.79999923706055,9700,64.31999969482422,63.810001373291016,59.41521453857422
26-03-2013,63.95000076293945,63.97999954223633,16600,65.62000274658203,65.5,60.98882293701172
27-03-2013,65.19999694824219,65.44999694824219,14900,67.19999694824219,66.33999633789062,61.7709846496582
28-03-2013,66.77999877929688,66.77999877929688,108200,70.91000366210938,70.4800033569336,65.62584686279297
01-04-2013,68.9000015258789,70.58000183105469,54700,72.77999877929688,72.43000030517578,67.4415283203125
02-04-2013,72.33000183105469,72.44000244140625,15600,73.93000030517578,73.0999984741211,68.06539154052734
03-04-2013,71.33000183105469,74.1500015258789,14900,74.1500015258789,71.45999908447266,66.5383529663086
04-04-2013,71.0,72.0,59600,72.55999755859375,72.26000213623047,67.28324890136719
05-04-2013,71.0,71.5,25300,72.44000244140625,71.98999786376953,67.03182983398438
08-04-2013,71.9000015258789,72.0,27900,72.41999816894531,72.0,67.0411376953125
09-04-2013,72.01000213623047,72.01000213623047,8000,73.58000183105469,73.47000122070312,68.40989685058594
10-04-2013,72.4000015258789,73.0,24500,73.08999633789062,73.0,67.97227478027344
11-04-2013,72.69999694824219,73.0,15900,73.2699966430664,72.80000305175781,67.78605651855469
12-04-2013,72.44999694824219,72.47000122070312,9000,73.08999633789062,72.98999786376953,67.96294403076172
15-04-2013,67.43000030517578,72.0,26100,73.05999755859375,71.05000305175781,66.15657806396484
16-04-2013,70.45999908447266,71.0,14300,72.11000061035156,71.97000122070312,67.01321411132812
17-04-2013,68.7699966430664,72.16000366210938,7200,72.16000366210938,71.12000274658203,66.22175598144531
18-04-2013,70.25,70.91999816894531,3800,71.06999969482422,70.97000122070312,66.08208465576172
19-04-2013,70.58999633789062,70.5999984741211,4200,73.05000305175781,72.5,67.50669860839844
22-04-2013,70.05000305175781,71.08000183105469,18200,71.52999877929688,70.3499984741211,65.5047836303711
23-04-2013,70.16999816894531,70.16999816894531,10400,71.88999938964844,71.88999938964844,66.93872833251953
24-04-2013,70.5999984741211,71.61000061035156,8100,72.58000183105469,72.01000213623047,67.05045318603516
25-04-2013,71.31999969482422,72.55999755859375,8000,72.7300033569336,72.36000061035156,67.37635040283203
26-04-2013,72.0,72.0,6500,73.5999984741211,72.9000015258789,67.87915802001953
29-04-2013,72.12999725341797,73.0,12800,73.0,72.66999816894531,67.66500091552734
30-04-2013,71.38999938964844,71.38999938964844,5000,73.0999984741211,71.62999725341797,66.69662475585938
01-05-2013,72.25,72.47000122070312,4800,73.7300033569336,73.0,67.97227478027344
02-05-2013,71.83000183105469,72.66000366210938,5900,72.98999786376953,72.56999969482422,67.5718765258789
03-05-2013,72.37999725341797,72.70999908447266,8500,73.76000213623047,72.61000061035156,67.60913848876953
06-05-2013,71.66000366210938,72.23999786376953,6600,73.04000091552734,72.86000061035156,67.84191131591797
07-05-2013,72.55000305175781,72.55000305175781,10700,73.95999908447266,73.68000030517578,68.60543060302734
08-05-2013,73.52999877929688,73.76000213623047,8000,75.0,74.52999877929688,69.39689636230469
09-05-2013,74.5,74.8499984741211,6400,75.0,74.5,69.36895751953125
10-05-2013,74.0999984741211,74.5,10900,75.98999786376953,75.80000305175781,70.57942962646484
13-05-2013,75.47000122070312,75.87999725341797,6800,77.13999938964844,76.38999938964844,71.12879180908203
14-05-2013,74.56999969482422,75.94999694824219,15100,77.9000015258789,75.11000061035156,69.93695068359375
15-05-2013,75.11000061035156,75.4000015258789,3400,76.83000183105469,76.80000305175781,71.51055908203125
16-05-2013,76.11000061035156,76.52999877929688,5900,77.30000305175781,77.20999908447266,71.8923110961914
17-05-2013,77.0,77.73999786376953,6600,77.77999877929688,77.76000213623047,72.4044418334961
20-05-2013,77.83000183105469,78.0,5100,79.41999816894531,79.20999908447266,73.75457000732422
21-05-2013,78.41000366210938,79.5,5800,79.66000366210938,79.47000122070312,73.9966812133789
22-05-2013,77.75,79.58999633789062,9900,79.7300033569336,77.88999938964844,72.5254898071289
23-05-2013,76.0,77.69000244140625,12100,79.0,78.30999755859375,72.91655731201172
24-05-2013,79.05000305175781,79.20999908447266,2900,79.69999694824219,79.54000091552734,74.06184387207031
28-05-2013,78.63999938964844,79.06999969482422,10700,81.66999816894531,81.5,75.8868637084961
29-05-2013,80.5,81.69999694824219,6200,82.19999694824219,80.94000244140625,75.36543273925781
30-05-2013,80.44000244140625,80.97000122070312,7900,81.0,80.79000091552734,75.22575378417969
31-05-2013,80.75,80.88999938964844,9800,83.02999877929688,81.83000183105469,76.19413757324219
03-06-2013,81.93000030517578,82.5,13400,83.0999984741211,83.0,77.2835464477539
04-06-2013,81.05999755859375,83.01000213623047,13800,83.01000213623047,81.22000122070312,75.62614440917969
05-06-2013,80.73999786376953,81.0,2600,82.05999755859375,81.5,75.8868637084961
06-06-2013,81.5,81.5,3900,82.94999694824219,82.68000030517578,76.98558044433594
07-06-2013,82.69000244140625,83.0999984741211,4600,83.94999694824219,83.19000244140625,77.46046447753906
10-06-2013,83.0199966430664,83.80999755859375,22100,88.91000366210938,87.4000015258789,81.38050079345703
11-06-2013,85.0,85.0,10800,88.38999938964844,87.79000091552734,81.74364471435547
12-06-2013,85.01000213623047,87.05000305175781,13900,88.51000213623047,85.83999633789062,79.92794036865234
13-06-2013,83.7699966430664,85.66999816894531,5600,85.91999816894531,84.30999755859375,78.50331115722656
14-06-2013,82.93000030517578,83.69999694824219,12800,84.75,83.88999938964844,78.11224365234375
17-06-2013,83.63999938964844,83.63999938964844,6600,85.98999786376953,85.38999938964844,79.50894165039062
18-06-2013,84.37999725341797,85.81999969482422,27100,86.0,86.0,80.0769271850586
19-06-2013,86.55999755859375,86.61000061035156,9200,87.9000015258789,86.76000213623047,80.78459167480469
20-06-2013,84.0,86.0,17500,86.0,84.0,78.21466827392578
21-06-2013,82.80000305175781,84.22000122070312,11500,85.0,82.88999938964844,77.18112182617188
24-06-2013,80.5,82.69000244140625,10300,82.69000244140625,81.30000305175781,75.70063781738281
25-06-2013,76.4000015258789,80.55000305175781,74300,82.18000030517578,81.79000091552734,76.15686798095703
26-06-2013,81.0,82.0,16100,82.95999908447266,82.6500015258789,76.9576416015625
27-06-2013,82.87999725341797,82.87999725341797,12500,84.43000030517578,83.58000183105469,77.82359313964844
28-06-2013,83.86000061035156,84.77999877929688,5200,85.0,84.38999938964844,78.57780456542969
01-07-2013,79.5999984741211,84.61000061035156,23000,84.98999786376953,80.54000091552734,74.99298095703125
02-07-2013,80.0,80.86000061035156,16700,84.37999725341797,83.08000183105469,77.35803985595703
03-07-2013,82.33999633789062,82.81999969482422,500,83.08000183105469,82.33999633789062,76.66900634765625
05-07-2013,81.11000061035156,82.51000213623047,2300,84.05000305175781,83.20999908447266,77.47908782958984
08-07-2013,82.94999694824219,84.0,8400,84.0,82.95999908447266,77.24629211425781
09-07-2013,80.05000305175781,82.66000366210938,15500,83.5199966430664,82.98999786376953,77.27423095703125
10-07-2013,82.4000015258789,83.55000305175781,20800,85.0,82.69999694824219,77.00420379638672
11-07-2013,82.36000061035156,83.93000030517578,8500,84.66999816894531,83.56999969482422,77.81428527832031
12-07-2013,82.5,83.43000030517578,12300,84.70999908447266,83.0999984741211,77.37664794921875
15-07-2013,82.6500015258789,83.36000061035156,16700,85.94000244140625,84.47000122070312,78.65229797363281
16-07-2013,84.04000091552734,84.69999694824219,15900,85.36000061035156,84.5199966430664,78.6988525390625
17-07-2013,84.41999816894531,84.54000091552734,11900,85.63999938964844,84.62000274658203,78.79196166992188
18-07-2013,84.5,85.22000122070312,13300,85.94999694824219,85.05999755859375,79.20165252685547
19-07-2013,84.54000091552734,85.69000244140625,13900,85.69000244140625,84.88999938964844,79.04337310791016
22-07-2013,83.2699966430664,84.61000061035156,16800,85.5,84.94999694824219,79.09923553466797
23-07-2013,83.69999694824219,84.76000213623047,13100,85.12000274658203,83.91000366210938,78.13087463378906
24-07-2013,82.5199966430664,83.8499984741211,4100,84.08000183105469,83.61000061035156,77.85153198242188
25-07-2013,82.9000015258789,83.69999694824219,11400,84.58000183105469,83.44999694824219,77.70255279541016
26-07-2013,81.80000305175781,82.63999938964844,9000,83.94999694824219,83.56999969482422,77.81428527832031
29-07-2013,81.52999877929688,83.5,6100,83.5,82.12000274658203,76.46414184570312
30-07-2013,82.62000274658203,82.9800033569336,5500,83.52999877929688,82.94000244140625,77.22766876220703
31-07-2013,83.0999984741211,83.0999984741211,4000,84.44999694824219,84.0199966430664,78.23329162597656
01-08-2013,83.05999755859375,84.0199966430664,14900,85.93000030517578,85.12999725341797,79.26683807373047
02-08-2013,83.45999908447266,84.72000122070312,20500,84.87999725341797,84.0,78.21466827392578
05-08-2013,82.87999725341797,84.08000183105469,20800,84.37999725341797,83.08999633789062,77.36734771728516
06-08-2013,82.51000213623047,83.18000030517578,12900,83.45999908447266,82.51000213623047,76.82728576660156
07-08-2013,81.80000305175781,81.80000305175781,11300,83.04000091552734,81.93000030517578,76.2872314453125
08-08-2013,81.6500015258789,82.0,10400,83.05000305175781,82.88999938964844,77.18112182617188
09-08-2013,82.0,83.77999877929688,4400,83.77999877929688,83.69000244140625,77.92604064941406
12-08-2013,83.41000366210938,83.68000030517578,10400,85.30999755859375,83.94999694824219,78.16810607910156
13-08-2013,83.18000030517578,83.4000015258789,10200,85.25,84.87000274658203,79.02477264404297
14-08-2013,84.43000030517578,84.43000030517578,10600,86.61000061035156,86.0,80.0769271850586
15-08-2013,85.18000030517578,85.69999694824219,10400,87.13999938964844,85.55999755859375,79.66722869873047
16-08-2013,86.6500015258789,86.73999786376953,14200,92.29000091552734,90.33999633789062,84.11801147460938
19-08-2013,84.9000015258789,91.0199966430664,26300,93.75,88.7300033569336,82.61891174316406
20-08-2013,88.54000091552734,88.87000274658203,40300,91.73999786376952,90.05000305175781,83.8479995727539
21-08-2013,89.61000061035156,90.16999816894533,9400,90.72000122070312,89.87000274658203,83.68038940429688
22-08-2013,88.8499984741211,90.23999786376952,11400,90.25,89.4800033569336,83.31724548339844
23-08-2013,87.94999694824219,89.27999877929688,9700,89.70999908447266,89.55999755859375,83.3917465209961
26-08-2013,88.01000213623047,88.9800033569336,15400,88.98999786376953,88.25,82.17195892333984
27-08-2013,87.0,87.05000305175781,8100,88.25,87.55000305175781,81.52017974853516
28-08-2013,86.30999755859375,87.25,10300,88.5,86.30999755859375,80.36557006835938
29-08-2013,85.66000366210938,85.66000366210938,9900,86.93000030517578,85.76000213623047,79.85346221923828
30-08-2013,85.18000030517578,86.55999755859375,10100,86.7699966430664,85.9000015258789,79.98381805419922
03-09-2013,85.9800033569336,86.05000305175781,10000,86.97000122070312,86.26000213623047,80.31901550292969
04-09-2013,85.0,85.0,7300,86.1500015258789,85.80000305175781,79.89070129394531
05-09-2013,85.06999969482422,85.77999877929688,17500,86.5,85.23999786376953,79.36927795410156
06-09-2013,85.45999908447266,86.0,12100,86.7300033569336,86.16999816894531,80.23521423339844
09-09-2013,85.11000061035156,85.77999877929688,10200,86.41000366210938,85.5999984741211,79.7044677734375
10-09-2013,85.5,85.5999984741211,4900,86.02999877929688,86.02999877929688,80.10486602783203
11-09-2013,85.25,85.56999969482422,13300,86.5199966430664,86.0999984741211,80.1700439453125
12-09-2013,84.8499984741211,86.25,17200,86.25,85.0,79.14579772949219
13-09-2013,85.26000213623047,85.98999786376953,14700,86.5,86.12999725341797,80.19798278808594
16-09-2013,85.12000274658203,86.5,21700,86.75,85.12000274658203,79.25753021240234
17-09-2013,83.76000213623047,85.0,24400,85.0,84.01000213623047,78.2239761352539
18-09-2013,82.87000274658203,84.02999877929688,24200,84.72000122070312,84.01000213623047,78.2239761352539
19-09-2013,83.20999908447266,83.98999786376953,8300,84.0,83.94999694824219,78.16810607910156
20-09-2013,83.01000213623047,84.5999984741211,6800,84.5999984741211,83.44000244140625,77.69324493408203
23-09-2013,83.0,83.44999694824219,22600,85.7300033569336,85.16000366210938,79.2947769165039
24-09-2013,84.0999984741211,84.11000061035156,8800,84.83999633789062,84.2300033569336,78.42884063720703
25-09-2013,83.01000213623047,83.83999633789062,4300,84.75,83.68000030517578,77.91670227050781
26-09-2013,83.36000061035156,83.36000061035156,6100,84.91000366210938,83.7300033569336,77.96326446533203
27-09-2013,83.05000305175781,83.95999908447266,8100,83.95999908447266,83.5999984741211,77.84222412109375
30-09-2013,82.87000274658203,82.87000274658203,9600,84.55999755859375,84.52999877929688,78.70816040039062
01-10-2013,82.44000244140625,84.4800033569336,13000,84.4800033569336,83.33000183105469,77.59082794189453
02-10-2013,82.5,83.31999969482422,7600,84.0,82.7300033569336,77.0321273803711
03-10-2013,82.80000305175781,84.31999969482422,3200,84.31999969482422,82.9000015258789,77.19044494628906
04-10-2013,82.68000030517578,82.68000030517578,8700,84.66000366210938,84.05999755859375,78.27053833007812
07-10-2013,83.9800033569336,83.9800033569336,5000,86.5,86.1500015258789,80.21659088134766
08-10-2013,84.70999908447266,86.5999984741211,8400,86.5999984741211,85.30000305175781,79.42513275146484
09-10-2013,84.95999908447266,84.95999908447266,11000,86.05999755859375,85.3499984741211,79.4717025756836
10-10-2013,85.51000213623047,86.05000305175781,8300,86.75,86.7300033569336,80.75665283203125
11-10-2013,85.12000274658203,85.12000274658203,7600,86.73999786376953,86.6500015258789,80.68215942382812
14-10-2013,85.5,86.7300033569336,10300,86.73999786376953,85.97000122070312,80.04899597167969
15-10-2013,85.1500015258789,85.66000366210938,8200,85.72000122070312,85.1500015258789,79.28546905517578
16-10-2013,83.3499984741211,84.0,23300,84.0,83.5999984741211,77.84222412109375
17-10-2013,83.6500015258789,84.19999694824219,13200,85.1500015258789,84.01000213623047,78.2239761352539
18-10-2013,84.0,84.0,12300,85.62999725341797,84.1500015258789,78.35433197021484
21-10-2013,83.5,83.80999755859375,62100,85.23999786376953,84.83999633789062,78.996826171875
22-10-2013,83.76000213623047,84.87000274658203,14800,86.47000122070312,86.47000122070312,80.51455688476562
23-10-2013,84.41000366210938,86.38999938964844,13500,86.51000213623047,85.19000244140625,79.32271575927734
24-10-2013,84.66000366210938,84.66000366210938,5900,88.37999725341797,88.23999786376953,82.16264343261719
25-10-2013,87.9800033569336,88.83999633789062,13700,90.38999938964844,90.38999938964844,84.16456604003906
28-10-2013,89.44000244140625,89.75,5500,90.58000183105467,89.5999984741211,83.42897033691406
29-10-2013,87.25,87.9000015258789,9500,90.5999984741211,90.3499984741211,84.12732696533203
30-10-2013,89.0,89.44999694824219,29700,91.0500030517578,89.51000213623047,83.34516906738281
31-10-2013,89.0,89.97000122070312,10600,90.41000366210938,89.5999984741211,83.42897033691406
01-11-2013,89.75,89.75,17400,91.06999969482422,91.06999969482422,84.7977523803711
04-11-2013,89.76000213623047,91.06999969482422,5100,91.1999969482422,91.19000244140624,84.90947723388672
05-11-2013,91.0,91.0,5000,91.6999969482422,91.6999969482422,85.38435363769531
06-11-2013,91.98999786376952,91.98999786376952,10100,93.22000122070312,92.5,86.1292495727539
07-11-2013,90.4800033569336,92.5199966430664,12900,92.62000274658205,92.16000366210938,85.81267547607422
08-11-2013,88.05000305175781,92.0,13100,92.5,90.75,84.4997787475586
11-11-2013,91.01000213623048,91.18000030517578,8300,91.73999786376952,91.52999877929688,85.22606658935547
12-11-2013,89.45999908447266,90.0,19100,92.66999816894533,91.4800033569336,85.17950439453125
13-11-2013,91.94000244140624,92.04000091552734,8400,92.68000030517578,92.01000213623048,85.6729965209961
14-11-2013,92.05999755859376,92.5500030517578,10600,94.4499969482422,94.0999984741211,87.61905670166016
15-11-2013,93.9000015258789,94.0,7400,95.0,94.27999877929688,87.78665924072266
18-11-2013,94.0,94.0500030517578,2900,95.29000091552734,95.19000244140624,88.63398742675781
19-11-2013,94.9499969482422,94.9499969482422,15200,96.9800033569336,96.77999877929688,90.11447143554688
20-11-2013,95.08000183105467,96.62999725341795,19800,98.0,96.0,89.38819885253906
21-11-2013,95.63999938964844,95.63999938964844,5800,97.02999877929688,96.4000015258789,89.76066589355469
22-11-2013,95.69000244140624,95.77999877929688,1800,96.83000183105467,96.27999877929688,89.64891815185547
25-11-2013,96.12999725341795,96.12999725341795,4600,97.0,96.52999877929688,89.88168334960938
26-11-2013,96.66000366210938,98.0500030517578,9700,98.70999908447266,98.55999755859376,91.7718734741211
27-11-2013,97.6999969482422,99.08999633789062,6000,99.29000091552734,98.77999877929688,91.97673034667967
29-11-2013,98.6999969482422,99.06999969482422,10200,99.95999908447266,99.76000213623048,92.88924407958984
02-12-2013,98.61000061035156,100.0,10600,101.38999938964844,99.69000244140624,92.82405853271484
03-12-2013,98.22000122070312,99.97000122070312,12100,99.97000122070312,98.75,91.94879150390624
04-12-2013,97.33000183105467,98.12999725341795,18400,98.72000122070312,97.41999816894533,90.7104034423828
05-12-2013,97.0,97.0500030517578,11000,97.6999969482422,97.5,90.78488159179688
06-12-2013,96.4000015258789,96.4000015258789,13200,97.70999908447266,97.19000244140624,90.49624633789062
09-12-2013,96.25,96.8000030517578,9600,97.5,96.70999908447266,90.04928588867188
10-12-2013,97.1999969482422,97.73999786376952,10700,97.88999938964844,97.36000061035156,90.65453338623048
11-12-2013,96.8000030517578,97.88999938964844,15100,98.48999786376952,98.48999786376952,91.70669555664062
12-12-2013,97.66000366210938,97.66999816894533,19100,98.79000091552734,98.22000122070312,91.45530700683594
13-12-2013,98.75,99.0,14900,99.5,99.5,92.64714050292967
16-12-2013,99.0999984741211,99.1500015258789,8600,99.75,99.30999755859376,92.47021484375
17-12-2013,98.91999816894533,98.91999816894533,9500,100.51000213623048,99.79000091552734,92.91718292236328
18-12-2013,98.5199966430664,100.62999725341795,21300,100.98999786376952,100.13999938964844,93.24307250976562
19-12-2013,99.9000015258789,100.4800033569336,12600,100.58000183105467,100.04000091552734,93.14994049072266
20-12-2013,98.9000015258789,100.54000091552734,12000,100.94000244140624,99.51000213623048,92.65646362304688
23-12-2013,97.61000061035156,99.18000030517578,24400,99.4499969482422,98.26000213623048,91.49254608154295
24-12-2013,98.04000091552734,98.04000091552734,16500,99.5500030517578,98.4000015258789,91.62290954589844
26-12-2013,98.3499984741211,98.3499984741211,9600,100.0999984741211,99.95999908447266,93.07545471191406
27-12-2013,99.02999877929688,99.70999908447266,5200,100.0999984741211,99.02999877929688,92.20951080322266
30-12-2013,97.79000091552734,98.62999725341795,7600,100.25,99.27999877929688,92.44229125976562
31-12-2013,98.97000122070312,99.01000213623048,12900,100.0,99.98999786376952,93.1033935546875
02-01-2014,99.08000183105467,99.45999908447266,14300,99.8499984741211,99.5,92.64714050292967
03-01-2014,99.13999938964844,99.5,14400,100.3499984741211,99.5,92.64714050292967
06-01-2014,99.06999969482422,99.6999969482422,18500,100.16000366210938,99.56999969482422,92.71232604980467
07-01-2014,98.61000061035156,100.31999969482422,16700,100.4800033569336,98.6500015258789,91.8556671142578
08-01-2014,97.9499969482422,99.1500015258789,14800,99.5,98.4499969482422,91.66946411132812
09-01-2014,97.5199966430664,98.05999755859376,18100,99.0,98.5500030517578,91.76258087158205
10-01-2014,98.0,98.13999938964844,13600,99.0500030517578,98.70999908447266,91.91155242919922
13-01-2014,98.01000213623048,99.29000091552734,11200,99.3000030517578,98.0199966430664,91.26905822753906
14-01-2014,97.11000061035156,98.5,13200,99.01000213623048,97.94000244140624,91.1946029663086
15-01-2014,97.08000183105467,98.3000030517578,58500,98.3000030517578,97.86000061035156,91.1200942993164
16-01-2014,98.0,98.0,36100,102.86000061035156,99.7300033569336,92.86129760742188
17-01-2014,98.75,100.0500030517578,33400,101.58999633789062,99.0199966430664,92.2001953125
21-01-2014,97.0,99.01000213623048,31800,101.0,98.1999969482422,91.4366683959961
22-01-2014,97.08000183105467,98.13999938964844,18900,98.4499969482422,97.75,91.01766204833984
23-01-2014,96.2300033569336,97.87000274658205,11100,98.0,96.2300033569336,89.60234832763672
24-01-2014,93.55999755859376,96.4000015258789,21200,96.4000015258789,95.16999816894533,88.6153564453125
27-01-2014,93.0,94.6999969482422,22000,94.7300033569336,93.88999938964844,87.42352294921875
28-01-2014,93.4800033569336,93.4800033569336,5500,96.38999938964844,95.87999725341795,89.27645874023438
29-01-2014,94.20999908447266,95.0,10000,96.11000061035156,94.72000122070312,88.19635772705078
30-01-2014,94.31999969482422,94.33999633789062,7100,96.86000061035156,96.55999755859376,89.90962982177734
31-01-2014,94.5,96.5,21300,102.08000183105467,101.06999969482422,94.10901641845705
03-02-2014,100.0,100.91000366210938,16100,102.0,100.8000030517578,93.85760498046876
04-02-2014,99.33999633789062,99.66000366210938,27200,104.01000213623048,104.0,96.83722686767578
05-02-2014,104.8000030517578,104.8000030517578,28200,109.5,109.4499969482422,101.91184997558594
06-02-2014,109.5,109.5,18800,111.68000030517578,111.68000030517578,103.98826599121094
07-02-2014,111.69000244140624,112.0,17000,114.12000274658205,113.0999984741211,105.31047058105467
10-02-2014,113.77999877929688,113.77999877929688,44500,122.41999816894533,121.37999725341795,113.02019500732422
11-02-2014,120.3499984741211,121.83000183105467,24200,123.62999725341795,121.31999969482422,112.9643325805664
12-02-2014,121.79000091552734,122.0,12900,123.43000030517578,122.0,113.59750366210938
13-02-2014,121.47000122070312,122.0,6100,122.2300033569336,122.0,113.59750366210938
14-02-2014,122.25,123.0,8400,123.0,122.25,113.8302764892578
18-02-2014,123.66000366210938,123.80999755859376,13800,124.8000030517578,124.5,115.9253158569336
19-02-2014,124.0500030517578,125.0,11800,126.6999969482422,126.4000015258789,117.6944580078125
20-02-2014,126.4000015258789,127.16000366210938,32000,132.1300048828125,132.1300048828125,123.0298080444336
21-02-2014,130.39999389648438,132.10000610351562,36200,133.6300048828125,133.3300018310547,124.14716339111328
24-02-2014,134.32000732421875,134.69000244140625,34800,142.0,141.69000244140625,131.93138122558594
25-02-2014,139.00999450683594,141.39999389648438,18600,143.60000610351562,141.85000610351562,132.08035278320312
26-02-2014,142.07000732421875,143.47000122070312,24200,147.8000030517578,144.10000610351562,134.1754150390625
27-02-2014,133.8300018310547,144.4600067138672,38500,144.4600067138672,134.7100067138672,125.43212127685548
28-02-2014,133.69000244140625,135.3800048828125,19800,139.0,136.10000610351562,126.72637939453124
03-03-2014,133.60000610351562,135.0,18100,138.1999969482422,137.2899932861328,127.83444213867188
04-03-2014,135.75,137.60000610351562,17500,141.9199981689453,136.27000427246094,127.13471221923828
05-03-2014,134.97999572753906,136.5,5900,137.83999633789062,137.0,127.81578063964844
06-03-2014,137.50999450683594,138.25,12100,140.63999938964844,139.0,129.68173217773438
07-03-2014,136.5,139.25,10900,140.27999877929688,139.2100067138672,129.8776397705078
10-03-2014,131.16000366210938,139.97999572753906,15000,139.97999572753906,134.6999969482422,125.66995239257812
11-03-2014,132.8800048828125,133.8000030517578,9700,135.8699951171875,132.8800048828125,123.9719696044922
12-03-2014,130.5800018310547,131.8800048828125,14500,132.39999389648438,131.0500030517578,122.26464080810548
13-03-2014,126.7300033569336,132.0,13600,132.0,128.99000549316406,120.34275817871094
14-03-2014,127.5,127.5,6700,129.83999633789062,129.83999633789062,121.13574981689452
17-03-2014,129.5800018310547,129.80999755859375,9000,132.0,129.5800018310547,120.89320373535156
18-03-2014,127.88999938964844,130.6699981689453,12900,131.38999938964844,128.11000061035156,119.52173614501952
19-03-2014,127.68000030517578,127.68000030517578,5800,129.72000122070312,129.72000122070312,121.02381134033205
20-03-2014,128.63999938964844,130.72000122070312,11500,131.02999877929688,128.88999938964844,120.24945068359376
21-03-2014,127.86000061035156,128.86000061035156,6100,129.97999572753906,128.61000061035156,119.98822021484376
24-03-2014,127.66999816894533,128.3300018310547,13000,130.8000030517578,127.66999816894533,119.11123657226562
25-03-2014,127.8499984741211,128.0,8400,129.94000244140625,127.8499984741211,119.27918243408205
26-03-2014,126.27999877929688,128.88999938964844,10600,129.3300018310547,126.27999877929688,117.8144302368164
27-03-2014,125.0,126.18000030517578,16100,128.10000610351562,126.66000366210938,118.16895294189452
28-03-2014,126.0500030517578,126.5,6200,127.0,126.51000213623048,118.02901458740234
31-03-2014,127.12000274658205,127.12000274658205,25200,130.0,129.5,120.81856536865234
01-04-2014,127.83999633789062,130.64999389648438,17800,131.47999572753906,128.5,119.8855972290039
02-04-2014,127.6999969482422,128.5,7600,128.64999389648438,128.5,119.8855972290039
03-04-2014,127.22000122070312,128.9499969482422,7700,129.0,127.22000122070312,118.69140625
04-04-2014,126.75,127.41999816894533,4300,128.61000061035156,127.2699966430664,118.73805236816406
07-04-2014,125.0,127.5,11000,128.89999389648438,125.8000030517578,117.36659240722656
08-04-2014,125.0999984741211,126.0,6800,126.0,125.5,117.08670806884766
09-04-2014,125.0500030517578,125.22000122070312,5500,126.62999725341795,125.12999725341795,116.74150848388672
10-04-2014,125.12999725341795,125.12999725341795,11400,127.5,127.5,118.95264434814452
11-04-2014,127.0,127.0500030517578,9900,129.61000061035156,128.9499969482422,120.30543518066406
14-04-2014,128.0,130.44000244140625,7700,130.44000244140625,128.7100067138672,120.0815200805664
15-04-2014,128.0,130.82000732421875,9400,132.41000366210938,128.94000244140625,120.2960968017578
16-04-2014,128.39999389648438,129.60000610351562,3100,129.9199981689453,128.5,119.8855972290039
17-04-2014,128.14999389648438,128.14999389648438,8900,133.5399932861328,133.32000732421875,124.38249969482422
21-04-2014,131.07000732421875,133.8000030517578,9300,137.0500030517578,131.25,122.45124053955078
22-04-2014,131.02000427246094,131.25,11700,133.91000366210938,132.38999938964844,123.51483917236328
23-04-2014,130.0800018310547,131.02999877929688,11800,134.9499969482422,134.88999938964844,125.84719848632812
24-04-2014,134.2899932861328,135.8000030517578,11900,137.6999969482422,137.30999755859375,128.10499572753906
25-04-2014,131.0,137.5800018310547,12100,137.5800018310547,133.36000061035156,124.41981506347656
28-04-2014,130.0399932861328,133.66000366210938,9700,135.10000610351562,130.6300048828125,121.87281036376952
29-04-2014,130.41000366210938,131.9499969482422,9500,132.82000732421875,131.19000244140625,122.395263671875
30-04-2014,130.60000610351562,131.5500030517578,6300,131.97999572753906,131.5,122.68447875976562
01-05-2014,132.66000366210938,135.52000427246094,10500,135.52000427246094,135.22999572753906,126.1644287109375
02-05-2014,135.35000610351562,135.49000549316406,9200,138.32000732421875,138.1699981689453,128.9073486328125
05-05-2014,135.61000061035156,136.5,10800,141.5,141.33999633789062,131.8647918701172
06-05-2014,141.25,141.25,19400,144.9600067138672,144.02000427246094,134.3651580810547
07-05-2014,142.00999450683594,145.0,14600,146.1699981689453,144.97000122070312,135.25146484375
08-05-2014,144.75999450683594,145.0,9900,149.9499969482422,149.6999969482422,139.66436767578125
09-05-2014,149.0,149.0,11000,153.91000366210938,150.2899932861328,140.21484375
12-05-2014,151.44000244140625,151.44000244140625,23100,157.00999450683594,155.07000732421875,144.6743927001953
13-05-2014,153.52999877929688,155.75999450683594,15500,157.1699981689453,155.5500030517578,145.12222290039062
14-05-2014,155.1999969482422,156.0,5200,156.0,155.72000122070312,145.28082275390625
15-05-2014,152.5399932861328,155.6199951171875,6300,155.6199951171875,155.0,144.6090850830078
16-05-2014,153.3699951171875,155.0,6400,155.5,155.5,145.0755615234375
19-05-2014,154.13999938964844,154.66000366210938,8900,156.0,155.4199981689453,145.00096130371094
20-05-2014,154.0,156.0,7600,156.0,155.52000427246094,145.09422302246094
21-05-2014,155.00999450683594,155.89999389648438,7100,156.00999450683594,155.75,145.30882263183594
22-05-2014,155.0,155.5,9200,156.0,156.0,145.54205322265625
23-05-2014,156.5500030517578,156.57000732421875,7500,158.60000610351562,157.22999572753906,146.68960571289062
27-05-2014,158.0,158.17999267578125,21200,162.99000549316406,159.25,148.57418823242188
28-05-2014,159.5500030517578,160.77000427246094,20800,165.14999389648438,163.44000244140625,152.4832763671875
29-05-2014,164.0,167.3699951171875,23700,173.86000061035156,165.00999450683594,153.94802856445312
30-05-2014,161.0500030517578,165.0,9000,167.32000732421875,164.99000549316406,153.9293670654297
02-06-2014,152.82000732421875,163.64999389648438,23000,166.47000122070312,158.44000244140625,147.8184814453125
03-06-2014,154.86000061035156,158.4199981689453,15100,158.4199981689453,157.0,146.4749755859375
04-06-2014,156.7100067138672,157.5,10300,163.0,161.4199981689453,150.59869384765625
05-06-2014,161.72000122070312,161.72000122070312,9900,165.22999572753906,164.6199951171875,153.58416748046875
06-06-2014,163.27000427246094,165.88999938964844,12500,165.88999938964844,164.25,153.23899841308594
09-06-2014,160.2100067138672,163.92999267578125,10400,163.92999267578125,161.0,150.20684814453125
10-06-2014,159.0,160.0,10700,160.9499969482422,159.75999450683594,149.04998779296875
11-06-2014,158.0,158.10000610351562,8700,160.60000610351562,159.49000549316406,148.79808044433594
12-06-2014,158.1999969482422,161.3800048828125,9000,162.50999450683594,161.52999877929688,150.70130920410156
13-06-2014,160.25,162.5399932861328,8100,163.0,162.35000610351562,151.46636962890625
16-06-2014,161.32000732421875,161.55999755859375,7200,163.6699981689453,162.97000122070312,152.04481506347656
17-06-2014,161.2899932861328,162.14999389648438,12400,163.39999389648438,162.5,151.60629272460938
18-06-2014,162.00999450683594,162.36000061035156,19800,164.7100067138672,164.69000244140625,153.6494598388672
19-06-2014,162.0,165.0,8600,165.0,163.33999633789062,152.38998413085938
20-06-2014,161.39999389648438,163.02999877929688,7900,164.0,164.0,153.00576782226562
23-06-2014,162.25,164.33999633789062,8100,164.97999572753906,163.55999755859375,152.59523010253906
24-06-2014,162.74000549316406,162.74000549316406,7000,164.9600067138672,164.17999267578125,153.1736602783203
25-06-2014,162.19000244140625,163.74000549316406,11800,164.99000549316406,163.9499969482422,152.95907592773438
26-06-2014,162.05999755859375,163.9499969482422,9500,163.9499969482422,162.25,151.373046875
27-06-2014,161.0,161.27999877929688,12800,162.35000610351562,161.0,150.20684814453125
30-06-2014,158.5,160.17999267578125,15400,160.8000030517578,160.11000061035156,149.37652587890625
01-07-2014,158.89999389648438,160.3300018310547,8900,161.0,158.89999389648438,148.2476348876953
02-07-2014,158.77999877929688,158.77999877929688,15700,164.38999938964844,160.5,149.74038696289062
03-07-2014,159.33999633789062,160.35000610351562,4800,162.97999572753906,161.5,150.67335510253906
07-07-2014,158.5,162.75,11700,162.75,160.39999389648438,149.64706420898438
08-07-2014,159.5,160.32000732421875,9000,161.82000732421875,161.10000610351562,150.30014038085938
09-07-2014,160.10000610351562,161.14999389648438,5500,161.60000610351562,160.25999450683594,149.51646423339844
10-07-2014,158.25,160.0,6700,160.42999267578125,160.42999267578125,149.67507934570312
11-07-2014,157.97999572753906,161.27999877929688,7100,161.89999389648438,161.0,150.20684814453125
14-07-2014,161.0,161.08999633789062,10200,163.75999450683594,163.3300018310547,152.38067626953125
15-07-2014,161.8000030517578,161.8000030517578,7300,165.07000732421875,164.3000030517578,153.28565979003906
16-07-2014,162.11000061035156,162.1999969482422,5200,164.3000030517578,163.3000030517578,152.35267639160156
17-07-2014,161.0399932861328,163.0,7700,164.22999572753906,164.22999572753906,153.2202911376953
18-07-2014,163.0,164.0,13500,164.8000030517578,164.19000244140625,153.1830291748047
21-07-2014,161.8699951171875,162.1199951171875,11100,164.97999572753906,164.35000610351562,153.33230590820312
22-07-2014,163.6999969482422,164.14999389648438,21200,167.0,166.88999938964844,155.70201110839844
23-07-2014,164.89999389648438,167.0,24800,172.75,172.33999633789062,160.78663635253906
24-07-2014,174.66000366210938,179.39999389648438,20500,179.5500030517578,176.85000610351562,164.99432373046875
25-07-2014,169.85000610351562,175.58999633789062,16700,176.83999633789062,171.5399932861328,160.040283203125
28-07-2014,169.6199951171875,173.5,10500,173.5,171.75,160.23617553710938
29-07-2014,169.1300048828125,169.1300048828125,7100,173.0,172.00999450683594,160.47877502441406
30-07-2014,170.41000366210938,170.82000732421875,4100,172.75,170.41000366210938,158.98602294921875
31-07-2014,166.0,168.9600067138672,8800,170.0,169.97000122070312,158.57554626464844
01-08-2014,169.97999572753906,169.97999572753906,10300,174.97000122070312,174.9499969482422,163.22166442871094
04-08-2014,170.5500030517578,172.92999267578125,7400,174.88999938964844,174.0,162.33534240722656
05-08-2014,171.3800048828125,173.3800048828125,11100,175.0,174.0,162.33534240722656
06-08-2014,171.02000427246094,174.83999633789062,6900,174.83999633789062,173.5,161.868896484375
07-08-2014,172.39999389648438,172.61000061035156,11300,179.10000610351562,175.0800018310547,163.3429412841797
08-08-2014,175.05999755859375,179.0,15200,179.0,175.8800048828125,164.08934020996094
11-08-2014,177.39999389648438,180.0,28300,185.6999969482422,185.0,172.5979461669922
12-08-2014,187.8500061035156,189.8800048828125,30800,192.38999938964844,188.9900054931641,176.32044982910156
13-08-2014,187.8500061035156,189.9900054931641,30100,191.3500061035156,188.8699951171875,176.20849609375
14-08-2014,186.72999572753903,188.0,7700,189.92999267578125,188.0200042724609,175.41549682617188
15-08-2014,185.55999755859372,186.02999877929688,11600,190.1199951171875,188.3999938964844,175.77000427246094
18-08-2014,186.22000122070312,188.0,12300,189.80999755859372,189.80999755859372,177.08551025390625
19-08-2014,190.9900054931641,192.0,13700,196.27999877929688,195.22000122070312,182.1328125
20-08-2014,190.72000122070312,197.32000732421875,22700,197.32000732421875,194.5800018310547,181.5357360839844
21-08-2014,192.07000732421875,194.7100067138672,5600,194.7100067138672,192.4900054931641,179.5858612060547
22-08-2014,192.02999877929688,192.0500030517578,11000,197.1100006103516,195.47999572753903,182.37538146972656
25-08-2014,195.47999572753903,195.47999572753903,26500,202.4900054931641,200.5,187.05886840820312
26-08-2014,200.0,201.0200042724609,15300,203.02999877929688,200.0,186.5923767089844
27-08-2014,199.32000732421875,200.0,14800,200.6999969482422,200.0,186.5923767089844
28-08-2014,198.88999938964844,200.0,10700,200.0,199.5200042724609,186.14459228515625
29-08-2014,198.5,200.0,17400,200.55999755859372,200.55999755859372,187.1148223876953
02-09-2014,202.8699951171875,202.8699951171875,51600,214.0399932861328,212.0,197.78790283203125
03-09-2014,212.63999938964844,215.0,55800,229.07000732421875,228.0,212.71530151367188
04-09-2014,230.0,230.0,77600,242.0,232.5,216.9136199951172
05-09-2014,219.5500030517578,232.1100006103516,59700,232.1100006103516,222.42999267578125,207.51870727539065
08-09-2014,216.00999450683597,221.6699981689453,17600,222.16000366210935,220.25,205.4848480224609
09-09-2014,203.0,216.2899932861328,56400,217.0,206.1999969482422,192.37673950195312
10-09-2014,191.0,200.47000122070312,85300,201.41000366210935,198.4600067138672,185.1555938720703
11-09-2014,185.1000061035156,195.3500061035156,61400,195.3999938964844,186.47999572753903,173.97872924804688
12-09-2014,184.0,185.0,34100,192.75,190.9600067138672,178.15838623046875
15-09-2014,186.0,191.8999938964844,17000,191.8999938964844,188.7700042724609,176.11521911621094
16-09-2014,185.0,186.77999877929688,14700,187.9199981689453,186.82000732421875,174.29595947265625
17-09-2014,188.0,188.7100067138672,8900,190.25,188.0,175.39683532714844
18-09-2014,190.0500030517578,190.8300018310547,12200,193.47999572753903,190.0500030517578,177.3094024658203
19-09-2014,191.0,191.72999572753903,46200,201.72999572753903,201.72999572753903,188.2063751220703
22-09-2014,196.2100067138672,200.0,25600,206.1100006103516,198.88999938964844,185.5567626953125
23-09-2014,196.5399932861328,197.67999267578125,8900,199.0,197.3999938964844,184.1666717529297
24-09-2014,196.50999450683597,199.0,8700,199.0,197.2400054931641,184.01739501953125
25-09-2014,190.0,196.0,8600,196.5500030517578,193.4199981689453,180.45347595214844
26-09-2014,190.19000244140625,191.8000030517578,10200,200.07000732421875,195.8000030517578,182.67393493652344
29-09-2014,192.3500061035156,195.0,7400,197.6000061035156,193.5,180.5281219482422
30-09-2014,190.1499938964844,193.47999572753903,9900,196.1999969482422,192.44000244140625,179.53916931152344
01-10-2014,190.6999969482422,190.6999969482422,9600,193.6999969482422,191.1199951171875,178.30763244628906
02-10-2014,188.0,190.75,10900,191.07000732421875,188.9900054931641,176.32044982910156
03-10-2014,185.0,188.0,14700,188.0,186.67999267578125,174.1653289794922
06-10-2014,175.0,185.00999450683597,24400,185.88999938964844,175.0,163.26832580566406
07-10-2014,161.6300048828125,175.0,55300,175.17999267578125,164.77000427246094,153.72412109375
08-10-2014,141.8000030517578,162.0,87400,163.25999450683594,156.00999450683594,145.5513916015625
09-10-2014,155.0,156.00999450683594,35700,167.89999389648438,160.2899932861328,149.54446411132812
10-10-2014,154.0,158.8800048828125,19600,158.8800048828125,154.5500030517578,144.1892547607422
13-10-2014,135.0,157.5,34800,157.72999572753906,137.5,128.28225708007812
14-10-2014,130.47000122070312,137.99000549316406,44000,146.44000244140625,140.0,130.61465454101562
15-10-2014,134.0,137.1999969482422,30400,138.92999267578125,136.19000244140625,127.06009674072266
16-10-2014,130.61000061035156,132.0,27800,155.16000366210938,151.3300018310547,141.1851348876953
17-10-2014,155.00999450683594,156.3000030517578,32300,177.49000549316406,164.0,153.00576782226562
20-10-2014,166.6699981689453,169.99000549316406,21700,175.75,168.14999389648438,156.87754821777344
21-10-2014,169.41000366210938,177.0,25800,177.0,170.02999877929688,158.63148498535156
22-10-2014,165.11000061035156,172.64999389648438,21900,177.05999755859375,167.0,155.8046417236328
23-10-2014,163.3699951171875,167.22000122070312,17700,173.72000122070312,165.2899932861328,154.20925903320312
24-10-2014,161.30999755859375,167.0,14600,175.10000610351562,164.19000244140625,153.1830291748047
27-10-2014,159.77000427246094,163.02000427246094,10000,165.88999938964844,160.6300048828125,149.8616485595703
28-10-2014,157.9199981689453,159.85000610351562,15200,164.85000610351562,164.61000061035156,153.57484436035156
29-10-2014,160.10000610351562,165.13999938964844,11300,167.6199951171875,161.75,150.9065704345703
30-10-2014,161.0399932861328,163.3800048828125,6700,167.47999572753906,163.27000427246094,152.32467651367188
31-10-2014,159.36000061035156,164.07000732421875,13500,165.89999389648438,163.25,152.3060302734375
03-11-2014,156.02999877929688,164.88999938964844,13300,164.88999938964844,156.4499969482422,145.96188354492188
04-11-2014,149.0,154.50999450683594,24000,157.5,149.0,139.01132202148438
05-11-2014,144.9499969482422,149.99000549316406,20600,149.99000549316406,145.6199951171875,135.85789489746094
06-11-2014,142.88999938964844,143.6999969482422,16200,152.27999877929688,151.5,141.3437042236328
07-11-2014,155.0,155.3000030517578,8100,160.27000427246094,155.8000030517578,145.35545349121094
10-11-2014,155.0,158.77000427246094,8500,158.77000427246094,155.0,144.6090850830078
11-11-2014,153.4199981689453,155.8000030517578,14300,158.99000549316406,155.77999877929688,145.33680725097656
12-11-2014,153.75,154.7100067138672,8300,156.49000549316406,156.10000610351562,145.63536071777344
13-11-2014,154.0500030517578,158.80999755859375,8600,158.80999755859375,154.39999389648438,144.04930114746094
14-11-2014,150.10000610351562,151.6199951171875,7500,156.85000610351562,156.75999450683594,146.25108337402344
17-11-2014,150.52000427246094,152.92999267578125,8100,154.49000549316406,153.99000549316406,143.66680908203125
18-11-2014,151.0,151.05999755859375,5800,154.0,153.0,142.7431640625
19-11-2014,150.10000610351562,152.47000122070312,7100,152.99000549316406,151.25,141.11048889160156
20-11-2014,151.08999633789062,151.6999969482422,5500,157.72000122070312,157.72000122070312,147.14675903320312
21-11-2014,154.58999633789062,154.58999633789062,5700,160.13999938964844,159.61000061035156,148.9100341796875
24-11-2014,157.55999755859375,159.25999450683594,7200,160.5,160.08999633789062,149.35784912109375
25-11-2014,155.3800048828125,158.0800018310547,3200,159.99000549316406,155.52999877929688,145.1035614013672
26-11-2014,152.0,155.02999877929688,8500,156.0,154.99000549316406,144.59976196289062
28-11-2014,147.0,151.5,18200,151.5,147.6999969482422,137.79847717285156
01-12-2014,136.3300018310547,145.0,28800,145.10000610351562,136.35000610351562,127.2093505859375
02-12-2014,134.27999877929688,135.0,39800,141.74000549316406,138.97000122070312,129.65370178222656
03-12-2014,135.0500030517578,138.0,10300,142.89999389648438,141.75,132.24737548828125
04-12-2014,140.25,142.77000427246094,6800,146.0,144.5,134.81300354003906
05-12-2014,142.52999877929688,143.11000061035156,3900,144.8800048828125,144.8800048828125,135.1675262451172
08-12-2014,136.0,141.39999389648438,12900,141.39999389648438,138.00999450683594,128.75804138183594
09-12-2014,135.0500030517578,135.0500030517578,10500,141.07000732421875,136.5,127.34928894042967
10-12-2014,122.0199966430664,137.30999755859375,31400,137.30999755859375,125.5,117.08670806884766
11-12-2014,109.94000244140624,121.6999969482422,35100,126.5,109.94000244140624,102.56982421875
12-12-2014,103.56999969482422,107.13999938964844,57800,124.70999908447266,120.54000091552734,112.459228515625
15-12-2014,115.7699966430664,120.98999786376952,13100,121.0,119.0,111.02245330810548
16-12-2014,116.0500030517578,118.11000061035156,17700,123.48999786376952,116.88999938964844,109.05391693115234
17-12-2014,115.41999816894533,115.52999877929688,27200,119.66999816894533,115.41999816894533,107.68246459960938
18-12-2014,115.26000213623048,118.0199966430664,44100,120.22000122070312,117.91000366210938,110.00553131103516
19-12-2014,117.33000183105467,117.7699966430664,23300,124.16999816894533,121.5,113.3548812866211
22-12-2014,118.0,121.70999908447266,12600,124.66999816894533,124.66999816894533,116.31234741210938
23-12-2014,121.0,128.8300018310547,29000,136.44000244140625,122.25,114.05459594726562
24-12-2014,122.5199966430664,122.5199966430664,8200,128.5,127.0,118.48614501953124
26-12-2014,123.93000030517578,128.33999633789062,9500,130.33999633789062,125.94000244140624,117.49720764160156
29-12-2014,121.4499969482422,125.44000244140624,11200,128.5,122.5,114.28782653808594
30-12-2014,118.08999633789062,121.30999755859376,11800,123.5,119.5,111.48895263671876
31-12-2014,117.0,117.0999984741211,18300,119.80999755859376,118.0,110.08949279785156
02-01-2015,116.5,116.75,12000,119.45999908447266,118.0,110.08949279785156
05-01-2015,115.1500015258789,116.5500030517578,10400,119.0,116.79000091552734,108.96061706542967
06-01-2015,106.9800033569336,115.61000061035156,28900,116.0,110.79000091552734,103.3628387451172
07-01-2015,111.5999984741211,111.5999984741211,17300,116.80999755859376,115.0,107.29061889648438
08-01-2015,115.0,115.0,17100,122.69000244140624,122.3000030517578,114.10124206542967
09-01-2015,123.0500030517578,125.98999786376952,10800,127.0,123.25,114.98755645751952
12-01-2015,115.11000061035156,122.48999786376952,13800,122.48999786376952,115.1500015258789,107.4305648803711
13-01-2015,108.2699966430664,113.93000030517578,21100,115.9499969482422,111.6999969482422,104.21183776855467
14-01-2015,108.0199966430664,108.62000274658205,20300,110.0,108.0199966430664,100.77854919433594
15-01-2015,106.23999786376952,108.12000274658205,26700,109.25,107.23999786376952,100.0508270263672
16-01-2015,106.5,112.91999816894533,38400,112.91999816894533,109.0,101.69284057617188
20-01-2015,106.70999908447266,109.0,32000,111.79000091552734,109.77999877929688,102.4205551147461
21-01-2015,108.5500030517578,109.8000030517578,20600,112.33000183105467,109.5199966430664,102.177978515625
22-01-2015,110.0,111.5999984741211,24500,114.0,112.5999984741211,105.05150604248048
23-01-2015,110.20999908447266,114.27999877929688,13900,114.98999786376952,110.20999908447266,102.82172393798828
26-01-2015,110.5999984741211,110.5999984741211,22400,113.98999786376952,112.9000015258789,105.3313980102539
27-01-2015,111.01000213623048,112.0199966430664,19300,114.1999969482422,112.4800033569336,104.93955993652344
28-01-2015,111.0,113.4800033569336,19900,114.08999633789062,113.29000091552734,105.69525909423828
29-01-2015,110.26000213623048,110.91999816894533,10300,114.41000366210938,113.44000244140624,105.83518981933594
30-01-2015,112.5,113.0,11300,116.16999816894533,115.5500030517578,107.80374145507812
02-02-2015,116.11000061035156,116.9000015258789,22500,120.0,118.52999877929688,110.5839614868164
03-02-2015,117.8499984741211,117.8499984741211,17800,124.8000030517578,122.3000030517578,114.10124206542967
04-02-2015,121.80999755859376,124.1999969482422,20700,124.63999938964844,122.6500015258789,114.42777252197266
05-02-2015,124.73999786376952,126.44000244140624,16000,127.9000015258789,125.29000091552734,116.89080047607422
06-02-2015,126.0,126.0,11000,130.33999633789062,130.0,121.2850570678711
09-02-2015,132.0,132.99000549316406,8900,133.07000732421875,132.0,123.15097045898438
10-02-2015,128.5,131.75,10700,135.75,135.0800018310547,126.02449035644533
11-02-2015,133.22999572753906,133.22999572753906,11700,137.0,137.0,127.81578063964844
12-02-2015,136.99000549316406,137.0,11700,139.36000061035156,139.35000610351562,130.00823974609375
13-02-2015,135.0800018310547,142.17999267578125,13800,142.17999267578125,135.99000549316406,126.87347412109376
17-02-2015,128.39999389648438,131.33999633789062,23200,133.0,131.60000610351562,122.77779388427734
18-02-2015,124.12000274658205,127.55999755859376,22700,130.0,127.3000030517578,118.76603698730467
19-02-2015,123.70999908447266,125.83000183105467,10900,127.83999633789062,126.62999725341795,118.14096069335938
20-02-2015,125.0,126.29000091552734,9800,127.5500030517578,127.4000015258789,118.85934448242188
23-02-2015,123.0199966430664,125.4499969482422,9300,131.52999877929688,130.88999938964844,122.1153793334961
24-02-2015,128.11000061035156,133.99000549316406,5500,134.72999572753906,128.77000427246094,120.1374969482422
25-02-2015,128.77999877929688,129.64999389648438,9300,132.99000549316406,130.35000610351562,121.61157989501952
26-02-2015,128.8000030517578,129.5,8300,134.52000427246094,134.0,125.01686096191406
27-02-2015,133.5,134.0,4300,139.07000732421875,139.07000732421875,129.74700927734375
02-03-2015,136.0399932861328,136.33999633789062,9200,141.22000122070312,141.1999969482422,131.7342071533203
03-03-2015,138.0,144.6699981689453,14400,144.6699981689453,142.7100067138672,133.14297485351562
04-03-2015,138.2899932861328,140.94000244140625,8200,142.89999389648438,142.89999389648438,133.3202362060547
05-03-2015,142.6199951171875,145.5,5800,145.5,144.22000122070312,134.8253631591797
06-03-2015,140.4499969482422,141.49000549316406,14200,146.49000549316406,146.39999389648438,136.8633575439453
09-03-2015,142.0,143.0,8900,147.9600067138672,144.08999633789062,134.70384216308594
10-03-2015,143.0,143.25999450683594,6600,146.0,143.49000549316406,134.1429443359375
11-03-2015,143.00999450683594,147.0,4500,150.0,150.0,140.22885131835938
12-03-2015,147.4600067138672,151.49000549316406,6100,151.49000549316406,149.14999389648438,139.43423461914062
13-03-2015,147.5,148.9499969482422,13700,151.0399932861328,149.49000549316406,139.7520751953125
16-03-2015,142.3000030517578,147.14999389648438,14500,147.14999389648438,146.0,136.4894256591797
17-03-2015,142.3000030517578,142.35000610351562,10100,146.0,143.1699981689453,133.84376525878906
18-03-2015,137.1199951171875,142.5,17700,142.5,139.4600067138672,130.3754425048828
19-03-2015,136.41000366210938,141.44000244140625,6100,141.99000549316406,137.14999389648438,128.2158966064453
20-03-2015,136.1199951171875,136.4499969482422,10100,144.82000732421875,139.30999755859375,130.2352294921875
23-03-2015,136.41000366210938,140.0500030517578,8600,141.39999389648438,140.0500030517578,130.92701721191406
24-03-2015,140.0,140.0,3600,140.99000549316406,140.30999755859375,131.1700439453125
25-03-2015,137.92999267578125,141.0,14500,142.85000610351562,142.85000610351562,133.54461669921875
26-03-2015,141.08999633789062,141.08999633789062,6200,145.97000122070312,145.42999267578125,135.95652770996094
27-03-2015,142.3800048828125,146.0,9500,146.0,143.42999267578125,134.08680725097656
30-03-2015,141.0500030517578,143.25999450683594,4700,144.5,143.7899932861328,134.42337036132812
31-03-2015,141.0,143.7899932861328,6700,145.77999877929688,144.85000610351562,135.41433715820312
01-04-2015,144.0,144.5,6600,146.0,146.0,136.4894256591797
02-04-2015,144.0,144.1999969482422,3200,145.5,144.0,134.61968994140625
06-04-2015,144.1999969482422,145.8000030517578,7200,146.58999633789062,145.7899932861328,136.29307556152344
07-04-2015,144.3800048828125,144.3800048828125,7400,148.0,145.5,136.02197265625
08-04-2015,145.1999969482422,146.49000549316406,2900,147.8000030517578,147.27999877929688,137.68603515625
09-04-2015,147.5500030517578,147.5500030517578,8000,154.0,152.5,142.5659942626953
10-04-2015,146.24000549316406,151.14999389648438,10300,152.5,151.69000244140625,141.8087921142578
13-04-2015,149.50999450683594,152.30999755859375,9100,155.91000366210938,151.14999389648438,141.303955078125
14-04-2015,149.50999450683594,152.60000610351562,9100,154.25,152.69000244140625,142.74362182617188
15-04-2015,149.9600067138672,152.16000366210938,6200,155.5,155.35000610351562,145.23036193847656
16-04-2015,152.0399932861328,152.05999755859375,7100,156.0,155.0399932861328,144.94053649902344
17-04-2015,155.1999969482422,155.8000030517578,17400,157.75,157.24000549316406,146.9972686767578
20-04-2015,157.3000030517578,160.0,14100,160.75,158.00999450683594,147.71707153320312
21-04-2015,158.39999389648438,158.39999389648438,20000,161.11000061035156,159.4499969482422,149.06326293945312
22-04-2015,157.25999450683594,158.9499969482422,15200,159.02000427246094,157.99000549316406,147.6984100341797
23-04-2015,156.0,157.0,11300,157.85000610351562,156.9499969482422,146.72613525390625
24-04-2015,155.08999633789062,155.10000610351562,5100,159.99000549316406,158.02000427246094,147.7264404296875
27-04-2015,156.0,158.02000427246094,5300,160.0,156.9499969482422,146.72613525390625
28-04-2015,150.0,158.80999755859375,10800,158.80999755859375,150.77000427246094,140.94869995117188
29-04-2015,140.05999755859375,150.77000427246094,30800,153.85000610351562,143.49000549316406,134.1429443359375
30-04-2015,145.5800018310547,145.5800018310547,13000,151.0,150.75999450683594,140.93934631347656
01-05-2015,151.8300018310547,155.38999938964844,9900,155.38999938964844,155.36000061035156,145.2397003173828
04-05-2015,149.60000610351562,154.1999969482422,15300,154.99000549316406,153.61000061035156,143.6037139892578
05-05-2015,153.25,155.25,22300,160.0,158.41000366210938,148.09103393554688
06-05-2015,157.00999450683594,158.0,11100,160.0,157.00999450683594,146.78221130371094
07-05-2015,155.27999877929688,155.33999633789062,9400,159.0,159.0,148.64259338378906
08-05-2015,158.0,158.0,6100,159.2100067138672,159.2100067138672,148.8389129638672
11-05-2015,158.05999755859375,159.0399932861328,6000,160.5800018310547,159.97999572753906,149.55874633789062
12-05-2015,158.00999450683594,160.0,14400,164.47000122070312,161.0,150.51231384277344
13-05-2015,157.1999969482422,160.5,11700,162.75999450683594,160.47000122070312,150.01686096191406
14-05-2015,158.75,161.35000610351562,8300,163.72999572753906,161.92999267578125,151.3817138671875
15-05-2015,158.38999938964844,161.8000030517578,10500,163.94000244140625,160.72999572753906,150.2598876953125
18-05-2015,158.25,159.02999877929688,8500,162.5800018310547,159.25,148.87632751464844
19-05-2015,156.24000549316406,158.85000610351562,10200,160.0,156.3000030517578,146.11849975585938
20-05-2015,153.1999969482422,155.02000427246094,6900,157.5,155.0500030517578,144.9499053955078
21-05-2015,152.0,156.9499969482422,11700,156.9499969482422,153.4499969482422,143.45413208007812
22-05-2015,148.85000610351562,151.0,17500,152.5,152.0,142.0985870361328
26-05-2015,146.30999755859375,148.6999969482422,11300,148.7100067138672,147.49000549316406,137.8823699951172
27-05-2015,148.22000122070312,150.5,7200,151.44000244140625,150.05999755859375,140.2849578857422
28-05-2015,148.3000030517578,148.3000030517578,5800,153.97999572753906,153.00999450683594,143.04281616210938
29-05-2015,149.55999755859375,154.39999389648438,7000,154.97000122070312,150.4199981689453,140.6215057373047
01-06-2015,149.0399932861328,149.11000061035156,8400,153.5800018310547,149.0399932861328,139.33139038085938
02-06-2015,148.22000122070312,150.4199981689453,4300,151.25,149.25,139.52772521972656
03-06-2015,147.8300018310547,150.27999877929688,7400,150.27999877929688,149.0,139.29400634765625
04-06-2015,146.0,149.4199981689453,2800,150.4499969482422,149.5,139.7614288330078
05-06-2015,147.1699981689453,150.25,1700,151.1999969482422,148.27000427246094,138.611572265625
08-06-2015,147.4199981689453,149.14999389648438,8900,153.10000610351562,149.57000732421875,139.82687377929688
09-06-2015,150.0,151.0,12100,154.83999633789062,150.64999389648438,140.8365478515625
10-06-2015,148.5399932861328,148.5399932861328,26600,155.0,151.9499969482422,142.0518341064453
11-06-2015,150.05999755859375,150.9600067138672,3500,154.44000244140625,153.9600067138672,143.93089294433594
12-06-2015,150.72000122070312,151.0,8800,153.5,152.9499969482422,142.9866943359375
15-06-2015,150.0500030517578,150.5,3400,152.47000122070312,152.2899932861328,142.3697052001953
16-06-2015,150.99000549316406,151.7100067138672,3400,153.22999572753906,152.0800018310547,142.17333984375
17-06-2015,149.16000366210938,152.5500030517578,2200,153.49000549316406,152.0,142.0985870361328
18-06-2015,143.8699951171875,149.5500030517578,13300,151.6999969482422,150.0,140.22885131835938
19-06-2015,147.39999389648438,148.10000610351562,8000,150.0,150.0,140.22885131835938
22-06-2015,148.10000610351562,150.0,8500,150.52999877929688,150.49000549316406,140.6869354248047
23-06-2015,146.33999633789062,150.49000549316406,8900,151.8000030517578,150.99000549316406,141.1543731689453
24-06-2015,148.0,148.0500030517578,7000,151.5,148.0,138.3591766357422
25-06-2015,146.50999450683594,146.5500030517578,1400,148.75,146.50999450683594,136.9661865234375
26-06-2015,146.88999938964844,148.1300048828125,4900,150.89999389648438,150.0,140.22885131835938
29-06-2015,145.0500030517578,147.10000610351562,2700,150.8300018310547,146.30999755859375,136.7792205810547
30-06-2015,145.02999877929688,145.07000732421875,3500,150.89999389648438,150.47999572753906,140.67759704589844
01-07-2015,145.5,148.61000061035156,7000,148.61000061035156,147.24000549316406,137.64866638183594
02-07-2015,146.9199981689453,147.0,1400,147.5,146.92999267578125,137.35885620117188
06-07-2015,142.0,148.3000030517578,7900,148.3000030517578,145.10000610351562,135.64805603027344
07-07-2015,142.4199981689453,145.61000061035156,4500,145.61000061035156,143.72000122070312,134.35794067382812
08-07-2015,140.3000030517578,143.19000244140625,3500,143.19000244140625,140.3000030517578,131.16075134277344
09-07-2015,141.5500030517578,141.5500030517578,5500,147.5,141.99000549316406,132.7406463623047
10-07-2015,141.35000610351562,142.0,6700,146.52000427246094,143.49000549316406,134.1429443359375
13-07-2015,142.36000061035156,142.36000061035156,5700,146.4499969482422,145.64999389648438,136.1622314453125
14-07-2015,141.0500030517578,144.6300048828125,7200,147.75,146.8000030517578,137.23731994628906
15-07-2015,146.0,146.1199951171875,4500,147.25,146.0,136.4894256591797
16-07-2015,142.61000061035156,146.7899932861328,8100,147.0,146.5,136.95684814453125
17-07-2015,144.6199951171875,145.05999755859375,6200,146.94000244140625,144.7100067138672,135.2834930419922
20-07-2015,143.50999450683594,143.50999450683594,6600,146.10000610351562,145.4499969482422,135.97523498535156
21-07-2015,143.0,143.8800048828125,6500,145.5,143.11000061035156,133.78768920898438
22-07-2015,141.0,143.0,9800,147.0,142.5,133.21742248535156
23-07-2015,135.0,142.0,28300,143.0,136.5399932861328,127.64564514160156
24-07-2015,135.00999450683594,135.02000427246094,9100,138.0,136.25,127.3745574951172
27-07-2015,129.0,138.39999389648438,18300,140.1999969482422,131.1999969482422,122.65350341796876
28-07-2015,130.00999450683594,130.00999450683594,16600,134.5,131.47000122070312,122.90592956542967
29-07-2015,126.5,131.82000732421875,16300,132.75,129.5500030517578,121.11099243164062
30-07-2015,129.3000030517578,129.3000030517578,7200,133.05999755859375,131.4499969482422,122.88721466064452
31-07-2015,130.50999450683594,130.88999938964844,11500,133.9499969482422,130.75999450683594,122.2421646118164
03-08-2015,129.0,130.41000366210938,7400,131.60000610351562,129.0,120.59681701660156
04-08-2015,128.16000366210938,131.75,13100,131.75,128.44000244140625,120.07331085205078
05-08-2015,125.8000030517578,130.0,13900,131.5,129.0,120.59681701660156
06-08-2015,128.35000610351562,130.0,10600,130.0,129.74000549316406,121.28862762451172
07-08-2015,127.5,128.86000061035156,23400,130.69000244140625,130.69000244140625,122.1767349243164
10-08-2015,127.0199966430664,129.4499969482422,12400,131.3000030517578,130.2899932861328,121.8027801513672
11-08-2015,128.6199951171875,128.6199951171875,4300,130.08999633789062,130.08999633789062,121.61580657958984
12-08-2015,128.5,129.38999938964844,10500,131.91000366210938,128.91000366210938,120.51268768310548
13-08-2015,128.5,130.11000061035156,10100,130.27999877929688,129.3800048828125,120.95207977294922
14-08-2015,128.5,128.5,4800,132.0,130.0,121.5316925048828
17-08-2015,128.1999969482422,130.0,4800,130.0,128.1999969482422,119.8489227294922
18-08-2015,123.0,128.55999755859375,14200,128.9600067138672,123.6500015258789,115.5953369140625
19-08-2015,117.1500015258789,120.73999786376952,22400,123.0,119.75,111.94937133789062
20-08-2015,115.16000366210938,117.02999877929688,12300,118.7300033569336,117.25,109.61223602294922
21-08-2015,114.11000061035156,116.0,21400,117.52999877929688,117.52999877929688,109.87398529052734
24-08-2015,98.63999938964844,114.11000061035156,37500,114.11000061035156,113.16000366210938,105.78864288330078
25-08-2015,107.0,115.51000213623048,28800,119.20999908447266,110.58000183105467,103.37672424316406
26-08-2015,107.0,112.0,17300,112.0,108.69000244140624,101.60982513427734
27-08-2015,109.27999877929688,111.0,13300,115.0,114.25,106.8076400756836
28-08-2015,111.25,113.91999816894533,5600,120.0,117.44000244140624,109.78985595703124
31-08-2015,115.37999725341795,116.3499984741211,6200,119.47000122070312,118.7699966430664,111.03321838378906
01-09-2015,114.6500015258789,114.6500015258789,8600,119.79000091552734,118.8499984741211,111.1080093383789
02-09-2015,117.0500030517578,119.11000061035156,9000,122.5,121.0,113.11795806884766
03-09-2015,121.97000122070312,122.01000213623048,10700,129.11000061035156,124.70999908447266,116.58626556396484
04-09-2015,123.0,124.0,1900,124.9499969482422,124.0,115.92252349853516
08-09-2015,118.5999984741211,125.0,11800,131.99000549316406,131.32000732421875,122.76570129394533
09-09-2015,129.0,130.60000610351562,10400,134.89999389648438,132.63999938964844,123.9997100830078
10-09-2015,131.97999572753906,132.0,12800,143.8000030517578,139.5,130.412841796875
11-09-2015,136.1999969482422,139.17999267578125,13400,140.0,138.89999389648438,129.85191345214844
14-09-2015,138.0,141.02999877929688,12800,144.9600067138672,139.94000244140625,130.8241729736328
15-09-2015,138.10000610351562,139.0,16800,141.60000610351562,141.0,131.8151397705078
16-09-2015,139.5,140.0,30000,142.4499969482422,141.0,131.8151397705078
17-09-2015,140.4199981689453,140.4199981689453,9000,142.75,141.6699981689453,132.4414825439453
18-09-2015,139.74000549316406,139.92999267578125,8300,144.08999633789062,139.74000549316406,130.63720703125
21-09-2015,138.75999450683594,141.85000610351562,11000,145.0,145.0,135.5545654296875
22-09-2015,139.69000244140625,142.50999450683594,8000,146.83999633789062,143.11000061035156,133.78768920898438
23-09-2015,140.0,144.41000366210938,7400,144.55999755859375,141.25,132.04884338378906
24-09-2015,140.1999969482422,140.66000366210938,6800,143.8000030517578,142.49000549316406,133.20806884765625
25-09-2015,141.14999389648438,141.14999389648438,7400,146.97000122070312,142.75,133.4511260986328
28-09-2015,139.00999450683594,143.25,8100,144.0,142.32000732421875,133.04916381835938
29-09-2015,141.52999877929688,141.63999938964844,3500,142.89999389648438,142.89999389648438,133.5913543701172
30-09-2015,140.1999969482422,146.47999572753906,4000,146.47999572753906,140.25,131.11398315429688
01-10-2015,139.0,142.47000122070312,6300,146.88999938964844,141.55999755859375,132.33863830566406
02-10-2015,141.14999389648438,141.5800018310547,3300,143.99000549316406,142.5500030517578,133.26417541503906
05-10-2015,141.85000610351562,146.6999969482422,4100,146.99000549316406,141.85000610351562,132.60977172851562
06-10-2015,141.00999450683594,142.99000549316406,5000,146.63999938964844,145.19000244140625,135.73219299316406
07-10-2015,145.0,146.63999938964844,7300,146.63999938964844,146.49000549316406,136.94749450683594
08-10-2015,145.14999389648438,146.0,5300,149.88999938964844,148.5500030517578,138.87330627441406
09-10-2015,145.8000030517578,148.1300048828125,3500,148.9600067138672,146.0500030517578,136.5361785888672
12-10-2015,145.0,146.49000549316406,4000,146.49000549316406,145.5,136.02197265625
13-10-2015,140.3800048828125,146.33999633789062,8800,147.5,146.41000366210938,136.8727264404297
14-10-2015,141.64999389648438,145.0,2100,149.42999267578125,146.11000061035156,136.59225463867188
15-10-2015,145.77000427246094,145.77000427246094,2100,150.0,148.97999572753906,139.27529907226562
16-10-2015,146.0,148.49000549316406,5400,149.97999572753906,149.5500030517578,139.8081817626953
19-10-2015,145.5,145.5,2300,149.97999572753906,148.83999633789062,139.14439392089844
20-10-2015,147.39999389648438,149.85000610351562,9300,151.8800048828125,147.39999389648438,137.79823303222656
21-10-2015,145.0,149.25,7900,150.35000610351562,147.47999572753906,137.87301635742188
22-10-2015,144.02999877929688,144.02999877929688,7200,150.1999969482422,149.5800018310547,139.8362274169922
23-10-2015,145.1300048828125,148.4499969482422,2700,149.8000030517578,146.8000030517578,137.23731994628906
26-10-2015,146.00999450683594,146.89999389648438,5800,148.89999389648438,146.25,136.72312927246094
27-10-2015,142.55999755859375,146.58999633789062,15100,149.0,148.49000549316406,138.8172149658203
28-10-2015,146.39999389648438,146.39999389648438,2800,150.5,148.5,138.82656860351562
29-10-2015,147.4499969482422,147.4499969482422,2000,149.2100067138672,149.2100067138672,139.49034118652344
30-10-2015,148.0,148.0,6700,149.9499969482422,149.77999877929688,140.02320861816406
02-11-2015,146.13999938964844,147.99000549316406,10200,149.97999572753906,147.0399932861328,137.46168518066406
03-11-2015,147.0500030517578,148.41000366210938,13100,149.0,147.0500030517578,137.4710235595703
04-11-2015,146.0500030517578,147.02000427246094,13000,148.32000732421875,146.50999450683594,136.9661865234375
05-11-2015,146.00999450683594,146.50999450683594,3600,148.25,148.14999389648438,138.4993438720703
06-11-2015,147.0,148.0,3400,148.8000030517578,148.74000549316406,139.05093383789062
09-11-2015,146.0500030517578,148.5,5500,148.74000549316406,147.5500030517578,137.9384765625
10-11-2015,147.0,148.74000549316406,4800,148.74000549316406,147.0,137.42428588867188
11-11-2015,146.0,147.0,4600,148.0,146.0,136.4894256591797
12-11-2015,139.8300018310547,146.0,9200,146.60000610351562,141.6999969482422,132.46949768066406
13-11-2015,141.66000366210938,144.69000244140625,12400,149.22000122070312,147.1999969482422,137.6112518310547
16-11-2015,142.39999389648438,143.47000122070312,29000,149.0500030517578,145.33999633789062,135.87242126464844
17-11-2015,138.00999450683594,146.1699981689453,31700,147.88999938964844,141.07000732421875,131.88058471679688
18-11-2015,137.1300048828125,141.07000732421875,18400,145.22000122070312,140.75,131.5814208984375
19-11-2015,136.00999450683594,139.36000061035156,20700,140.5800018310547,136.00999450683594,127.15019989013672
20-11-2015,134.5,137.6999969482422,18400,139.60000610351562,135.5500030517578,126.72014617919922
23-11-2015,136.1999969482422,136.1999969482422,16800,141.25,140.35000610351562,131.20748901367188
24-11-2015,137.0500030517578,137.0500030517578,8000,146.3000030517578,144.25,134.85342407226562
25-11-2015,142.0,145.8000030517578,13000,147.75,146.07000732421875,136.55487060546875
27-11-2015,143.5,144.0,3900,147.0,144.6199951171875,135.1993408203125
30-11-2015,145.6199951171875,145.6199951171875,46700,153.60000610351562,150.1999969482422,140.4158477783203
01-12-2015,148.5,150.02999877929688,16000,152.3800048828125,152.3800048828125,142.4538116455078
02-12-2015,146.97000122070312,150.8000030517578,29400,153.4499969482422,151.35000610351562,141.4909210205078
03-12-2015,147.1999969482422,151.60000610351562,9500,152.99000549316406,151.10000610351562,141.2572021484375
04-12-2015,147.6999969482422,150.13999938964844,34900,152.75,150.75999450683594,140.93934631347656
07-12-2015,145.89999389648438,148.88999938964844,7600,149.0,147.0,137.42428588867188
08-12-2015,144.25999450683594,145.4499969482422,7700,146.80999755859375,145.8000030517578,136.3024444580078
09-12-2015,141.5,144.97999572753906,13800,146.99000549316406,145.6199951171875,136.13417053222656
10-12-2015,143.14999389648438,143.6699981689453,5700,145.4499969482422,145.1999969482422,135.74151611328125
11-12-2015,140.60000610351562,143.86000061035156,3100,143.86000061035156,142.74000549316406,133.44175720214844
14-12-2015,139.92999267578125,140.0,16800,141.5,139.99000549316406,130.8709259033203
15-12-2015,137.94000244140625,138.6999969482422,14500,141.58999633789062,139.6999969482422,130.59982299804688
16-12-2015,133.74000549316406,138.64999389648438,24400,140.89999389648438,134.08999633789062,125.35526275634766
17-12-2015,125.0,132.52000427246094,17700,133.35000610351562,132.74000549316406,124.09319305419922
18-12-2015,130.0,133.0,11000,134.0,130.82000732421875,122.29827880859376
21-12-2015,125.0,131.10000610351562,20400,132.6999969482422,126.16999816894533,117.951171875
22-12-2015,125.37000274658205,125.4800033569336,14700,132.52000427246094,132.52000427246094,123.88750457763672
23-12-2015,129.52999877929688,129.52999877929688,9900,138.3300018310547,135.47999572753906,126.65469360351562
24-12-2015,134.5500030517578,134.97999572753906,3000,138.36000061035156,136.7100067138672,127.8045883178711
28-12-2015,130.67999267578125,136.0800018310547,8300,137.75,131.24000549316406,122.69092559814452
29-12-2015,126.30999755859376,130.2100067138672,17100,133.11000061035156,126.58999633789062,118.34381103515624
30-12-2015,121.11000061035156,126.1999969482422,24900,127.5999984741211,122.58999633789062,114.6043701171875
31-12-2015,119.8000030517578,121.75,19500,130.9199981689453,130.9199981689453,122.39176177978516
04-01-2016,122.0,126.0,11000,126.26000213623048,124.76000213623048,116.63302612304688
05-01-2016,123.3499984741211,124.97000122070312,5400,126.0199966430664,126.0199966430664,117.81094360351562
06-01-2016,122.0500030517578,123.36000061035156,7100,125.4800033569336,124.16999816894533,116.08145904541016
07-01-2016,122.25,123.61000061035156,6400,127.7300033569336,127.66000366210938,119.3441162109375
08-01-2016,120.5500030517578,127.16000366210938,22700,128.2100067138672,122.51000213623048,114.52959442138672
11-01-2016,122.25,124.5999984741211,12700,124.5999984741211,122.25,114.2865219116211
12-01-2016,117.0999984741211,122.9800033569336,18800,123.0,118.30999755859376,110.60317993164062
13-01-2016,111.5,118.4800033569336,23500,119.0,113.47000122070312,106.07845306396484
14-01-2016,112.0,112.77999877929688,14800,118.98999786376952,116.37000274658205,108.78955078125
15-01-2016,112.41000366210938,113.80999755859376,13800,115.2699966430664,112.70999908447266,105.36798095703124
19-01-2016,108.1500015258789,112.20999908447266,13200,112.20999908447266,110.36000061035156,103.17103576660156
20-01-2016,104.05999755859376,107.22000122070312,43800,115.75,115.75,108.2099380493164
21-01-2016,114.91000366210938,114.91000366210938,22600,124.5500030517578,124.13999938964844,116.05340576171876
22-01-2016,124.70999908447266,126.66999816894533,11300,128.0,126.4499969482422,118.21292877197266
25-01-2016,121.12999725341795,124.27999877929688,9600,127.33000183105467,123.3499984741211,115.31487274169922
26-01-2016,121.30999755859376,124.0,5100,125.9499969482422,123.12999725341795,115.10919952392578
27-01-2016,118.86000061035156,123.98999786376952,7200,123.98999786376952,121.04000091552734,113.15534210205078
28-01-2016,121.0,123.43000030517578,8400,124.5,124.0,115.92252349853516
29-01-2016,118.45999908447266,124.08000183105467,17400,124.76000213623048,121.91000366210938,113.96868896484376
01-02-2016,120.01000213623048,120.01000213623048,2300,126.0,125.98999786376952,117.78288269042967
02-02-2016,122.27999877929688,122.27999877929688,13500,132.5,129.52000427246094,121.0829620361328
03-02-2016,125.5999984741211,130.8000030517578,6600,131.5,127.68000030517578,119.36280822753906
04-02-2016,125.58999633789062,129.74000549316406,7700,132.3300018310547,126.51000213623048,118.26902770996094
05-02-2016,120.0,126.8000030517578,50300,126.8000030517578,120.0500030517578,112.22984313964844
08-02-2016,119.9499969482422,120.0,10300,121.41000366210938,120.04000091552734,112.22047424316406
09-02-2016,115.5500030517578,119.12000274658205,9500,120.02999877929688,117.47000122070312,109.8178939819336
10-02-2016,117.3499984741211,117.3499984741211,8000,120.95999908447266,120.0199966430664,112.2017822265625
11-02-2016,114.5999984741211,114.5999984741211,7700,118.80999755859376,116.0999984741211,108.5371322631836
12-02-2016,117.0,118.3000030517578,13800,122.73999786376952,118.0,110.31336212158205
16-02-2016,120.0,120.5,4900,124.6500015258789,123.01000213623048,114.99700927734376
17-02-2016,121.58000183105467,121.58000183105467,2400,127.1999969482422,124.81999969482422,116.6891098022461
18-02-2016,120.26000213623048,124.0999984741211,10000,129.61000061035156,128.94000244140625,120.54071807861328
19-02-2016,124.63999938964844,126.0,10100,134.1999969482422,131.0399932861328,122.50393676757812
22-02-2016,125.2699966430664,131.60000610351562,11300,134.0,126.97000122070312,118.69906616210938
23-02-2016,126.5,127.97000122070312,8900,133.97000122070312,131.85000610351562,123.2611846923828
24-02-2016,130.1999969482422,130.9499969482422,8500,133.3000030517578,131.77999877929688,123.19573974609376
25-02-2016,128.4499969482422,132.2100067138672,13200,133.3000030517578,131.4199981689453,122.85918426513672
26-02-2016,130.0,131.0,7000,133.47000122070312,133.25,124.56996154785156
29-02-2016,131.17999267578125,132.97999572753906,12000,137.6999969482422,136.0,127.14083862304688
01-03-2016,133.32000732421875,133.32000732421875,8800,140.61000061035156,137.2100067138672,128.27203369140625
02-03-2016,137.60000610351562,138.0,16900,142.5,140.82000732421875,131.64686584472656
03-03-2016,141.10000610351562,141.1699981689453,7900,144.7100067138672,141.5,132.28257751464844
04-03-2016,138.1999969482422,138.1999969482422,47300,155.0,150.0,140.22885131835938
07-03-2016,144.92999267578125,150.0,8800,152.02000427246094,150.6999969482422,141.17501831054688
08-03-2016,141.42999267578125,144.69000244140625,6900,150.5800018310547,146.05999755859375,136.82827758789062
09-03-2016,144.97999572753906,145.00999450683594,9500,150.1199951171875,146.30999755859375,137.06248474121094
10-03-2016,142.52999877929688,146.6300048828125,9400,148.1300048828125,146.0,136.77207946777344
11-03-2016,144.6999969482422,146.5800018310547,9000,150.0,148.1999969482422,138.83302307128906
14-03-2016,145.0,147.67999267578125,2500,148.0800018310547,147.32000732421875,138.00865173339844
15-03-2016,145.11000061035156,145.11000061035156,2400,149.8699951171875,145.72999572753906,136.51914978027344
16-03-2016,146.52999877929688,147.13999938964844,8300,151.8000030517578,150.83999633789062,141.30618286132812
17-03-2016,150.0,151.5,6400,151.77000427246094,150.4499969482422,140.94082641601562
18-03-2016,146.25,151.9600067138672,9000,151.9600067138672,146.58999633789062,137.32479858398438
21-03-2016,147.00999450683594,147.00999450683594,11900,152.0,151.75,142.15866088867188
22-03-2016,145.10000610351562,150.5800018310547,9100,150.5800018310547,149.75,140.2850799560547
23-03-2016,148.5,149.47999572753906,6200,151.0,149.0,139.5824737548828
24-03-2016,145.75,146.7899932861328,7300,150.0,146.52000427246094,137.2592315673828
28-03-2016,146.52000427246094,146.52000427246094,2900,150.4600067138672,148.82000732421875,139.41384887695312
29-03-2016,146.02999877929688,149.52999877929688,4300,149.52999877929688,147.6300048828125,138.299072265625
30-03-2016,146.30999755859375,149.8000030517578,3900,149.8000030517578,149.52000427246094,140.06961059570312
31-03-2016,145.14999389648438,147.00999450683594,7900,149.9600067138672,145.50999450683594,136.3130340576172
01-04-2016,143.0,146.25,6900,148.75,145.3000030517578,136.1163330078125
04-04-2016,145.14999389648438,145.14999389648438,2500,150.0,149.25,139.81668090820312
05-04-2016,145.4499969482422,148.25,3000,150.0,146.3000030517578,137.0531463623047
06-04-2016,145.4499969482422,145.4499969482422,4200,149.5,146.52999877929688,137.26858520507812
07-04-2016,145.0800018310547,148.8000030517578,6700,148.99000549316406,148.3000030517578,138.92674255371094
08-04-2016,147.80999755859375,149.0,10300,149.89999389648438,149.75,140.2850799560547
11-04-2016,147.0,149.0,6600,149.89999389648438,148.63999938964844,139.2452392578125
12-04-2016,148.0,148.0,10500,153.0,150.25,140.7534637451172
13-04-2016,149.00999450683594,149.82000732421875,3300,151.0,150.49000549316406,140.97830200195312
14-04-2016,149.4600067138672,151.0,5500,151.0,150.0,140.51925659179688
15-04-2016,146.0,150.0,7300,150.1999969482422,150.1999969482422,140.70663452148438
18-04-2016,148.4199981689453,148.4199981689453,3900,150.5,148.9199981689453,139.5075225830078
19-04-2016,148.5,149.5,4400,150.5,149.25999450683594,139.82601928710938
20-04-2016,148.5,150.0,9600,152.0,150.0,140.51925659179688
21-04-2016,148.39999389648438,148.5,3400,150.0,148.39999389648438,139.0203857421875
22-04-2016,148.3000030517578,148.3000030517578,2600,149.5,148.60000610351562,139.20774841308594
25-04-2016,149.0,149.0,23500,155.0,153.0,143.3296661376953
26-04-2016,150.5800018310547,151.14999389648438,5100,153.0,153.0,143.3296661376953
27-04-2016,154.17999267578125,154.69000244140625,8400,160.99000549316406,156.41000366210938,146.52415466308594
28-04-2016,154.22000122070312,159.64999389648438,6700,160.0,154.5,144.73486328125
29-04-2016,149.77000427246094,153.10000610351562,7300,155.0,151.5,141.9244842529297
02-05-2016,151.83999633789062,152.0,7100,156.4600067138672,153.0,143.3296661376953
03-05-2016,150.91000366210938,150.91000366210938,4600,154.89999389648438,153.27000427246094,143.5825958251953
04-05-2016,151.25,154.88999938964844,22400,156.0,151.32000732421875,141.75587463378906
05-05-2016,149.5,152.3000030517578,6600,153.5,151.8000030517578,142.2055206298828
06-05-2016,150.1199951171875,152.0,4800,152.0,151.5,141.9244842529297
09-05-2016,149.5,150.4499969482422,19200,152.77000427246094,149.5,140.05087280273438
10-05-2016,148.49000549316406,150.60000610351562,13100,157.5,157.5,147.54525756835938
11-05-2016,156.99000549316406,157.27999877929688,14400,161.47000122070312,161.02999877929688,150.85211181640625
12-05-2016,160.9600067138672,161.02000427246094,6300,163.5,162.10000610351562,151.85450744628906
13-05-2016,159.83999633789062,161.0,8400,164.0,164.0,153.6343994140625
16-05-2016,160.36000061035156,164.97999572753906,10000,165.0,163.0500030517578,152.74444580078125
17-05-2016,159.5,163.72999572753906,10200,164.0,159.5,149.41883850097656
18-05-2016,158.7100067138672,163.2100067138672,10200,163.3800048828125,160.80999755859375,150.64602661132812
19-05-2016,157.16000366210938,161.0,8400,161.0,159.0,148.950439453125
20-05-2016,155.25,155.25,7600,161.85000610351562,160.0,149.88720703125
23-05-2016,159.66000366210938,159.66000366210938,9300,163.5399932861328,162.00999450683594,151.77017211914062
24-05-2016,162.64999389648438,164.66000366210938,11000,166.0800018310547,164.0,153.6343994140625
25-05-2016,160.5,163.27999877929688,9100,164.92999267578125,162.60000610351562,152.32289123535156
26-05-2016,161.5,163.1300048828125,9400,164.8000030517578,162.0,151.7608184814453
27-05-2016,159.00999450683594,161.05999755859375,12500,165.9199981689453,165.9199981689453,155.4330596923828
31-05-2016,164.1999969482422,164.60000610351562,8400,170.0,170.0,159.2551727294922
01-06-2016,169.0,169.0,17500,174.75,174.0,163.00234985351562
02-06-2016,166.0,174.0500030517578,11100,174.07000732421875,168.6999969482422,158.037353515625
03-06-2016,167.24000549316406,167.35000610351562,9300,171.55999755859375,171.55999755859375,160.71658325195312
06-06-2016,167.9499969482422,170.00999450683594,15900,171.99000549316406,171.66000366210938,160.81024169921875
07-06-2016,170.8800048828125,172.1999969482422,10100,172.75999450683594,170.8800048828125,160.07957458496094
08-06-2016,170.6699981689453,172.38999938964844,9500,172.67999267578125,171.05999755859375,160.24819946289062
09-06-2016,169.0,170.1300048828125,10500,172.80999755859375,169.5500030517578,158.83364868164062
10-06-2016,165.50999450683594,170.0,9500,170.0,166.32000732421875,155.80776977539062
13-06-2016,164.3300018310547,165.1300048828125,5000,170.0,166.1999969482422,155.6953582763672
14-06-2016,162.52999877929688,164.55999755859375,7600,167.0,167.0,156.44480895996094
15-06-2016,165.00999450683594,166.0,8600,170.91000366210938,169.0,158.318359375
16-06-2016,162.5800018310547,167.0500030517578,6200,168.92999267578125,168.92999267578125,158.25277709960938
17-06-2016,167.36000061035156,167.36000061035156,5500,169.92999267578125,169.92999267578125,159.1895751953125
20-06-2016,167.9600067138672,169.0500030517578,11100,170.99000549316406,170.5,159.7235565185547
21-06-2016,169.4499969482422,169.4499969482422,12500,173.42999267578125,171.58999633789062,160.74465942382812
22-06-2016,169.92999267578125,171.8300018310547,12000,173.35000610351562,172.44000244140625,161.54095458984375
23-06-2016,168.25999450683594,173.8800048828125,12400,173.8800048828125,168.25999450683594,157.62513732910156
24-06-2016,164.6999969482422,165.6999969482422,16600,169.69000244140625,164.99000549316406,154.56182861328125
27-06-2016,161.14999389648438,163.41000366210938,10800,164.89999389648438,163.27000427246094,152.9505615234375
28-06-2016,162.0,163.7100067138672,7300,164.02999877929688,164.0,153.6343994140625
29-06-2016,163.10000610351562,163.88999938964844,10300,168.35000610351562,168.0,157.38156127929688
30-06-2016,162.38999938964844,167.35000610351562,2900,169.1699981689453,168.64999389648438,157.990478515625
01-07-2016,166.72000122070312,166.72000122070312,6300,172.99000549316406,171.5,160.66033935546875
05-07-2016,168.41000366210938,169.69000244140625,2300,169.69000244140625,169.1999969482422,158.50575256347656
06-07-2016,165.0,168.3000030517578,5400,170.47999572753906,170.0,159.2551727294922
07-07-2016,169.05999755859375,170.0,7800,172.0,171.07000732421875,160.2575225830078
08-07-2016,168.97000122070312,170.32000732421875,6000,171.8800048828125,171.60000610351562,160.75404357910156
11-07-2016,167.61000061035156,171.57000732421875,8300,171.58999633789062,169.99000549316406,159.2458038330078
12-07-2016,167.8000030517578,167.8000030517578,13200,171.50999450683594,170.8000030517578,160.00462341308594
13-07-2016,167.6199951171875,170.0,8800,171.38999938964844,169.4499969482422,158.7399444580078
14-07-2016,167.75999450683594,169.10000610351562,7000,170.99000549316406,168.83999633789062,158.16847229003906
15-07-2016,166.39999389648438,168.0,3100,169.99000549316406,169.97999572753906,159.23641967773438
18-07-2016,168.35000610351562,168.4199981689453,3900,169.6199951171875,169.0,158.318359375
19-07-2016,165.02000427246094,169.0,3900,169.97999572753906,169.97999572753906,159.23641967773438
20-07-2016,165.5399932861328,169.1999969482422,7500,169.1999969482422,169.0,158.318359375
21-07-2016,166.99000549316406,168.1199951171875,4000,169.0,168.0,157.38156127929688
22-07-2016,165.9600067138672,166.83999633789062,4200,170.0,169.99000549316406,159.2458038330078
25-07-2016,167.0,168.77000427246094,6700,169.49000549316406,169.49000549316406,158.7774200439453
26-07-2016,165.5,167.86000061035156,9200,168.89999389648438,165.5,155.0395965576172
27-07-2016,162.0,166.49000549316406,11300,166.6999969482422,163.22000122070312,152.9037322998047
28-07-2016,160.3699951171875,162.25,5300,164.4499969482422,160.67999267578125,150.52423095703125
29-07-2016,157.25,161.2100067138672,13900,161.50999450683594,160.0,149.88720703125
01-08-2016,156.25,160.74000549316406,11100,162.02999877929688,156.60000610351562,146.70211791992188
02-08-2016,156.0,157.3300018310547,13500,163.94000244140625,162.2100067138672,151.95753479003906
03-08-2016,162.8000030517578,162.8000030517578,6500,169.0,168.0,157.38156127929688
04-08-2016,166.5,168.0,13200,174.0,172.72000122070312,161.8032684326172
05-08-2016,171.0,173.30999755859375,10800,175.0,174.99000549316406,163.9298095703125
08-08-2016,175.0,175.0,22500,180.75,178.05999755859375,166.8057403564453
09-08-2016,175.0,178.24000549316406,10200,180.0,176.89999389648438,165.7190704345703
10-08-2016,174.00999450683594,176.4199981689453,7600,176.5,175.5,164.40753173828125
11-08-2016,174.3000030517578,175.8000030517578,12100,178.0,174.3000030517578,163.2834014892578
12-08-2016,170.0,172.52000427246094,12500,175.5399932861328,175.5399932861328,164.44500732421875
15-08-2016,174.97000122070312,175.5399932861328,13400,178.0,176.75,165.57855224609375
16-08-2016,175.22999572753906,176.00999450683594,7000,178.0,175.74000549316406,164.6324005126953
17-08-2016,174.8300018310547,175.60000610351562,10800,178.0,177.47999572753906,166.2623748779297
18-08-2016,176.77000427246094,178.02999877929688,20600,180.0,179.89999389648438,168.52943420410156
19-08-2016,177.3000030517578,179.57000732421875,6900,179.57000732421875,178.5500030517578,167.26475524902344
22-08-2016,175.97000122070312,176.52999877929688,6400,179.5399932861328,179.35000610351562,168.01422119140625
23-08-2016,175.8300018310547,178.22000122070312,14400,179.55999755859375,176.1999969482422,165.06329345703125
24-08-2016,175.0399932861328,175.85000610351562,14900,176.8000030517578,176.25,165.11012268066406
25-08-2016,171.25,175.60000610351562,13500,176.89999389648438,172.72999572753906,161.8126220703125
26-08-2016,170.0,173.83999633789062,5400,174.3800048828125,173.60000610351562,162.62762451171875
29-08-2016,173.1699981689453,173.1699981689453,10900,177.99000549316406,175.1300048828125,164.0609130859375
30-08-2016,176.0399932861328,176.58999633789062,7200,178.8000030517578,177.5,166.28114318847656
31-08-2016,173.11000061035156,176.72000122070312,10300,179.25,176.6999969482422,165.5316619873047
01-09-2016,175.52000427246094,176.02000427246094,8400,177.05999755859375,176.5399932861328,165.3817901611328
02-09-2016,176.35000610351562,176.35000610351562,14700,177.99000549316406,176.8000030517578,165.62538146972656
06-09-2016,175.1999969482422,176.82000732421875,25200,179.30999755859375,178.0399932861328,166.78697204589844
07-09-2016,179.3000030517578,179.8000030517578,35200,186.42999267578125,185.05999755859372,173.36331176757812
08-09-2016,185.0,185.82000732421875,355400,231.6000061035156,220.7100067138672,206.7600555419922
09-09-2016,196.0500030517578,221.27999877929688,132900,223.0,197.0,184.54864501953125
12-09-2016,193.0800018310547,196.3800048828125,42600,203.88999938964844,199.0,186.4222412109375
13-09-2016,195.1000061035156,197.4600067138672,38800,202.0,199.1000061035156,186.51589965820312
14-09-2016,198.25999450683597,198.25999450683597,43300,215.3999938964844,207.8699951171875,194.73159790039065
15-09-2016,208.6499938964844,208.6499938964844,26100,218.0,216.00999450683597,202.3571014404297
16-09-2016,212.07000732421875,217.4900054931641,30000,222.0,219.9900054931641,206.0855712890625
19-09-2016,212.5500030517578,219.5200042724609,29700,221.67999267578125,215.94000244140625,202.2915496826172
20-09-2016,213.0399932861328,213.97000122070312,12700,221.00999450683597,219.00999450683597,205.16749572753903
21-09-2016,215.8500061035156,220.32000732421875,14900,221.5200042724609,219.47000122070312,205.59841918945312
22-09-2016,218.00999450683597,221.0,27300,221.9900054931641,219.5200042724609,205.6452789306641
23-09-2016,218.07000732421875,219.5399932861328,7700,221.4900054931641,218.07000732421875,204.28692626953125
26-09-2016,219.33999633789065,219.8999938964844,14000,226.8000030517578,223.2700042724609,209.1582489013672
27-09-2016,221.1699981689453,223.05999755859372,11400,228.3699951171875,227.0,212.6524810791016
28-09-2016,228.25,228.25,28700,234.3999938964844,233.00999450683597,218.2826385498047
29-09-2016,232.75999450683597,233.8999938964844,28700,235.8699951171875,234.33999633789065,219.528564453125
30-09-2016,234.1699981689453,235.92999267578125,23800,242.5200042724609,239.3300018310547,224.2031707763672
03-10-2016,235.02999877929688,239.2100067138672,36800,240.00999450683597,239.42999267578125,224.29684448242188
04-10-2016,238.3500061035156,242.72000122070312,25100,246.0,239.16000366210935,224.04391479492188
05-10-2016,240.0,243.5200042724609,24700,252.6000061035156,246.67999267578125,231.088623046875
06-10-2016,245.0,249.9900054931641,24800,251.75,251.7400054931641,235.82879638671875
07-10-2016,252.7899932861328,254.47999572753903,38500,260.75,257.0,240.75634765625
10-10-2016,256.7699890136719,260.0,25000,264.20001220703125,258.5599975585937,242.2177276611328
11-10-2016,256.5599975585937,256.5599975585937,12600,259.3999938964844,258.6499938964844,242.30203247070312
12-10-2016,258.17999267578125,258.17999267578125,38300,272.989990234375,269.1199951171875,252.11029052734372
13-10-2016,267.1300048828125,270.0599975585937,27500,271.54998779296875,271.54998779296875,254.38665771484372
14-10-2016,268.75,273.75,42900,278.0400085449219,274.79998779296875,257.4313049316406
17-10-2016,272.82000732421875,277.25,18100,279.510009765625,272.82000732421875,255.57647705078125
18-10-2016,273.3299865722656,274.2799987792969,22800,280.0,273.6700134277344,256.37274169921875
19-10-2016,272.6499938964844,272.6499938964844,19400,280.6400146484375,280.4800109863281,262.7523193359375
20-10-2016,276.8999938964844,281.44000244140625,20600,283.5,277.989990234375,260.4197082519531
21-10-2016,277.5,277.8500061035156,23200,285.0899963378906,284.989990234375,266.9772644042969
24-10-2016,288.0,289.19000244140625,44500,298.489990234375,297.010009765625,278.237548828125
25-10-2016,297.17999267578125,297.17999267578125,54900,305.25,304.5,285.2541198730469
26-10-2016,285.7699890136719,303.29998779296875,36900,303.5,288.0,269.7969665527344
27-10-2016,252.5,288.70001220703125,70000,291.3599853515625,259.989990234375,243.55735778808597
28-10-2016,250.92999267578125,252.1100006103516,26000,272.5599975585937,269.44000244140625,252.41004943847656
31-10-2016,265.2799987792969,267.989990234375,17700,271.67999267578125,265.2799987792969,248.5130157470703
01-11-2016,265.0,267.44000244140625,7100,270.5199890136719,266.2200012207031,249.3936004638672
02-11-2016,253.97000122070312,265.7799987792969,22700,266.0,263.69000244140625,247.02349853515625
03-11-2016,254.5399932861328,263.67999267578125,18800,263.67999267578125,254.5399932861328,238.4518280029297
04-11-2016,249.55999755859372,254.4199981689453,25700,254.4199981689453,251.02999877929688,235.16368103027344
07-11-2016,251.5,253.5,13000,254.5,253.5,237.47756958007807
08-11-2016,250.2700042724609,251.8500061035156,15300,253.72000122070312,252.42999267578125,236.47520446777344
09-11-2016,249.0,249.0,18400,265.6600036621094,265.6600036621094,248.8689727783203
10-11-2016,260.32000732421875,260.32000732421875,25900,285.5299987792969,281.0,263.23944091796875
11-11-2016,280.0199890136719,285.0,22400,285.75,284.2799987792969,266.3121337890625
14-11-2016,277.1400146484375,284.0,15700,287.69000244140625,281.3999938964844,263.6141357421875
15-11-2016,282.04998779296875,285.0,18300,286.489990234375,285.8099975585937,267.7454528808594
16-11-2016,279.1099853515625,284.95001220703125,10100,284.95001220703125,280.4700012207031,262.742919921875
17-11-2016,281.04998779296875,286.8800048828125,16100,297.6700134277344,288.010009765625,269.806396484375
18-11-2016,286.989990234375,289.010009765625,28600,294.3800048828125,290.5799865722656,272.2138977050781
21-11-2016,290.5,293.57000732421875,8700,298.1700134277344,293.989990234375,275.408447265625
22-11-2016,285.4700012207031,295.3699951171875,7600,295.3699951171875,287.989990234375,269.7876281738281
23-11-2016,286.3900146484375,286.7200012207031,5400,292.5899963378906,291.9800109863281,273.5254211425781
25-11-2016,290.1199951171875,290.1199951171875,3400,295.0,291.3999938964844,272.98211669921875
28-11-2016,287.3999938964844,292.25,12400,293.0,289.20001220703125,270.9211730957031
29-11-2016,286.75,287.29998779296875,9100,292.0,289.8900146484375,271.56756591796875
30-11-2016,291.92999267578125,292.79998779296875,41400,307.1199951171875,297.3099975585937,278.5185852050781
01-12-2016,290.0,302.8500061035156,14900,304.5,293.489990234375,274.94000244140625
02-12-2016,291.6700134277344,293.7900085449219,21700,301.989990234375,301.989990234375,282.9027099609375
05-12-2016,297.1600036621094,303.69000244140625,8700,307.0199890136719,297.1600036621094,278.3780517578125
06-12-2016,288.19000244140625,296.989990234375,14400,299.3900146484375,295.8399963378906,277.1414794921875
07-12-2016,293.510009765625,293.510009765625,5800,301.6700134277344,300.69000244140625,281.6849670410156
08-12-2016,294.5,297.4100036621094,15800,303.6000061035156,303.6000061035156,284.4110412597656
09-12-2016,295.010009765625,303.2900085449219,22400,307.0,304.3999938964844,285.1604919433594
12-12-2016,296.489990234375,307.7900085449219,13500,307.7900085449219,297.5899963378906,278.78082275390625
13-12-2016,297.1099853515625,297.1099853515625,6600,305.0,303.010009765625,283.8583068847656
14-12-2016,298.20001220703125,301.989990234375,7600,302.6000061035156,298.20001220703125,279.352294921875
15-12-2016,296.9800109863281,300.79998779296875,12800,302.1499938964844,298.9599914550781,280.06427001953125
16-12-2016,297.0199890136719,297.8299865722656,12500,301.0,299.1300048828125,280.2235107421875
19-12-2016,293.6700134277344,302.45001220703125,16300,304.5400085449219,297.9100036621094,279.08062744140625
20-12-2016,298.0,299.0,15000,301.6300048828125,300.19000244140625,281.2165222167969
21-12-2016,294.0,294.0,14000,300.0199890136719,300.0199890136719,281.05718994140625
22-12-2016,295.0,299.95001220703125,11800,301.0,300.5,281.5069274902344
23-12-2016,299.0,300.9700012207031,6400,300.9700012207031,299.0,280.10174560546875
27-12-2016,298.0,298.0,9300,301.0,300.25,281.2727355957031
28-12-2016,298.0,301.19000244140625,8800,301.19000244140625,298.010009765625,279.17431640625
29-12-2016,296.0299987792969,298.0,8000,298.0,297.57000732421875,278.7621459960937
30-12-2016,295.989990234375,297.4100036621094,12300,299.6199951171875,296.7699890136719,278.0126647949219
03-01-2017,294.79998779296875,297.82000732421875,15800,301.3399963378906,299.5899963378906,280.6544494628906
04-01-2017,298.3699951171875,300.0,32900,308.0799865722656,308.0799865722656,288.6077880859375
05-01-2017,313.0,317.8999938964844,51400,328.0,323.67999267578125,303.2218322753906
06-01-2017,319.0,323.5599975585937,20200,325.0,320.010009765625,299.7838439941406
09-01-2017,319.5,321.989990234375,8400,321.989990234375,321.5899963378906,301.26397705078125
10-01-2017,321.5899963378906,321.5899963378906,12700,324.5799865722656,323.0,302.5848083496094
11-01-2017,315.1000061035156,323.4700012207031,10800,323.9100036621094,317.5,297.4324645996094
12-01-2017,310.6400146484375,319.6199951171875,51100,329.9700012207031,319.3599853515625,299.1748962402344
13-01-2017,305.82000732421875,319.1400146484375,41400,330.1300048828125,327.489990234375,306.7910461425781
17-01-2017,327.79998779296875,330.0,36900,336.8299865722656,332.6000061035156,311.5780334472656
18-01-2017,325.8900146484375,329.5899963378906,19300,335.8800048828125,331.0,310.0791931152344
19-01-2017,327.6099853515625,331.3999938964844,9700,334.8099975585937,329.45001220703125,308.6271667480469
20-01-2017,324.2200012207031,330.1400146484375,15500,331.0,326.989990234375,306.3226623535156
23-01-2017,318.2099914550781,321.79998779296875,10900,326.0,318.9200134277344,298.7626953125
24-01-2017,319.5599975585937,323.79998779296875,5300,324.0899963378906,321.8999938964844,301.5543212890625
25-01-2017,318.9200134277344,319.6300048828125,13800,329.0,324.1700134277344,303.6808776855469
26-01-2017,317.82000732421875,325.92999267578125,10100,334.010009765625,326.5,305.8636169433594
27-01-2017,318.0,326.2200012207031,9400,326.2200012207031,321.989990234375,301.6385803222656
30-01-2017,311.4200134277344,317.19000244140625,11700,321.19000244140625,319.1499938964844,298.9781799316406
31-01-2017,301.0,312.20001220703125,6200,321.5,317.5199890136719,297.451171875
01-02-2017,316.1000061035156,322.54998779296875,5800,322.54998779296875,319.8999938964844,299.6807861328125
02-02-2017,315.0,320.1199951171875,6900,320.1199951171875,316.45001220703125,296.44879150390625
03-02-2017,315.0,319.0,7800,319.3399963378906,317.75,297.66668701171875
06-02-2017,316.0199890136719,318.0,5200,320.04998779296875,317.010009765625,296.97344970703125
07-02-2017,316.1600036621094,317.0,4300,319.2799987792969,317.489990234375,297.42303466796875
08-02-2017,311.2099914550781,317.0,15800,317.6000061035156,313.7099914550781,293.8819885253906
09-02-2017,314.0,314.0,11000,318.489990234375,317.0,296.9640808105469
10-02-2017,316.5,319.3599853515625,8500,319.6099853515625,318.739990234375,298.5940856933594
13-02-2017,317.19000244140625,319.0,4400,321.0,318.2099914550781,298.0975341796875
14-02-2017,310.0,316.0,12500,316.8500061035156,310.0,290.406494140625
15-02-2017,306.3699951171875,310.8399963378906,12200,313.6400146484375,307.1000061035156,287.68975830078125
16-02-2017,299.04998779296875,303.7699890136719,17900,305.6400146484375,300.8299865722656,281.8160400390625
17-02-2017,295.0,298.010009765625,19400,304.3699951171875,302.92999267578125,283.7833557128906
21-02-2017,292.1099853515625,304.8299865722656,22900,304.8299865722656,295.1099853515625,276.45758056640625
22-02-2017,292.0199890136719,292.239990234375,14400,300.5599975585937,300.04998779296875,281.0853576660156
23-02-2017,296.0,300.04998779296875,6700,303.70001220703125,298.2200012207031,279.3710632324219
24-02-2017,295.0,296.2799987792969,11600,298.0,298.0,279.1649475097656
27-02-2017,297.75,298.0,9300,303.0,300.8099975585937,281.7973327636719
28-02-2017,296.6499938964844,301.989990234375,9300,301.989990234375,298.510009765625,279.6427307128906
01-03-2017,297.79998779296875,297.79998779296875,18800,301.0,298.19000244140625,279.34295654296875
02-03-2017,295.6499938964844,295.6499938964844,10600,300.5,297.5,278.6965026855469
03-03-2017,290.510009765625,295.9800109863281,19200,299.0,295.0299987792969,276.3826599121094
06-03-2017,294.010009765625,295.6000061035156,11400,300.0,300.0,281.0385131835937
07-03-2017,297.7699890136719,300.989990234375,10600,303.6000061035156,297.7699890136719,279.8824462890625
08-03-2017,272.5,297.1400146484375,49600,297.1400146484375,273.25,256.8353576660156
09-03-2017,265.8999938964844,275.0,39000,279.32000732421875,275.5,258.9501953125
10-03-2017,264.0,275.6099853515625,18800,275.6099853515625,272.6000061035156,256.2244567871094
13-03-2017,272.5,272.5400085449219,24000,286.42999267578125,279.8099975585937,263.00128173828125
14-03-2017,259.0,277.5,39700,279.2900085449219,266.5899963378906,250.575439453125
15-03-2017,261.4800109863281,266.5799865722656,26200,281.5199890136719,275.44000244140625,258.893798828125
16-03-2017,269.9700012207031,277.5199890136719,10000,277.5199890136719,272.04998779296875,255.7074279785156
17-03-2017,271.0199890136719,273.0299987792969,15900,284.95001220703125,282.2099914550781,265.2571716308594
20-03-2017,280.0,283.5,22300,288.1300048828125,282.07000732421875,265.1255187988281
21-03-2017,270.5,281.8500061035156,25300,284.0,273.5,257.0703430175781
22-03-2017,267.20001220703125,270.9599914550781,13700,277.3999938964844,274.1000061035156,257.63433837890625
23-03-2017,267.07000732421875,273.239990234375,12900,284.8599853515625,276.8900146484375,260.2567443847656
24-03-2017,276.8900146484375,278.3299865722656,13800,283.6499938964844,280.0,263.1799011230469
27-03-2017,273.4100036621094,277.45001220703125,23900,282.8099975585937,282.2900085449219,265.33233642578125
28-03-2017,276.989990234375,280.6000061035156,10300,282.1499938964844,279.3299865722656,262.5501708984375
29-03-2017,277.0599975585937,277.5599975585937,28900,282.9800109863281,279.0,262.2399597167969
30-03-2017,278.4800109863281,278.4800109863281,26600,286.3999938964844,278.5,261.7700500488281
31-03-2017,277.5,277.9599914550781,13800,283.010009765625,279.75,262.9449768066406
03-04-2017,275.6499938964844,280.0,9200,283.0,282.0599975585937,265.1161804199219
04-04-2017,281.0799865722656,284.3399963378906,12000,285.45001220703125,283.8999938964844,266.8456115722656
05-04-2017,280.8699951171875,284.0799865722656,18400,287.5,282.3999938964844,265.43572998046875
06-04-2017,279.0,282.8699951171875,23200,282.95001220703125,281.4599914550781,264.5522155761719
07-04-2017,280.1400146484375,281.4800109863281,9800,283.1099853515625,280.8399963378906,263.9694519042969
10-04-2017,280.0,282.8299865722656,19400,284.0,280.92999267578125,264.0540466308594
11-04-2017,279.75,281.0,15600,288.1300048828125,287.0199890136719,269.7781677246094
12-04-2017,287.8399963378906,287.8399963378906,27000,301.95001220703125,290.4800109863281,273.0303649902344
13-04-2017,276.2799987792969,290.5,21700,292.5,279.9599914550781,263.14227294921875
17-04-2017,278.0,280.29998779296875,13500,283.1400146484375,282.04998779296875,265.10675048828125
18-04-2017,280.8800048828125,282.0,29200,286.6099853515625,285.3699951171875,268.2273864746094
19-04-2017,280.1600036621094,286.0400085449219,19300,286.0400085449219,282.79998779296875,265.81170654296875
20-04-2017,279.9599914550781,283.1099853515625,17800,285.0,282.82000732421875,265.8305358886719
21-04-2017,280.82000732421875,280.82000732421875,14700,289.8999938964844,287.5,270.2294006347656
24-04-2017,286.95001220703125,288.739990234375,18800,293.17999267578125,291.7099914550781,274.1864318847656
25-04-2017,288.1400146484375,294.3399963378906,13700,294.7300109863281,292.79998779296875,275.2110290527344
26-04-2017,289.0400085449219,292.1700134277344,8700,292.1700134277344,290.3099975585937,272.8705444335937
27-04-2017,288.5799865722656,288.7799987792969,10000,293.0,290.0,272.5791931152344
28-04-2017,294.0,294.0,60900,313.54998779296875,307.1099853515625,288.66131591796875
01-05-2017,301.4700012207031,306.8399963378906,17100,315.0,310.07000732421875,291.4435729980469
02-05-2017,303.92999267578125,311.1099853515625,10500,312.4599914550781,308.20001220703125,289.68585205078125
03-05-2017,290.4700012207031,307.8699951171875,24000,307.8699951171875,301.0599975585937,282.9748229980469
04-05-2017,297.0,299.989990234375,18800,301.4100036621094,299.8999938964844,281.88446044921875
05-05-2017,299.0,299.8599853515625,6000,301.8699951171875,299.9200134277344,281.9032592773437
08-05-2017,299.0899963378906,301.04998779296875,9700,304.3699951171875,299.1000061035156,281.132568359375
09-05-2017,294.8999938964844,299.3699951171875,8300,301.20001220703125,298.94000244140625,280.9821472167969
10-05-2017,297.1300048828125,297.1300048828125,9400,302.6300048828125,300.2799987792969,282.2416381835937
11-05-2017,298.0,301.4800109863281,7400,301.4800109863281,298.0,280.0986022949219
12-05-2017,295.5799865722656,299.489990234375,3400,299.489990234375,295.5799865722656,277.8240051269531
15-05-2017,298.0199890136719,298.0199890136719,10400,300.0,298.8599853515625,280.906982421875
16-05-2017,296.0,300.0,11600,300.0,298.0,280.0986022949219
17-05-2017,282.0,297.5,25300,299.45001220703125,283.989990234375,266.9302062988281
18-05-2017,280.3999938964844,283.9800109863281,23100,286.3299865722656,284.44000244140625,267.35321044921875
19-05-2017,285.0,285.7699890136719,24300,291.3099975585937,287.3999938964844,270.1353454589844
22-05-2017,284.25,289.04998779296875,13900,291.4100036621094,288.1300048828125,270.821533203125
23-05-2017,288.2699890136719,288.79998779296875,9200,291.0,290.6000061035156,273.14312744140625
24-05-2017,286.25,292.1199951171875,13500,292.1199951171875,291.54998779296875,274.0360717773437
25-05-2017,284.6600036621094,291.3500061035156,10800,291.5299987792969,288.4599914550781,271.13165283203125
26-05-2017,287.4700012207031,288.6000061035156,12000,291.5899963378906,289.3800048828125,271.9964294433594
30-05-2017,282.8699951171875,288.79998779296875,11000,290.1400146484375,285.25,268.1145324707031
31-05-2017,282.1000061035156,285.0,23100,287.8599853515625,283.3500061035156,266.32861328125
01-06-2017,279.3299865722656,283.4700012207031,20800,284.0400085449219,279.42999267578125,262.64410400390625
02-06-2017,279.6600036621094,279.6600036621094,28700,286.8800048828125,286.8800048828125,269.6465759277344
05-06-2017,284.1000061035156,286.3399963378906,15800,287.0,284.510009765625,267.41900634765625
06-06-2017,284.82000732421875,286.29998779296875,10500,288.5,287.989990234375,270.6899108886719
07-06-2017,285.44000244140625,289.3800048828125,14200,293.79998779296875,285.44000244140625,268.2931213378906
08-06-2017,282.20001220703125,285.42999267578125,16500,286.6400146484375,282.2900085449219,265.33233642578125
09-06-2017,284.0599975585937,284.0599975585937,10600,289.95001220703125,286.17999267578125,268.9886474609375
12-06-2017,283.20001220703125,286.7799987792969,24600,289.0599975585937,288.489990234375,271.1598815917969
13-06-2017,286.7900085449219,289.4800109863281,13300,293.010009765625,292.95001220703125,275.3519592285156
14-06-2017,291.239990234375,291.239990234375,24200,298.2699890136719,293.760009765625,276.1133117675781
15-06-2017,289.70001220703125,289.70001220703125,14100,296.7200012207031,294.4700012207031,276.7806396484375
16-06-2017,294.07000732421875,294.9700012207031,23300,307.0,305.17999267578125,286.8472900390625
19-06-2017,300.239990234375,305.1199951171875,16400,305.7699890136719,305.260009765625,286.9224548339844
20-06-2017,297.489990234375,303.1499938964844,20100,303.1499938964844,297.489990234375,279.6192321777344
21-06-2017,286.0899963378906,297.45001220703125,22600,298.9800109863281,289.0,271.6392517089844
22-06-2017,282.82000732421875,290.0,40400,290.0,289.3900146484375,272.005859375
23-06-2017,287.5,289.19000244140625,26500,299.9700012207031,294.2300109863281,276.5550842285156
26-06-2017,286.7300109863281,296.07000732421875,23900,296.07000732421875,287.8599853515625,270.5677490234375
27-06-2017,284.4800109863281,287.9200134277344,27700,291.9800109863281,285.6400146484375,268.4810791015625
28-06-2017,285.0199890136719,287.1000061035156,21300,295.260009765625,290.5299987792969,273.0773620605469
29-06-2017,287.0,291.2300109863281,25900,297.82000732421875,290.1400146484375,272.71075439453125
30-06-2017,291.0199890136719,291.4700012207031,23200,297.0,293.7799987792969,276.13214111328125
03-07-2017,292.3299865722656,292.3299865722656,4800,299.0,295.6099853515625,277.8521728515625
05-07-2017,291.7699890136719,295.489990234375,7100,298.0,291.7699890136719,274.24285888671875
06-07-2017,286.7900085449219,292.75,15800,296.5,289.7900085449219,272.3817749023437
07-07-2017,289.2300109863281,289.7699890136719,15200,294.0599975585937,291.2099914550781,273.71649169921875
10-07-2017,289.989990234375,289.989990234375,7100,297.0,296.4700012207031,278.6605224609375
11-07-2017,295.6700134277344,296.4800109863281,41800,307.0799865722656,301.7099914550781,283.5857238769531
12-07-2017,300.3900146484375,301.7099914550781,32700,308.75,301.6000061035156,283.4823608398437
13-07-2017,301.0,303.8500061035156,17600,306.4700012207031,306.4700012207031,288.0597839355469
14-07-2017,302.04998779296875,306.0,7200,307.04998779296875,304.75,286.443115234375
17-07-2017,301.07000732421875,304.2900085449219,24300,306.3999938964844,304.8399963378906,286.5277404785156
18-07-2017,304.0,305.79998779296875,40900,311.25,308.1700134277344,289.6576538085937
19-07-2017,308.1700134277344,308.1700134277344,49900,319.0,317.2099914550781,298.15460205078125
20-07-2017,318.4100036621094,319.3800048828125,18500,323.1400146484375,320.1499938964844,300.9179992675781
21-07-2017,318.1099853515625,320.0,27900,323.0,318.1099853515625,299.0005798339844
24-07-2017,315.20001220703125,317.54998779296875,23400,325.0,323.0,303.5968017578125
25-07-2017,324.5,325.0,59300,338.0599975585937,330.760009765625,310.8906555175781
26-07-2017,332.1199951171875,332.1199951171875,35800,340.739990234375,336.0,315.8158569335937
27-07-2017,333.69000244140625,338.7900085449219,13400,341.0,334.2699890136719,314.1897888183594
28-07-2017,330.1600036621094,334.0,22600,338.8399963378906,333.2699890136719,313.2498779296875
31-07-2017,331.3699951171875,334.1499938964844,9300,337.5,332.010009765625,312.0655517578125
01-08-2017,331.67999267578125,331.67999267578125,45800,357.489990234375,348.0,327.09503173828125
02-08-2017,346.8299865722656,346.8299865722656,94800,377.75,366.2699890136719,344.2674865722656
03-08-2017,366.0,369.0,41900,374.0499877929688,371.05999755859375,348.7697448730469
04-08-2017,366.010009765625,370.0,29200,370.0,366.010009765625,344.0230712890625
07-08-2017,358.0,365.0,26900,367.0199890136719,359.6600036621094,338.0545654296875
08-08-2017,356.1199951171875,358.8399963378906,31500,362.05999755859375,356.95001220703125,335.50738525390625
09-08-2017,351.9599914550781,356.44000244140625,23900,358.0899963378906,355.5,334.1445007324219
10-08-2017,354.1000061035156,355.9599914550781,21600,362.9200134277344,357.2200012207031,335.7611083984375
11-08-2017,354.3500061035156,357.0,40000,361.0,359.92999267578125,338.308349609375
14-08-2017,360.8999938964844,360.8999938964844,45500,374.989990234375,371.3399963378906,349.0329284667969
15-08-2017,369.5,374.0,43500,385.0,383.1700134277344,360.1522827148437
16-08-2017,376.1000061035156,383.260009765625,38100,387.5,381.5,358.5826110839844
17-08-2017,364.3900146484375,379.0,22400,380.0,365.2000122070313,343.2618103027344
18-08-2017,356.94000244140625,365.1900024414063,17800,369.489990234375,368.2999877929688,346.175537109375
21-08-2017,368.2999877929688,368.2999877929688,28300,379.5499877929688,373.1099853515625,350.69659423828125
22-08-2017,367.9800109863281,371.3200073242188,12900,374.6000061035156,369.9500122070313,347.7264709472656
23-08-2017,362.2000122070313,367.0,22700,379.7799987792969,373.7099914550781,351.2606201171875
24-08-2017,371.2099914550781,376.6900024414063,19600,382.8999938964844,371.489990234375,349.1739501953125
25-08-2017,371.8500061035156,371.8500061035156,15000,381.9800109863281,381.2900085449219,358.3852233886719
28-08-2017,372.0,381.2900085449219,15300,385.989990234375,382.4100036621094,359.4379577636719
29-08-2017,372.25,379.6400146484375,21800,389.0199890136719,385.1199951171875,361.9851379394531
30-08-2017,382.6099853515625,388.8900146484375,34100,404.7699890136719,399.989990234375,375.9618835449219
31-08-2017,401.2099914550781,401.2099914550781,34200,411.8999938964844,404.0,379.7309265136719
01-09-2017,392.5199890136719,401.9700012207031,17300,405.0,394.0700073242188,370.3975524902344
05-09-2017,385.0,394.0,13000,397.0,385.0499877929688,361.9193420410156
06-09-2017,386.489990234375,386.489990234375,21700,396.760009765625,392.0,368.4518432617188
07-09-2017,392.0499877929688,392.0499877929688,18000,400.0,395.5299987792969,371.7698059082031
08-09-2017,388.5199890136719,392.510009765625,12400,398.4299926757813,388.5199890136719,365.180908203125
11-09-2017,388.1000061035156,394.9500122070313,23100,399.3999938964844,389.4400024414063,366.045654296875
12-09-2017,373.5,387.30999755859375,44300,392.0,377.7999877929688,355.1048278808594
13-09-2017,374.1600036621094,374.1600036621094,15800,385.6099853515625,380.7000122070313,357.8307189941406
14-09-2017,378.7000122070313,378.7000122070313,13400,396.5299987792969,389.5,366.10198974609375
15-09-2017,379.1199951171875,387.1499938964844,11200,394.3800048828125,389.9500122070313,366.5250549316406
18-09-2017,389.1000061035156,391.1900024414063,20100,398.0,390.260009765625,366.8163757324219
19-09-2017,391.0,392.0,16200,399.1900024414063,391.30999755859375,367.8033142089844
20-09-2017,392.1000061035156,393.8200073242188,10200,401.3200073242188,401.3200073242188,377.2120056152344
21-09-2017,401.9700012207031,402.6300048828125,13600,413.0,404.0,379.7309265136719
22-09-2017,399.7099914550781,402.2000122070313,5600,406.25,399.7099914550781,375.6986999511719
25-09-2017,396.8800048828125,399.0299987792969,8700,406.0,399.260009765625,375.2757263183594
26-09-2017,394.989990234375,400.0499877929688,9800,402.489990234375,398.05999755859375,374.1478271484375
27-09-2017,398.2200012207031,399.0,17000,410.0,408.0,383.49072265625
28-09-2017,402.1400146484375,409.989990234375,14600,414.7900085449219,409.3599853515625,384.7690124511719
29-09-2017,403.489990234375,407.0,6300,410.0,404.1000061035156,379.8250122070313
02-10-2017,401.2699890136719,404.6799926757813,11600,410.3500061035156,410.2200012207031,385.5773620605469
03-10-2017,403.75,411.9200134277344,14100,414.0,404.9299926757813,380.6051330566406
04-10-2017,408.6199951171875,409.75,7300,410.0,408.7799987792969,384.2238464355469
05-10-2017,407.6900024414063,407.75,11300,411.0,410.55999755859375,385.8968811035156
06-10-2017,405.2000122070313,408.1499938964844,16600,412.2999877929688,405.2000122070313,380.8589477539063
09-10-2017,403.3299865722656,405.2000122070313,10800,408.3900146484375,407.1000061035156,382.6447448730469
10-10-2017,408.2999877929688,409.75,16800,413.489990234375,413.010009765625,388.1997375488281
11-10-2017,408.3999938964844,413.3900146484375,21800,419.7000122070313,411.0,386.3105163574219
12-10-2017,412.7000122070313,412.7000122070313,26400,429.25,423.0400085449219,397.6272583007813
13-10-2017,424.2900085449219,424.7000122070313,19900,434.989990234375,425.5199890136719,399.9582214355469
16-10-2017,425.0,427.8999938964844,18500,434.260009765625,425.0199890136719,399.48834228515625
17-10-2017,411.2699890136719,425.0,13200,426.7999877929688,411.2699890136719,386.5642700195313
18-10-2017,410.30999755859375,411.260009765625,8600,415.9800109863281,414.0,389.1302795410156
19-10-2017,406.0,410.0,10500,412.4400024414063,408.010009765625,383.5001220703125
20-10-2017,405.0299987792969,409.3200073242188,6000,410.9800109863281,410.239990234375,385.5960998535156
23-10-2017,395.2999877929688,411.1499938964844,28800,411.5,399.4599914550781,375.4637145996094
24-10-2017,388.6499938964844,401.0,30000,402.3200073242188,394.8800048828125,371.1588745117188
25-10-2017,390.010009765625,395.6199951171875,17400,396.0,393.80999755859375,370.1531372070313
26-10-2017,386.8699951171875,393.80999755859375,17500,397.1000061035156,390.0299987792969,366.6002197265625
27-10-2017,377.9599914550781,390.0299987792969,29500,396.9500122070313,396.2999877929688,372.4935607910156
30-10-2017,390.239990234375,395.5199890136719,10200,399.989990234375,395.6799926757813,371.9107971191406
31-10-2017,397.8999938964844,409.0,34200,430.75,407.2200012207031,382.757568359375
01-11-2017,408.010009765625,408.6900024414063,14100,414.9800109863281,408.6799926757813,384.1298522949219
02-11-2017,406.3500061035156,406.9200134277344,18700,414.2200012207031,406.3500061035156,381.9398193359375
03-11-2017,405.0,406.1799926757813,8900,414.9700012207031,413.3699951171875,388.5381164550781
06-11-2017,412.6000061035156,412.6000061035156,14500,421.75,417.4400024414063,392.3636474609375
07-11-2017,406.2099914550781,415.0,21000,420.0,411.9599914550781,387.2127990722656
08-11-2017,407.0400085449219,407.4100036621094,20700,418.1000061035156,415.6300048828125,390.6623840332031
09-11-2017,411.0199890136719,416.9800109863281,6900,416.9800109863281,411.0199890136719,386.3292846679688
10-11-2017,408.9700012207031,413.3399963378906,5200,414.5,412.7099914550781,387.9177856445313
13-11-2017,410.1600036621094,412.5,6900,415.8999938964844,410.30999755859375,385.6619873046875
14-11-2017,406.510009765625,412.1499938964844,7200,412.9800109863281,406.80999755859375,382.3721923828125
15-11-2017,402.510009765625,406.0199890136719,14500,409.2799987792969,409.2799987792969,384.69384765625
16-11-2017,403.1000061035156,412.4400024414063,13500,416.489990234375,404.9400024414063,380.614501953125
17-11-2017,407.0,413.7999877929688,10600,413.7999877929688,409.0899963378906,384.5151977539063
20-11-2017,400.1099853515625,411.8200073242188,10200,411.8200073242188,407.739990234375,383.2463073730469
21-11-2017,404.7999877929688,409.4299926757813,11700,410.2300109863281,409.9700012207031,385.3423461914063
22-11-2017,407.30999755859375,408.9800109863281,5300,409.9800109863281,409.9700012207031,385.3423461914063
24-11-2017,405.010009765625,409.9700012207031,4600,413.4800109863281,410.2999877929688,385.6524963378906
27-11-2017,406.1400146484375,410.8999938964844,5300,410.8999938964844,409.5,384.9006042480469
28-11-2017,403.0199890136719,407.1199951171875,9800,409.989990234375,406.989990234375,382.5413513183594
29-11-2017,398.7099914550781,409.239990234375,8100,409.239990234375,403.8900146484375,379.6276550292969
30-11-2017,401.75,403.7300109863281,9600,408.0,407.760009765625,383.2651672363281
01-12-2017,403.6700134277344,404.5899963378906,7000,407.5,405.010009765625,380.6803894042969
04-12-2017,406.1099853515625,407.5799865722656,8700,410.5,406.1099853515625,381.7142639160156
05-12-2017,400.05999755859375,406.1499938964844,10100,410.0,402.6799926757813,378.4903259277344
06-12-2017,398.510009765625,402.0,8800,403.1199951171875,399.1499938964844,375.1723327636719
07-12-2017,395.5700073242188,398.4299926757813,13900,402.8299865722656,399.3999938964844,375.4073486328125
08-12-2017,398.0,400.9800109863281,8100,402.0,398.4800109863281,374.5426025390625
11-12-2017,396.5,401.5,4700,403.25,400.0,375.9712219238281
12-12-2017,398.7300109863281,398.7300109863281,7400,404.489990234375,400.0,375.9712219238281
13-12-2017,398.260009765625,398.760009765625,10500,404.0,398.5299987792969,374.589599609375
14-12-2017,395.5199890136719,402.80999755859375,6100,402.80999755859375,399.4500122070313,375.454345703125
15-12-2017,391.7900085449219,396.739990234375,18300,400.6600036621094,397.010009765625,373.1609191894531
18-12-2017,398.0,398.0,15300,408.2999877929688,400.25,376.2062683105469
19-12-2017,403.0,403.0,16100,414.0,409.4800109863281,384.8818054199219
20-12-2017,409.4100036621094,409.4100036621094,11300,415.739990234375,413.1199951171875,388.30316162109375
21-12-2017,415.4200134277344,415.4200134277344,20200,421.0,418.3500061035156,393.2189636230469
22-12-2017,416.7200012207031,416.7200012207031,10800,433.7000122070313,433.0,406.9889221191406
26-12-2017,427.75,431.7000122070313,17600,445.0,443.1799926757813,416.5574035644531
27-12-2017,444.9700012207031,445.0,21100,458.0,450.05999755859375,423.0240478515625
28-12-2017,440.010009765625,448.30999755859375,7500,452.9299926757813,440.5299987792969,414.0665893554688
29-12-2017,442.2699890136719,444.7099914550781,5700,446.7099914550781,446.6300048828125,419.8001403808594
02-01-2018,446.010009765625,446.010009765625,38500,476.010009765625,460.5899963378906,432.9215393066406
03-01-2018,449.010009765625,460.0299987792969,27000,477.5,453.0700073242188,425.853271484375
04-01-2018,447.2900085449219,455.8699951171875,14400,465.0199890136719,453.6400146484375,426.3890380859375
05-01-2018,450.2999877929688,454.8800048828125,12000,464.1499938964844,451.1199951171875,424.0204162597656
08-01-2018,454.0,454.75,32100,485.5,481.25,452.3404541015625
09-01-2018,481.0199890136719,481.0199890136719,30900,502.3800048828125,501.5899963378906,471.4586181640625
10-01-2018,491.9299926757813,502.9800109863281,40800,510.5700073242188,502.1400146484375,471.9756164550781
11-01-2018,505.0,506.0,45000,544.9299926757812,541.7899780273438,509.24365234375
12-01-2018,516.0399780273438,540.0,43100,540.0,528.0499877929688,496.3291015625
16-01-2018,518.0999755859375,532.280029296875,26900,546.4500122070312,518.0999755859375,486.9767761230469
17-01-2018,514.0,522.780029296875,15800,537.0700073242188,534.989990234375,502.8521728515625
18-01-2018,530.6599731445312,530.6599731445312,19500,552.9600219726562,551.9000244140625,518.7463989257812
19-01-2018,554.3400268554688,554.3400268554688,30000,566.219970703125,559.9400024414062,526.3034057617188
22-01-2018,555.6199951171875,555.6199951171875,21200,569.989990234375,559.0999755859375,525.5138549804688
23-01-2018,539.0499877929688,558.530029296875,15900,567.219970703125,541.030029296875,508.52935791015625
24-01-2018,510.0,541.0,26300,541.0,527.75,496.0470581054688
25-01-2018,528.030029296875,544.0,13800,545.2000122070312,535.0,502.8615417480469
26-01-2018,522.97998046875,527.9000244140625,8600,542.1199951171875,530.760009765625,498.8763732910156
29-01-2018,525.739990234375,539.0499877929688,26900,550.77001953125,550.77001953125,517.684326171875
30-01-2018,529.0499877929688,544.47998046875,17700,548.7999877929688,539.5599975585938,507.1476440429688
31-01-2018,535.0999755859375,545.010009765625,21000,559.5,537.0499877929688,504.7884826660156
01-02-2018,511.05999755859375,534.989990234375,21600,538.2100219726562,529.1199951171875,497.3348693847656
02-02-2018,511.0,529.1300048828125,12800,534.989990234375,520.1699829101562,488.9224853515625
05-02-2018,490.0,511.0899963378906,24200,518.7000122070312,500.8999938964844,470.8099670410156
06-02-2018,492.4100036621094,492.4100036621094,17300,507.489990234375,501.1300048828125,471.0262451171875
07-02-2018,515.77001953125,529.75,20400,529.75,522.1900024414062,490.8211059570313
08-02-2018,493.0799865722656,523.6099853515625,14700,525.0,498.1700134277344,468.2440185546875
09-02-2018,480.0,505.1099853515625,20400,506.5499877929688,493.3599853515625,463.7229919433594
12-02-2018,485.5799865722656,496.6000061035156,20500,500.0199890136719,485.5799865722656,456.4103088378906
13-02-2018,485.7099914550781,485.7099914550781,8200,499.5,490.0199890136719,460.5835876464844
14-02-2018,485.1000061035156,490.7099914550781,12800,503.0,497.1000061035156,467.23834228515625
15-02-2018,489.7999877929688,504.010009765625,13300,504.010009765625,500.1499938964844,470.1050720214844
16-02-2018,497.6199951171875,497.9200134277344,8300,513.6900024414062,505.739990234375,475.3592834472656
20-02-2018,502.25,509.0,21400,533.6900024414062,507.7300109863281,477.2297973632813
21-02-2018,506.0299987792969,507.7200012207031,11000,527.8699951171875,506.0299987792969,475.6318359375
22-02-2018,507.6600036621094,507.6600036621094,14200,523.8900146484375,512.0,481.2432556152344
23-02-2018,515.0599975585938,515.0599975585938,13200,536.0,525.5999755859375,494.0262756347656
26-02-2018,527.6599731445312,530.0399780273438,17500,544.6599731445312,532.0,500.0417785644531
27-02-2018,517.02001953125,530.6199951171875,5800,539.780029296875,538.6599731445312,506.30169677734375
28-02-2018,538.989990234375,541.0,13200,552.0,539.0800170898438,506.6965637207031
01-03-2018,515.010009765625,546.5,17000,547.3699951171875,517.0,485.94287109375
02-03-2018,515.0,516.030029296875,6100,528.0599975585938,520.0599975585938,488.8190612792969
05-03-2018,519.8400268554688,526.7899780273438,14500,543.4500122070312,524.6300048828125,493.1145629882813
06-03-2018,523.0,527.780029296875,9400,541.2000122070312,527.8800048828125,496.1693115234375
07-03-2018,523.4199829101562,530.9600219726562,9400,532.5800170898438,527.27001953125,495.5960083007813
08-03-2018,515.1900024414062,525.0,8700,531.9600219726562,523.8699951171875,495.21783447265625
09-03-2018,521.5,523.8599853515625,7600,535.969970703125,522.6400146484375,494.05511474609375
12-03-2018,517.0499877929688,531.739990234375,11300,531.739990234375,527.489990234375,498.639892578125
13-03-2018,512.1099853515625,525.5599975585938,10500,525.6300048828125,515.030029296875,486.861328125
14-03-2018,510.2000122070313,519.0,9100,526.5599975585938,516.6199951171875,488.3643493652344
15-03-2018,516.4000244140625,524.9500122070312,6900,529.0,524.4099731445312,495.7283020019531
16-03-2018,520.0,523.0,14800,528.5,527.4500122070312,498.6020202636719
19-03-2018,511.2799987792969,521.7100219726562,7600,534.5,515.0,486.8329162597656
20-03-2018,515.4500122070312,518.010009765625,22300,522.5,518.8800048828125,490.5007629394531
21-03-2018,511.8500061035156,518.7999877929688,11700,522.97998046875,518.0900268554688,489.75396728515625
22-03-2018,508.9500122070313,515.3900146484375,15300,522.0,512.0,483.99700927734375
23-03-2018,501.1000061035156,511.2000122070313,12700,517.0,501.1900024414063,473.77825927734375
26-03-2018,497.55999755859375,506.1000061035156,17900,509.5299987792969,503.739990234375,476.1887817382813
27-03-2018,494.0499877929688,504.8800048828125,18100,505.0,495.0700073242188,467.9930114746094
28-03-2018,480.5,496.2699890136719,22800,498.80999755859375,498.80999755859375,471.5284423828125
29-03-2018,491.2999877929688,501.0,24800,520.0,505.4200134277344,477.7769470214844
02-04-2018,496.1499938964844,508.1000061035156,8800,515.7999877929688,508.5,480.6884765625
03-04-2018,503.6700134277344,506.010009765625,9100,514.0,512.1199951171875,484.1104431152344
04-04-2018,504.1900024414063,504.1900024414063,5400,516.989990234375,516.989990234375,488.7141418457031
05-04-2018,511.260009765625,516.9000244140625,20100,540.0,521.77001953125,493.232666015625
06-04-2018,510.0,515.0,8400,522.0,511.0,483.05169677734375
09-04-2018,513.5,527.8699951171875,17100,527.8699951171875,521.3400268554688,492.82623291015625
10-04-2018,520.0,524.9000244140625,15700,526.1599731445312,520.969970703125,492.4764404296875
11-04-2018,515.97998046875,516.8499755859375,17200,531.1500244140625,525.010009765625,496.2954711914063
12-04-2018,522.5999755859375,527.1500244140625,19000,536.5800170898438,534.7999877929688,505.550048828125
13-04-2018,533.0599975585938,535.0,25300,557.5,540.0,510.4656066894531
16-04-2018,537.0,545.9500122070312,14800,551.7999877929688,542.0,512.3563232421875
17-04-2018,533.0,544.3300170898438,14200,548.510009765625,535.010009765625,505.74853515625
18-04-2018,533.0499877929688,536.9500122070312,12800,547.3599853515625,544.7100219726562,514.9180297851562
19-04-2018,540.3800048828125,544.5800170898438,10200,551.7999877929688,546.1900024414062,516.317138671875
20-04-2018,540.0,548.6500244140625,11000,552.0,549.0,518.973388671875
23-04-2018,545.280029296875,554.5,24600,563.5,545.5,515.6648559570312
24-04-2018,527.25,545.8699951171875,21100,552.0,535.4400024414062,506.1549987792969
25-04-2018,535.22998046875,535.4400024414062,13900,548.010009765625,541.9099731445312,512.2711791992188
26-04-2018,538.3499755859375,538.3499755859375,11000,556.8800048828125,542.0,512.3563232421875
27-04-2018,535.0,541.6300048828125,11600,544.510009765625,542.6400146484375,512.9612426757812
30-04-2018,541.4099731445312,543.9199829101562,12500,551.0,544.8800048828125,515.0787353515625
01-05-2018,569.4299926757812,569.4299926757812,62700,593.3800048828125,590.780029296875,558.46826171875
02-05-2018,591.0700073242188,591.0700073242188,28200,623.0,620.239990234375,586.3170166015625
03-05-2018,622.9000244140625,622.9000244140625,26900,639.8800048828125,627.6599731445312,593.3312377929688
04-05-2018,621.1199951171875,633.5999755859375,17900,636.72998046875,628.1300048828125,593.7754516601562
07-05-2018,633.0,635.6300048828125,37300,677.1500244140625,650.8099975585938,615.215087890625
08-05-2018,631.010009765625,652.0499877929688,29900,663.7000122070312,643.8800048828125,608.6640625
09-05-2018,640.780029296875,640.780029296875,17300,657.5399780273438,646.9000244140625,611.5189208984375
10-05-2018,645.0,645.0,15400,667.8099975585938,656.4299926757812,620.5276489257812
11-05-2018,640.52001953125,658.0800170898438,18200,664.2999877929688,645.7999877929688,610.4790649414062
14-05-2018,616.4400024414062,645.510009765625,44100,645.510009765625,619.9199829101562,586.0145263671875
15-05-2018,606.0599975585938,621.0,29400,624.6699829101562,621.52001953125,587.527099609375
16-05-2018,626.4500122070312,629.0999755859375,20600,654.6699829101562,651.6599731445312,616.0186157226562
17-05-2018,652.5599975585938,652.5599975585938,41700,691.25,690.0900268554688,652.3466796875
18-05-2018,682.010009765625,698.0,29900,704.0,683.280029296875,645.9091796875
21-05-2018,691.6799926757812,691.6799926757812,21900,707.0,702.0499877929688,663.652587890625
22-05-2018,686.780029296875,702.0999755859375,9300,704.0,686.780029296875,649.2177734375
23-05-2018,683.0,687.0,12000,692.9000244140625,691.9500122070312,654.1050415039062
24-05-2018,683.8900146484375,685.7100219726562,16800,700.0,695.9000244140625,657.8389892578125
25-05-2018,666.969970703125,688.4500122070312,21200,691.25,684.2000122070312,646.7789306640625
29-05-2018,672.0,683.0,8600,687.9600219726562,679.0,641.8632202148438
30-05-2018,679.0900268554688,680.0999755859375,14000,694.010009765625,692.9199829101562,655.0218505859375
31-05-2018,691.0,692.0,21200,707.989990234375,706.7000122070312,668.0482788085938
01-06-2018,705.010009765625,710.0,15600,716.780029296875,716.0399780273438,676.87744140625
04-06-2018,704.47998046875,717.4000244140625,30700,739.8900146484375,704.760009765625,666.2142333984375
05-06-2018,685.2999877929688,706.3200073242188,25100,712.47998046875,691.3099975585938,653.4999389648438
06-06-2018,670.6599731445312,692.6099853515625,31200,692.6099853515625,684.7899780273438,647.3366088867188
07-06-2018,682.7000122070312,689.02001953125,30300,709.5,700.8599853515625,662.5276489257812
08-06-2018,699.280029296875,699.8499755859375,16000,712.0,708.989990234375,670.2129516601562
11-06-2018,698.9400024414062,709.1500244140625,13000,709.1500244140625,700.6699829101562,662.3479614257812
12-06-2018,697.0,699.9400024414062,7500,702.3400268554688,701.0,662.6599731445312
13-06-2018,689.5,700.0,14000,701.010009765625,699.9600219726562,661.6769409179688
14-06-2018,691.7000122070312,700.0,5300,700.1500244140625,693.5499877929688,655.6174926757812
15-06-2018,675.2000122070312,685.0,23800,690.0,678.1599731445312,641.0692138671875
18-06-2018,677.8499755859375,679.25,14800,692.77001953125,689.8099975585938,652.0819702148438
19-06-2018,680.8400268554688,680.8400268554688,23100,709.8699951171875,705.8400268554688,667.2353515625
20-06-2018,699.7899780273438,702.530029296875,8200,708.0,705.1300048828125,666.5640869140625
21-06-2018,688.2100219726562,701.1300048828125,10900,701.3900146484375,701.3900146484375,663.0286254882812
22-06-2018,695.5999755859375,698.0,15100,711.0,705.1500244140625,666.5830688476562
25-06-2018,694.7999877929688,706.0499877929688,6500,706.4000244140625,699.27001953125,661.024658203125
26-06-2018,701.5,709.47998046875,20400,716.0,711.0,672.1130981445312
27-06-2018,701.780029296875,710.0,12500,710.0,701.780029296875,663.3973999023438
28-06-2018,690.0,706.7999877929688,20100,707.989990234375,697.4500122070312,659.3041381835938
29-06-2018,695.3499755859375,697.4500122070312,8200,703.9000244140625,695.3499755859375,657.3189697265625
02-07-2018,692.0599975585938,695.3400268554688,9800,708.1199951171875,694.9500122070312,656.9409790039062
03-07-2018,692.1199951171875,694.9500122070312,13200,698.0,694.489990234375,656.5060424804688
05-07-2018,696.0,696.0,12900,719.6599731445312,714.9000244140625,675.7998657226562
06-07-2018,712.0,714.0,26500,730.530029296875,719.9500122070312,680.5735473632812
09-07-2018,716.8599853515625,720.0,19100,733.4500122070312,733.4500122070312,693.335205078125
10-07-2018,734.5700073242188,738.0,28200,752.489990234375,751.5,710.39794921875
11-07-2018,748.1699829101562,750.0,32100,784.77001953125,784.0,741.1204223632812
12-07-2018,782.0700073242188,793.6400146484375,28400,816.280029296875,794.5,751.0462036132812
13-07-2018,785.010009765625,797.97998046875,8500,798.0,791.9000244140625,748.58837890625
16-07-2018,780.72998046875,790.5,8000,790.5,789.3300170898438,746.1589965820312
17-07-2018,770.3200073242188,786.0,7100,788.5999755859375,779.8599853515625,737.2068481445312
18-07-2018,762.5499877929688,777.989990234375,11600,777.989990234375,771.4000244140625,729.2096557617188
19-07-2018,760.4600219726562,770.9500122070312,6700,774.7000122070312,765.5,723.6322021484375
20-07-2018,760.1300048828125,768.25,9200,774.9400024414062,774.9400024414062,732.5559692382812
23-07-2018,765.0999755859375,777.6400146484375,10400,788.0,772.8099975585938,730.5425415039062
24-07-2018,773.9199829101562,780.4000244140625,8300,781.5,778.5,735.9212646484375
25-07-2018,769.989990234375,777.0,7700,777.5,773.9000244140625,731.5729370117188
26-07-2018,750.0,772.4000244140625,9900,776.22998046875,750.0,708.9801635742188
27-07-2018,731.0,750.0,11600,761.3400268554688,740.0,699.5269775390625
30-07-2018,720.0,743.0,13000,743.010009765625,733.7000122070312,693.5715942382812
31-07-2018,725.0,738.010009765625,14300,754.3200073242188,740.0800170898438,699.6025390625
01-08-2018,765.0,765.0,28600,800.0,791.0,747.737548828125
02-08-2018,789.0,789.0,22200,809.0,803.3900146484375,759.4500122070312
03-08-2018,788.5,802.760009765625,15000,805.0,798.8200073242188,755.1298828125
06-08-2018,796.5499877929688,799.1699829101562,14100,813.5999755859375,804.0999755859375,760.12109375
07-08-2018,805.5,813.5,21700,816.0,811.3400268554688,766.9652099609375
08-08-2018,802.5700073242188,806.1500244140625,4600,808.8499755859375,805.9600219726562,761.87939453125
09-08-2018,803.0,814.6900024414062,14500,825.9000244140625,807.9600219726562,763.77001953125
10-08-2018,794.97998046875,810.9299926757812,10000,814.7000122070312,805.0,760.971923828125
13-08-2018,789.7999877929688,805.0,13300,823.0599975585938,799.2000122070312,755.4891357421875
14-08-2018,780.2999877929688,797.02001953125,13100,799.0,780.2999877929688,737.6227416992188
15-08-2018,760.0,775.72998046875,9900,791.0700073242188,782.0999755859375,739.3243408203125
16-08-2018,784.5,790.6099853515625,9000,798.02001953125,789.0,745.8470458984375
17-08-2018,782.1699829101562,790.0,8500,793.6599731445312,793.6599731445312,750.2520751953125
20-08-2018,795.02001953125,800.0,10700,805.0,805.0,760.971923828125
21-08-2018,796.719970703125,806.5599975585938,10000,809.5,800.0,756.245361328125
22-08-2018,800.0,800.7999877929688,3900,804.72998046875,801.0,757.190673828125
23-08-2018,797.0,804.0,15900,819.0,815.3599853515625,770.7652587890625
24-08-2018,819.0,819.0,15600,848.4400024414062,847.0,800.6746826171875
27-08-2018,852.4199829101562,852.4199829101562,18700,874.0,856.5800170898438,809.7308349609375
28-08-2018,822.5,858.0,10500,860.3599853515625,824.0700073242188,778.9989013671875
29-08-2018,815.0,830.489990234375,21500,838.0,815.0,770.4249877929688
30-08-2018,817.6400146484375,821.4500122070312,10200,835.489990234375,828.8900146484375,783.55517578125
31-08-2018,823.1900024414062,834.5800170898438,13300,839.1199951171875,834.6099853515625,788.9624633789062
04-09-2018,833.3499755859375,840.0,17800,857.9299926757812,856.9000244140625,810.0333862304688
05-09-2018,841.52001953125,856.8200073242188,6700,856.8200073242188,849.260009765625,802.8111572265625
06-09-2018,837.1199951171875,858.3499755859375,11300,860.0,839.739990234375,793.8118896484375
07-09-2018,833.239990234375,848.5,9200,848.5,836.0,790.2763671875
10-09-2018,820.0,835.02001953125,6700,835.02001953125,824.47998046875,779.386474609375
11-09-2018,828.8699951171875,828.8699951171875,18700,845.0,842.7000122070312,796.6099853515625
12-09-2018,829.3699951171875,848.9000244140625,16800,848.9000244140625,835.0,789.3311157226562
13-09-2018,826.1799926757812,835.0,7300,844.989990234375,841.1599731445312,795.154296875
14-09-2018,818.5800170898438,832.6400146484375,18900,835.1099853515625,824.25,779.1690063476562
17-09-2018,818.010009765625,827.5499877929688,7500,832.1300048828125,829.219970703125,783.8672485351562
18-09-2018,823.27001953125,823.27001953125,17700,837.239990234375,832.1900024414062,786.6748046875
19-09-2018,832.77001953125,839.489990234375,5400,839.489990234375,836.0,790.2763671875
20-09-2018,830.9099731445312,835.9000244140625,8500,840.5,838.9400024414062,793.0555419921875
21-09-2018,827.989990234375,840.0,20600,840.0399780273438,840.0399780273438,794.095458984375
24-09-2018,820.6099853515625,835.0,5700,845.0800170898438,834.6799926757812,789.028564453125
25-09-2018,847.2999877929688,856.5999755859375,10000,856.5999755859375,854.989990234375,808.227783203125
26-09-2018,854.5,858.5900268554688,26200,868.0,868.0,820.5261840820312
27-09-2018,860.1799926757812,863.0999755859375,14400,873.0,865.0599975585938,817.7470092773438
28-09-2018,861.8900146484375,868.0,20100,871.0999755859375,862.5599975585938,815.3837890625
01-10-2018,862.02001953125,869.1699829101562,12000,872.739990234375,866.8300170898438,819.4202270507812
02-10-2018,853.1400146484375,868.7899780273438,13900,870.0,863.9400024414062,816.6882934570312
03-10-2018,855.5499877929688,867.9000244140625,12400,877.969970703125,871.989990234375,824.2979736328125
04-10-2018,862.0,870.0999755859375,12300,871.280029296875,862.1199951171875,814.9678344726562
05-10-2018,852.9000244140625,860.0,20900,865.0499877929688,857.010009765625,810.1373291015625
08-10-2018,831.8599853515625,857.9000244140625,16600,857.9000244140625,842.0599975585938,796.0050048828125
09-10-2018,833.5499877929688,842.2100219726562,8900,844.760009765625,839.0999755859375,793.2068481445312
10-10-2018,802.010009765625,833.77001953125,18800,834.0,804.8900146484375,760.867919921875
11-10-2018,783.0,797.1599731445312,28000,821.3900146484375,785.0,742.065673828125
12-10-2018,779.989990234375,791.1699829101562,10800,799.6300048828125,798.7000122070312,755.0164794921875
15-10-2018,775.0,792.47998046875,11900,800.4500122070312,777.6799926757812,735.1461181640625
16-10-2018,789.5,789.5999755859375,13700,806.2899780273438,799.0,755.2999877929688
17-10-2018,787.0,804.0,10800,808.6799926757812,795.7100219726562,752.1900024414062
18-10-2018,775.510009765625,789.3200073242188,8100,795.0,784.4099731445312,741.508056640625
19-10-2018,771.5499877929688,784.1199951171875,10700,786.3200073242188,774.3599853515625,732.0077514648438
22-10-2018,740.1099853515625,776.5999755859375,23900,776.5999755859375,740.1099853515625,699.6309204101562
23-10-2018,713.0900268554688,729.9000244140625,24500,737.0900268554688,735.6500244140625,695.4149169921875
24-10-2018,700.3400268554688,729.52001953125,25800,731.6199951171875,707.4199829101562,668.7288818359375
25-10-2018,710.0,710.0,15900,728.3699951171875,721.7899780273438,682.3129272460938
26-10-2018,697.1400146484375,716.8300170898438,16900,717.9299926757812,712.0,673.058349609375
29-10-2018,690.0,718.6599731445312,24300,734.1300048828125,690.8599853515625,653.0746459960938
30-10-2018,669.5,672.0,17100,712.2000122070312,710.0999755859375,671.2623291015625
31-10-2018,715.989990234375,715.989990234375,39200,767.75,760.1199951171875,718.5465087890625
01-11-2018,660.0,756.760009765625,69300,756.760009765625,670.0,633.3554077148438
02-11-2018,661.0,678.0,30200,689.4000244140625,679.72998046875,642.5533447265625
05-11-2018,651.0900268554688,684.6500244140625,16000,684.8699951171875,671.1199951171875,634.4141235351562
06-11-2018,660.9500122070312,672.010009765625,17200,683.8400268554688,682.52001953125,645.1907348632812
07-11-2018,689.9299926757812,689.9299926757812,14800,709.969970703125,700.0,661.7147216796875
08-11-2018,667.9500122070312,703.8800048828125,10000,712.2899780273438,672.469970703125,635.6903686523438
09-11-2018,650.0,662.280029296875,19900,662.280029296875,655.0,619.1759033203125
12-11-2018,614.6199951171875,656.6400146484375,35200,660.5800170898438,620.9500122070312,586.9881591796875
13-11-2018,580.9199829101562,608.0,35100,611.8800048828125,581.719970703125,549.9038696289062
14-11-2018,544.5,571.2000122070312,61000,588.0900268554688,553.3499755859375,523.08544921875
15-11-2018,536.780029296875,544.7000122070312,27800,580.0,566.72998046875,535.733642578125
16-11-2018,566.3800048828125,566.3800048828125,34300,622.0399780273438,608.7100219726562,575.4176635742188
19-11-2018,600.0,605.0,16200,625.0,600.2000122070312,567.3731689453125
20-11-2018,550.0399780273438,600.0,22900,600.0,561.0800170898438,530.3927612304688
21-11-2018,565.4600219726562,565.4600219726562,12300,594.3300170898438,586.030029296875,553.9781494140625
23-11-2018,550.260009765625,577.0499877929688,6800,577.0499877929688,551.989990234375,521.7998657226562
26-11-2018,546.3699951171875,559.6500244140625,20200,574.5,546.3699951171875,516.4872436523438
27-11-2018,540.0,541.969970703125,23600,571.4199829101562,556.2000122070312,525.7796630859375
28-11-2018,549.72998046875,555.0,13300,572.6300048828125,563.0599975585938,532.264404296875
29-11-2018,565.0,565.0,20800,609.239990234375,597.0800170898438,564.4237670898438
30-11-2018,573.72998046875,600.0,28300,625.0,579.1900024414062,547.51220703125
03-12-2018,590.0,595.0,19200,610.8300170898438,600.47998046875,567.6377563476562
04-12-2018,581.760009765625,608.7999877929688,18000,608.7999877929688,581.8900146484375,550.0645141601562
06-12-2018,551.260009765625,567.4199829101562,18500,590.1199951171875,580.0,548.27783203125
07-12-2018,555.0499877929688,590.7899780273438,19100,604.6900024414062,568.5499877929688,537.4541015625
10-12-2018,544.1799926757812,566.0,15400,566.0,551.9000244140625,521.7147827148438
11-12-2018,530.010009765625,557.22998046875,34000,557.22998046875,534.0700073242188,504.8599853515625
12-12-2018,534.0,535.0,37900,564.2999877929688,552.8699951171875,522.6317138671875
13-12-2018,545.52001953125,558.47998046875,22100,569.2999877929688,547.5800170898438,517.631103515625
14-12-2018,528.0,536.5399780273438,17000,540.010009765625,536.5399780273438,507.1947937011719
17-12-2018,520.0,532.47998046875,18800,533.5,520.1500244140625,491.7012634277344
18-12-2018,475.5,519.0,46100,524.5700073242188,486.989990234375,460.3548889160156
19-12-2018,480.0,490.6300048828125,27300,513.6400146484375,485.9200134277344,459.3434753417969
20-12-2018,445.0,483.010009765625,51400,483.5400085449219,460.8299865722656,435.6257019042969
21-12-2018,425.010009765625,460.7999877929688,47800,460.7999877929688,431.989990234375,408.363037109375
24-12-2018,409.0,415.0,20800,453.1400146484375,441.1199951171875,416.9937133789063
26-12-2018,430.6799926757813,442.5700073242188,31200,483.1900024414063,483.1900024414063,456.7627258300781
27-12-2018,466.7900085449219,469.8699951171875,55100,509.7099914550781,507.2900085449219,479.544677734375
28-12-2018,513.97998046875,523.0,54400,549.9000244140625,547.7100219726562,517.75390625
31-12-2018,528.5700073242188,560.9400024414062,43900,583.8200073242188,541.6300048828125,512.0065307617188
02-01-2019,524.9000244140625,532.27001953125,58900,574.0499877929688,566.3200073242188,535.3460693359375
03-01-2019,546.97998046875,560.0,32000,578.3499755859375,567.9400024414062,536.8775024414062
04-01-2019,576.7999877929688,584.9000244140625,47900,606.0,592.0999755859375,559.716064453125
07-01-2019,600.0,600.0,36700,631.02001953125,619.9099731445312,586.005126953125
08-01-2019,625.02001953125,629.2100219726562,34200,637.989990234375,627.5,593.179931640625
09-01-2019,597.739990234375,630.0,69000,636.9400024414062,609.8200073242188,576.4669799804688
10-01-2019,609.9500122070312,612.760009765625,19000,625.719970703125,620.0,586.0901489257812
11-01-2019,597.780029296875,611.0700073242188,24400,619.5,619.1500244140625,585.2866821289062
14-01-2019,609.9500122070312,612.27001953125,10400,618.2000122070312,615.010009765625,581.3731689453125
15-01-2019,608.5,615.0,40200,629.0,615.010009765625,581.3731689453125
16-01-2019,610.1699829101562,614.510009765625,16100,630.0,630.0,595.5431518554688
17-01-2019,624.0,624.0,38300,650.0,646.969970703125,611.5851440429688
18-01-2019,645.4099731445312,650.0,32300,665.1099853515625,650.0,614.4494018554688
22-01-2019,626.8499755859375,643.27001953125,39900,647.030029296875,637.489990234375,602.6235961914062
23-01-2019,615.0,640.0,25100,649.3599853515625,630.9600219726562,596.4507446289062
24-01-2019,620.0,624.7899780273438,5900,633.6400146484375,625.0,590.8167114257812
25-01-2019,630.0999755859375,630.0999755859375,11800,643.2899780273438,640.0,604.996337890625
28-01-2019,627.3499755859375,631.1199951171875,22200,653.1900024414062,647.5999755859375,612.1806030273438
29-01-2019,642.0999755859375,657.97998046875,24100,665.0,662.5999755859375,626.3601684570312
30-01-2019,665.7999877929688,670.0,39500,694.1900024414062,694.1900024414062,656.222412109375
31-01-2019,692.219970703125,700.0,34100,708.0,695.4099731445312,657.3756713867188
01-02-2019,695.239990234375,711.0,31900,742.27001953125,703.8900146484375,665.3919677734375
04-02-2019,701.0499877929688,701.0499877929688,36700,728.5,725.0,685.347412109375
05-02-2019,715.760009765625,715.760009765625,23300,734.3900146484375,727.6500244140625,687.8525390625
06-02-2019,719.0499877929688,738.9600219726562,10000,738.9600219726562,719.0499877929688,679.7227172851562
07-02-2019,705.8200073242188,722.1900024414062,18000,722.1900024414062,709.8400268554688,671.0165405273438
08-02-2019,681.9000244140625,709.3300170898438,15900,709.3300170898438,700.1599731445312,661.8659057617188
11-02-2019,682.7999877929688,700.7000122070312,12400,707.780029296875,685.0,647.5350341796875
12-02-2019,686.7000122070312,691.8599853515625,22300,720.0,713.0,674.003662109375
13-02-2019,717.7999877929688,720.0,14300,730.9299926757812,724.8200073242188,685.1771850585938
14-02-2019,720.0,724.0,15600,741.5599975585938,740.0,699.5269775390625
15-02-2019,740.0,749.7999877929688,25700,754.6599731445312,753.75,712.52490234375
19-02-2019,747.8099975585938,750.0,29000,780.5800170898438,780.0,737.3392333984375
20-02-2019,774.0399780273438,774.0399780273438,27000,798.97998046875,789.7999877929688,746.6033325195312
21-02-2019,770.0,780.0,18100,786.0,779.25,736.6303100585938
22-02-2019,763.3300170898438,779.9299926757812,13900,783.8400268554688,763.3300170898438,721.5809326171875
25-02-2019,747.0,766.469970703125,15600,768.2999877929688,751.010009765625,709.934814453125
26-02-2019,743.739990234375,757.6099853515625,14900,758.6400146484375,750.0,708.9801635742188
27-02-2019,756.0,756.4199829101562,12900,772.2999877929688,765.0,723.1597290039062
28-02-2019,743.6199951171875,767.0900268554688,14700,772.5599975585938,743.6199951171875,702.948974609375
01-03-2019,748.0499877929688,757.780029296875,6500,763.77001953125,752.6300048828125,711.4662475585938
04-03-2019,744.0,754.0,13200,763.0999755859375,750.8599853515625,709.79296875
05-03-2019,741.4500122070312,758.3900146484375,6000,758.3900146484375,744.8200073242188,704.0833129882812
06-03-2019,726.260009765625,741.8300170898438,9600,741.8300170898438,726.260009765625,686.5384521484375
07-03-2019,703.5,725.3099975585938,12400,725.3099975585938,717.97998046875,684.365234375
08-03-2019,690.0700073242188,709.1199951171875,20800,712.010009765625,712.010009765625,678.6746826171875
11-03-2019,709.0,710.0,9700,732.0,725.219970703125,691.2661743164062
12-03-2019,718.6599731445312,730.0,10700,735.0800170898438,718.6599731445312,685.0133056640625
13-03-2019,723.1500244140625,723.1500244140625,17900,747.0,732.5700073242188,698.2720947265625
14-03-2019,727.989990234375,727.989990234375,14200,742.1500244140625,742.1500244140625,707.4036254882812
15-03-2019,726.5,746.469970703125,22800,750.5,728.0,693.9161376953125
18-03-2019,735.1300048828125,738.8900146484375,12100,749.0,747.0,712.0264892578125
19-03-2019,750.6099853515625,754.8499755859375,14300,775.22998046875,771.0700073242188,734.9696655273438
20-03-2019,760.780029296875,769.5,11400,777.0,768.0599975585938,732.1004638671875
21-03-2019,747.0,772.0,11700,773.0999755859375,747.0,712.0264892578125
22-03-2019,722.3099975585938,757.760009765625,7100,757.760009765625,730.0,695.8223876953125
25-03-2019,718.7100219726562,722.7999877929688,14100,745.0,745.0,710.1201171875
26-03-2019,739.6900024414062,754.25,21500,770.030029296875,770.030029296875,733.978271484375
27-03-2019,765.0,768.75,13500,779.9600219726562,777.9500122070312,741.5275268554688
28-03-2019,761.5,767.0,11400,779.9600219726562,771.2000122070312,735.093505859375
29-03-2019,766.72998046875,779.0,14800,781.1699829101562,773.6500244140625,737.4287719726562
01-04-2019,779.8499755859375,781.9000244140625,14300,804.6099853515625,798.1199951171875,760.7531127929688
02-04-2019,792.3800048828125,805.47998046875,20200,812.010009765625,797.25,759.9238891601562
03-04-2019,778.9099731445312,792.0999755859375,8300,792.5399780273438,782.1500244140625,745.5309448242188
04-04-2019,769.25,782.0,11200,789.239990234375,777.8099975585938,741.3939819335938
05-04-2019,780.010009765625,780.010009765625,12000,811.0,811.0,773.0302124023438
08-04-2019,805.0,814.9000244140625,9400,817.2899780273438,810.3800048828125,772.4391479492188
09-04-2019,812.4199829101562,817.3300170898438,26800,851.7999877929688,848.0,808.2978515625
10-04-2019,849.5,849.5,32300,894.0,886.0999755859375,844.6141357421875
11-04-2019,872.9000244140625,889.2000122070312,33500,915.6599731445312,878.8300170898438,837.6845092773438
12-04-2019,883.3400268554688,894.1300048828125,29400,915.0,901.0399780273438,858.8545532226562
15-04-2019,891.3800048828125,905.0,11300,910.0,894.1199951171875,852.258544921875
16-04-2019,880.0,900.0,19700,903.0,882.0,840.7060546875
17-04-2019,875.260009765625,882.8300170898438,7500,899.75,898.3099975585938,856.2523803710938
18-04-2019,894.0,902.9299926757812,19800,903.4199829101562,897.9600219726562,855.9188232421875
22-04-2019,889.489990234375,892.1599731445312,7900,899.0,899.0,856.9100952148438
23-04-2019,892.4500122070312,899.0,28400,915.0499877929688,896.1900024414062,854.231689453125
24-04-2019,892.0,903.27001953125,6300,903.27001953125,895.9299926757812,853.9838256835938
25-04-2019,885.5,899.0,15800,900.030029296875,887.5599975585938,846.0056762695312
26-04-2019,810.5999755859375,876.0,32400,882.0499877929688,843.5499877929688,804.0560913085938
29-04-2019,813.6900024414062,840.1599731445312,19700,854.0,822.0,783.51513671875
30-04-2019,773.010009765625,822.0,47700,822.0,802.3400268554688,764.775634765625
01-05-2019,790.0,800.0,15200,808.0,801.6199951171875,764.0892944335938
02-05-2019,801.5,814.4000244140625,19000,826.9099731445312,807.2999877929688,769.5033569335938
03-05-2019,800.719970703125,804.0999755859375,7500,810.0,807.280029296875,769.484375
06-05-2019,796.27001953125,800.5,9100,805.5,799.1400146484375,761.725341796875
07-05-2019,770.75,797.27001953125,12200,797.27001953125,790.27001953125,753.270751953125
08-05-2019,788.010009765625,793.5,7700,799.4000244140625,798.9500122070312,761.5443115234375
09-05-2019,768.239990234375,790.0,13100,796.0999755859375,788.0599975585938,751.1641235351562
10-05-2019,775.010009765625,787.2000122070312,9700,809.3099975585938,800.47998046875,763.002685546875
13-05-2019,779.469970703125,798.5,7800,798.5,785.5599975585938,748.78125
14-05-2019,785.0,785.0,19000,829.5,824.0599975585938,785.4786376953125
15-05-2019,820.8400268554688,823.5,15700,854.5800170898438,842.3499755859375,802.9122924804688
16-05-2019,834.7999877929688,839.4000244140625,4600,850.0,848.3300170898438,808.6124267578125
17-05-2019,842.9400024414062,850.0,15800,879.25,866.4099731445312,825.845947265625
20-05-2019,841.6300048828125,873.0,8900,873.0,845.510009765625,805.9244384765625
21-05-2019,840.0,842.0700073242188,7500,857.02001953125,850.2000122070312,810.3948364257812
22-05-2019,818.8900146484375,844.989990234375,13800,850.8800048828125,829.1699829101562,790.3494873046875
23-05-2019,783.1799926757812,820.0,11300,820.0,785.6300048828125,748.847900390625
24-05-2019,773.010009765625,789.7100219726562,7300,791.75,783.5599975585938,746.8748168945312
28-05-2019,785.0,787.8400268554688,11400,815.5,801.7899780273438,764.2512817382812
29-05-2019,799.9099731445312,804.0499877929688,9200,822.0,809.9299926757812,772.0101928710938
30-05-2019,774.5,803.0,7900,803.0999755859375,776.6099853515625,740.250244140625
31-05-2019,728.0499877929688,766.7999877929688,28700,766.7999877929688,737.010009765625,702.5042724609375
03-06-2019,713.77001953125,735.0,10700,739.8800048828125,725.9199829101562,691.9334716796875
04-06-2019,722.0,733.0,21500,753.5399780273438,753.0,717.74560546875
05-06-2019,725.0,752.6400146484375,21000,752.6400146484375,737.260009765625,702.7424926757812
06-06-2019,735.4500122070312,735.4500122070312,12400,750.0,746.969970703125,711.9979248046875
07-06-2019,738.0999755859375,751.0,14700,756.8699951171875,756.2999877929688,720.89111328125
10-06-2019,743.3400268554688,747.739990234375,9000,767.2999877929688,750.9600219726562,715.8010864257812
11-06-2019,751.0,763.0,14600,770.1500244140625,751.1099853515625,715.944091796875
12-06-2019,712.5,750.5,12300,752.0,721.1900024414062,687.4249267578125
13-06-2019,717.3499755859375,737.2000122070312,20700,747.47998046875,727.9400024414062,693.8589477539062
14-06-2019,728.0,733.780029296875,7900,740.0,740.0,705.354248046875
17-06-2019,707.719970703125,739.9199829101562,8000,739.9199829101562,723.0,689.150146484375
18-06-2019,724.0,724.0,8500,754.5,752.0,716.7923583984375
19-06-2019,753.4199829101562,758.6099853515625,9700,771.489990234375,770.27001953125,734.20703125
20-06-2019,775.0,780.4099731445312,15200,799.010009765625,790.9000244140625,753.8712158203125
21-06-2019,766.0399780273438,775.0,5100,791.27001953125,766.0399780273438,730.175048828125
24-06-2019,772.0,775.0,12700,795.4299926757812,795.4299926757812,758.1890869140625
25-06-2019,783.3099975585938,790.5999755859375,11000,801.0,792.469970703125,755.36767578125
26-06-2019,799.239990234375,801.0,22200,814.6400146484375,799.239990234375,761.8206787109375
27-06-2019,772.1300048828125,794.8800048828125,7400,798.0,784.9500122070312,748.1997680664062
28-06-2019,785.4400024414062,790.0999755859375,6300,791.9000244140625,786.989990234375,750.1442260742188
01-07-2019,789.0,800.0,21200,812.6900024414062,812.2999877929688,774.2692260742188
02-07-2019,780.6599731445312,812.1099853515625,18100,818.0900268554688,780.6599731445312,744.110595703125
03-07-2019,780.030029296875,780.030029296875,7700,795.760009765625,790.489990234375,753.4803466796875
05-07-2019,792.5,792.8900146484375,3500,803.2999877929688,800.0,762.545166015625
08-07-2019,795.5700073242188,802.2000122070312,12000,813.6900024414062,801.2000122070312,763.68896484375
09-07-2019,785.4400024414062,790.4199829101562,4800,793.2899780273438,786.0700073242188,749.267333984375
10-07-2019,788.47998046875,799.989990234375,4900,804.489990234375,800.0499877929688,762.5928344726562
11-07-2019,791.469970703125,810.0,7200,810.0,793.0,755.8728637695312
12-07-2019,789.0,802.1400146484375,4500,802.1400146484375,790.239990234375,753.2421264648438
15-07-2019,785.0,785.0499877929688,4000,788.1099853515625,786.0,749.20068359375
16-07-2019,770.4099731445312,781.0,4900,783.4099731445312,774.8300170898438,738.5535888671875
17-07-2019,765.0,769.239990234375,6500,770.0,765.4299926757812,729.5936889648438
18-07-2019,755.010009765625,762.6199951171875,4500,763.02001953125,762.6199951171875,726.9151611328125
19-07-2019,760.0,760.0,5900,768.6500244140625,761.5,725.8475952148438
22-07-2019,751.0700073242188,756.02001953125,8100,776.0399780273438,758.9400024414062,723.4075317382812
23-07-2019,745.02001953125,755.0,9800,757.5,754.0,718.6987915039062
24-07-2019,705.5999755859375,705.5999755859375,7000,756.47998046875,746.2000122070312,711.2640380859375
25-07-2019,741.989990234375,753.2999877929688,10100,757.0,747.7899780273438,712.779541015625
26-07-2019,741.1400146484375,745.1099853515625,3200,750.0,742.0499877929688,707.308349609375
29-07-2019,730.3400268554688,750.0,8800,750.0,748.5,713.456298828125
30-07-2019,735.0,735.0700073242188,9800,760.0,760.0,724.4178466796875
31-07-2019,769.8300170898438,769.8300170898438,27800,811.25,797.2000122070312,759.8762817382812
01-08-2019,714.260009765625,783.489990234375,37500,783.489990234375,727.5,693.4395141601562
02-08-2019,702.0,735.0,13900,735.0,712.0,678.6651611328125
05-08-2019,672.0999755859375,700.0,18100,700.0,695.4600219726562,662.899658203125
06-08-2019,673.25,700.6500244140625,10800,712.5,679.989990234375,648.15380859375
07-08-2019,632.27001953125,668.6799926757812,22800,668.6799926757812,650.0,619.5679321289062
08-08-2019,653.0,653.0,21500,675.0,675.0,643.3974609375
09-08-2019,670.97998046875,675.0499877929688,19200,692.1400146484375,680.1500244140625,648.306396484375
12-08-2019,650.5,685.97998046875,13200,688.760009765625,659.9500122070312,629.0521240234375
13-08-2019,654.4500122070312,665.0,17700,680.0,660.1500244140625,629.24267578125
14-08-2019,625.02001953125,650.97998046875,27900,650.97998046875,638.2000122070312,608.3203735351562
15-08-2019,632.0,643.489990234375,22900,661.8300170898438,657.7899780273438,626.9932861328125
16-08-2019,658.3499755859375,667.6500244140625,7900,672.5,671.1699829101562,639.7467651367188
19-08-2019,657.3300170898438,666.0,12700,679.3599853515625,663.0499877929688,632.0069580078125
20-08-2019,652.5499877929688,667.010009765625,5500,668.0,652.5499877929688,621.99853515625
21-08-2019,656.0499877929688,659.0399780273438,8700,671.3900146484375,671.3900146484375,639.9564208984375
22-08-2019,656.4099731445312,672.5,13200,677.5,660.1500244140625,629.24267578125
23-08-2019,633.6400146484375,653.0,10700,669.6500244140625,633.6400146484375,603.9739379882812
26-08-2019,627.760009765625,643.0399780273438,11800,643.0399780273438,636.25,606.4617309570312
27-08-2019,619.9000244140625,640.0,14700,642.989990234375,629.5499877929688,600.0753784179688
28-08-2019,630.0,631.989990234375,16200,655.0,646.77001953125,616.4891357421875
29-08-2019,647.219970703125,647.219970703125,16000,661.239990234375,656.489990234375,625.7540283203125
30-08-2019,647.6900024414062,655.0999755859375,17300,661.8699951171875,655.2100219726562,624.5340576171875
03-09-2019,636.469970703125,651.1799926757812,17900,671.72998046875,668.260009765625,636.9730224609375
04-09-2019,661.1199951171875,670.9600219726562,22400,679.0,676.9199829101562,645.2276000976562
05-09-2019,688.0,688.0,29600,714.0,706.4500122070312,673.3750610351562
06-09-2019,678.0,705.780029296875,26400,705.780029296875,679.0,647.210205078125
09-09-2019,667.530029296875,676.5,15800,684.030029296875,672.0499877929688,640.5855102539062
10-09-2019,650.3400268554688,668.8499755859375,23300,675.0,651.0,620.5211181640625
11-09-2019,620.6699829101562,650.27001953125,17600,653.02001953125,647.9199829101562,617.5852661132812
12-09-2019,643.989990234375,650.010009765625,27300,679.3900146484375,658.969970703125,628.1178588867188
13-09-2019,655.4299926757812,674.77001953125,10300,674.77001953125,658.6599731445312,627.822509765625
16-09-2019,675.0,675.0,26700,714.0,710.2100219726562,676.958984375
17-09-2019,656.3300170898438,711.0,19800,711.0,665.8200073242188,634.6472778320312
18-09-2019,655.02001953125,657.1300048828125,11300,667.0,667.0,635.7719116210938
19-09-2019,650.0,664.2000122070312,11200,674.0,650.0999755859375,619.6631469726562
20-09-2019,637.5,646.0,17000,651.0999755859375,642.1500244140625,612.08544921875
23-09-2019,644.77001953125,648.1300048828125,13600,662.6900024414062,652.9299926757812,622.3607788085938
24-09-2019,648.0,651.3099975585938,7700,655.22998046875,650.0,619.5679321289062
25-09-2019,636.3400268554688,649.52001953125,8100,650.5499877929688,646.8599853515625,616.5750122070312
26-09-2019,635.0499877929688,647.0399780273438,5600,652.0,635.0499877929688,605.31787109375
27-09-2019,628.969970703125,635.25,15300,642.1699829101562,632.0999755859375,602.5059204101562
30-09-2019,634.0,634.0,16700,650.0,649.5700073242188,619.1580810546875
01-10-2019,630.530029296875,650.0,14400,652.760009765625,631.0900268554688,601.5432739257812
02-10-2019,605.6300048828125,630.02001953125,25200,631.02001953125,620.1500244140625,591.1155395507812
03-10-2019,610.0,618.7000122070312,15200,624.0,622.9500122070312,593.784423828125
04-10-2019,594.0999755859375,617.6500244140625,34100,620.0,604.3900146484375,576.0933227539062
07-10-2019,600.0,603.1500244140625,8300,611.6799926757812,605.3599853515625,577.0179443359375
08-10-2019,593.6099853515625,599.2000122070312,17700,615.7100219726562,612.260009765625,583.5948486328125
09-10-2019,600.0,624.75,15700,624.75,600.5499877929688,572.43310546875
10-10-2019,601.0599975585938,602.2000122070312,9000,613.0,607.9199829101562,579.4580688476562
11-10-2019,607.010009765625,613.0800170898438,9000,621.0,610.1300048828125,581.5645751953125
14-10-2019,595.0,612.5599975585938,7600,612.5599975585938,605.52001953125,577.17041015625
15-10-2019,601.0,607.0599975585938,8100,613.3200073242188,606.0,577.6278686523438
16-10-2019,601.6099853515625,610.3800048828125,15100,619.989990234375,601.6099853515625,573.4434814453125
17-10-2019,581.4400024414062,600.0,12900,605.0,595.4500122070312,567.5718994140625
18-10-2019,585.77001953125,597.5599975585938,9000,601.219970703125,592.0900268554688,564.3692016601562
21-10-2019,590.0,590.0,7900,599.989990234375,598.8499755859375,570.8126831054688
22-10-2019,599.4199829101562,599.4199829101562,6500,612.5399780273438,610.0,581.4407348632812
23-10-2019,610.010009765625,610.1500244140625,5900,620.0,617.8900146484375,588.9613037109375
24-10-2019,604.1199951171875,618.6699829101562,7200,618.6699829101562,606.6400146484375,578.2379150390625
25-10-2019,601.5399780273438,617.989990234375,8000,617.989990234375,607.1199951171875,578.695556640625
28-10-2019,601.0,604.5399780273438,15500,615.9299926757812,611.9099731445312,583.26123046875
29-10-2019,587.5,605.260009765625,19700,610.0,587.5,559.9940795898438
30-10-2019,585.0,587.5999755859375,10500,595.1099853515625,591.280029296875,563.59716796875
31-10-2019,565.0999755859375,584.5599975585938,24000,585.280029296875,569.030029296875,542.3887939453125
01-11-2019,577.5599975585938,577.5599975585938,41500,632.5,626.7000122070312,597.35888671875
04-11-2019,633.3599853515625,636.0999755859375,16200,650.0,637.0,607.176513671875
05-11-2019,639.1400146484375,644.4299926757812,21200,663.1199951171875,654.9000244140625,624.2385864257812
06-11-2019,627.6599731445312,650.0700073242188,13900,657.0399780273438,638.4000244140625,608.510986328125
07-11-2019,636.0,640.0,9500,654.9000244140625,640.0,610.0361328125
08-11-2019,634.0499877929688,637.5900268554688,6600,645.0,645.0,614.802001953125
11-11-2019,632.260009765625,642.3300170898438,14400,651.6699829101562,647.5399780273438,617.2230834960938
12-11-2019,642.4500122070312,655.0,11300,662.4299926757812,646.75,616.4700317382812
13-11-2019,640.9600219726562,642.989990234375,21200,678.989990234375,664.3699951171875,633.2651977539062
14-11-2019,645.8800048828125,665.0,18200,680.0,651.010009765625,620.5306396484375
15-11-2019,649.4099731445312,652.469970703125,12000,665.0,665.0,633.8656616210938
18-11-2019,654.2899780273438,666.510009765625,13500,670.0,665.0499877929688,633.913330078125
19-11-2019,659.8099975585938,666.1799926757812,14800,682.6400146484375,682.6400146484375,650.6797485351562
20-11-2019,672.8300170898438,680.0999755859375,17900,696.989990234375,690.1799926757812,657.8668212890625
21-11-2019,668.4099731445312,700.0,20100,700.0,679.2100219726562,647.4103393554688
22-11-2019,668.280029296875,685.8800048828125,13700,687.0,670.0,638.6314697265625
25-11-2019,672.0,672.0,11300,685.0,676.0,644.3507080078125
26-11-2019,667.2000122070312,680.4199829101562,15800,684.7000122070312,667.2000122070312,635.962646484375
27-11-2019,665.4099731445312,667.5999755859375,23700,679.9099731445312,675.989990234375,644.3411254882812
29-11-2019,671.7000122070312,674.489990234375,2800,674.97998046875,674.97998046875,643.3783569335938
02-12-2019,644.219970703125,676.0,23000,680.0,650.0,619.5679321289062
03-12-2019,642.8599853515625,647.1599731445312,15800,657.52001953125,645.6099853515625,615.3834228515625
04-12-2019,655.2899780273438,655.2899780273438,25900,681.52001953125,666.6400146484375,635.4288330078125
05-12-2019,656.6500244140625,656.6500244140625,6200,676.0599975585938,666.4000244140625,635.2000732421875
06-12-2019,657.239990234375,667.010009765625,12200,673.5,667.5499877929688,636.2962036132812
09-12-2019,664.0,669.1799926757812,11300,672.5,668.9400024414062,637.6212158203125
10-12-2019,666.0999755859375,666.0999755859375,9000,675.0,672.1900024414062,640.718994140625
11-12-2019,666.0,666.0,19400,677.489990234375,675.02001953125,643.41650390625
12-12-2019,671.97998046875,677.989990234375,12800,688.2000122070312,688.0,655.788818359375
13-12-2019,676.75,683.5,21500,686.530029296875,683.8599853515625,651.8427124023438
16-12-2019,685.77001953125,692.0499877929688,21800,702.6900024414062,695.0499877929688,662.5087280273438
17-12-2019,694.0,694.0,21200,707.6099853515625,702.989990234375,670.0770263671875
18-12-2019,700.3699951171875,706.9000244140625,23600,715.9600219726562,708.1199951171875,674.966796875
19-12-2019,706.010009765625,706.010009765625,31600,736.5800170898438,728.8499755859375,694.7261962890625
20-12-2019,726.8400268554688,734.6199951171875,43100,769.8699951171875,765.9199829101562,730.0606689453125
23-12-2019,761.0,761.0,33300,785.010009765625,783.7000122070312,747.0082397460938
24-12-2019,775.0,785.2100219726562,10100,797.3300170898438,785.4600219726562,748.6859130859375
26-12-2019,758.4400024414062,787.6300048828125,20400,794.5,785.219970703125,748.4570922851562
27-12-2019,771.739990234375,787.6500244140625,21300,804.7000122070312,795.0399780273438,757.8174438476562
30-12-2019,776.989990234375,795.5,14000,796.989990234375,788.3400268554688,751.4310302734375
31-12-2019,778.4199829101562,798.7000122070312,8100,798.7000122070312,781.219970703125,744.6443481445312
02-01-2020,774.7899780273438,785.0,8200,785.969970703125,775.1199951171875,738.8299560546875
03-01-2020,782.0399780273438,800.0,20800,802.0,799.2000122070312,761.7825927734375
06-01-2020,795.219970703125,799.2000122070312,29600,810.0,800.0,762.545166015625
07-01-2020,796.9500122070312,800.8499755859375,13200,804.5,804.5,766.83447265625
08-01-2020,800.0,805.0,34500,824.969970703125,819.3699951171875,781.0082397460938
09-01-2020,805.47998046875,822.989990234375,20600,838.5,813.1900024414062,775.1176147460938
10-01-2020,793.9299926757812,811.9299926757812,16500,812.489990234375,809.280029296875,771.3906860351562
13-01-2020,791.4500122070312,807.010009765625,24800,807.010009765625,804.9000244140625,767.2157592773438
14-01-2020,795.0,804.8400268554688,16500,805.0,799.4500122070312,762.0208740234375
15-01-2020,795.9199829101562,799.2999877929688,12100,810.760009765625,795.9199829101562,758.6561279296875
16-01-2020,785.6900024414062,800.0,10100,800.0,794.9000244140625,757.6839599609375
17-01-2020,789.5700073242188,795.4000244140625,5500,795.4000244140625,792.8599853515625,755.7393798828125
21-01-2020,778.5499877929688,792.010009765625,11700,792.010009765625,781.9400024414062,745.3307495117188
22-01-2020,766.0999755859375,793.6599731445312,17500,797.8499755859375,766.7999877929688,730.8994750976562
23-01-2020,740.7000122070312,762.0,17900,765.0,759.0,723.4647216796875
24-01-2020,739.219970703125,755.0,9100,755.0,751.22998046875,716.0584716796875
27-01-2020,734.0499877929688,741.0,12100,748.2899780273438,735.1300048828125,700.7122192382812
28-01-2020,736.6199951171875,741.739990234375,17600,753.3800048828125,745.5499877929688,710.6444091796875
29-01-2020,740.0,745.2000122070312,19200,753.8099975585938,742.0,707.2606201171875
30-01-2020,719.3900146484375,735.030029296875,15200,738.3499755859375,726.5,692.4862670898438
31-01-2020,685.9500122070312,720.4000244140625,53100,756.7999877929688,755.7100219726562,720.3287353515625
03-02-2020,731.6799926757812,751.530029296875,34000,760.0,750.0,714.8861694335938
04-02-2020,760.47998046875,760.47998046875,22300,781.3699951171875,780.0399780273438,743.51953125
05-02-2020,785.0,789.6900024414062,27200,814.989990234375,801.0700073242188,763.5650634765625
06-02-2020,795.0,801.0,21200,806.1799926757812,803.5599975585938,765.9384765625
07-02-2020,790.1300048828125,798.0,12800,809.4099731445312,802.0999755859375,764.546875
10-02-2020,770.75,800.0,16800,803.0499877929688,777.4600219726562,741.0604248046875
11-02-2020,777.5,777.5,8700,792.0,782.0999755859375,745.4832153320312
12-02-2020,784.9000244140625,784.9000244140625,14700,794.0,787.75,750.86865234375
13-02-2020,773.3900146484375,781.0,10200,786.0,783.5,746.817626953125
14-02-2020,770.0,784.0,4700,784.0,770.0700073242188,734.0164184570312
18-02-2020,759.0,766.7100219726562,12900,769.3499755859375,766.1799926757812,730.30859375
19-02-2020,767.0499877929688,767.0499877929688,8900,775.0,772.9500122070312,736.7615966796875
20-02-2020,770.0,770.0,9300,781.4099731445312,781.4099731445312,744.8255004882812
21-02-2020,762.8699951171875,778.0,10700,778.0,765.0,729.183837890625
24-02-2020,742.1300048828125,753.530029296875,33300,762.5599975585938,751.22998046875,716.0584716796875
25-02-2020,716.0,759.0,22100,764.77001953125,725.0,691.0565185546875
26-02-2020,709.219970703125,725.0,27000,736.0,710.7899780273438,677.5117797851562
27-02-2020,675.0,700.1300048828125,27000,709.989990234375,678.2000122070312,646.4476318359375
28-02-2020,650.0,665.0,27500,695.7999877929688,695.7999877929688,663.2235107421875
02-03-2020,676.1500244140625,694.3200073242188,24300,704.27001953125,690.7000122070312,658.3624267578125
03-03-2020,659.3300170898438,698.280029296875,15900,698.280029296875,671.0800170898438,639.6610107421875
04-03-2020,670.260009765625,684.77001953125,15900,697.280029296875,673.0999755859375,641.58642578125
05-03-2020,651.3099975585938,658.47998046875,23600,671.8699951171875,655.8099975585938,625.1058959960938
06-03-2020,610.0,636.760009765625,41800,638.6900024414062,622.0,607.7052001953125
09-03-2020,460.4700012207031,540.0,96400,540.0,467.2099914550781,456.4725646972656
10-03-2020,459.0,488.6600036621094,80800,534.3200073242188,527.0,514.8884887695312
11-03-2020,454.6300048828125,495.0,49700,505.0,457.010009765625,446.5070190429688
12-03-2020,390.0,418.6600036621094,83900,427.1300048828125,410.010009765625,400.587158203125
13-03-2020,415.010009765625,430.0899963378906,57900,452.4700012207031,436.8999938964844,426.8591918945313
16-03-2020,378.3299865722656,410.0,73700,465.8399963378906,410.010009765625,400.587158203125
17-03-2020,356.19000244140625,414.1499938964844,91600,421.989990234375,368.260009765625,359.79669189453125
18-03-2020,295.3999938964844,350.0,79100,356.3399963378906,310.94000244140625,303.79400634765625
19-03-2020,301.3999938964844,313.6300048828125,59500,371.30999755859375,354.0799865722656,345.9425048828125
20-03-2020,340.0299987792969,359.0799865722656,54300,372.4599914550781,352.8599853515625,344.75054931640625
23-03-2020,295.04998779296875,347.8599853515625,60100,347.8599853515625,308.3399963378906,301.25372314453125
24-03-2020,320.7900085449219,326.9200134277344,74500,389.8900146484375,388.9400024414063,380.00140380859375
25-03-2020,346.989990234375,380.3699951171875,55300,404.760009765625,375.0,366.3817443847656
26-03-2020,363.489990234375,375.0,60900,398.1499938964844,370.010009765625,361.5064086914063
27-03-2020,325.010009765625,365.0,63600,379.2999877929688,379.2999877929688,370.5829162597656
30-03-2020,358.0,375.0199890136719,70900,400.0,390.0199890136719,381.0565490722656
31-03-2020,375.0,398.2099914550781,63800,400.0,380.010009765625,371.2766418457031
01-04-2020,345.0,365.010009765625,62800,384.7900085449219,376.5199890136719,367.8668212890625
02-04-2020,380.2000122070313,388.9800109863281,77100,459.8500061035156,422.0700073242188,412.3700256347656
03-04-2020,425.0,425.0,69200,465.0,457.8699951171875,447.3472595214844
06-04-2020,453.9700012207031,461.6099853515625,56100,478.6199951171875,475.0299987792969,464.1128540039063
07-04-2020,445.8599853515625,490.0,182600,499.0299987792969,457.0400085449219,446.5363464355469
08-04-2020,440.7799987792969,455.5899963378906,177600,489.489990234375,471.0299987792969,460.2048034667969
09-04-2020,463.1499938964844,463.8200073242188,170100,561.5800170898438,513.239990234375,501.4447326660156
13-04-2020,490.0199890136719,515.0800170898438,78100,520.010009765625,515.0999755859375,503.2619934082031
14-04-2020,515.3599853515625,525.0,75600,538.8800048828125,535.530029296875,523.2224731445312
15-04-2020,490.010009765625,510.0,53700,515.02001953125,515.02001953125,503.183837890625
16-04-2020,498.0,517.3099975585938,75700,524.4400024414062,509.55999755859375,497.8493041992188
17-04-2020,489.5899963378906,517.6099853515625,34900,520.0,512.6199951171875,500.8389587402344
20-04-2020,478.8599853515625,480.2999877929688,134900,505.9400024414063,502.5,490.9515686035156
21-04-2020,455.010009765625,482.5499877929688,73900,490.0,463.1600036621094,452.5156555175781
22-04-2020,479.7999877929688,492.510009765625,36100,509.989990234375,499.260009765625,487.7860107421875
23-04-2020,492.4500122070313,511.0,49700,531.1400146484375,493.7099914550781,482.3635559082031
24-04-2020,480.489990234375,497.2699890136719,57100,540.9099731445312,498.8200073242188,487.3561401367188
27-04-2020,469.1000061035156,500.8999938964844,38600,522.3400268554688,513.9600219726562,502.1482238769531
28-04-2020,499.1099853515625,524.280029296875,23600,525.0,519.5499877929688,507.6097106933594
29-04-2020,532.0,537.72998046875,29500,574.9000244140625,560.0499877929688,547.178955078125
30-04-2020,537.5800170898438,560.0,70900,584.5700073242188,569.6500244140625,556.5584106445312
01-05-2020,493.4100036621094,515.0,49600,532.0,508.260009765625,496.5792236328125
04-05-2020,491.1000061035156,491.1000061035156,60300,548.8200073242188,533.3300170898438,521.0731201171875
05-05-2020,509.4599914550781,537.3599853515625,39700,559.989990234375,516.1400146484375,504.278076171875
06-05-2020,485.0,510.0,42000,510.0,491.1199951171875,479.8330993652344
07-05-2020,487.760009765625,498.010009765625,37700,515.0,493.0299987792969,481.6991882324219
08-05-2020,500.0,500.0,22400,522.4000244140625,521.5499877929688,509.5637512207031
11-05-2020,510.75,519.0,21600,528.7999877929688,520.1900024414062,508.2349853515625
12-05-2020,513.8900146484375,529.989990234375,20700,534.3599853515625,524.010009765625,511.9671936035156
13-05-2020,503.0,520.4299926757812,29300,530.25,511.7099914550781,499.9498901367188
14-05-2020,499.0,510.8999938964844,26600,523.5,519.969970703125,508.0200500488281
15-05-2020,517.5,520.0,16800,535.510009765625,524.3499755859375,512.29931640625
18-05-2020,543.6699829101562,545.4000244140625,32600,572.0,553.3599853515625,540.6427001953125
19-05-2020,543.989990234375,554.8900146484375,16800,562.0,550.8599853515625,538.2001953125
20-05-2020,555.0399780273438,561.3300170898438,40700,587.0,584.8099975585938,571.369873046875
21-05-2020,566.52001953125,588.0,29300,594.9000244140625,578.5399780273438,565.2439575195312
22-05-2020,566.0800170898438,580.0,35900,601.8400268554688,576.1199951171875,562.8796997070312
26-05-2020,581.22998046875,593.1699829101562,23700,601.010009765625,587.8900146484375,574.379150390625
27-05-2020,570.5399780273438,588.1500244140625,27900,592.760009765625,587.6699829101562,574.1642456054688
28-05-2020,575.0,590.0,46800,611.0,600.989990234375,587.1781005859375
29-05-2020,576.6500244140625,595.9299926757812,31800,597.989990234375,586.3900146484375,572.9135131835938
01-06-2020,578.2999877929688,578.2999877929688,21100,598.0,595.030029296875,581.3551635742188
02-06-2020,603.1599731445312,603.1599731445312,16500,617.260009765625,612.1199951171875,598.05224609375
03-06-2020,610.2000122070312,610.2000122070312,14800,620.0999755859375,619.9600219726562,605.712158203125
04-06-2020,610.5,619.989990234375,24400,625.010009765625,625.010009765625,610.6461181640625
05-06-2020,630.0,630.0,64300,675.0,664.7999877929688,649.5216674804688
08-06-2020,668.2100219726562,668.2100219726562,56800,708.7999877929688,704.5900268554688,688.3970947265625
09-06-2020,666.0,698.9099731445312,33600,698.9099731445312,666.0,650.6940307617188
10-06-2020,640.0,666.0,28100,669.0,644.989990234375,630.1668701171875
11-06-2020,570.0,618.8200073242188,97900,623.0,575.3200073242188,562.0980224609375
12-06-2020,585.22998046875,595.5399780273438,49300,635.0,627.0,612.5902709960938
15-06-2020,598.7000122070312,600.9000244140625,49300,642.030029296875,625.5700073242188,611.1932373046875
16-06-2020,627.02001953125,649.219970703125,27800,653.75,641.3499755859375,626.6104125976562
17-06-2020,620.8599853515625,641.4000244140625,10400,641.4000244140625,625.1199951171875,610.7535400390625
18-06-2020,605.3099975585938,622.4600219726562,32700,628.9400024414062,614.9000244140625,600.7684936523438
19-06-2020,616.5700073242188,630.0,25800,634.989990234375,624.0399780273438,609.6983032226562
22-06-2020,613.0,618.760009765625,17200,628.4099731445312,614.1099853515625,599.9965209960938
23-06-2020,599.9500122070312,626.7999877929688,19100,626.7999877929688,599.9500122070312,586.1619873046875
24-06-2020,560.219970703125,592.7000122070312,24200,605.0,572.0,558.8543090820312
25-06-2020,570.0,576.0,11700,585.0,584.27001953125,570.8424072265625
26-06-2020,566.9000244140625,579.9500122070312,16500,589.9000244140625,572.1500244140625,559.0008544921875
29-06-2020,561.3800048828125,575.8699951171875,12400,580.0,570.010009765625,556.9100341796875
30-06-2020,567.9000244140625,567.9000244140625,15100,595.0,594.6900024414062,581.0228881835938
01-07-2020,570.0599975585938,595.0,22100,600.0,578.4000244140625,565.1072998046875
02-07-2020,575.02001953125,585.0,13900,590.4000244140625,577.3900146484375,564.1204833984375
06-07-2020,567.0,583.5,13200,584.719970703125,569.989990234375,556.8905029296875
07-07-2020,549.760009765625,562.2000122070312,12800,565.530029296875,549.760009765625,537.1254272460938
08-07-2020,539.0,549.7999877929688,16000,561.22998046875,561.010009765625,548.1168212890625
09-07-2020,534.9000244140625,567.7999877929688,22200,569.469970703125,542.5900268554688,530.1202392578125
10-07-2020,536.6799926757812,538.1400146484375,25000,553.469970703125,547.0,534.4288330078125
13-07-2020,535.02001953125,552.469970703125,21300,556.7000122070312,537.02001953125,524.67822265625
14-07-2020,540.3200073242188,540.3200073242188,26000,598.1300048828125,585.1799926757812,571.7314453125
15-07-2020,576.1699829101562,595.9000244140625,23500,610.0,596.72998046875,583.0159912109375
16-07-2020,574.3400268554688,586.9400024414062,16800,591.0,582.4299926757812,569.044677734375
17-07-2020,576.280029296875,580.0,12700,587.0,585.7100219726562,572.249267578125
20-07-2020,575.0,585.0,15700,592.0,575.010009765625,561.795166015625
21-07-2020,572.4199829101562,582.0,20200,595.0,582.0,568.6244506835938
22-07-2020,564.010009765625,579.75,14900,586.9000244140625,573.8200073242188,560.6325073242188
23-07-2020,554.8900146484375,567.7999877929688,16500,571.9299926757812,568.7999877929688,555.7279052734375
24-07-2020,552.0,564.8699951171875,7000,566.0,560.02001953125,547.149658203125
27-07-2020,554.6799926757812,560.02001953125,15400,564.4199829101562,555.0,542.2449951171875
28-07-2020,542.530029296875,554.97998046875,15400,560.1500244140625,548.989990234375,536.3731689453125
29-07-2020,554.739990234375,554.739990234375,14600,571.5399780273438,562.0,549.0841674804688
30-07-2020,545.9000244140625,550.0,27300,576.0599975585938,554.5700073242188,541.8248901367188
31-07-2020,514.9199829101562,545.0,40000,545.0,532.989990234375,520.7408447265625
03-08-2020,520.989990234375,532.989990234375,26600,554.1199951171875,539.989990234375,527.5800170898438
04-08-2020,537.0999755859375,537.0999755859375,16900,564.47998046875,564.4000244140625,551.4290161132812
05-08-2020,564.4000244140625,564.4000244140625,51900,615.0,602.0,588.1648559570312
06-08-2020,570.0,594.0399780273438,16100,596.3400268554688,576.9000244140625,563.6417236328125
07-08-2020,565.0,570.0499877929688,16300,585.0,584.0,570.5785522460938
10-08-2020,584.0,584.0,13000,600.0,599.0,585.2337646484375
11-08-2020,580.4500122070312,607.0,20100,610.0,588.2000122070312,574.6820678710938
12-08-2020,586.0,593.5,11700,599.5700073242188,590.010009765625,576.4503784179688
13-08-2020,584.3499755859375,588.969970703125,8600,592.8400268554688,588.989990234375,575.4539184570312
14-08-2020,580.0999755859375,580.3300170898438,14300,600.0,600.0,586.2108154296875
17-08-2020,590.47998046875,605.0,15700,605.0,596.739990234375,583.0257568359375
18-08-2020,583.1199951171875,593.9500122070312,11000,593.9500122070312,587.3499755859375,573.8515014648438
19-08-2020,572.010009765625,582.0,11400,584.8900146484375,572.1099853515625,558.9617309570312
20-08-2020,558.0,573.0999755859375,14700,573.3099975585938,559.469970703125,546.6122436523438
21-08-2020,549.2000122070312,558.97998046875,12400,561.8499755859375,552.510009765625,539.8121948242188
24-08-2020,538.0,547.52001953125,20000,556.8800048828125,543.0800170898438,530.5989990234375
25-08-2020,538.7100219726562,543.52001953125,15200,552.5,545.1400146484375,532.611572265625
26-08-2020,538.1500244140625,540.0,13400,545.2999877929688,542.780029296875,530.3057861328125
27-08-2020,531.3800048828125,541.0999755859375,23700,546.3699951171875,537.739990234375,525.3816528320312
28-08-2020,525.0,534.5499877929688,21200,538.2999877929688,531.5900268554688,519.373046875
31-08-2020,521.8800048828125,530.0,17700,530.0,526.719970703125,514.6148681640625
01-09-2020,526.530029296875,530.0,25000,539.5900268554688,536.719970703125,524.3850708007812
02-09-2020,530.989990234375,540.989990234375,13000,544.3300170898438,537.7999877929688,525.4402465820312
03-09-2020,519.3699951171875,540.5,18000,540.5,527.3200073242188,515.201171875
04-09-2020,504.7799987792969,522.5,37900,527.010009765625,510.6900024414063,498.9533386230469
08-09-2020,489.2999877929688,501.0,29700,504.0499877929688,494.0299987792969,482.67620849609375
09-09-2020,497.4400024414063,502.0,14900,508.7300109863281,508.7300109863281,497.0383911132813
10-09-2020,480.0,505.0,37500,505.0,481.0,469.9456787109375
11-09-2020,469.4299926757813,485.0400085449219,20700,490.2999877929688,478.1300048828125,467.1416015625
14-09-2020,470.6799926757813,479.9800109863281,19700,486.010009765625,480.989990234375,469.9359130859375
15-09-2020,463.6000061035156,479.6600036621094,23200,482.1900024414063,463.6000061035156,452.945556640625
16-09-2020,451.2200012207031,464.30999755859375,40200,470.2200012207031,458.55999755859375,448.0213623046875
17-09-2020,452.2200012207031,453.1000061035156,14600,460.239990234375,459.4200134277344,448.8616333007813
18-09-2020,448.4599914550781,457.6400146484375,23500,460.6199951171875,457.989990234375,447.4644775390625
21-09-2020,427.6900024414063,445.2699890136719,39200,459.989990234375,459.55999755859375,448.9983825683594
22-09-2020,453.7900085449219,460.55999755859375,29700,464.0,461.0,450.40533447265625
23-09-2020,439.1400146484375,461.0,18000,466.6799926757813,441.7000122070313,431.54888916015625
24-09-2020,441.3399963378906,442.0,11100,462.5199890136719,457.0199890136719,446.5167541503906
25-09-2020,446.4599914550781,454.9400024414063,17100,461.6600036621094,451.0,440.6351318359375
28-09-2020,454.6000061035156,459.2200012207031,13800,464.0,461.4800109863281,450.8743286132813
29-09-2020,439.989990234375,454.9599914550781,19100,454.9599914550781,452.05999755859375,441.6707763671875
30-09-2020,451.55999755859375,452.05999755859375,21100,462.9800109863281,451.55999755859375,441.1822814941406
01-10-2020,440.2200012207031,450.5799865722656,30600,460.0,450.2000122070313,439.85357666015625
02-10-2020,437.010009765625,440.0,18500,453.7099914550781,448.1000061035156,437.8017578125
05-10-2020,450.4700012207031,451.0,11800,459.6400146484375,455.1099853515625,444.6506652832031
06-10-2020,457.2000122070313,461.9800109863281,13700,475.0299987792969,460.2200012207031,449.6432189941406
07-10-2020,458.7099914550781,458.9599914550781,15600,477.6199951171875,472.9800109863281,462.1100158691406
08-10-2020,470.25,478.5499877929688,14900,484.7300109863281,484.7300109863281,473.5899353027344
09-10-2020,462.8399963378906,484.7300109863281,20400,485.0,466.6000061035156,455.8766174316406
12-10-2020,462.0,468.0,14200,475.2900085449219,471.989990234375,461.1427307128906
13-10-2020,457.75,469.8900146484375,8600,472.2099914550781,459.6499938964844,449.0863342285156
14-10-2020,462.6300048828125,466.2200012207031,14300,481.25,465.010009765625,454.3231506347656
15-10-2020,458.1700134277344,461.260009765625,15600,485.1900024414063,481.4200134277344,470.3560180664063
16-10-2020,469.4200134277344,485.0,14300,485.0,469.4200134277344,458.63177490234375
19-10-2020,469.0899963378906,472.989990234375,15300,480.6000061035156,472.0,461.1525268554688
20-10-2020,465.0,472.0,15000,480.0,469.9800109863281,459.178955078125
21-10-2020,462.0,472.0,11600,474.0799865722656,463.0499877929688,452.408203125
22-10-2020,457.6700134277344,464.0499877929688,12600,481.0199890136719,479.1700134277344,468.15771484375
23-10-2020,474.7699890136719,478.5,8600,486.5199890136719,477.9800109863281,466.9950866699219
26-10-2020,463.0,476.7900085449219,16700,476.7900085449219,472.9800109863281,462.1100158691406
27-10-2020,463.2000122070313,475.2000122070313,11400,475.2999877929688,463.2000122070313,452.5547790527344
28-10-2020,440.0,458.010009765625,32600,458.010009765625,449.489990234375,439.1598205566406
29-10-2020,439.0499877929688,447.8900146484375,16300,466.7200012207031,464.6199951171875,453.942138671875
30-10-2020,450.4100036621094,458.8999938964844,14500,465.0,450.4100036621094,440.0587158203125
02-11-2020,457.2000122070313,457.2000122070313,22700,480.0,465.4400024414063,454.7432861328125
03-11-2020,471.0,475.1499938964844,38100,498.010009765625,483.989990234375,472.866943359375
04-11-2020,472.2200012207031,479.55999755859375,9700,481.2099914550781,474.510009765625,463.6048278808594
05-11-2020,470.0499877929688,476.7300109863281,32800,510.7999877929688,506.8299865722656,495.1820373535156
06-11-2020,497.5700073242188,505.0,12500,508.0,497.5799865722656,486.1446228027344
09-11-2020,531.4299926757812,531.5,87900,595.0,574.97998046875,561.7658081054688
10-11-2020,551.5,575.3800048828125,23900,580.0,556.02001953125,543.2416381835938
11-11-2020,540.25,560.3699951171875,23600,564.5,540.25,527.833984375
12-11-2020,530.0,539.4099731445312,13200,548.0,537.219970703125,524.8735961914062
13-11-2020,540.0,540.0,8000,549.8499755859375,549.8499755859375,537.2133178710938
16-11-2020,557.7100219726562,557.7100219726562,18300,579.989990234375,579.989990234375,566.6607055664062
17-11-2020,564.7999877929688,578.0,11700,584.8699951171875,584.8699951171875,571.4285278320312
18-11-2020,574.47998046875,586.989990234375,17500,586.989990234375,579.4000244140625,566.0842895507812
19-11-2020,568.0,574.8900146484375,16400,582.0,574.989990234375,561.7755737304688
20-11-2020,575.0,576.9000244140625,10200,581.6799926757812,577.260009765625,563.993408203125
23-11-2020,584.030029296875,584.030029296875,32000,604.0900268554688,604.0900268554688,590.2068481445312
24-11-2020,605.75,607.5,38700,653.9500122070312,631.5,616.9868774414062
25-11-2020,616.969970703125,634.1599731445312,17200,634.1599731445312,616.969970703125,602.790771484375
27-11-2020,585.0,616.47998046875,18700,620.2899780273438,589.0,575.4635620117188
30-11-2020,585.0,597.6900024414062,18300,618.010009765625,609.9199829101562,595.9028930664062
01-12-2020,601.7100219726562,611.5900268554688,17600,625.969970703125,614.010009765625,599.8988037109375
02-12-2020,609.8400268554688,609.8400268554688,10800,623.0,620.2000122070312,605.9466552734375
03-12-2020,618.3699951171875,624.8300170898438,10000,640.5800170898438,640.52001953125,625.7996826171875
04-12-2020,642.0,642.0,17800,672.0399780273438,669.9600219726562,654.5630493164062
07-12-2020,658.5800170898438,662.0,8600,672.3900146484375,669.3900146484375,654.0060424804688
08-12-2020,664.6500244140625,668.2000122070312,15600,678.7100219726562,672.0,656.5560302734375
09-12-2020,664.97998046875,678.0,17900,687.9099731445312,682.8800048828125,667.1860961914062
10-12-2020,675.2000122070312,675.2000122070312,17200,698.0,693.02001953125,687.1556396484375
11-12-2020,684.5,692.5,9400,694.3400268554688,692.0,686.144287109375
14-12-2020,676.0,694.0,9200,694.0,684.0,678.2119750976562
15-12-2020,684.0,684.0,33600,702.0,700.0,694.0765991210938
16-12-2020,687.52001953125,700.0,31400,719.9000244140625,719.9000244140625,713.8082275390625
17-12-2020,720.3400268554688,725.0,23600,730.0,723.530029296875,717.407470703125
18-12-2020,725.0,728.5700073242188,20100,744.2100219726562,740.6199951171875,734.352783203125
21-12-2020,715.3499755859375,724.7999877929688,41500,750.0,724.5,718.3693237304688
22-12-2020,681.8300170898438,726.989990234375,34600,730.0,700.0,694.0765991210938
23-12-2020,690.4000244140625,701.0,19000,708.0,699.0,693.0850219726562
24-12-2020,684.8099975585938,692.1799926757812,7300,707.7000122070312,692.0,686.144287109375
28-12-2020,684.030029296875,692.0,9700,700.8200073242188,694.0,688.1273193359375
29-12-2020,681.0,695.5,10800,701.3599853515625,686.0599975585938,680.2545776367188
30-12-2020,681.0,681.0,18700,723.489990234375,723.489990234375,717.3677978515625
31-12-2020,714.260009765625,720.260009765625,12500,732.8300170898438,727.0,720.8480834960938
04-01-2021,710.5,723.489990234375,30600,768.3400268554688,756.5599975585938,750.157958984375
05-01-2021,761.0,761.0,62300,834.8499755859375,795.0,788.272705078125
06-01-2021,786.52001953125,790.1799926757812,20600,808.010009765625,793.02001953125,786.3094482421875
07-01-2021,766.530029296875,795.0,29200,807.989990234375,778.6799926757812,772.0908203125
08-01-2021,756.8499755859375,771.2100219726562,41600,806.8099975585938,801.0,794.2218627929688
11-01-2021,796.2000122070312,796.2000122070312,24200,869.5,869.5,862.1422119140625
12-01-2021,856.9500122070312,874.989990234375,39500,883.4400024414062,880.8900146484375,873.4359130859375
13-01-2021,834.2000122070312,887.7899780273438,33200,895.0,834.2000122070312,827.1409912109375
14-01-2021,833.510009765625,837.1400146484375,20400,859.9000244140625,853.969970703125,846.74365234375
15-01-2021,813.760009765625,850.8800048828125,13900,850.8800048828125,840.989990234375,833.87353515625
19-01-2021,823.9500122070312,841.0,12000,850.0,848.8499755859375,841.6669311523438
20-01-2021,833.010009765625,858.8099975585938,16800,858.8099975585938,844.3400268554688,837.1952514648438
21-01-2021,802.469970703125,849.2000122070312,22900,849.2000122070312,810.9099731445312,804.0479736328125
22-01-2021,798.6900024414062,801.8099975585938,20800,840.0,822.2999877929688,815.3416748046875
25-01-2021,801.0499877929688,819.0,10800,832.280029296875,823.989990234375,817.017333984375
26-01-2021,819.1599731445312,828.0,27700,849.719970703125,832.9299926757812,825.8817749023438
27-01-2021,785.0,828.0700073242188,25600,830.0999755859375,806.0999755859375,799.2787475585938
28-01-2021,797.0,797.239990234375,39100,839.9500122070312,835.0,827.9342041015625
29-01-2021,803.0,832.0,45200,848.989990234375,832.239990234375,825.1975708007812
01-02-2021,823.7899780273438,836.0,23600,849.6900024414062,834.0,826.9427490234375
02-02-2021,846.8599853515625,848.0,20400,864.1099853515625,857.9400024414062,850.6801147460938
03-02-2021,856.3599853515625,856.3599853515625,60000,910.0,905.5999755859376,897.9367065429688
04-02-2021,901.6099853515624,906.2000122070312,75100,973.989990234375,961.489990234375,953.3538208007812
05-02-2021,966.4600219726562,987.0,47800,993.0,992.989990234375,984.5872802734376
08-02-2021,986.0599975585938,988.969970703125,47900,1020.0,1020.0,1011.3687133789062
09-02-2021,994.5599975585938,1007.0,61700,1024.93994140625,1011.6799926757812,1003.1190795898438
10-02-2021,1020.0,1020.0,60300,1066.0,1065.93994140625,1056.919921875
11-02-2021,1059.0,1059.4000244140625,42200,1082.9000244140625,1074.97998046875,1065.883544921875
12-02-2021,1061.1199951171875,1076.0,39200,1120.510009765625,1119.780029296875,1110.304443359375
16-02-2021,1119.780029296875,1125.0,66700,1187.4000244140625,1164.22998046875,1154.378173828125
17-02-2021,1138.550048828125,1165.010009765625,51700,1173.1800537109375,1142.8299560546875,1133.1593017578125
18-02-2021,1053.8900146484375,1133.1099853515625,56100,1142.0,1109.8299560546875,1100.4384765625
19-02-2021,1099.280029296875,1121.5400390625,35900,1125.0,1109.0,1099.615478515625
22-02-2021,1089.6500244140625,1096.1300048828125,39800,1143.93994140625,1100.010009765625,1090.70166015625
23-02-2021,1044.0,1098.8299560546875,29600,1120.0,1114.0799560546875,1104.652587890625
24-02-2021,1114.0,1121.97998046875,25500,1165.6600341796875,1143.52001953125,1133.8436279296875
25-02-2021,1107.469970703125,1166.18994140625,37700,1190.0,1111.8699951171875,1102.46142578125
26-02-2021,1037.760009765625,1111.0,29000,1127.8699951171875,1104.0400390625,1094.697509765625
01-03-2021,1077.7900390625,1121.0,19700,1124.93994140625,1107.780029296875,1098.4061279296875
02-03-2021,1095.760009765625,1109.0,23300,1129.1700439453125,1098.3199462890625,1089.02587890625
03-03-2021,1101.0,1101.0,34800,1185.0,1157.199951171875,1147.40771484375
04-03-2021,1148.6099853515625,1176.5,61700,1209.8199462890625,1175.02001953125,1165.076904296875
05-03-2021,1172.47998046875,1190.0,54600,1217.949951171875,1200.0,1192.6368408203125
08-03-2021,1188.06005859375,1200.0,80100,1272.300048828125,1258.0,1250.281005859375
09-03-2021,1238.8299560546875,1247.8399658203125,85700,1316.8900146484375,1282.22998046875,1274.3623046875
10-03-2021,1276.699951171875,1300.0,85700,1382.030029296875,1359.3699951171875,1351.02880859375
11-03-2021,1369.1300048828125,1369.9000244140625,81500,1433.8699951171875,1414.949951171875,1406.267822265625
12-03-2021,1417.239990234375,1428.5,87900,1498.18994140625,1437.0,1428.1824951171875
15-03-2021,1440.0,1440.0,167700,1593.47998046875,1557.9200439453125,1548.3607177734375
16-03-2021,1481.4100341796875,1542.0,133400,1652.1800537109375,1553.719970703125,1544.186279296875
17-03-2021,1564.050048828125,1580.0,213500,1710.5,1703.780029296875,1693.3255615234375
18-03-2021,1510.52001953125,1704.4000244140625,191100,1704.4000244140625,1541.3399658203125,1531.88232421875
19-03-2021,1472.77001953125,1531.9300537109375,609700,1699.989990234375,1675.449951171875,1665.16943359375
22-03-2021,1564.22998046875,1650.3299560546875,171000,1684.219970703125,1583.52001953125,1573.803466796875
23-03-2021,1380.260009765625,1525.0,197400,1547.469970703125,1426.31005859375,1417.5582275390625
24-03-2021,1441.8299560546875,1443.050048828125,57000,1522.530029296875,1486.4000244140625,1477.2794189453125
25-03-2021,1426.6199951171875,1452.8900146484375,46400,1539.9200439453125,1532.010009765625,1522.609619140625
26-03-2021,1504.8800048828125,1535.0,49900,1584.989990234375,1578.0,1568.3173828125
29-03-2021,1476.1600341796875,1565.0,50700,1590.0,1476.3399658203125,1467.2811279296875
30-03-2021,1476.199951171875,1498.989990234375,49400,1570.3499755859375,1544.0,1534.5260009765625
31-03-2021,1553.199951171875,1553.199951171875,63900,1614.6099853515625,1589.4300537109375,1579.67724609375
01-04-2021,1531.760009765625,1580.0799560546875,59100,1633.52001953125,1600.0,1590.182373046875
05-04-2021,1559.239990234375,1608.0,53900,1608.0,1587.989990234375,1578.2459716796875
06-04-2021,1588.0999755859375,1588.0999755859375,49300,1653.4200439453125,1595.489990234375,1585.7000732421875
07-04-2021,1597.8499755859375,1602.68994140625,44700,1635.5699462890625,1612.5699462890625,1602.6751708984375
08-04-2021,1576.1099853515625,1601.3599853515625,39400,1637.4300537109375,1610.2900390625,1600.4093017578125
09-04-2021,1575.0699462890625,1590.72998046875,45000,1618.31005859375,1598.18994140625,1588.3834228515625
12-04-2021,1583.050048828125,1604.0899658203125,51400,1642.6500244140625,1598.3800048828125,1588.5723876953125
13-04-2021,1535.1700439453125,1605.9000244140625,55000,1618.0,1540.6400146484375,1531.1866455078125
14-04-2021,1543.0,1543.0,33000,1635.0,1613.0,1603.1025390625
15-04-2021,1557.0,1627.0999755859375,30900,1627.0999755859375,1574.1800537109375,1564.5208740234375
16-04-2021,1545.010009765625,1575.3900146484375,18000,1583.0699462890625,1580.0,1570.3050537109375
19-04-2021,1530.5,1558.199951171875,37900,1590.1700439453125,1546.0,1536.5137939453125
20-04-2021,1447.5400390625,1529.0,42600,1537.199951171875,1467.6600341796875,1458.6544189453125
21-04-2021,1437.2099609375,1450.1400146484375,63300,1490.0,1456.6500244140625,1447.7120361328125
22-04-2021,1457.97998046875,1460.0999755859375,32000,1507.550048828125,1467.0,1457.99853515625
23-04-2021,1472.6800537109375,1488.0,34300,1528.52001953125,1472.6800537109375,1463.6436767578125
26-04-2021,1483.219970703125,1487.3399658203125,41300,1586.4599609375,1576.02001953125,1566.349609375
27-04-2021,1568.3900146484375,1589.989990234375,55800,1620.1700439453125,1604.510009765625,1594.664794921875
28-04-2021,1605.260009765625,1615.0,83500,1666.0999755859375,1658.2900390625,1648.11474609375
29-04-2021,1575.010009765625,1651.9100341796875,94300,1675.010009765625,1575.010009765625,1565.345703125
30-04-2021,1540.1500244140625,1568.0,61800,1620.0999755859375,1540.1500244140625,1530.6995849609375
03-05-2021,1542.449951171875,1575.2099609375,42100,1619.02001953125,1608.72998046875,1598.8587646484375
04-05-2021,1575.0999755859375,1608.2099609375,33100,1644.8800048828125,1637.949951171875,1627.8994140625
05-05-2021,1638.260009765625,1650.0,43400,1713.0,1701.8599853515625,1691.417236328125
06-05-2021,1604.0,1689.9200439453125,58900,1700.97998046875,1607.8800048828125,1598.01416015625
07-05-2021,1593.8699951171875,1624.0,65000,1753.25,1753.25,1742.4920654296875
10-05-2021,1716.43994140625,1750.0,27100,1773.949951171875,1750.5699462890625,1739.828369140625
11-05-2021,1695.0,1715.4000244140625,32100,1757.030029296875,1727.97998046875,1717.376953125
12-05-2021,1676.0,1716.949951171875,33500,1768.7900390625,1688.8299560546875,1678.46728515625
13-05-2021,1609.81005859375,1673.800048828125,28500,1738.4300537109375,1657.239990234375,1647.0711669921875
14-05-2021,1675.1199951171875,1675.469970703125,24500,1714.780029296875,1688.1700439453125,1677.8114013671875
17-05-2021,1640.0,1670.719970703125,47300,1674.989990234375,1650.0,1639.87548828125
18-05-2021,1557.719970703125,1649.4000244140625,55500,1649.4000244140625,1571.800048828125,1562.155517578125
19-05-2021,1487.0,1541.4000244140625,64100,1541.4000244140625,1514.7099609375,1505.415771484375
20-05-2021,1527.3599853515625,1538.25,36700,1583.800048828125,1550.0,1540.4892578125
21-05-2021,1538.0,1577.43994140625,58700,1595.6700439453125,1540.0,1530.550537109375
24-05-2021,1494.3299560546875,1540.0,72500,1550.0,1506.43994140625,1497.1964111328125
25-05-2021,1480.97998046875,1522.489990234375,56600,1522.489990234375,1486.1199951171875,1477.0010986328125
26-05-2021,1459.530029296875,1499.8499755859375,77300,1506.949951171875,1468.5,1459.4892578125
27-05-2021,1440.530029296875,1456.0,99800,1482.02001953125,1465.699951171875,1456.7064208984375
28-05-2021,1449.1400146484375,1474.0,56100,1502.989990234375,1453.1199951171875,1444.20361328125
01-06-2021,1469.7900390625,1477.8599853515625,71000,1507.1400146484375,1499.0400390625,1489.841796875
02-06-2021,1478.2099609375,1489.5899658203125,51500,1516.8199462890625,1490.6199951171875,1481.4735107421875
03-06-2021,1470.0,1470.9000244140625,35000,1500.0999755859375,1470.0,1460.9801025390625
04-06-2021,1468.8599853515625,1484.68994140625,48900,1493.3599853515625,1486.3399658203125,1477.2197265625
07-06-2021,1486.0,1486.0,56900,1514.800048828125,1507.0,1500.529296875
08-06-2021,1499.239990234375,1506.4200439453125,78300,1544.800048828125,1532.8299560546875,1526.2484130859375
09-06-2021,1509.239990234375,1527.0,32900,1538.0899658203125,1522.0,1515.4649658203125
10-06-2021,1489.800048828125,1519.1099853515625,39500,1533.949951171875,1491.989990234375,1485.583740234375
11-06-2021,1503.6099853515625,1504.739990234375,43400,1535.0,1530.0,1523.4305419921875
14-06-2021,1494.0,1531.75,48700,1553.760009765625,1498.0,1491.56787109375
15-06-2021,1503.5999755859375,1503.5999755859375,55400,1559.780029296875,1539.5,1532.8897705078125
16-06-2021,1532.800048828125,1540.5699462890625,58000,1577.989990234375,1564.0,1557.2845458984375
17-06-2021,1473.1300048828125,1568.0,68200,1584.4000244140625,1509.8699951171875,1503.386962890625
18-06-2021,1482.2099609375,1482.2099609375,109800,1536.0,1516.9200439453125,1510.40673828125
21-06-2021,1519.8399658203125,1519.8399658203125,51400,1600.0,1593.449951171875,1586.6080322265625
22-06-2021,1584.0400390625,1595.0,49400,1613.7099609375,1590.0,1583.1728515625
23-06-2021,1586.7900390625,1592.8299560546875,43100,1624.5400390625,1607.8800048828125,1600.9761962890625
24-06-2021,1565.06005859375,1615.780029296875,68300,1647.030029296875,1579.719970703125,1572.93701171875
25-06-2021,1563.6300048828125,1588.699951171875,393100,1604.969970703125,1576.0899658203125,1569.322509765625
28-06-2021,1530.6800537109375,1560.1099853515625,24600,1568.8199462890625,1552.93994140625,1546.27197265625
29-06-2021,1548.3599853515625,1564.9000244140625,24400,1583.1300048828125,1560.6500244140625,1553.948974609375
30-06-2021,1553.3399658203125,1588.0,39900,1603.31005859375,1599.739990234375,1592.87109375
01-07-2021,1593.47998046875,1622.0,52700,1635.219970703125,1615.8399658203125,1608.9019775390625
02-07-2021,1584.010009765625,1619.9000244140625,21100,1619.9000244140625,1593.0,1586.1600341796875
06-07-2021,1540.5999755859375,1599.8199462890625,35900,1599.8199462890625,1549.1099853515625,1542.4583740234375
07-07-2021,1473.3399658203125,1547.5,41900,1547.5,1479.3299560546875,1472.97802734375
08-07-2021,1426.9599609375,1454.1800537109375,60700,1470.52001953125,1460.0699462890625,1453.80078125
09-07-2021,1469.949951171875,1487.5699462890625,41000,1511.0,1509.8800048828125,1503.39697265625
12-07-2021,1496.31005859375,1505.0,30200,1553.0,1545.68994140625,1539.0531005859375
13-07-2021,1525.300048828125,1552.8399658203125,28000,1552.8399658203125,1528.050048828125,1521.489013671875
14-07-2021,1466.280029296875,1550.0,31400,1550.0,1477.6500244140625,1471.3052978515625
15-07-2021,1430.0,1451.0,28800,1477.0999755859375,1453.2900390625,1447.050048828125
16-07-2021,1409.739990234375,1470.5,24600,1470.5,1415.699951171875,1409.621337890625
19-07-2021,1349.1099853515625,1370.18994140625,45600,1413.9100341796875,1398.3399658203125,1392.3358154296875
20-07-2021,1410.0,1413.739990234375,58000,1513.1500244140625,1491.5699462890625,1485.16552734375
21-07-2021,1499.7900390625,1499.7900390625,26900,1544.0,1524.0400390625,1517.49609375
22-07-2021,1488.5,1520.0,12800,1523.300048828125,1508.6800537109375,1502.2021484375
23-07-2021,1482.530029296875,1502.8699951171875,21500,1528.6400146484375,1499.989990234375,1493.5494384765625
26-07-2021,1482.93994140625,1485.18994140625,18100,1524.949951171875,1496.199951171875,1489.775634765625
27-07-2021,1432.989990234375,1488.800048828125,25600,1488.800048828125,1443.02001953125,1436.8240966796875
28-07-2021,1450.0,1450.0,25200,1494.010009765625,1483.0699462890625,1476.7020263671875
29-07-2021,1455.0799560546875,1490.0,37900,1492.5999755859375,1462.989990234375,1456.708251953125
30-07-2021,1449.989990234375,1457.199951171875,29200,1492.6500244140625,1492.550048828125,1486.1414794921875
02-08-2021,1472.0999755859375,1493.989990234375,26500,1515.0400390625,1478.8499755859375,1472.5001220703125
03-08-2021,1449.72998046875,1467.699951171875,23400,1500.0,1485.0,1478.623779296875
04-08-2021,1446.1300048828125,1470.0,18100,1479.699951171875,1446.1300048828125,1439.920654296875
05-08-2021,1466.4000244140625,1486.77001953125,12300,1486.77001953125,1469.3199462890625,1463.0111083984375
06-08-2021,1470.1199951171875,1490.0,15900,1492.3599853515625,1479.81005859375,1473.4561767578125
09-08-2021,1463.0999755859375,1463.0999755859375,18400,1499.949951171875,1486.199951171875,1479.818603515625
10-08-2021,1480.1400146484375,1487.9000244140625,14800,1512.260009765625,1504.989990234375,1498.5279541015625
11-08-2021,1467.530029296875,1491.0999755859375,12800,1495.989990234375,1491.3800048828125,1484.976318359375
12-08-2021,1483.6800537109375,1483.6800537109375,9800,1508.550048828125,1508.550048828125,1502.0726318359375
13-08-2021,1482.0400390625,1506.3699951171875,12100,1506.4000244140625,1483.3900146484375,1477.0206298828125
16-08-2021,1449.1600341796875,1463.260009765625,20300,1476.77001953125,1449.1600341796875,1442.9376220703125
17-08-2021,1414.1400146484375,1435.0,14100,1447.5400390625,1425.1300048828125,1419.0108642578125
18-08-2021,1369.1700439453125,1430.1500244140625,22300,1430.1500244140625,1369.5,1363.61962890625
19-08-2021,1301.31005859375,1339.1400146484375,41600,1350.199951171875,1324.25,1318.56396484375
20-08-2021,1322.0,1322.0,12800,1346.699951171875,1332.6400146484375,1326.91796875
23-08-2021,1353.22998046875,1361.699951171875,39200,1386.25,1364.0,1358.1431884765625
24-08-2021,1368.800048828125,1368.800048828125,20400,1404.949951171875,1392.4300537109375,1386.4512939453125
25-08-2021,1388.3499755859375,1388.3499755859375,27100,1430.75,1416.9200439453125,1410.8360595703125
26-08-2021,1380.5999755859375,1430.3199462890625,20700,1433.5,1381.02001953125,1375.0902099609375
27-08-2021,1386.1500244140625,1386.1500244140625,16600,1440.6400146484375,1415.0,1408.92431640625
30-08-2021,1415.4100341796875,1432.469970703125,10600,1438.3199462890625,1415.4100341796875,1409.3326416015625
31-08-2021,1352.4100341796875,1397.22998046875,30100,1397.22998046875,1359.739990234375,1353.9014892578125
01-09-2021,1329.2900390625,1359.739990234375,22900,1361.699951171875,1354.8499755859375,1349.0325927734375
02-09-2021,1314.530029296875,1356.2099609375,54800,1397.010009765625,1327.8599853515625,1322.158447265625
03-09-2021,1287.3399658203125,1321.0999755859375,20300,1333.0,1295.8800048828125,1290.3157958984375
07-09-2021,1207.5,1277.6700439453125,60600,1280.550048828125,1218.780029296875,1216.1275634765625
08-09-2021,1200.0,1220.0,40400,1239.1700439453125,1225.0799560546875,1222.413818359375
09-09-2021,1216.1600341796875,1223.0,31900,1264.699951171875,1226.760009765625,1224.0902099609375
10-09-2021,1210.0899658203125,1239.22998046875,21100,1239.22998046875,1221.010009765625,1218.352783203125
13-09-2021,1219.550048828125,1240.0,38400,1252.31005859375,1242.469970703125,1239.7659912109375
14-09-2021,1214.1600341796875,1254.550048828125,33500,1254.550048828125,1215.0899658203125,1212.445556640625
15-09-2021,1218.199951171875,1218.199951171875,34900,1268.3599853515625,1252.6199951171875,1249.8939208984375
16-09-2021,1217.8199462890625,1247.989990234375,38500,1254.77001953125,1242.5899658203125,1239.8857421875
17-09-2021,1212.72998046875,1242.300048828125,243800,1300.4000244140625,1300.4000244140625,1297.5699462890625
20-09-2021,1224.02001953125,1270.4300537109375,46300,1284.489990234375,1243.06005859375,1240.3548583984375
21-09-2021,1227.3199462890625,1260.5699462890625,23200,1260.5699462890625,1250.8800048828125,1248.15771484375
22-09-2021,1255.1099853515625,1261.010009765625,30900,1284.81005859375,1267.2900390625,1264.5321044921875
23-09-2021,1285.2099609375,1285.2099609375,25300,1326.010009765625,1307.0400390625,1304.195556640625
24-09-2021,1286.949951171875,1294.2099609375,22100,1314.6199951171875,1301.52001953125,1298.6875
27-09-2021,1318.0,1318.0,32900,1372.8699951171875,1367.0,1364.0250244140625
28-09-2021,1313.8900146484375,1366.6400146484375,30200,1366.6400146484375,1336.4000244140625,1333.4915771484375
29-09-2021,1218.8699951171875,1320.0,45500,1320.0,1240.5999755859375,1237.9000244140625
30-09-2021,1187.9000244140625,1244.0,45500,1244.0,1209.3599853515625,1206.72802734375
01-10-2021,1168.510009765625,1217.47998046875,37300,1217.47998046875,1173.010009765625,1170.4571533203125
04-10-2021,1124.760009765625,1186.9000244140625,45500,1201.3499755859375,1151.7900390625,1149.283447265625
05-10-2021,1132.010009765625,1152.0999755859375,45200,1189.3800048828125,1185.0,1182.421142578125
06-10-2021,1139.010009765625,1167.31005859375,31900,1185.3599853515625,1162.3299560546875,1159.8004150390625
07-10-2021,1138.0,1169.5999755859375,46200,1185.8800048828125,1185.8800048828125,1183.2991943359375
08-10-2021,1189.97998046875,1194.3800048828125,26900,1235.5,1213.43994140625,1210.7991943359375
11-10-2021,1185.0999755859375,1222.6099853515625,21000,1244.4000244140625,1198.010009765625,1195.40283203125
12-10-2021,1172.739990234375,1198.0,16900,1200.0,1179.81005859375,1177.242431640625
13-10-2021,1159.8900146484375,1167.1600341796875,23200,1204.050048828125,1194.8399658203125,1192.2396240234375
14-10-2021,1197.4200439453125,1215.530029296875,16100,1230.0,1214.81005859375,1212.166259765625
15-10-2021,1209.719970703125,1227.5999755859375,19100,1227.5999755859375,1222.3599853515625,1219.6998291015625
18-10-2021,1218.0,1230.0,12600,1230.0,1225.0,1222.3341064453125
19-10-2021,1226.760009765625,1230.0,18500,1257.68994140625,1252.3699951171875,1249.64453125
20-10-2021,1246.4599609375,1246.4599609375,11700,1270.9200439453125,1270.9200439453125,1268.1541748046875
21-10-2021,1231.1199951171875,1269.22998046875,14700,1269.22998046875,1241.030029296875,1238.3292236328125
22-10-2021,1238.0400390625,1243.199951171875,14000,1275.3499755859375,1265.97998046875,1263.224853515625
25-10-2021,1280.3399658203125,1280.550048828125,15800,1329.4000244140625,1293.77001953125,1290.9544677734375
26-10-2021,1280.56005859375,1290.199951171875,19800,1310.0,1301.489990234375,1298.6575927734375
27-10-2021,1239.300048828125,1295.300048828125,30600,1296.3199462890625,1242.9000244140625,1240.195068359375
28-10-2021,1242.3199462890625,1242.3199462890625,11400,1266.1300048828125,1262.5899658203125,1259.8421630859375
29-10-2021,1245.0,1263.010009765625,12400,1274.739990234375,1273.6700439453125,1270.898193359375
01-11-2021,1275.969970703125,1290.52001953125,17700,1323.9300537109375,1313.300048828125,1310.44189453125
02-11-2021,1280.06005859375,1298.6600341796875,18100,1324.0,1287.1400146484375,1284.3388671875
03-11-2021,1268.47998046875,1268.47998046875,12800,1287.800048828125,1274.0,1271.2274169921875
04-11-2021,1227.75,1282.300048828125,18200,1290.0,1239.8299560546875,1237.1317138671875
05-11-2021,1278.0,1278.0,29500,1379.3599853515625,1367.5699462890625,1364.59375
08-11-2021,1371.3800048828125,1371.3800048828125,25500,1400.0,1385.4200439453125,1382.405029296875
09-11-2021,1377.8499755859375,1393.3199462890625,24000,1421.5699462890625,1421.5699462890625,1418.4761962890625
10-11-2021,1328.0,1399.6500244140625,21400,1417.52001953125,1339.9000244140625,1336.9840087890625
11-11-2021,1328.050048828125,1345.0,19800,1355.010009765625,1340.010009765625,1337.09375
12-11-2021,1285.9599609375,1338.699951171875,16600,1338.699951171875,1296.530029296875,1293.7083740234375
15-11-2021,1270.0,1300.75,16700,1300.75,1295.1300048828125,1292.3114013671875
16-11-2021,1269.8399658203125,1269.8399658203125,19200,1303.1800537109375,1296.3399658203125,1293.518798828125
17-11-2021,1252.800048828125,1279.8199462890625,21600,1279.8199462890625,1258.02001953125,1255.2822265625
18-11-2021,1260.02001953125,1269.31005859375,17300,1290.3499755859375,1280.4300537109375,1277.6434326171875
19-11-2021,1240.0,1255.72998046875,25600,1270.0,1245.9100341796875,1243.1986083984375
22-11-2021,1253.800048828125,1268.0,15300,1281.4000244140625,1253.800048828125,1251.0714111328125
23-11-2021,1260.0799560546875,1270.0999755859375,28300,1301.199951171875,1297.93994140625,1295.115234375
24-11-2021,1292.9000244140625,1297.93994140625,15600,1323.1199951171875,1307.47998046875,1304.634521484375
26-11-2021,1201.0,1247.699951171875,21800,1252.1700439453125,1242.989990234375,1240.284912109375
29-11-2021,1243.300048828125,1279.1700439453125,27700,1279.1700439453125,1263.010009765625,1260.2613525390625
30-11-2021,1207.77001953125,1235.7099609375,46000,1242.050048828125,1208.77001953125,1206.139404296875
01-12-2021,1179.800048828125,1242.68994140625,24800,1250.0,1180.489990234375,1177.9208984375
02-12-2021,1178.97998046875,1182.6600341796875,35500,1223.0400390625,1219.469970703125,1216.8160400390625
03-12-2021,1205.6600341796875,1235.25,24800,1235.25,1205.6600341796875,1203.0361328125
06-12-2021,1211.0,1229.8900146484375,37900,1271.010009765625,1263.6099853515625,1260.8599853515625
07-12-2021,1296.199951171875,1298.0999755859375,36300,1340.25,1324.6800537109375,1324.6800537109375
08-12-2021,1285.5999755859375,1312.949951171875,25500,1323.0799560546875,1288.1600341796875,1288.1600341796875
09-12-2021,1244.760009765625,1270.949951171875,21700,1282.1199951171875,1266.3399658203125,1266.3399658203125
10-12-2021,1241.530029296875,1275.0,22200,1275.0,1267.9599609375,1267.9599609375
13-12-2021,1245.47998046875,1264.7900390625,27900,1272.3800048828125,1245.47998046875,1245.47998046875
14-12-2021,1218.530029296875,1229.300048828125,27400,1252.5400390625,1231.0799560546875,1231.0799560546875
15-12-2021,1195.0,1223.530029296875,32300,1237.0,1236.3399658203125,1236.3399658203125
16-12-2021,1220.81005859375,1250.0,28400,1294.780029296875,1234.5,1234.5
17-12-2021,1195.0,1216.7900390625,94800,1222.4200439453125,1206.72998046875,1206.72998046875
20-12-2021,1170.1700439453125,1187.989990234375,28400,1214.300048828125,1209.93994140625,1209.93994140625
21-12-2021,1221.6400146484375,1221.6400146484375,27500,1265.3599853515625,1261.3699951171875,1261.3699951171875
22-12-2021,1225.0,1257.6800537109375,17000,1264.1099853515625,1229.800048828125,1229.800048828125
23-12-2021,1230.0,1238.0,18500,1242.4100341796875,1239.5699462890625,1239.5699462890625
27-12-2021,1225.199951171875,1242.0699462890625,14400,1286.9300537109375,1283.5799560546875,1283.5799560546875
28-12-2021,1256.449951171875,1280.1099853515625,21000,1300.0,1263.2099609375,1263.2099609375
29-12-2021,1240.0,1274.6600341796875,17200,1274.6600341796875,1251.75,1251.75
30-12-2021,1241.27001953125,1246.1600341796875,17200,1270.780029296875,1245.97998046875,1245.97998046875
31-12-2021,1227.2900390625,1246.050048828125,17600,1259.4000244140625,1248.8699951171875,1248.8699951171875
03-01-2022,1241.050048828125,1241.050048828125,24200,1275.4000244140625,1274.1400146484375,1274.1400146484375
04-01-2022,1276.510009765625,1288.0999755859375,17800,1303.949951171875,1292.969970703125,1292.969970703125
05-01-2022,1249.97998046875,1298.0,31100,1317.0,1257.0899658203125,1257.0899658203125
06-01-2022,1234.489990234375,1265.8399658203125,26600,1294.3499755859375,1257.9100341796875,1257.9100341796875
07-01-2022,1252.300048828125,1270.18994140625,24800,1270.18994140625,1260.0999755859375,1260.0999755859375
10-01-2022,1200.0,1260.5,29700,1260.5,1213.0699462890625,1213.0699462890625
11-01-2022,1213.030029296875,1225.0,51900,1243.3900146484375,1221.5999755859375,1221.5999755859375
12-01-2022,1211.9200439453125,1242.6600341796875,21600,1242.6600341796875,1223.969970703125,1223.969970703125
13-01-2022,1123.4200439453125,1227.8299560546875,56900,1227.8299560546875,1127.8800048828125,1127.8800048828125
14-01-2022,1080.449951171875,1119.56005859375,51800,1141.75,1111.77001953125,1111.77001953125
18-01-2022,1052.0699462890625,1128.0,35000,1128.0,1067.4000244140625,1067.4000244140625
19-01-2022,1055.6099853515625,1085.949951171875,35200,1090.43994140625,1059.4599609375,1059.4599609375
20-01-2022,1005.9000244140624,1068.0899658203125,29600,1068.0899658203125,1010.760009765625,1010.760009765625
21-01-2022,992.1500244140624,1004.27001953125,47900,1031.0,1003.3499755859376,1003.3499755859376
24-01-2022,946.2899780273438,992.6699829101562,35400,1049.9000244140625,1039.27001953125,1039.27001953125
25-01-2022,1005.0,1022.0,30900,1073.6300048828125,1044.449951171875,1044.449951171875
26-01-2022,1012.6699829101562,1070.739990234375,19800,1094.43994140625,1023.9199829101562,1023.9199829101562
27-01-2022,995.0,1034.22998046875,25900,1035.0899658203125,1007.75,1007.75
28-01-2022,1005.0,1013.760009765625,18600,1046.449951171875,1034.8399658203125,1034.8399658203125
31-01-2022,1034.0,1034.0,22200,1075.0,1075.0,1075.0
01-02-2022,1061.4300537109375,1074.699951171875,32400,1129.8599853515625,1122.260009765625,1122.260009765625
02-02-2022,1094.0,1132.81005859375,22100,1132.81005859375,1114.4000244140625,1114.4000244140625
03-02-2022,1066.5999755859375,1099.1800537109375,14800,1105.5400390625,1090.31005859375,1090.31005859375
04-02-2022,1073.8199462890625,1093.0400390625,17000,1135.969970703125,1092.8299560546875,1092.8299560546875
07-02-2022,1060.239990234375,1072.1099853515625,26200,1094.5899658203125,1076.3399658203125,1076.3399658203125
08-02-2022,1054.75,1068.0,23500,1084.780029296875,1063.469970703125,1063.469970703125
09-02-2022,1058.4300537109375,1062.3599853515625,22000,1082.300048828125,1066.9200439453125,1066.9200439453125
10-02-2022,1052.8599853515625,1052.8599853515625,24100,1100.0,1076.18994140625,1076.18994140625
11-02-2022,1080.0,1080.0,21500,1111.06005859375,1105.449951171875,1105.449951171875
14-02-2022,1052.010009765625,1103.0899658203125,19100,1117.030029296875,1060.010009765625,1060.010009765625
15-02-2022,1024.5400390625,1060.0699462890625,18200,1060.0699462890625,1034.1500244140625,1034.1500244140625
16-02-2022,1015.4199829101562,1046.3299560546875,15900,1057.989990234375,1020.3800048828124,1020.3800048828124
17-02-2022,1004.780029296875,1027.719970703125,18600,1030.0,1004.780029296875,1004.780029296875
18-02-2022,987.8800048828124,1000.0,25100,1012.0,1005.6799926757812,1005.6799926757812
22-02-2022,986.010009765625,1044.47998046875,25900,1044.47998046875,999.239990234375,999.239990234375
23-02-2022,990.0,1004.4099731445312,26600,1014.02001953125,1012.0999755859376,1012.0999755859376
24-02-2022,990.510009765625,1012.0,42500,1100.77001953125,1098.300048828125,1098.300048828125
25-02-2022,1050.1500244140625,1121.8699951171875,31300,1121.8699951171875,1065.9000244140625,1065.9000244140625
28-02-2022,1077.02001953125,1077.02001953125,61200,1200.0,1188.72998046875,1188.72998046875
01-03-2022,1172.0,1200.0,45700,1236.800048828125,1205.68994140625,1205.68994140625
02-03-2022,1231.22998046875,1231.22998046875,41600,1282.5999755859375,1242.75,1242.75
03-03-2022,1197.6199951171875,1228.0999755859375,29800,1244.1500244140625,1227.25,1227.25
04-03-2022,1234.72998046875,1234.72998046875,35200,1319.030029296875,1299.1500244140625,1299.1500244140625
07-03-2022,1253.0,1305.1800537109375,34100,1339.0,1286.77001953125,1286.77001953125
08-03-2022,1261.0699462890625,1305.6800537109375,40600,1350.0,1285.4200439453125,1285.4200439453125
09-03-2022,1246.9000244140625,1256.3599853515625,27400,1286.0,1285.969970703125,1285.969970703125
10-03-2022,1277.199951171875,1297.739990234375,28300,1328.9100341796875,1293.2099609375,1293.2099609375
11-03-2022,1297.75,1302.1099853515625,30500,1343.280029296875,1316.1199951171875,1316.1199951171875
14-03-2022,1264.6300048828125,1313.1700439453125,32000,1347.989990234375,1284.0899658203125,1284.0899658203125
15-03-2022,1243.0,1268.1700439453125,56000,1268.1700439453125,1243.18994140625,1243.18994140625
16-03-2022,1240.68994140625,1240.68994140625,44200,1307.5,1274.6700439453125,1274.6700439453125
17-03-2022,1289.469970703125,1292.3399658203125,36500,1360.0,1355.5,1355.5
18-03-2022,1321.4599609375,1345.239990234375,96000,1372.5,1348.449951171875,1348.449951171875
21-03-2022,1360.0,1360.0,46400,1403.0,1395.739990234375,1395.739990234375
22-03-2022,1381.97998046875,1396.5,31000,1406.800048828125,1389.550048828125,1389.550048828125
23-03-2022,1380.5400390625,1400.0,23300,1424.949951171875,1420.010009765625,1420.010009765625
24-03-2022,1399.0,1414.0,19200,1430.0,1411.9100341796875,1411.9100341796875
25-03-2022,1399.0,1400.52001953125,35500,1455.75,1454.5,1454.5
28-03-2022,1381.4000244140625,1425.9000244140625,24500,1425.9000244140625,1401.9000244140625,1401.9000244140625
29-03-2022,1383.2900390625,1393.47998046875,24600,1430.969970703125,1430.969970703125,1430.969970703125
30-03-2022,1432.6500244140625,1433.0,30300,1456.0400390625,1450.3499755859375,1450.3499755859375
31-03-2022,1341.260009765625,1449.800048828125,59300,1458.4200439453125,1352.1099853515625,1352.1099853515625
01-04-2022,1340.989990234375,1346.300048828125,31100,1427.3599853515625,1421.3599853515625,1421.3599853515625
04-04-2022,1421.469970703125,1450.0,44800,1483.0,1479.300048828125,1479.300048828125
05-04-2022,1417.72998046875,1490.0,52300,1495.0,1417.72998046875,1417.72998046875
06-04-2022,1371.0,1380.02001953125,32500,1423.8499755859375,1413.75,1413.75
07-04-2022,1401.0,1430.8900146484375,24300,1442.219970703125,1430.760009765625,1430.760009765625
08-04-2022,1417.699951171875,1440.300048828125,17500,1440.300048828125,1426.300048828125,1426.300048828125
11-04-2022,1374.739990234375,1403.52001953125,28300,1420.0,1390.8299560546875,1390.8299560546875
12-04-2022,1401.77001953125,1413.8499755859375,28100,1440.5,1406.5699462890625,1406.5699462890625
13-04-2022,1412.18994140625,1415.18994140625,20700,1459.6500244140625,1458.550048828125,1458.550048828125
14-04-2022,1447.5699462890625,1447.5699462890625,22400,1479.68994140625,1462.25,1462.25
18-04-2022,1471.0,1471.0,27400,1505.0,1488.81005859375,1488.81005859375
19-04-2022,1464.7900390625,1498.989990234375,19200,1499.97998046875,1478.5,1478.5
20-04-2022,1477.239990234375,1496.989990234375,21000,1514.949951171875,1506.2900390625,1506.2900390625
21-04-2022,1432.760009765625,1520.989990234375,15200,1520.989990234375,1432.760009765625,1432.760009765625
22-04-2022,1370.0,1415.2099609375,25900,1430.989990234375,1378.3299560546875,1378.3299560546875
25-04-2022,1310.0,1340.0,29800,1378.0799560546875,1371.56005859375,1371.56005859375
26-04-2022,1330.0899658203125,1349.0,18500,1388.8900146484375,1334.1600341796875,1334.1600341796875
27-04-2022,1312.1099853515625,1327.6199951171875,16000,1356.010009765625,1332.6300048828125,1332.6300048828125
28-04-2022,1318.0,1353.47998046875,16200,1395.9300537109375,1375.97998046875,1375.97998046875
29-04-2022,1362.3900146484375,1387.3199462890625,20800,1405.3199462890625,1366.5999755859375,1366.5999755859375
02-05-2022,1311.7900390625,1357.3699951171875,23600,1368.4599609375,1357.52001953125,1357.52001953125
03-05-2022,1365.4000244140625,1379.4200439453125,22700,1393.239990234375,1380.1400146484375,1380.1400146484375
04-05-2022,1349.2900390625,1401.050048828125,32300,1431.760009765625,1424.9100341796875,1424.9100341796875
05-05-2022,1355.699951171875,1355.699951171875,23800,1406.75,1404.1500244140625,1404.1500244140625
06-05-2022,1356.3699951171875,1405.0,22100,1423.8399658203125,1423.8399658203125,1423.8399658203125
09-05-2022,1290.0,1387.0,28400,1387.0,1296.989990234375,1296.989990234375
10-05-2022,1280.0,1309.0,26700,1341.5699462890625,1315.9100341796875,1315.9100341796875
11-05-2022,1266.31005859375,1329.31005859375,23100,1355.300048828125,1275.6700439453125,1275.6700439453125
12-05-2022,1250.010009765625,1283.1199951171875,32700,1305.989990234375,1295.68994140625,1295.68994140625
13-05-2022,1317.3699951171875,1320.0,19800,1357.530029296875,1351.9300537109375,1351.9300537109375
16-05-2022,1350.010009765625,1350.010009765625,18200,1375.0,1369.3199462890625,1369.3199462890625
17-05-2022,1363.6700439453125,1376.3299560546875,19600,1406.3299560546875,1398.9100341796875,1398.9100341796875
18-05-2022,1340.0,1399.0,23500,1399.0,1354.239990234375,1354.239990234375
19-05-2022,1331.5899658203125,1358.5400390625,26700,1375.5400390625,1356.47998046875,1356.47998046875
20-05-2022,1340.3900146484375,1358.2900390625,13700,1372.3599853515625,1372.300048828125,1372.300048828125
23-05-2022,1381.010009765625,1397.6800537109375,16500,1412.27001953125,1406.52001953125,1406.52001953125
24-05-2022,1374.8399658203125,1388.02001953125,17100,1426.6700439453125,1426.6700439453125,1426.6700439453125
25-05-2022,1439.989990234375,1440.0,22200,1492.300048828125,1486.8399658203125,1486.8399658203125
26-05-2022,1485.31005859375,1485.31005859375,19600,1533.489990234375,1526.949951171875,1526.949951171875
27-05-2022,1535.0,1535.0,23000,1580.0,1574.02001953125,1574.02001953125
31-05-2022,1543.8199462890625,1588.989990234375,46300,1596.0,1565.989990234375,1565.989990234375
01-06-2022,1560.25,1560.25,24800,1610.47998046875,1597.8399658203125,1597.8399658203125
02-06-2022,1591.0,1595.0,29000,1655.0,1632.6700439453125,1632.6700439453125
03-06-2022,1588.0,1628.780029296875,23900,1684.06005859375,1677.8599853515625,1677.8599853515625
06-06-2022,1646.8299560546875,1677.5,22100,1688.0,1681.77001953125,1681.77001953125
07-06-2022,1642.0799560546875,1642.0799560546875,34600,1756.0,1746.22998046875,1746.22998046875
08-06-2022,1705.050048828125,1750.0,28000,1755.3800048828125,1719.8599853515625,1719.8599853515625
09-06-2022,1692.760009765625,1692.760009765625,22100,1753.0799560546875,1719.449951171875,1719.449951171875
10-06-2022,1659.239990234375,1661.8699951171875,31700,1735.8399658203125,1712.9200439453125,1712.9200439453125
13-06-2022,1551.3900146484375,1671.4100341796875,37000,1671.4100341796875,1603.5,1603.5
14-06-2022,1611.010009765625,1635.800048828125,29800,1670.8599853515625,1636.3199462890625,1636.3199462890625
15-06-2022,1618.050048828125,1649.300048828125,21500,1684.3399658203125,1624.0,1624.0
16-06-2022,1540.8699951171875,1594.4599609375,34500,1594.4599609375,1552.06005859375,1552.06005859375
17-06-2022,1455.0,1570.0799560546875,65300,1570.0799560546875,1456.1800537109375,1456.1800537109375
21-06-2022,1493.75,1499.5899658203125,32400,1550.0,1542.56005859375,1542.56005859375
22-06-2022,1446.6700439453125,1482.4300537109375,27100,1507.4599609375,1457.02001953125,1457.02001953125
23-06-2022,1382.0999755859375,1477.199951171875,39600,1477.199951171875,1458.1199951171875,1458.1199951171875
24-06-2022,1488.0,1488.0,58800,1546.0,1519.9599609375,1519.9599609375
27-06-2022,1513.02001953125,1544.0,19500,1544.0,1538.6400146484375,1538.6400146484375
28-06-2022,1569.5799560546875,1569.5799560546875,34800,1640.6300048828125,1632.739990234375,1632.739990234375
29-06-2022,1498.9000244140625,1636.550048828125,23200,1636.550048828125,1505.7900390625,1505.7900390625
30-06-2022,1462.0,1477.4599609375,23100,1495.3499755859375,1488.02001953125,1488.02001953125
01-07-2022,1472.52001953125,1502.5899658203125,22800,1536.0,1526.969970703125,1526.969970703125
05-07-2022,1427.780029296875,1481.1300048828125,39700,1487.4300537109375,1468.3499755859375,1468.3499755859375
06-07-2022,1389.6300048828125,1453.0,38600,1464.8299560546875,1445.52001953125,1445.52001953125
07-07-2022,1496.050048828125,1496.050048828125,29500,1577.9300537109375,1532.239990234375,1532.239990234375
08-07-2022,1511.6300048828125,1541.1500244140625,14800,1562.8199462890625,1542.3499755859375,1542.3499755859375
11-07-2022,1507.469970703125,1523.0,16500,1548.199951171875,1547.0,1547.0
12-07-2022,1511.56005859375,1511.56005859375,35100,1566.6199951171875,1548.489990234375,1548.489990234375
13-07-2022,1523.0,1523.0,25800,1627.0999755859375,1599.3699951171875,1599.3699951171875
14-07-2022,1536.7099609375,1550.0,33000,1650.0,1650.0,1650.0
15-07-2022,1608.0,1650.0,26900,1667.280029296875,1666.6700439453125,1666.6700439453125
18-07-2022,1673.280029296875,1690.0,27200,1748.280029296875,1692.5699462890625,1692.5699462890625
19-07-2022,1693.4200439453125,1693.4200439453125,23800,1742.1700439453125,1735.199951171875,1735.199951171875
20-07-2022,1697.469970703125,1721.02001953125,47500,1818.6700439453125,1811.93994140625,1811.93994140625
21-07-2022,1715.0,1750.0,33400,1790.8299560546875,1754.3399658203125,1754.3399658203125
22-07-2022,1700.6199951171875,1747.5799560546875,18800,1798.47998046875,1720.0,1720.0
25-07-2022,1756.510009765625,1756.510009765625,27600,1792.5799560546875,1769.9300537109375,1769.9300537109375
26-07-2022,1750.6800537109375,1794.800048828125,27800,1800.77001953125,1773.3599853515625,1773.3599853515625
27-07-2022,1779.0,1800.0,27800,1828.9200439453125,1828.9200439453125,1828.9200439453125
28-07-2022,1765.780029296875,1833.1600341796875,26900,1840.0,1830.489990234375,1830.489990234375
29-07-2022,1828.5400390625,1857.199951171875,38800,1886.0400390625,1833.8499755859373,1833.8499755859373
01-08-2022,1781.260009765625,1819.0,30300,1844.0,1821.93994140625,1821.93994140625
02-08-2022,1793.3199462890625,1810.02001953125,22600,1844.3900146484373,1822.27001953125,1822.27001953125
03-08-2022,1732.9300537109375,1842.06005859375,21900,1842.06005859375,1769.4100341796875,1769.4100341796875
04-08-2022,1641.550048828125,1767.0,45900,1794.6300048828125,1641.550048828125,1641.550048828125
05-08-2022,1641.969970703125,1645.97998046875,29400,1689.1400146484375,1656.8199462890625,1656.8199462890625
08-08-2022,1642.199951171875,1642.199951171875,35000,1730.550048828125,1710.93994140625,1710.93994140625
09-08-2022,1681.219970703125,1732.0,14600,1732.0,1711.0,1711.0
10-08-2022,1721.06005859375,1728.8699951171875,13600,1744.97998046875,1730.25,1730.25
11-08-2022,1735.300048828125,1763.1400146484375,19200,1787.3800048828125,1744.5999755859375,1744.5999755859375
12-08-2022,1625.0999755859375,1728.0,47800,1728.0,1676.43994140625,1676.43994140625
15-08-2022,1626.800048828125,1626.800048828125,31100,1710.469970703125,1687.300048828125,1687.300048828125
16-08-2022,1610.75,1671.5999755859375,25300,1709.0,1658.8499755859375,1658.8499755859375
17-08-2022,1663.199951171875,1663.199951171875,20000,1725.75,1725.0,1725.0
18-08-2022,1725.010009765625,1725.010009765625,31800,1790.43994140625,1790.43994140625,1790.43994140625
19-08-2022,1709.1600341796875,1773.9100341796875,25100,1777.0,1720.6600341796875,1720.6600341796875
22-08-2022,1709.3399658203125,1719.5,22600,1758.6199951171875,1739.5,1739.5
23-08-2022,1751.68994140625,1751.68994140625,29000,1810.199951171875,1772.31005859375,1772.31005859375
24-08-2022,1775.0,1791.3299560546875,27700,1824.5,1814.3199462890625,1814.3199462890625
25-08-2022,1765.1099853515625,1822.5,33000,1822.989990234375,1786.510009765625,1786.510009765625
26-08-2022,1810.93994140625,1810.93994140625,31900,1854.0,1834.280029296875,1834.280029296875
29-08-2022,1799.510009765625,1813.489990234375,49800,1899.010009765625,1852.2900390625,1852.2900390625
30-08-2022,1715.4200439453125,1843.5999755859373,46700,1843.5999755859373,1716.800048828125,1716.800048828125
31-08-2022,1700.2099609375,1704.8900146484375,451700,1851.0,1840.4599609375,1840.4599609375
01-09-2022,1758.9300537109375,1788.5799560546875,42700,1819.1400146484373,1789.739990234375,1789.739990234375
02-09-2022,1810.97998046875,1830.4300537109373,40100,1895.0,1888.010009765625,1888.010009765625
06-09-2022,1852.1300048828125,1888.1500244140625,35500,1898.6300048828125,1859.18994140625,1859.18994140625
07-09-2022,1797.260009765625,1825.1300048828125,32400,1841.739990234375,1834.489990234375,1834.489990234375
08-09-2022,1796.8699951171875,1848.7900390625,28200,1865.2900390625,1807.3900146484373,1807.3900146484373
09-09-2022,1803.760009765625,1822.93994140625,22800,1846.0899658203125,1822.800048828125,1822.800048828125
12-09-2022,1806.6400146484373,1829.0999755859373,32900,1856.3599853515625,1827.1600341796875,1827.1600341796875
13-09-2022,1740.0,1814.0,37500,1814.0,1751.31005859375,1751.31005859375
14-09-2022,1780.1500244140625,1780.1500244140625,55800,1873.989990234375,1858.31005859375,1858.31005859375
15-09-2022,1739.0,1853.219970703125,40100,1854.5400390625,1767.1400146484375,1767.1400146484375
16-09-2022,1714.7900390625,1773.4599609375,55300,1776.56005859375,1773.0999755859375,1773.0999755859375
19-09-2022,1744.050048828125,1744.050048828125,38600,1816.469970703125,1816.3800048828125,1816.3800048828125
20-09-2022,1757.0,1827.469970703125,25500,1827.469970703125,1818.5,1818.5
21-09-2022,1766.6300048828125,1848.75,20600,1848.75,1773.7900390625,1773.7900390625
22-09-2022,1759.989990234375,1788.8699951171875,20500,1798.1300048828125,1779.6700439453125,1779.6700439453125
23-09-2022,1608.68994140625,1720.0,43900,1720.0,1640.18994140625,1640.18994140625
26-09-2022,1612.9300537109375,1643.25,34900,1675.0,1626.8499755859375,1626.8499755859375
27-09-2022,1643.0,1643.0,21400,1703.47998046875,1685.8499755859375,1685.8499755859375
28-09-2022,1688.0,1688.0,21200,1784.6199951171875,1766.52001953125,1766.52001953125
29-09-2022,1723.9100341796875,1743.9599609375,22700,1791.969970703125,1777.699951171875,1777.699951171875
30-09-2022,1752.260009765625,1768.550048828125,26400,1800.0,1777.22998046875,1777.22998046875
03-10-2022,1805.72998046875,1820.5999755859373,37700,1880.3199462890625,1866.0,1866.0
04-10-2022,1892.9100341796875,1892.9100341796875,48400,1976.489990234375,1969.989990234375,1969.989990234375
05-10-2022,1926.56005859375,1973.449951171875,56300,2023.9599609375,2013.47998046875,2013.47998046875
06-10-2022,1990.010009765625,1990.010009765625,41000,2076.1201171875,2024.5400390625,2024.5400390625
07-10-2022,1965.1300048828125,2038.989990234375,54300,2058.199951171875,1981.3900146484373,1981.3900146484373
10-10-2022,1952.199951171875,1999.7900390625,28800,2021.56005859375,2001.3800048828125,2001.3800048828125
11-10-2022,1964.02001953125,1986.0,44500,2067.85009765625,2056.75,2056.75
12-10-2022,2008.06005859375,2043.300048828125,18900,2056.489990234375,2055.3701171875,2055.3701171875
13-10-2022,2029.800048828125,2029.800048828125,33800,2108.22998046875,2097.949951171875,2097.949951171875
14-10-2022,1995.1400146484373,2071.510009765625,23300,2093.550048828125,2004.739990234375,2004.739990234375
17-10-2022,2000.0,2007.3499755859373,37200,2059.52001953125,2045.6300048828125,2045.6300048828125
18-10-2022,1984.5699462890625,2049.889892578125,27200,2084.669921875,2050.02001953125,2050.02001953125
19-10-2022,2050.0,2065.0,17800,2100.0,2092.830078125,2092.830078125
20-10-2022,2026.7099609375,2097.18994140625,29300,2137.340087890625,2050.050048828125,2050.050048828125
21-10-2022,2039.3800048828125,2054.830078125,23400,2140.070068359375,2137.9599609375,2137.9599609375
24-10-2022,2139.39990234375,2142.0,23700,2185.840087890625,2170.360107421875,2170.360107421875
25-10-2022,2045.02001953125,2179.639892578125,27200,2186.60009765625,2066.919921875,2066.919921875
26-10-2022,2094.889892578125,2094.889892578125,21400,2154.419921875,2151.699951171875,2151.699951171875
27-10-2022,2164.239990234375,2175.110107421875,38000,2229.010009765625,2229.010009765625,2229.010009765625
28-10-2022,2183.159912109375,2241.8798828125,45700,2319.989990234375,2319.1201171875,2319.1201171875
31-10-2022,2241.47998046875,2290.909912109375,45300,2326.0,2303.8701171875,2303.8701171875
01-11-2022,2274.419921875,2339.330078125,32500,2373.22998046875,2342.219970703125,2342.219970703125
02-11-2022,2292.820068359375,2340.0,33500,2366.469970703125,2329.0400390625,2329.0400390625
03-11-2022,2305.0,2305.0,43600,2492.89990234375,2395.239990234375,2395.239990234375
04-11-2022,2420.0,2465.409912109375,46300,2566.0,2566.0,2566.0
07-11-2022,2555.64990234375,2559.52001953125,52000,2718.300048828125,2715.06005859375,2715.06005859375
08-11-2022,2630.010009765625,2722.0,48500,2725.0,2692.60009765625,2692.60009765625
09-11-2022,2600.360107421875,2684.659912109375,34100,2705.840087890625,2611.64990234375,2611.64990234375
10-11-2022,2577.659912109375,2664.0,38700,2685.85009765625,2685.85009765625,2685.85009765625
11-11-2022,2573.340087890625,2698.530029296875,35700,2739.0,2675.97998046875,2675.97998046875
14-11-2022,2635.0400390625,2638.0,33400,2701.050048828125,2639.840087890625,2639.840087890625
15-11-2022,2627.800048828125,2628.8798828125,27300,2701.14990234375,2699.89990234375,2699.89990234375
16-11-2022,2626.06005859375,2677.2099609375,27600,2684.489990234375,2626.06005859375,2626.06005859375
17-11-2022,2577.570068359375,2577.570068359375,26500,2650.0,2646.580078125,2646.580078125
18-11-2022,2600.9599609375,2605.0,31000,2707.22998046875,2703.889892578125,2703.889892578125
21-11-2022,2500.010009765625,2658.8798828125,51200,2658.8798828125,2527.340087890625,2527.340087890625
22-11-2022,2550.0,2550.0,38100,2654.2900390625,2636.81005859375,2636.81005859375
23-11-2022,2557.0,2630.0,32400,2663.39990234375,2576.7900390625,2576.7900390625
25-11-2022,2553.239990234375,2553.239990234375,23800,2668.97998046875,2603.22998046875,2603.22998046875
28-11-2022,2492.06005859375,2559.340087890625,46400,2580.909912109375,2504.219970703125,2504.219970703125
29-11-2022,2477.449951171875,2530.0,44300,2544.239990234375,2506.3798828125,2506.3798828125
30-11-2022,2484.8798828125,2500.0,207800,2600.659912109375,2592.5400390625,2592.5400390625
01-12-2022,2549.340087890625,2588.929931640625,38200,2615.0,2558.300048828125,2558.300048828125
02-12-2022,2573.22998046875,2573.22998046875,22100,2628.8701171875,2600.610107421875,2600.610107421875
05-12-2022,2500.159912109375,2585.0,26100,2598.330078125,2538.0,2538.0
06-12-2022,2421.010009765625,2539.889892578125,28500,2543.60009765625,2472.72998046875,2472.72998046875
07-12-2022,2397.0,2455.06005859375,33300,2477.7099609375,2437.81005859375,2437.81005859375
08-12-2022,2383.949951171875,2470.60009765625,23500,2470.60009765625,2412.669921875,2412.669921875
09-12-2022,2380.080078125,2437.989990234375,24600,2437.989990234375,2380.080078125,2380.080078125
12-12-2022,2382.9599609375,2398.840087890625,8954,2514.919921875,2514.919921875,2514.919921875
